Text,Label,Text_lemmatized,Text_nostopwords,Text_lemmatized_nostopwords,Text_stemmed,Text_nostopwords_stemmed
Hartford executive #39;s stock sale probed,Business,hartford executive stock sale probe,Hartford executive stock sale probed,hartford executive stock sale probe,Hartfords executi stock sal probe,Hartfords executiv stock sal probe
Cool Batman Photo!,Sci/Tech,Cool Man Photo!,Cool Batman Photo!,Cool Man Photo!,Cool Batman Photo!,Cool Batman Photo!
Stocky Monkey in Himalayas Becomes Newest Primate Species,Sci/Tech,Stock monkey in himalaya become newest primate species,Stocky Monkey Himalayas Newest Primate Species,Stock monkey Himalaya newest primate species,Stock Mon Hil New Primate Spec,Stock Mon Hil New Prim Specie
"Bush, Kerry Don''t Worry About Tech",Sci/Tech,"bush, kerry not worry about tech",Bush Kerry Don Worry Tech,bush kerry worry tech,"bush, kerry don't worry about tech",bush kerry don worry tech
The Teeming Crowd in Video Games,Sci/Tech,The Teem Crowd in Video Game,Teeming Crowd Video Games,Teem Crowd Video Game,The Teem Crowd In Vide Game,Teem Crowd Vide Game
Report: VoIP to Top 12M Homes by 2009,Sci/Tech,Report: VoIP to Top 12M Home by 2009,Report VoIP Top 12M Homes 2009,Report VoIP Top 12M Home 2009,Report: VoIP to Top 12M Hom by 2009,Report VoIP Top 12M Hom 2009
Free Yahoo X1 desktop search,Sci/Tech,Free Yahoo X1 desktop search,Free Yahoo X1 desktop search,Free Yahoo X1 desktop search,Free YaX1 desk top sear ch,Free YaX1 desk top sear ch
Black Duck #39;s protexIP  Safer Open Source Code Usage,Sci/Tech,Black Duck protexIP Safer Open Source Code Use,Black Duck protexIP safer open source code usage,Black Duck protexIP Safer Open Source Code Use,Black Duck protexIP Safer Open Source Code Usu,Black Duck protexIP saf open source code usag
Apple breeze past the 200 Million iTunes mark,Sci/Tech,Apple breeze past the 200 Million iTunes mark,Apple breeze past iTunes mark,Apple breeze past iTunes mark,Appле brееs past thе 200 Mіllion Itunе mаrk,Apple breez past itun mark
"RealNetworks Halves Music Prices, Sees Wider Loss (Reuters)",Sci/Tech,"RealNetwork halve music price, see wider loss",RealNetworks Halves Music Prices Sees Wider Loss,RealNetwork halve music price see wider loss,realnet halve music price see wider loss Reuters,RealNetHal Half Music Price See WidLoss
Stocks Set to Open Higher,Business,Stock Set Open High,Stocks Open Higher,Stock Set Open High,Stock Set to Open High,Stock Open High
"PeopleSoft Defies Oracle Bid, Pursues IBM",Sci/Tech,People Defy Oracle Pursue IBM,PeopleSoft Defies Oracle Pursues IBM,People Defy Oracle Pursue IBM,"People Stem Defy, Pursuit IBM",People Defy Oracle Purs IBM
Tech Groups Want Induce Hearings,Sci/Tech,Tech Groups Want Induce Hearing,Tech Groups Want Hearings,Tech Groups Want Hearing,Techs Group Want Induc Hearings,Tech Grp Want Hear
TI Unveils Digital TV Chip for Cell Phones,Sci/Tech,TI Unveils Digital TV Chip for Cell Phone,TI Unveils Digital TV Chip Cell Phones,TI Unveils Digital TV Chip Cell Phone,TI Unveils Digit TV Chip for Cell Phone,TI Unveils Digit Digit Chip Cell Phon
IBM Expands RFID Offerings (NewsFactor),Sci/Tech,ibm expand rfid offering newsfactor,IBM Expands RFID Offerings,ibm expand rfid offering,ibm expand rfid offering newsfactor,IBM Expand RFID Offer
McAfee #39;s Trojan error ires developer,Sci/Tech,McAfee's trojan error irks developer,McAfee Trojan error developer,McAfee trojan error irks developer,McAfee's trojan err ir dev,McAfee Trof error dev
Quake Shakes Mount St. Helens,Sci/Tech,Quake Shake Mount St. Helens,Quake Shakes Mount St Helens,Quake Shake Mount St. Helens,Quak Shake Mount St. Helen,Quak Shake Mount St Helens
"Earthlink, Yahoo test new antispam system",Sci/Tech,"Earthlink, Yahoo test new antispam system",Earthlink Yahoo test new antispam system,Earthlink Yahoo test new antispam system,"Earth link, Yahoo test new anti spam system",Earth Yahoo test new antispam system
Volcano Appears to Rest After Letting Off Steam,Sci/Tech,Volcano Appear Rest After Let Off Steam,Volcano Appears Rest After Letting Steam,Volcano Appear Rest After Let Steam,Volcan Appear Rest After Let Off Steam,Volcan Appear Rest Let Steam
Gateway Debuts Cool New PC,Sci/Tech,Gateway Debut Cool New PC,Gateway Debuts Cool New PC,Gateway Debut Cool New PC,Gatewai Debut Cool New PC,Gatewat Debut Cool New PC
Waterproof IPod Housing All Wet,Sci/Tech,Waterproof IPod Housing All Wet,Waterproof IPod Housing Wet,Waterproof IPod Housing Wet,Waterproof Pod Housing All Wet,Waterproof Pod Housing Wet
Boston Scientific goes shopping,Business,Boston Scientific go shopping,Boston Scientific shops,Boston Scientific shopping,Boston Scienc shop-shopping,Boston Scienc shop
FCC Insists Broadband Deployment Improving,Sci/Tech,FCC Insist Broadband Deploy Improve,FCC Insists Broadband Deployment Improving,FCC Broadband Deploy Improve,FCC Insist Broadband Deploy Improve,FCC Insist Broadband Deploy Improve
Holiday Online Sales Growth To Slow This Year (NewsFactor),Sci/Tech,Holiday Online Sales Growth To Slow This Year (NewsFactor),Holiday Sales Growth Slow Year,Holiday Sales Growth Slow Year,Holi Day Onlin Sale Grow Th斯low This Yea News Fact,Holi Sale Grow Slow Year
"Indian, Pakistani Firms OK Tech Agreement (AP)",Sci/Tech,"Indians, Pakistanis Firm OK Tech Agree (AP)",Indian Pakistani Firms OK Tech Agreement,Indians Pakistanis Firm OK Tech Agree,"Indi, Pakist Firm OK Tec Agre (AP)",Indi Pak Firma OK Tech Agreem
"For Nextel, Merger Is Time Of Trepidation",Sci/Tech,"For Nextel, merger is time of trepidation.",Nextel Merger Time Trepidation,Nextel merger trepidation,"For Nextel, mergr is timr of trepidatn",Nextel Merg Tim Trepidity
Possibly the fastest way to spend money,Sci/Tech,Possibly the fastest way to spend money,Possibly fastest way spend money,Possibly fastest way spend money,Possibl fast way spend money,Possibl fast way spend monnye
They Are Sleuths Who Weigh Prose,Sci/Tech,They Be Sleuth Who Weigh Prose,Sleuths Weigh Prose,Sleuth Weigh Prose,They Are Sleuth Who Weigh Prose,Sleuth Weigh Pro
PeopleSoft''s Chief Executive Rallies His Troops Vs. Oracle (Investor''s Business Daily),Sci/Tech,People's Chief Executive Rallies His Troops Vs. Oracle (Investor's Business Daily),PeopleSoft Chief Executive Rallies Troops Vs Oracle,Chief Executive Rallies Troops Vs. Oracle,People's Chief Execut Rally His Troop Vs. Oracle (Investor's Busin Daily),People Chaice Chief Exectut Rally Troo Vs Orac
Sony tries to win back flat-panel TV market,Sci/Tech,Sony try win back flat-panel TV market,Sony wins back flat-panel TV market,Sony win back flat-panel TV market,Son try win back flat-pan TV market,Son win back flat-pan TV mark
AT amp;T upgrades Net security tools,Sci/Tech,AT&T upgrade Net security tool,AT&T upgrades Net security tools,AT&T upgrade Net security tool,ATT upgrad Net security tool,AT&T upgrad net security tool
Ready for Liftoff,Sci/Tech,Ready for Liftoff,Ready Liftoff,Ready Liftoff,Ready Liftoff,Ready Liftoff
Tax-fight veterans see hurdles for Bush,Business,Tax fight veteran see hurdle for Bush,Tax-fight veterans see hurdles Bush,Tax fight veteran see hurdle Bush,Tax-fight vet see hurdles for Bush,Tax-fight vet see hurdle Bush
Lycos Europe denies attack on zombie army,Sci/Tech,Lycos Europe deny attack on zombie army,Lycos Europe denies attack zombie army,Lycos Europe deny attack zombie army,Lycos Eur deny attack on zombie arm,Lyco zombie europ deny attack
 #39;Critical #39; XP SP2 Update Fixes Windows Firewall Bug,Sci/Tech,Critical XP SP2 Update Fix Windows Firewall Bug,Critical XP SP2 Update Fixes Windows Firewall Bug,Critical XP SP2 Update Fix Windows Firewall Bug,#39;critic #39; xp sp2 updat fix windows firewall bug,Critical Xp Sp2 Update Fixes Window Firewall Bug
Cell to Drive PS3,Sci/Tech,Cell to Drive PS3,Cell Drive PS3,Cell Drive PS3,Cell to Drive PS3,Cell Drive PlaySta
A Patent Strain on Innovation,Sci/Tech,A Patent Strain on Innovation,Patent Strain Innovation,Patent Strain Innovation,A Paten Strain On Innovat,Patent Strain Innovate
U.S. Firmly Anti-Kyoto as U.N. Climate Talks Start (Reuters),Sci/Tech,U.S. Firm Anti-Kyoto as U.N. Climate Talk Start,U.S. Firmly Anti-Kyoto U.N. Climate Talks Start,U Firm Anti-Kyoto U N Climate Talk Start,U.S. Firm Anti-Kyoto as U.N. Climate Talk Start,U.S. Firm Anti-Kyoto U.N. Climate Talk Start
Faulty Sensors May Explain Capsule Crash,Sci/Tech,Fault Sensor Explain Cap Crash,Faulty Sensors Explain Capsule Crash,Fault Sensor Crash,Fault Sensor Explai Cap Cras,Fault Sensor Explan Cap Cruc
IBM Unwraps Middle Tier i5 Server,Sci/Tech,IBM Unwrap Middle Tier i5 Server,IBM Unwraps Middle Tier i5 Server,IBM Unwrap Middle Tier i5 Server,IBM Unwraps Midl Tier i5 Serv,IBM Unwraps Midl Tier i5 Serv
Giants to Offer Wi-Fi Instant Replays (AP),Sci/Tech,Giants Offer Wi-Fi Replay AP,Giants Offer Wi-Fi Replays,Giants Offer Wi-Fi Replay,Giants Wi-Fi Repl Offer AP,Giants Offer Wi-Fi Repli
Update 4: Two Firms Cleared of Swapping Violations,Sci/Tech,Update 0: Two Firm Clear of Swap Violation,Two Firms Cleared Swapping Violations,Update Firm Clear Swap Violation,Updat clear swapp violatio,Two Firm Clear Swap Violativ
Motive aims to head off system glitches,Sci/Tech,Motive aim head off system glitch,Motive aims head off system glitches,Motive aim head off system glitch,Motiv aim head system glitch,Motive aim head off system glitch
Cingular Confirms Job Cuts,Business,Cingular Confirm Job Cut,Cingular Confirms Job Cuts,Cingular Confirm Job Cut,Cingul Confirm Job Cut,Cingul Confirm Job Cut
US Files Suit Against Alleged  quot;Spyware quot; Distributor,Sci/Tech,US File Suit Against Alleged Spyware Distributor,US Files Suit Alleged Spyware Distributor,US File Suit Alleged Spyware Distributor,US Files Suit Against Alleged Spy Distributor,US Files Suit Allege Spyware Distributor
Sun to tout Wall Street wins in September,Sci/Tech,Sun to tout Wall Street win in September,Sun tout Wall Street wins September,Sun tout Wall Street win September,Sun to tout Wall St win in Sept,Sun t Wall St win Sep
Thai Scientists Begin Probe in Big Orangutan Case (Reuters),Sci/Tech,Thai Scientist Begin Probe in Big Orangutan Case,Thai Scientists Begin Probe Big Orangutan Case,Thai Scientist Probe Big Orangutan Case,Thai Scienc Begin Probes in Big Orangutan Cas Reuters,Thai Scienc Begin Probec Big Orangutan Cas
Drier Times Ahead in the West?,Sci/Tech,Drier Time Ahead in the West?,Drier Times Ahead West,Drier Time Ahead West,Drier Tim Ahead in the West?,Drier Tim Ahead West
Science sidelined,Sci/Tech,Science side,Science sidelined,Science side,Scienc sideligne,Scienc sideligne
"2,500-Year-Old Pomegranate Found in Greece",Sci/Tech,2500-Year-Old Pomegranate Found in Greece,2500-Year-Pomegranate-Greece,2500-Year-Old Pomegranate Found Greece,"2,500-Year-Old Pom Granate Found In Grece",2500-Year-Pomegranate-Greece
"HP sinks utility project, lays off some workers",Sci/Tech,"HP sink utility project, lay off some worker.",HP sinks utility project lays off workers,HP sink utility project lay worker.,HPS sink util project lay off some worker,HPS sink util project lay off worker
MIKE WENDLAND: Messaging update is mostly good news,Sci/Tech,MIKE WENDLAND: Message update be mostly good news,Messaging update mostly good news,MIKE WENDLAND MESSAGE UPDATE GOOD NEWS,mike wendland: messag updat mostly good news,Messag updat most good new
Geneticists rewire muscles to create a  #39;marathon mouse #39;,Sci/Tech,Geneticist rewrite muscle to create a marathon mouse,Geneticists rewires muscles create marathon mouse,Geneticist rewrite muscle create marathon mouse,Geneticist rewires musc to creat marathon,Geneticist rewire muscle create marathon mouse
IBM and Intel to open up blade specifications,Sci/Tech,IBM and Intel to open up blade specification,IBM Intel open blade specifications,IBM Intel open blade specification,ibm and intel to open up blade specifi,IBM Int open blade specifi
Update 1: Andrx Misses Forecast on Drug Delays,Business,Update 1: Andrx Misses Forecast on Drug Delay,Update 1: Andrx Misses Forecast Drug Delays,Update 1 Misses Forecast Drug Delay,Updat miss forec drug delai,Updat miss forec drug delay
Spam the spammers: Lycos,Sci/Tech,spam spammer lycos,Spam spammers Lycos,spam spammer,Spm spmm: Lycos,spam spammer lycos
"A new, more sneaky phishing attack",Sci/Tech,"A new, more sneak phishing attack",new sneaky phishing attack,new more sneak phishing attack,"A new, more sneak phish attack",new sneak phishing attack
Apple disables iTunes plug-in,Sci/Tech,Apple disable iTunes plug-in,Apple disables iTunes plug-in,Apple disable iTunes plug-in,Applem disable iTunes plug-in,App disable itun plug-in
IBM jumps into Liberty Alliance,Sci/Tech,IBM jump into Liberty Alliance,IBM jumps Liberty Alliance,IBM jump Liberty Alliance,IBM jump into Liberty Alliance,IBM jump Liberty Alliancemake
Brazil Successfully Launches First Rocket Into Space,Sci/Tech,Brazil Successfully Launch Rocket Into Space,Brazil Launches Rocket Space,Brazil Launch Rocket Space,Brazil Succesfuly Launch First Rock Into Spac,Brasil Lancas Rock Spac
EBay''s China Site to Join Worldwide Network (Reuters),Sci/Tech,eBay's China site to join worldwide network (Reuters),EBay China Site Join Worldwide Network,eBay China site join worldwide network,eBay's Chin site to join worldwid network,Ebay Chin Site Join Worldw Network
"World Follows U.S. Race by Internet, TV (AP)",Sci/Tech,"World Follow U.S. Race by Internet, TV (AP)",World Follows U.S. Race Internet TV,World Race Internet TV,"World Follows US Race by Inter, TV (AP)",World Follows US Race Internet TV
Many Users Are Unfazed by Scaled-Back Longhorn Plan,Sci/Tech,Many User Be Unfaze By Scaled-Back Longhorn Plan,Users Unfazed Scaled-Back Longhorn Plan,Many User Unfaze Scaled-Back Longhorn Plan,Many User Unfaze By Scale-Back Longhorn Plan,Users Unfaz Scaled-Back Longhorn Plan
Cities try last-minute grab for Net phone taxes,Sci/Tech,City try last-minute grab for Net phone tax,Cities try grab Net phone taxes,City try last-minute grab,Cities tri last-min grab for Net phon tax,Cities try grab Net phon tax
Adobe releases hobbyist Photoshop package,Sci/Tech,Adobe release hobbyist Photoshop package,Adobe releases Photoshop package,Adobe release Photoshop package,Adob release hobbyist Photshop packag,Adob release Photshop pack
Oil jumps as Bush nears victory,Business,Oil jump Bush near victory,Oil jumps Bush nears victory,Oil jump Bush victory,Oil jump Bush near victor,Oil jump Bush near victory
US Seeks Jail for Man in Advance-Fee Stocks Scam (Reuters),Sci/Tech,US Seek Jail for Man in Advance-fee Stocks Scam,US Seeks Jail Man Advance-Fee Stocks Scam,US Seek Jail Man Advance-fee Stocks Scam,us seek jail man in advance fee stock scam Reuters,US Seek Jail Man Advanc-Fee Stock Scam
Tree Farmers Are Objecting To New Rules On Forestland Changes &lt;b&gt;...&lt;/b&gt;,Sci/Tech,Trees Farmer Are Object Objection To New Rule On Forestland Change,Tree Farmers Objecting New Rules Forestland Changes,Trees Farmer Object Objection New Rule Forestland Change,Trees Farm Folks Obj Obje New Rul On Forstd Chang,Tree Farmer Object New Rule Forest Change
"Cubesats: Tiny Spacecraft, Huge Payoffs (SPACE.com)",Sci/Tech,"Cubesats: Cube Spacecraft, Huge Payoff (SPACE.com)",Cubesats Spacecraft Payoffs,Cubesats Spacecraft Huge Payoff,"Cubesat: Tiny Spacecraft, Huge Payoff (SPACE.com)",Cubesat Spacecraft Payoff
Supercomputing Windows skips Itanium 2,Sci/Tech,Supercompute Window skip Itanium 2,Supercomputing Windows Itanium 2,Supercompute Window Itanium 2,Supercomput Windows skip Itan,Supercomput Stem Wind Itan 2
Things that scare Sun''s Schwartz,Sci/Tech,Things scare Sun's Schwartz,Things scare Sun Schwartz,Things scare Schwartz,Thing that scare Sun''s Schwartz,Thing scare Sun Schwartz
Sun Acquiring Outsourcing Vendor SevenSpace,Sci/Tech,Sun Acquire Outsourcing Vendor SevenSpace,Sun Acquiring Outsourcing Vendor SevenSpace,Sun Acquire Outsourcing Vendor SevenSpace,Sun Acquir Outsource Vender SevenSpac,Sun Acquiri Outsource Vendo SevenSpaci
How Geographic''s New Atlas Reflects a Changed World,Sci/Tech,How Geography's New Atlas Reflects a Changed World,How Geographic New Atlas Reflects Changed World,How Geography Atlas Reflects Changed World,How Geographs New Atlas Reflects a Changd Worl,How Geogr Graph New Atlas Refl Changed Wor
McAfee Launches Managed Mail Security Service,Sci/Tech,Mcafee Launch Manage Mail Security Service,McAfee Launches Managed Mail Security Service,Mcafee Launch Manage Mail Security Service,Mcafe Launch Manag Mail Secur Servic,Mcafee Launch Manag Mail Secur Servic
Verizon  To Buy NextWave Licenses (washingtonpost.com),Sci/Tech,Verizon To Buy NextWave License,Verizon Buy NextWave Licenses,Verizon Buy NextWave License,Verizon  To Buynextwave Licenc Sto Buy (washingtonpostcom),Verizon Buy NextWave Licen
Adobe and Yahoo! Team to Deliver New Consumer Services,Sci/Tech,Adobe and Yahoo! team to deliver new consumer service.,Adobe Yahoo Team Deliver New Consumer Services,Adobe Yahoo team deliver new consumer service,adobe and yah deliver new consumer service,Adob Yahoo Team Deliv New Consum Serv
Maxim Dives 61 Pct on Drug Trial Result,Business,Maxim Dive Percent On Drug Trial Result,Maxim Dives Pct Drug Trial Result,Maxim Dive Percent Drug Trial Result,Maxim Div 61 Pct on Drug Trial Resul,Maxim Dive Pct Drug Trial Resul
"Dell, EMC, Intel and Oracle Line Up on the Grid",Sci/Tech,"Dell, EMC, Intel, and Oracle line up on the grid.",Dell EMC Intel Oracle Line Grid,Dell EMC Intel Oracle grid,"Dell, EMCI, Inte, and Orac Lin Up on Gridd",Del Em Int Orac Lin Gridd
It''s do or die time for Sun and Solaris x86,Sci/Tech,It be do or die time for Sun and Solaris x86,do die Sun Solaris x86,It Sun Solaris x86,Its do or die time for sun and solaris x86,do die Sun Sol x86
Denmark Hopes to Claim the North Pole,Sci/Tech,Denmark Hope to Claim the North Pole,Denmark Hopes Claim North Pole,Denmark Hope Claim North Pole,Denmark Hope to Claim the North Pol,Denmark Hope Claim North Pole
"Nokia Posts Drop in 3Q Earnings, Sales (AP)",Sci/Tech,"Nokia Post Drop In Third Quarter Earning, Sale (AP)",Nokia Posts Drop Earnings Sales,Nokia Post Drop Third Quarter Earning Sale,"Nok Post Dro In 3Q Earrn, Sall (AP)",Nok Post Dro Earn Sals
PeopleSoft exec: We pumped up earnings,Sci/Tech,People pump earn,PeopleSoft exec pumped earnings,People pump earn,People exec: we pump up earn,People exec pump earn
So what is it about Win2k security MS won #39;t enhance?,Sci/Tech,so what be it about win2k security ms won #39;t enhance?,what Win2k security MS won enhance,what about win2k security ms won enhance,so what is it about win sec ms won #39;t enhan?,what Win2k sec MS won enhanc
Siemens to sell mobile phone biz to China - report,Sci/Tech,Siemens sell mobile phone biz to China - report,Siemens sell mobile phone biz China report,Siemens sell mobile phone biz China report,siemen to sell mobil phone biz to china - report,Siemens sell mobile phone biz Chin report
Infineon to admit DRAM price fixing,Sci/Tech,Infineon to admit DRAM price fix,Infineon admit DRAM price fixing,Infineon admit DRAM price fix,Infineon to admit DRAM pric fix,Infineon admitt dram pric fix
Pressure mounts on EDS over U.K. government IT system grows,Sci/Tech,Pressure mount on EDS over U.K. government IT system grow,Pressure mounts EDS U.K. government IT system grows,Pressure mount EDS U.K. government IT system grow,Pressur grow systemat systemat systemat systemat systemat systemat systemat pressur systemat pressut systemat pressut pressut pressut pressut pressut pressut pressut pressut pressut pressut pressut pressut pressut pressut pressut pressut pressut pressut pressut pressut pressut pressut pressut pressut pressut pressut pressut pressut pressut pressut pressut pressut pressut pressut pressut pressut pressut pressut pressut pressut pressut pressut pressut pressut pressut pressut pressut pressut pressut pressut pressut pressut pressut pressut pressut pressut pressut pressut pressut pressut pressut pressut pressut pressut pressut pressut pressut pressut pressut pressut pressut pressut pressut pressut pressut pressut pressut pressut pressut pressut pressut pressut pressut pressut pressut pressut pressut pressut pressut pressut pressut pressut pressut pressut pressut pressut pressut pressut pressut pressut pressut pressut pressut pressut pressut pressut pressut pressut pressut pressut pressut pressut pressut pressut pressut pressut pressut pressut pressut pressut pressut pressut pressut pressut pressut pressut pressut pressut pressut pressut pressut pressut pressut pressut pressut pressut pressut pressut pressut pressut pressut pressut pressut pressut pressut pressut pressut pressut pressut pressut pressut pressut pressut pressut pressut pressut pressut pressut pressut pressut pressut pressut pressut pressut pressut pressut pressut pressut pressut pressut pressut pressut pressut pressut pressut pressut pressut pressut pressut pressut pressut pressut pressut pressut pressut pressut pressut pressut pressut pressut pressut pressut pressut pressut pressut pressut pressut pressut pressut pressut pressut pressut pressut pressut pressut pressut pressut pressut pressut pressut pressut pressut pressut pressut pressut pressut pressut pressut pressut pressut pressut pressut pressut pressut pressut pressut pressut pressut pressut pressut pressut pressut pressut pressut pressut pressut pressut pressut pressut pressut pressut pressut pressut pressut pressut pressut pressut pressut pressut pressut pressut pressut pressut pressut pressut pressut pressut pressut pressut pressut pressut pressut pressut pressut pressut pressut pressut pressut pressut pressut pressut pressut pressut pressut pressut pressut pressut pressut pressut pressut pressut pressut pressut pressut pressut pressut pressut pressut pressut pressut pressut pressut pressut pressut pressut pressut pressut pressut pressut pressut pressut pressut pressut pressut pressut pressut pressut pressut pressut pressut pressut pressut pressut pressut pressut pressut pressut pressut pressut pressut pressut pressut pressut pressut pressut pressut pressut pressut pressut pressut pressut pressut pressut pressut pressut pressut pressut pressut pressut pressut pressut pressut pressut pressut pressut pressut pressut pressut pressut pressut pressut pressut pressut pressut pressut pressut pressut pressut pressut pressut pressut pressut pressut pressut pressut pressut pressut pressut pressut pressut pressut pressut pressut pressut pressut pressut pressut pressut pressut pressut pressut pressut pressut pressut pressut pressut pressut press,Pressur grow gouvern system IT
Ford kills ''Everest'' procurement software system,Sci/Tech,Ford kill Everest procure software system,Ford kills Everest procurement software system,Ford procure software system,Ford kills Everest procure soft syst,Ford kill Everest procur softw system
IBM in pension settlement talks,Business,IBM in pension settlement talk,IBM pension settlement talks,IBM pension settlement talk,IBM in pension talk settle,IBM pension setllemnt talk
Pensions chaos as computers fail,Sci/Tech,Pension chaos as computer fail,Pensions chaos computers fail,Pension chaos computer fail,Pension chaos as comput fail,Pension chaos comput fail
IBM Adds To Its Blade Servers,Sci/Tech,IBM Add To Its Blade Server,IBM Adds Blade Servers,IBM Blade Server,IBM Add To Its Blade Serv,IBM Add Blade Serv
Sun to offer new Solaris as  #39;open-source #39; software,Sci/Tech,Sun to offer new Solaris as open-source software,Sun offer new Solaris open-source software,Sun offer new Solaris open-source software,Sun to offer new sol as 'open-source' sw,Sun off new Solari open-source softwar
Ballmer flags security features for a pre-Longhorn Windows  #39; &lt;b&gt;...&lt;/b&gt;,Sci/Tech,Ballmer flag security feature for a pre-Longhorn Windows,Ballmer flags security features pre-Longhorn Windows,Ballmer flag security feature Longhorn Windows,Ballmer flag sec feature for a pre-Longhorn Window,Ballmer flag sec feature pre-Longhorn Window
Start-up looks to help firms hang out their e-shingles,Sci/Tech,start look help firm hang e-shingle,Start-up firms hang e-shingles,look help firm hang e-shingle,start look help firm hang out shingle,Start-up firm hang e-shingle
Ultrawideband Heralds Zippier Wireless Connections,Sci/Tech,Ultrawideband Heralds Zippy Wireless Connection,Ultrawideband Zippier Wireless Connections,Ultrawideband Zippy Wireless Connection,Ultrawidband Herallz Zippiwirless Connexion,Ultrawidiband Zippiwire Connec
iMac G5: Most Elegant Desktop Ever,Sci/Tech,iMac G5: most elegant desktop ever,iMac G5: Most Elegant Desktop Ever,iMac G5: most elegant desktop ever,iMac G5: most eleganc desktop ever,iMac G5: most eleganc desktop ever
Symantec Upgrades Norton Security Products,Sci/Tech,Symantec Upgrade Norton Security Product,Symantec Upgrades Norton Security Products,Symantec Upgrade Norton Security Product,Symantec Upg Norton Sec Produc,Symantec Upgrad Norton Secur Prod
Where Good Wi-Fi Makes Good Neighbors,Sci/Tech,Where Good Wi-Fi Make Good Neighbor,Good Wi-Fi Neighbors,Good Wi-Fi Make Good Neighbor,Where Good Wif Make Good Neighbor,Good Wif Neighb
Latest Conspiracy Theory Hits the Ether,Sci/Tech,Latest Conspiracy Theory Hit the Ether,Latest Conspiracy Theory HitsEther,Latest Conspiracy Theory Ether,Latest Conspirator Theory Hit Ether,Latest Conspirac Theory Hit Ether
Levi Strauss Posts Profit,Business,Levi Strauss Post Profit,Levi Strauss Posts Profit,Levi Strauss Post Profit,Levi Stras Post Profi,Levi Stras Post Profi
Fuel Cell Ups Power Tenfold,Sci/Tech,Fuel Cell Up Power Ten Fold,Fuel Cell Power Tenfold,Fuel Cell Power Ten Fold,Fuel Cell Up Power Tenfold,Fuelt Cel Powert Tenfold
U.S. intelligence overhaul eyed amid concerns for antiterror fight,Sci/Tech,U.S. intelligence overhaul eye concern antiterror fight,U.S. intelligence overhaul eyed amid concerns antiterror fight,U.S. intelligence overhaul concern antiterror fight,us intellig overhaul ey amid concern for antiterror fight,us intel overhaul eye concern antiterror fight
PeopleSoft posts solid Q3 revenue growth,Sci/Tech,People post solid Q3 revenue grow,PeopleSoft posts solid revenue growth,People post solid revenue grow,PeoplePostSolidQ3RevenGrowth,People post solid revenu growt
PC Shipments Rise 12 Pct Worldwide in 3rd Quarter,Sci/Tech,PC Shipment Rise 12 Pct Worldwide in Third Quarter,PC Shipments Rise Pct Worldwide Third Quarter,PC Shipment Rise Percent Worldwide Third Quarter,PC Shippment Rise 12 Pct Worldwiden In 3rd Quarter,PC Shippment Rise Pct World Third Quarter
McAfee Debuts Enterprise Anti-Spyware Tool (NewsFactor),Sci/Tech,McAfee Debut Enterprise Anti-Spyware Tool NewsFactor,McAfee Debuts Enterprise AntiSpyware Tool,McAfee Debut Enterprise AntiSpyware Tool,Mcafee Debut Enterpris Anti-spywarel Tool Newsfact,McAfee Debut Enterpris AntiSpy Softwar Tool
"A Greener Globe, Maybe",Sci/Tech,"A Greener Globe, Maybe",A Globe Maybe,Greener Globe,"A Greener Glo, Maybe",A Globe Maybee
Japanese Co. Markets Dual-Network Phone,Sci/Tech,Japanese Company Market Dual-Network Phone,Japanese Co Markets Dual-Network Phone,Japanese Company Market Phone,Japans Co Markets DualNetwor Phone,Japans Co Markets Dual-Netw Phone
Pentium M may support location-based services in 2006,Sci/Tech,Pentium M may support location-based service in 2006,Pentium M support location-based services 2006,Pentium M support location-based service 2006,Pentiump may support location-bas service in 2006,Pentiump support locat bas serv 2006
"PeopleSoft''s Craig Conway had hits, losses",Sci/Tech,"PeopleSoft's Craig Conway have hit, lose",Craig Conway hits losses,Craig Conway hit lose,"People's Craig Convey hath, loss",Craig Hit Loss
Microsoft Regains AOL #39;s Support for Anti-Spam Technology,Sci/Tech,Microsoft Regain AOL's Support for Anti-Spam Technology,Microsoft Regains AOL's Support Anti-Spam Technology,Microsoft Regain AOL Support Anti-Spam Technology,Microsoft Regain AOL #39;s Support for Anti-Spam Technolog,Microsoft Regain AOL's Supp Anti-Spam Technolog
Bear Stearns Bond Unit Is Under SEC Investigation,Business,Bear Stearns Bond Unit Be Under SEC Investigate,Bear Stearns Bond Unit SEC Investigation,Bear Stearns Bond Unit SEC Investigate,Bear Stearns Bond Unit Is Under Sec Investigate,Bear Stearns Bond Unit SEC Investigate
"Stocks Rise, Oil Falls, Fed Wait Resumes",Business,"Stock rise, oil fall, Fed wait resume",Stocks Rise Oil Falls Fed Wait Resumes,"Stock rise, oil fall, Fed wait resume","Stocks Risi, Oil Fall, Fed Wait Resumi",Stock Rise Oil Fall Fed Wait Resume
"After delays, Intel points to chip-making advance",Sci/Tech,"After delay, Intel point to chip-making advance",After delays Intel points chip-making advance,After delay Intel point chip-making advance,"After delay, Int point to chip-make advance",After delay Intel point chip-make advance
"Rocket Fuel in Milk, Lettuce",Sci/Tech,"Rocket Fuel in Milk, Lettuce",Rocket Fuel Milk Lettuce,Rocket Fuel Milk Lettuce,"Rockets Fuels Milk, Lettuces",Rock Fuel Milk Lettuce
Microsoft Readies Business-Intelligence Charge,Sci/Tech,Microsoft Ready Business-Intelligence Charge,Microsoft Readies Business Intelligence Charge,Microsoft Ready Business Intelligence Charge,Microsoft Readies Busines-Intelligenc Charg,Microsoft Readys Busines Intelligenc Charge
Forgotten Remembers to Surprise,Sci/Tech,Forgotten Remember Surprise,Forgotten Remembers Surprise,Forgotten Surprise,ForgottenRememb Surpris,Forget Rememb Surpris
Japan''s Sharp develops world''s largest LCD television (AFP),Sci/Tech,Japan develop world largest LCD television,Japan Sharp develops world largest LCD television,Japan develop world largest LCD television,Jap's Shad devolps wORLD's lARGEST LCD tELEVISION (AFP),Japan Sharp develops world largest LCD teleview
Nokia adds anti-virus protection to new smart phone,Sci/Tech,Nokia add anti-virus protect to new smart phone,Nokia adds anti-virus protection smart phone,Nokia add anti-virus protect new smart phone,Nok add anti-vir protect to new smartphon,Nokiat add anti-viruse protect smartphon
 #39;It flew like a dream #39;,Sci/Tech,'It fly like a dream',flew dream,fly dream,'It fly like a dream',flew dream
Microsoft Refreshes Mac Office,Sci/Tech,Microsoft Refreshes Mac Office,Microsoft Refreshes Mac Office,Microsoft Refreshes Mac Office,Microsoft Refresh Mac Offic,Microsoft Refresh Mac Offic
Conway: ''Genghis Khan'' comparison was fair,Sci/Tech,Conway: Genghis Khan compare be fair,Conway Genghis Khan comparison fair,Conway: Genghis Khan compare fair,Conway: 'Genghis Argu' comparis fair,Conway Genghis Khan compar fair
First Thoughts - PalmOne TungstenT5,Sci/Tech,First Thought - PalmOne Tungsten T5,First Thoughts PalmOne TungstenT5,First Thought PalmOne Tungsten T5,First Thought - PalmOne TungstenT5,First Thought PalmOne TungstenT5
Marriott earnings up 45 percent on growing demand for rooms,Business,Marriott earning grow 45 percent on grow demand for room,Marriott earnings up percent growing demand rooms,Marriott earning grow demand room,Marriott earn up 45 percent on grow demand for room,Marriott earn grow room
HP Dumps 64-bit Interests,Sci/Tech,HP Dumps 64-bit Interest,HP Dumps Interests,HP Dumps Interest,HP Dumps Bit Intレスト,HP Dump Interest
Google to support POP connection,Sci/Tech,Google to support POP connect,Google support POP connection,Google support POP connect,Google to support PO connection,Google supp pop connec
House Backs Crack Down on Video Voyeurs (AP),Sci/Tech,House Back Crack Down Video Voyeur AP,House Backs Crack Down Video Voyeurs,House Crack Down Video Voyeur,House Back Crack Down Video Voyeur,House Backs Crack Down Video Voyeur
Vitamin E Thwarts Colds in the Elderly,Sci/Tech,Vitamin E Thwart Cold in the Elderly,Vitamin E Thwarts Colds Elderly,Vitamin E Thwart Cold Elderly,Vitamin E Thwart Cold In Elderly,Vitamin E Thwart Cold Elderly
Get heart smart,Sci/Tech,Get heart be smart,Get heart smart,Get heart smart,Get heart smarth,Get heart smarth
HP to launch  #39;virus-throttling #39; software,Sci/Tech,HP to launch virus throttle software,HP launch virus-throttling software,HP launch virus throttle software,HP to launch 'virusthrottl' softwar,HP lanc virus-throttlin softwar
"Luddite &lt;em&gt;Reg&lt;/em&gt; readers want flat weather, please",Sci/Tech,"Luddite Reg reader want flat weather, please",Luddite Reg readers want flat weather please,Reg reader want flat weather,Luddite Reg read flat weath plea,Luddit Reg read please flat weather
Researchers Turn to Adult Stem Cells,Sci/Tech,Researchers Turn Adult Stem Cells,Researchers Turn Stem Cells,Researchers Turn Adult Stem Cells,Research Turn Adult Stem Cell,Researcher Turn Stem Cell
iRobot readies for war--and the household,Sci/Tech,iRobot ready for war--and the household,iRobot reads war household,iRobot ready war household,iRobot readie for war--and the household,iRobot read war household
Yahoo Bolsters Local Search Business Listings,Sci/Tech,Yahoo Bolster Local Search Business Listing,Yahoo Bolsters Search Business Listings,Yahoo Bolster Search Business Listing,Yahoo Bolst Loc Search Bus List,Yahoo Boost Search Bus List
Dollar hits new low against euro,Business,Dollar hit new low against euro,Dollar hits new low euro,Dollar hit new low euro,Dollar hit new low against euro,Dollар hitt new low euro
Microsoft Vows Fight on Latest Patent Rejection,Sci/Tech,Microsoft Vow Fight on Latest Patent Rej,Microsoft Vows Fight Latest Patent Rejection,Microsoft Vow Fight Patent Rej,microsoft vow fight latest patent reject,Microsoft Vow Fight Lates Paten Rej
Nokia and Vodafone to Lead Roadmap for Mobile Java Standards,Sci/Tech,Nokia and Vodafone to lead roadmap for mobile Java standard.,Nokia Vodafone Lead Roadmap Mobile Java Standards,Nokia Vodafone lead roadmap mobile Java standard,noki and vodofon to lead roadmap for mobil java standar,Nok Java Vodof Lead Roadmap Mobil Stan
San Fran wants free citywide WiFi,Sci/Tech,San Francisco want free citywide WiFi,San Francisco WiFi,San Francisco want free citywide WiFi,San Fran w ants fr ewi Fi,San Franciscowifi
Earnings alert: Nokia sees lower profit,Sci/Tech,Earning alert: Nokia see lower profit,Earnings Nokia sees lower profit,Earning alert Nokia lower profit,Earning alert: Nokia see lower profit,Earning Nokia see low profitt
SpaceShipOne a Flight Away From  #36;10M Prize (AP),Sci/Tech,SpaceShipOne flight away from dollar ten million prize AP,SpaceShipOne Flight Away \$10M Prize,SpaceShipOne flight prize,SpaceShip one flight away from dollar tenm prize,SpaceShipOneFligAway\$10MPrize
AMD to demonstrate dual-core chips,Sci/Tech,AMD to demonstrate dual-core chip,AMD demonstrate dual-core chips,AMD demonstrate dual-core chip,amd to demonstrat dual-core chip,AMD demonstrat dual-core chip
Microsoft Debuts Own Web Search Technology,Sci/Tech,Microsoft Debut Own Web Search Technolog,Microsoft Debuts Web Search Technology,Microsoft Debut Own Web Search Technology,Microsoft Debut Own Web Search Technolog,Microsoft Debuts Web Search Technolog
Nicotine Addiction Gene Identified,Sci/Tech,Nicotine Addiction Gene Identify,Nicotine Addiction Gene Identified,Nicotine Addiction Gene Identify,Nicotin Addict Gene Identifi,Nicotin Addict Gene Identifi
Segway may go off-road,Sci/Tech,Segway may go off-road,Segway go off-road,Segway go off-road,Segway may go off-roa,Segway go off-roa
"IDC Raises 2004 PC Outlook, Trims 2005 Forecast",Sci/Tech,"IDC Raise 2004 PC Outlook, Trim 2005 Forecast",IDC Raises PC Outlook Trims Forecast,IDC Raise PC Outlook Trim Forecast,"IDC Raise 2004 PC Outloook, Trim 2005 Forecast",IDC Raise PC Outlin Trim Forec
Alcoa Cautions About Below-Market Offer,Business,Alcoa caution below market offer,Alcoa Cautions Below-Market Offer,Alcoa caution market offer,Alcoa Cauti Below-Mark Offer,Alcoa Cauti Below-Market Offere
Brazil to Limit Uranium Plant Access as Powell Visits (Update1),Sci/Tech,brazil limit uranium plant access as powell visit,Brazil Limit Uranium Plant Access Powell Visits,brazil limit uranium plant access powell visit,braziltolimituraniumplantaccessaspowellvisit,Brasil Limitt Uranium Plant Acces Powel Visit
Gateway PC keeps it cool,Sci/Tech,Gateway PC keep it cool,Gateway PC keeps cool,Gateway PC cool,Gateways PC keep it cool,Gateways PC keep cool
Robotic Craft #39;s Launch Delayed At Least 2 Days,Sci/Tech,Robotic Craft Launch Delayed At Least 2 Day,Robotic Craft Launch Delayed Days,Robotic Craft Launch Delayed At Least Day,Robotic Craft Launch Delay At Least Day,Robotic Craft Lanc Delay Day
US families suffer from web withdraw,Sci/Tech,US family suffer from web withdrawal,US families suffer webwithdraw,US family suffer web withdrawal,US famili suffer from web withdrw,US famil suffer webwithdray
Foxes kill Great Bustard chicks,Sci/Tech,Fox kill Great Bustard chick,Foxes kill Great Bustard chicks,Fox kill Great Bustard chick,Foxy Kill Great Bustard Chick,Fox kill Great Bustard chick
Adobe improves collaboration and security features in Acrobat 7,Sci/Tech,Adobe improve collaborate and security feature in Acrobat 7,Adobe improves collaboration security features Acrobat 7,Adobe improve collaborate security feature Acrobat 7,adobe improve collaborate and security feature in acrobat,adobe improve collaboration security feature acrobat
Creative Zen Micro 5GB music player,Sci/Tech,Creative Zen Micro 5GB music player,Creative Zen Micro 5GB music player,Creative Zen Micro 5GB music player,Creativ Zen Micr 5GB musi play,Creativ Zen Micro 5GB musik play'er
Sony vs. Big Apple,Sci/Tech,Sony vs. Big Apple,Sony Big Apple,Sony Big Apple,sony vs. big apple,Son Big Appel
Retooled Varsity Group Set to Return to Nasdaq,Sci/Tech,Retool Varsity Group Set Return Nasdaq,Retooled Varsity Group Set Return Nasdaq,Retool Varsity Group Return Nasdaq,Retool Varsiaty Grou Set to Retur Nasdaq,Retool Varsity Grp Set Retun Nasdaq
"AMD, Intel Stick with Speed for Gamers",Sci/Tech,"AMD, Intel stick with speed for gamer",AMD Intel Stick Speed Gamers,AMD Intel stick speed gamer,"amd, intel stick with speed for game",AMD Intel Stick Speed Game Gam
Bell-ringer ban strikes sour note,Business,bell ring strike sour note,Bell-ringer ban strikes sour note,bell ring strike,bell-rin-g strik-s sour not,bell-rинг-ger ban strik sour not
PayPal Outage Effects Online Retailing and eBay,Sci/Tech,Pay Lemmatization Effect Online Retail And EBay,PayPal Outage Effects Online Retailing eBay,Pay Lemmatization Effect Online Retail eBay,Pay Pal Outag Effect Onlin Retail And ebay,Pay Out Effect Onl Retai eBay
Half Life 2 wait starts stopping to be a wait,Sci/Tech,Half Life 2 wait start stop be wait,Half Life 2 wait starts stopping,HalfLife2waitstartstopwait,Half Lif wait start stop be wait,Half Life wait start stop
More Election Response,Sci/Tech,More Election Response,More Election Response,More Election Response,More Electi Respon,More Electi Respon
ECI Conferencing Services Renews WebEx Contract; Adds Enterprise &lt;b&gt;...&lt;/b&gt;,Sci/Tech,ECI Conferencing Service Renew WebEx Contract; Add Enterprise,ECI Conferencing Services Renews WebEx Contract Adds Enterprise,ECI Conferencing Service Renew WebEx Contract Add Enterprise,ECI Confer Serv Renew WebEx Contr; Add Enterpr,ECI Confere Servi Renew WebEx Contr Add Enterpr
Microsoft offers governments sharing tools,Sci/Tech,Microsoft offer government share tool,Microsoft governments sharing tools,Microsoft offer government share tool,Microsoft offer government share tool,Microsoft government share tool
Coming soon: the eight-hour notebook battery,Sci/Tech,Coming: the eight-hour notebook battery,coming soon eight-hour notebook battery,coming eight-hour notebook battery,Coming soon: the eigh-hour notebatter battery,coming soon eight hour notebook battery
"Microsoft, Yahoo extend contract for Web ads",Sci/Tech,"Microsoft, Yahoo extend contract for Web ad",Microsoft Yahoo extend contract Web ads,Microsoft Yahoo extend contract Web ad,"Microsoft, Yahoo extend contrac for Web ad",Microsoft Yahoo extend contract web ad
Multiplayer Games Coming to Cell Phones,Sci/Tech,Multiply Game Come To Cell Phone,Multiplayer Games Cell Phones,Multiply Game Come Cell Phone,Multigamer Games Comming to Cel Phone,Multiplay Game Cell Phone
The science of hurricanes,Sci/Tech,The science of hurricane,science hurricanes,science hurricane,The scienc of hurrican,scienc hurricane
''Climate Witnesses'' Testify About Warming (AP),Sci/Tech,Climate Witness Testify About Warm,Climate Witnesses Testify Warming,Climate Witness Testify Warm,Climate Witness Testify About Warm,Climate Witness Testif Warming
"US bank mergers good for stability, says Greenspan",Business,"US bank merger good for stability, say Greenspan.",US bank mergers stability says Greenspan,US bank merger good stability Greenspan,"us bank mergin good for stabil, say greenspan",US bank merge stabil say Greenspan
F5 jams new tools into traffic manager,Sci/Tech,F5 jam new tool into traffic manage,F5 jams tools traffic manager,F5 jam new tool traffic manage,F5 jam new tool into traff manag,f5 jam tool traff manag
Tokyo Edge: New Choices in Digital Entertainment,Sci/Tech,Tokyo Edge: New Choice in Digital Entertainment,Tokyo Edge New Choices Digital Entertainment,Tokyo Edge New Choice Digital Entertainment,Tokyo Edg: New Choic in Digit Entertain,Tokyo Edg New Choic Digit Entertain
VeriSign creates kid credentials,Sci/Tech,VeriSign create kid credential,VeriSign creates kid credentials,VeriSign create kid credential,VeriSign creat kid credential,VeriSign creat kid credential
PalmSource settles Digeo patent suit,Sci/Tech,PalmSource settle Digeo patent suit,PalmSource settles Digeo patent suit,PalmSource settle Digeo patentsuit,PalmSourcDigi patent suit,PalmSourC settle dige patent suit
Broadband to boom in new EU countries,Sci/Tech,Broadband to boom in new EU country,Broadband boom new EU countries,Broadband boom new EU country,Broadband to boom in new EU country,Broadband boom new EU countri
XM Satellite Radio to Broadcast on Web (AP),Sci/Tech,XM Satellite Radio broadcast on web,XM Satellite Radio Broadcast Web,XM Satellite Radio broadcast web,xm satellite radi to broadcast on web,XMSatellitRadiBrodcastWeb
"Glitches hit Dell gear, Microsoft software",Sci/Tech,"Glitch hit Dell gear, Microsoft software",Glitches Dell gear Microsoft software,Glitch Dell gear Microsoft software,"Glitch hit Dell gear, Microsoft softwat",Glitch Dell gear Microsoft softwar
Borland to tout tool for building Microsoft apps,Sci/Tech,Borland to tout tool for build Microsoft app,Borland tool building Microsoft apps,Borland tool build Microsoft app,Borland to tout tool for build Microsoft app,Borland tool build Microsoft app
FCC to Allow Wireless Access on Planes (AP),Sci/Tech,FCC allow wireless access on plane AP,FCC Allow Wireless Access Planes,FCC allow wireless access plane AP,FCC to Allw Wirlsscss n Plns,FCC Allw Wires Acces Plan
"Apple intros Photo iPod, U2 iPod (MacCentral)",Sci/Tech,"Apple intro photo ipod, u2 ipod (maccentral)",Apple intros Photo iPod U2 iPod,Apple intro photo iPod U2 iPod,"App intro photo ipod, u2 ipod (maccentral)",App intros Phot iPod U2 iPod
Oil Prices Climb Above \$42 a Barrel,Business,Oil Price Climb Above \$42 a Barrel,Oil Prices Climb \$42 Barrel,Oil Price Climb \$42 Barrel,Oil Pric Climb Abov \$42 a Barb,Oil Pric Climb \$42 Barrels
Get your game on,Sci/Tech,Get your game begin,Get game,Get game begin,Get gam on,get game
PalmSource Ushers Wireless Innovation for Palm OS,Sci/Tech,PalmSource Usher Wireless Innovation for Palm OS,PalmSource Ushers Wireless Innovation Palm OS,PalmSource Usher Wireless Innovation Palm OS,PalmSourc Userr Wires Innovat For Palm OS,PalmSourc Userr Wireles Innov Palm OS
PalmOne unveils Wi-Fi SD Card,Sci/Tech,PalmOne unveil Wi-Fi SD Card,PalmOne unveils Wi-Fi SD Card,PalmOne Wi-Fi SD Card,PalmOne unvile wi-fi sd card,PalmOne unvWi-Fi SD Card
''Friendly'' Killer Whale Damaging Boats (AP),Sci/Tech,Friendly Killer Whale Damage Boat (AP),Killer Whale Damaging Boats,Killer Whale Damage Boat,Friendli Killer Whal Damag Boat,KillerWhale Damag Boats
Why PCCW is laughing all the way to the bank,Sci/Tech,Why PCCW laugh all the way to the bank,PCCW laughing bank,PCCW laugh bank,Why PCCW is laugh all the way to the bank,PCCW laugh bank
Andreessen: Microsoft to make Internet Explorer more competitive,Sci/Tech,Andreessen: Microsoft to make Internet Explorer more compete,Andreessen Microsoft Internet Explorer competitive,Andreessen Microsoft Internet Explorer compete,Andreessen: Microsoft to make Inte internet explor more competitiv,Andreessen Microsoft Internet competitiion
ISPs Band Together Against Spam,Sci/Tech,IS Band Together Against Spam,ISPs Band Together Against Spam,Band Together Against Spam,IS Band Together Against Spam,IS Band Together Against Spam
"SAP acquires U.S., Swiss units of SAP SI",Sci/Tech,"SAP acquire U.S., Swiss unit of SAP SI",SAP acquires units SAP SI,SAP acquire unit SAP SI,"SAP acquir U., Swi., unit SAP SI",SAP acquir unit SAP SI
Hacker hire costs SecurePoint an ally,Sci/Tech,Hacker hire cost SecurePoint an ally,Hacker hire costs SecurePoint ally,Hacker hire SecurePoint ally,Hack hire cost SecurPoin an all,Hack hire cost SecurPoin all
Man arrested in England in sex assault on Austin teen,Sci/Tech,Man arrest in England in sex assault on Austin teen,Man arrested England sex assault Austin teen,Man arrest England sex assault Austin teen,Men arrest engl sex assaul austn teen,Men arrest Engla sex assaul Austin teena
"U.S. Growth Pace for 2nd Quarter Is Revised Downward, to 2.8",Business,"U.S. Growth Pace for second quarter is revised downward, to 2.8",U S Growth Pace Second Quarter Revised Downward 2 8,U S Growth Pace second quarter revised downward 2.8,"U.S. Grow Pace for 2nd Quarter Is Revise Down, to 2.8",US Growth Pace Second Quarter Revised Downward 2 8
"Good Technology, Nokia in cahoots",Sci/Tech,"Good Technology, Nokia in cahoots",Good Technology Nokia cahoots,Good Technology Nokia cahoots,"Good Technolog, Nokia in cahoots",Good Technolog Nokia cahoot
Education Helping More Seniors Get Online,Sci/Tech,Education Help More Senior Get Online,Education Seniors Get Online,Education Help Senior Get Online,Education Help Seniors Get Onlin,Educate Senior Get Onlin
Two Internet domain names get preliminary approval,Sci/Tech,Two internet domain name get preliminary approve,Two domain names get approval,Two domain name get preliminary approve,Two Inte internet domai domain nam name get preliminari preliminari approv approv,Two domin nam get approv
SPACESHIPONE FLIGHT GRABS X-PRIZE,Sci/Tech,SPACESHIP ONE FLIGHT GRAB X PRIZE,SPACESHIPONE FLIGHT GRABS XPRIZE,SPACESHIP ONE FLIGHT X PRIZE,SPACESHIP STEM FLIGHT GRAB X PRIZE,SPACESHIP FLIGHT GRAB XPRIZE
Dutch Hospital Practicing Infanticide,Sci/Tech,Dutch Hospital Practice Infanticide,Dutch Hospital Infanticide,Dutch Hospital Practice Infanticide,Dutch Hospit Stem Practic Infant Stem,Dutch Hospitall Infancide
Kazaa under Big Music #39;s gun,Sci/Tech,Kazaa under big music's gun,Kazaa Big Music gun,Kazaa music gun,Kazaa under big music gun,Kazaa Big Musi Gun
Report: Other Drugs May Raise Heart Risks (AP),Sci/Tech,Report: Drug Raise Risk (AP),Report Drugs May Raise Heart Risks,Report Drug Raise Risk,Report: Drug Raise Heart Risk (AP),Reports Drug May Raise Heart Risk
Sun extends multi-platform services offerings,Sci/Tech,Sun extend multi-platform service offer,Sun extends multi-platform services offerings,Sun extend multi platform service offer,Sun extends mult-plat-form serv-offer,Sun extends mult- platfor- servic- offer-
"Another IE flaw, another MyDoom",Sci/Tech,"another ie flaw, another mydoom",IE flaw MyDoom,flaw mydoom,"anoth ie flav, anoth mydoom",IE flaw My Doom
Symbian Phones Hit with Skulls Trojan,Sci/Tech,Symbian Phone Hit with Skulls Trojan,Symbian Phones Skulls Trojan,SymbianPhoneHitSkullsTrojan,Symbi Phones Hitwit Skulz Troj,SymbiPhones Skulls Trojans
Oil Sets Record on Lengthy Supply Outage,Business,Oil Set Record on Lengthy Supply Outage,Oil Sets Record Lengthy Supply Outage,Oil Set Record Lengthy Supply Outage,Oil Set Recor Len Suppl Outag,Oil Set Recorde Lengt Supply Outag
Musicians Sing Different Tune on File Sharing,Sci/Tech,Musicians Sing Different Tune on Share,Musicians Sing Different Tune File Sharing,Musicians Sing Different Tune Share,Musician Sing Differe Tune on File Share,Musick sing differ tune file share
Briefly: Level 3 to buy Sprint''s dial-up business,Sci/Tech,Brief: Level 3 to buy Sprint's dial-up business,Level 3 buy Sprint's dial-up business,Level 3 buy Sprint dial-up business,Briefly: Level 3 to buy Spint's dial-up busines,Level buy Sprint dial business
Hitachi strikes new direction with Lightning,Sci/Tech,Hitachi strike new direction with Lightning,Hitachi strikes new direction Lightning,Hitachi Lightning,Hitach strik new directi with Lightnin,Hitsachi strik new directi lightning
Found: Nessie #39;s distant cousin,Sci/Tech,Found: Nessie's distant cousin,Nessie distant cousin,Found Nessie distant cousin,Found: Nessi dist cousin,nessi distanti cousin
Apple recalls overheating batteries,Sci/Tech,Apple recall battery,Apple recalls batteries,Apple recallbattery,Applem recall overheat battery,Applem recall batteri
Shopping Search Around the World,Sci/Tech,Shopping Search Around the World,Shopping Search World,Shopping Search World,Shopp Search Arond Worl,Shopp search world
Researchers Find New Species of Bird (AP),Sci/Tech,Researchers Find New Species of Bird AP,Researchers Find New Species Bird,Researchers Find New Species Bird,Research Find New Speci Bird AP,Research Find New Species Bird
IDC Forum: Is IT creativity dead?,Sci/Tech,IDC Forum: Is IT create dead?,IDC Forum IT creativity dead,IDC Forum IT create dead,idc forum: is it creativ dead?,IDC Foru IT creati dead
Amazon A9 Search Engine Offers Shopping Discount,Sci/Tech,Amazon A9 Search Offer Shopping Discount,Amazon A9 Search Engine Offers Shopping Discount,Amazon A9 Search Offer Shopping Discount,Amazn S9 Srch Engin Offrs Shppng Dscnt,Amazn S9 Srch Engin Offrs Shppng Dscnt
Judge rejects AMD plea for confidential Intel documents,Sci/Tech,Judge reject AMD plea for confidential Intel document,Judge rejects AMD plea Intel documents,Judge reject AMD plea Intel document,Judg reject AMD plea for confidenc Int document,Jug reject AMD plea Inte document
European Stocks Trim Losses Due to Nokia,Business,European Stock Trim Loss Due To Nokia,European Stocks Trim Losses Nokia,European Stock Trim Loss Nokia,europe stock trim loss due to nokia,Eur Stock Trim Los Nokia
Yahoo Faces New Court Battle over Nazi Items,Sci/Tech,Yahoo Face New Court Battle Over Nazi Item,Yahoo Faces New Court Battle Nazi Items,Yahoo Face New Court Battle Nazi Item,Yahoo Faces New Cour Batt over Nazi Item,Yahoo Fac New Cour Battl Nazi Item
3Com challenges Cisco to router duel,Sci/Tech,3Com challenge Cisco to router duel,3Com challenges Cisco router duel,3Com challenge Cisco router duel,3Com challenges Cisco to router duel,3Com challenges Cisco rout duel
Japan''s i-mode Internet mobile service to enter Russia (AFP),Sci/Tech,Japan's Internet mobile service to enter Russia (AFP),Japan i-mode Internet mobile service enter Russia,Japan Internet mobile service enter Russia,Japans imod Internet mobil service to entr Russia (AFP),Japans i-mod Internet mobil serv enter Russi
Biotech Grass Breeding Raises Concerns,Sci/Tech,Biotech Grass Breed Raise Concern,Biotech Grass Breeding Raises Concerns,Biotech Grass Breed Concern,Biotech Grass Breed Raise Concern,Bio Grass Breed Raise Concern
"Microsoft to launch search engine that competes with Google, Yahoo",Sci/Tech,"Microsoft to launch search engine that compete with Google, Yahoo",Microsoft launch search engine compete Google Yahoo,Microsoft launch search engine compete Google Yahoo,"micrsoft to launch search engin that compet google, yahoo",Microsoft lanc search engin competit Google Yahoo
AMD hatches new naming plan for chip generations,Sci/Tech,AMD hatch new naming plan for chip generation,AMD hatches new naming plan chip generations,AMD hatch new naming plan chip generation,amd hatch new name plan for chip generation,amd hatch new name plan chip generati
New Web domain names get preliminary nod,Sci/Tech,New Web domain name get preliminary nod,New Web domain names get preliminary nod,New Web domain name get preliminary nod,New Web domin nam get preliminari nod,New Web domin nam get preliminari nod
Study Raises Questions About Bioengineered Grass,Sci/Tech,Studie Raise Question About Bioengineer Grass,Study Raises Questions Bioengineered Grass,StudieRaiseQuestionBioengineerGrass,Stud Raise Quest Bioengr Gras,Stud Raise Quest Bioengr Grass
Sneaky spyware becomes scourge of Internet,Sci/Tech,Sneak spywor become scourge of Internet,Sneaky spyware becomes scourge Internet,Sneak spywor become scourge Internet,Sneak spy scroug Internet,Sneak spybecome scourg Internet
Pledge Allegiance to the Penguin,Sci/Tech,Pledge Allege to the Penguin,Pledge Allegiance Penguin,Pledge Allege Penguin,Pledg Alignto the Penguin,Pledg Allege Penguini
How it works,Business,How it work,How works,How work,How it work,How work
Finance minister appears to tip his hand on Reserve Bank rate hike,Business,Finance minister appear tip hand on Reserve Bank rate hike,Finance minister Reserve Bank rate hike,Finance minister tip hand Reserve Bank rate hike,Financi ministr appear to tip his hand on Reserv Bank rate hike,Financi ministri Reserv Bank rat hik
Almost 40 percent of tech-savvy Singaporeans have broadband access (AFP),Sci/Tech,Almost 4 percent of tech-savvy Singaporean have broadband access (AFP),Almost 40 percent tech-savvy Singaporeans broadband access,4 percent tech-savvy Singaporean broadband access,Almost 4 percent tech-savvy Singaporian hav broadband access AFP,Almost 4 percent tech-savvian Singaporean broadband access
Gateway takes eMachines to Mexico,Sci/Tech,Gateway take eMachines to Mexico,Gateway takes eMachines Mexico,Gateway Mexico,Gatewat tak eMachin to Mexic,Gatewat tak emachin Mexic
Microsoft in Tune with Digital Music,Sci/Tech,Microsoft in tune with digital music,Microsoft Tune Digital Music,Microsoft digital music,Microsoft in Tun with Digit Music,Microsoft Tune Digital Musi
Longhorn plans cut short,Sci/Tech,Longhorn plan cut short,Longhorn plans cut,Longhorn plan cut short,Longhorn plan cut short,Longhorn plan cut
Intel Heralds Dual-Core Pentium M,Sci/Tech,Intel Herald Dual-Core Pentium M,Intel Heralds Dual-Core Pentium M,Herald Dual-Core Pentium M,Intell herald dual-core pent Pentium,Intel Herald Dual-Core Pentium M
Net Banking Fraudsters Step Up the  #39;Phishing #39; Scam,Sci/Tech,Net Bank Fraud Step Up the Phish Scam,Net Banking Fraudsters Step Up Phishing Scam,Net Bank Fraud Step Up Phish,Net Bank Fraud Ste Up Phish Scam,Net Bank Fraud Step Up Fish Scam
Source: Movie industry to sue computer users,Sci/Tech,Source: Movie industry to sue computer user,Movie industry sue computer users,Movie industry sue computer user,source: movi indus to sue comp user,Movier indus try sue comput user
Sprint Picks Apple for Content,Sci/Tech,Sprint Pick Apple for Content,Sprint Picks Apple Content,Sprint Pick Apple Content,Sprint Pick Apple for Cont Conte,Sprint Pick Apple Cont Conte
Monkeys stock their tool-kit,Sci/Tech,Monkeys store their tool-kit,Monkeys stock tool-kit,Monkeys store tool-kit,Monkeys stock tool-kit,Monkeys stoc tool-kit
But Where Is the Hurricane Going?,Sci/Tech,But Where Be The Hurricane Go?,Where Hurricane Going,Where Hurricane Go,But Wher Hurrigan Go,Where Hurrican go
The \$5.35 Software Bargain,Business,The $5.35 software bargain,\$535 Software Bargain,$5.35 software bargain,The \$5.35 Softw Bargain,\$535 Softwarg Bargain
Apple #39;s iPod goes to school,Sci/Tech,Apples ipod go school,Apple iPod goes school,Apples ipod,Apples/ipod/gotoschool,Applem iPodg school
To Bill.GatesMicrosoft.com; Subject: Your Spam,Sci/Tech,To Bill Gates Microsoft com ; Subject : Your Spam,To BillGatesMicrosoftcom Subject Your Spam,To Bill Gates Microsoft Subject Your Spam,>To Bill.GatMicrosoft.com; Subj: Yur Spam,To BillGatMicrSubj Yr Spm
Vodafone Fires Opening Salvo in 3G War,Sci/Tech,Vodafone Fire Opening Salvo in 3G War,Vodafone Fires Opening Salvo 3G War,Vodafone Fire Opening Salvo 3G War,Vodofon Fire Open Salv 3G War,Vodofon Fire Openin Salvo 3G War
Face-off in gaming olympics,Sci/Tech,Face off in gaming olympic,Face-off gaming Olympics,Face off gaming olympic,Face-off gam Olympics,Face Off Game Olympics
New Study Links Mobile Phones With Benign Tumors,Sci/Tech,New Study Link Mobile Phone With Benign Tumor,New Study Links Mobile Phones Benign Tumors,New Study Link Mobile Phone Benign Tumor,New Studi Link Mobil Phon With Benign Tumor,New Studi Link Mobil Phone Benign Tumor
Software Pirate Gets Jail Time,Sci/Tech,Software Pirate Get Jail Time,Software Pirate Gets Jail Time,Software Pirate Get Jail Time,Software Pirat Get Jail Tim,Softwari Pirat Get Jail Tim
NASA Postpones Launch of Super-Fast Jet to Tuesday,Sci/Tech,NASA Postpone Launch of Super-Fast Jet to Tuesday,NASA Launches Super-Fast Jet Tuesday,NASA Postpone Launch Tuesday,nasa postpon launch super-fast jet tuesday,NASALaunchSuper-FastJetTues
Lycos screensaver for anti-spam vigilantes,Sci/Tech,Lycos screensaver for anti-spam vigilante,Lycos screensaver anti spam vigilantes,Lycos screensaver anti spam vigilante,Lycos screen saver for anti spam vigilante,Lycos screen save anti spam vigilate
Karmazin Brings Sirius Starpower to Radio (washingtonpost.com),Sci/Tech,Karmazin Bring Sirius Starpower to Radio,Karmazin Brings Sirius Starpower Radio,Karmazin Sirius Starpower Radio,Karmazin Bring Sirius Starpowr to Radi,Karmazin Bring Sirii Starpower Radii
Nintendo Ups DS Console Shipment Target,Sci/Tech,Nintendo Up DS Console Shipment Target,Nintendo Ups DS Console Shipment Target,Nintendo DS Console Shipment Target,Nintend Up DS Consol Shipp Target,Nintend Up DS Consol Shipp Target
"Fuel Prices, Low Fares Batter Airlines",Business,"Fuel Price, Low Fare Batter Airline",Fuel Prices Low Fares Batter Airlines,Fuel Price Fare Batter Airline,"Fuell, Low Fare Batter Airline",Fuell Pric Low Fair Batte Airli
"Thunderbird, Firefox, and Transitional Applications",Sci/Tech,"Thunderbird, Firefox, and Application",Thunderbird Firefox Transitional Applications,Thunderbird Firefox Application,"Thunderb, Fire, and Transitiapp",Thunderbir Firefo Transiti Appli
IBM upgrades blade servers,Sci/Tech,IBM upgrade blade server,IBM upgrades blade servers,IBM upgrade blade server,IBM upgrad blade server,IBM upgrad blade server
"Sony May Open Stores, Worrying Retailers (AP)",Sci/Tech,"Sony May Open Store, Worrying Retailer",Sony May Open Stores Worring Retailers,Sony May Open Store Worring Retailer,"sony may open stor, worrie retailer",Son May Opn Str Wrng Rtailr
EarthLink gets into VoIP,Sci/Tech,EarthLink get into VoIP,EarthLink VoIP,EarthLink VoIP,EarthLink get into VoIP,EarthLink VoIP
Progress Cargo Ship for ISS Launched From Russia,Sci/Tech,Progress Cargo Ship Launch From Russia,Progress Cargo Ship ISS Launched Russia,Progress Cargo Ship LaunchRussia,Progres Cargo Ship for ISS Launch From Russ,Progres Cargo Shipp ISS Launch Russi
Toshiba to use perpendicular recording in new drives,Sci/Tech,Toshiba to use perpendicular record in new drive,Toshiba use perpendicular recording new drives,Toshiba use perpendicular record new drive,toshiba to use perpendicul record in new driv,Toshib use perpendicul record new driv
A Conversation with Matthew Koll,Sci/Tech,A Conversation with Matthew Koll,Conversation Matthew Koll,Conversation Matthew Koll,A Conversatio with Mattthe Koll,Conversatio Matt Koll
New DVD Dual Layer HD-DVD/DVD Format,Sci/Tech,New DVD Dual Layer HD-DVD/DVD Format,New DVD Dual Layer Format,New DVD Dual Layer Format,New DVD Dual Lay HD-DVD/DVD Formatus,New DVD Dual LAYER Format
"Indian Software Boom on Track, Industry Head Says (Reuters)",Sci/Tech,"Indian Software Boom On Track, Industry Head Say",Indian Software Boom Track Industry Head Says,Indian Software Boom On Track Industry Head Say,"Indi Soft Boom On Trak, Industr Head Say (Reutris)",Indi Soft Boom Track Indus Head Say
PG amp;E talks to residents about powerline project,Sci/Tech,PG amp;E talk resident about powerline project,PG&E talks residents powerline project,PG&E talk resident powerline project,PG amp;E talk to resident about powerline project,PG&E talk resident powerline project
Mukesh replies in the name of the father,Business,Mukesh reply in the name of the father,Mukesh replies father,Mukesh reply name father,Mukesh rep repli in nam of the fath,Mukesh reply father
Putin Tells Ministries to Salvage Kyoto -- Lobbyists (Reuters),Sci/Tech,Putin Tell Ministry Salvage Kyoto -- Lobbyist (Reuters),Putin Tells Ministries Salvage Kyoto Lobbyists,Putin Tell Ministry Salvage Kyoto,putin tell ministry to salvag kyoto -- lobist reuter,Putin Tell Ministries Salvag Kyoto Lobbisti
Nasa head to quit - reports,Sci/Tech,NASA head to quit - report,Nasa head quit reports,NASA head quit report,Nas head quit - report,Nas head quit rep
Skulls Trojan teams up with Cabir worm,Sci/Tech,Skull Trojans team up with Cabir worm,Skulls Trojan Cabir worm,Skull Trojans Cabir worm,Skull Troj Cabir worm,Skull Troc Cabir Worm
Land of Potatoes Aims to Be High-Tech Hotbed (Reuters),Sci/Tech,Land of Potato Aim Be High-Tech Hotbed,Land Potatoes Aims Be High-Tech Hotbed,Land Potato Be High-Tech Hotbed,Land Potat Aim High-Tech Hot Bed Reuters,Land Potato Aim Be High-Tech Hotbed
MS to end Win2K support without SP5,Sci/Tech,MS to end support without SP5,MS end Win2K support SP5,MS end support SP5,MS to end Win2K supp without SP5,MS end Win2K supp sp5
Sony Considers MP3 Support to Silence iPod Fans,Sci/Tech,Sony Consider MP3 Support to Silence iPod Fan,Sony Considers MP3 Support Silence iPod Fans,Sony MP3 Support Silence iPod Fan,sony consid MP3 support to sil iPod fan,sony consid MP3 support silenc iPod fan
An Aspirin a Day -- Good Medicine For Many,Sci/Tech,An Aspirin a Day -- Good Medicine For Many,Aspirin Day Good Medicine Many,An Aspirin Day Good Medicine Many,An Aspirl a Dy -- God Medicin For Man,Aspirin Day Good Medicin Man
"Vendors, operators strive for simplicity at CTIA",Sci/Tech,"Vend, oper strive simplic at CTIA",Vendors operators strive simplicity CTIA,Vend oper strive simplic CTIA,"Vend, oper strat simplicitat CTIA",Vend oper striv simpl CTIA
Apple iMac G5,Sci/Tech,Apple iMac G5,Apple iMac G5,Apple iMac G5,Apple imac g5,Apple imac g5
Coming to a PC Near You,Sci/Tech,Come to a PC Near You,Coming PC You,Come PC Near You,Coming to a PC Near You,Comming PC You
Mall Retailers Trim Estimates,Business,Mall Retailer Trim Estimate,Mall Retailers Trim Estimates,Mall Retailer Trim Estimate,Mall Retailer Trim Estim,Mall Retailer Trim Estim
Update: Oracle signs deal to buy PeopleSoft for \$10.3B,Sci/Tech,Update: Oracle sign deal to buy PeopleSoft for $10.3B,Oracle signs deal buy PeopleSoft \$10.3B,Oracle sign deal buy PeopleSoft $10.3B,Updat: Oracle sign deal to buy PeopleSoft for \$10.3B,oracle sign deal buy peoplesoft \$10.3b
Exhibit Features Viruses as Art,Sci/Tech,Exhibit Feature Virus As Art,Exhibit Features Viruses Art,Exhibit Feature Virus Art,Exhib Featur Virs as Art,Exhib Featur Virus Art
Wal-Mart offers sub-\$600 notebook,Sci/Tech,Wal-Mart offer sub-\$600 notebook,Wal-Mart offers notebook,Wal-Mart offer notebook,Wal-mart offer sub-\$600 noteboo,Wal-Mart offer notebook
"Yahoo, Adobe join hands",Sci/Tech,Yahoo join hand,Yahoo Adobe join hands,Yahoo join hand,"Yah, Adob join hand",Yah Adobe join hand
REVIEW: Device Lets You Record Radio Shows (AP),Sci/Tech,REVIEW: DEVICE LETS YOU RECORD RADIO SHOW AP,Device Lets Record Radio Shows,REVIEW DEVICE LET RECORD RADIO SHOW, REVIEW: DEVI LET YOU RECORD RADIO SHOW AP,Device Let Record Radio Show
HP Set to Launch Latest Push Into Consumer Markets (Reuters),Sci/Tech,HP Set to Launch Latest Push Into Consumer Market (Reuters),HP Set Launch Latest Push Into Consumer Markets,HP Set Launch Latest Push Into Consumer Market,hp set to launch latest push into consumer market Reuters,HP Set Lanc Late Push Int Cons Market
This support for Kerry came at a bad time,Sci/Tech,This support for Kerry come at a bad time,This support Kerry came bad time,This support Kerry bad time,This supp support Kerry cam came at a bad tim time,This supp Kerry cam bad tim
ISS Crew Makes Safe Landing,Sci/Tech,ISS Crew Make Safe Land,ISS Crew Landing,ISS Crew Make Safe Land,ISStCrewMkSfLndng,ISStCrewLand
Critics Cite Red Light Monitoring Risks (AP),Sci/Tech,Critics Cite Red Light Risk Monitor (AP),Critics Cite Red Light Monitoring Risks,Cite Red Light Risk Monitor,Critics Cit Red Light Monit Risk AP,Crit Red Light Monit Risk
Russia #39;s space agency approves station crew,Sci/Tech,Russia's space agency approve station crew,Russia space agency approves station crew,Russia space agency approve station crew,Russi spac agenc approv stat crew,Rus space agen approve stat crew
"Dow Up; Bin Laden, Election Cloud Outlook",Business,"Dow go; Bin Laden, Election Cloud Outlook",Dow Up Election Cloud Outlook,Dow Bin Laden Election Outlook,"Down; Bin Laden, Elect Cloud Outlook",Down Up Elect Cloud Outloook
Court Rules Against Pennsylvania Law That Curbs Child-Pornography &lt;b&gt;...&lt;/b&gt;,Sci/Tech,Court Rule Against Pennsylvania Law That Curb Child-Pornography,Court Rules Against Pennsylvania Law Curbs Child-Pornography,Court Rule Against Pennsylvania Law Curb Child-Pornography,Court Rule Against Pennsylvan Law That Curb Child-Pornogr &lt;b&gt;...&lt;/b&gt;,Court Rul Rule Aganist Pennsylvan Law Curb Child-Pornogr
Activists Find More E-Vote Flaws,Sci/Tech,Activist Find More E-Vote Flaw,Activists Find E-Vote Flaws,Activist Find E-Vote Flaw,Activist Find More Evote Flaw,Activist Find Evote Flaw
Former Cisco exec joins Red Hat board,Sci/Tech,Formerly work Cisco executive join Red Hat board,Former exec joins board, Former work executive join board,Former Cisc exec joins Red Hat board,Former exec join board
Search Marketing Off the Beaten Track,Sci/Tech,Search Market Off the Beaten Track,Search Marketing Off Beaten Track,Search Market Off Beaten Track,Search Markete Off the Beaten Track,Search Marketer Off Beaten Track
Corel buys Paint Shop Pro maker Jasc,Sci/Tech,Core buy Paint Shop Pro make Jasc,Corel buys Jasc,Core buy Paint Shop Pro,Core buy paint shop maker jasc,Core buy Jasc
IDC: Linux Market Will Surpass \$35 Billion by 2008,Sci/Tech,IDC: Linux market will surpass $35 billion by 2008,Linux Market Surpass \$35 Billion 2008,IDC Linux market surpass $35 billion 2008,IDC: Linox Market Will Surpase $35 Billion by 2008,Linux Markt Surpass \35 Billion 2008
Sony Computer to launch worldwide sales of new PS2 console in Nov,Sci/Tech,Sony Computer to launch worldwide sale of new PS2 console in Nov,Sony Computer launch sales new PS2 console Nov,Sony Computer launch worldwide sale new PS2 console Nov,Son Computer to laun worl wide sales of new PS2 console in Nov,Son Computer launc sale new PS2 consol Nov
Duke University Welcomes Freshmen With New iPods,Sci/Tech,Duke University Welcome Freshman With New iPod,Duke University Welaxes Freshmen New iPods,Duke University Welcome Freshman iPod,Duk Univers Welcom Freshman With New iPod,Duke Univ Welax Freshmen New iPod
Microsoft to secure IE for XP only,Sci/Tech,Microsoft to secure IE for XP,Microsoft secure IE XP,Microsoft secure IE XP,Microsoft to sec ure IE for XP onl,Microsoft secure IE XPs
Duke Welcomes Freshmen With New IPods (AP),Sci/Tech,Duke Welcome Freshman With New iPod (AP),Duke Welcomes Freshmen New IPods,Duke Welcome Freshman iPod,Duke Welcom Freshman With New IPOD (AP),Duke Welcom Fres Nim Pod
Borders Posts 3rd-Quarter Loss Vs Yr. Ago,Business,Borders Posts 3rd-Quarter Lose Vs Yr Ago,Borders Posts Quarter Loss Vs Ago,Borders Posts Quarter Lose Vs Year Ago,Bord Post 3rd-Qtr Los Vs Yr Ago,Bord Post Quad Loss Vs Ago
Sasser Worm Creator Charged With Sabotage,Sci/Tech,Sasser Worm Creator Charged With Sabotage,SasserWormCreatorChargedSabotage,SasserWormCreatorChargedSabotage,Sass Worm Creat Charg With Sabotage,WormCreaChargSabotage
Apple AirPort Express,Sci/Tech,Apple AirPort express,Apple AirPort Express,Apple AirPort express,Apple AirPort Exprss,Apple AirPort Exprss
Briefly: Westinghouse cuts price of LCD TVs,Sci/Tech,Brief: Westinghouse cut price of LCD TV,Westinghouse cuts price LCD TVs,Westinghouse cut price LCD TV,Briefly: Westingh cut price of LCD TV,Westinghse cut price LCD TV
MPAA asks Supreme Court to crush P2Pers,Sci/Tech,MPAA ask Supreme Court to crush P2P be,MPAA asks Supreme Court crush P2Pers,MPAA Supreme Court crush P2P,MPAA ask Supreme Court to crush P2P pers,MPAA ask Supreme Court crush P2P Pers
"New game from Wideload, Alex Seropian named, dated",Sci/Tech,"New game from Wideload, Alex Seropian name, date",New game Wideload Alex Seropian named dated,New game Wideload Alex Seropian name date,new gam wideload alex seropian nam dat,New gam wideload Alex Seropian nam dat
Google #39;s Gmail Gets POP Support,Sci/Tech,Google's Gmail gets POP support,Gmail Gets POP Support,Google Gmail gets POP support,googl gamil get pop suppor,Gmail Get POPOP Support
Cellular Union Wins Final Approval (washingtonpost.com),Sci/Tech,Cellular union win final approval,Cellular Union Wins Final Approval,Cellular union win approval,Cellul Union Winn Final Approv,Cellul Win Fin Applov
"Nortel Networks to Eliminate 3,500 Jobs",Sci/Tech,"Nortel Networks to eliminate 3,500 job",Nortel Networks Eliminate Jobs,Nortel Networks eliminate job,"Nortel Netwok to Elimin 3,50 Job",Nortel Netw Elimin Job
Oracle and HP expand offerings to value-added resellers,Sci/Tech,Oracle and HP expand offering to value-added reseller,Oracle HP expand offerings value-added resellers,Oracle HP expand offering value-added reseller,oracle and hp expand offering to value-added reseller,Oracle HP expand offer value-added resell
Internet Group Shelves Microsoft Sender ID,Sci/Tech,Internet Group Shelve Microsoft Sender ID,Internet Group Shelves Microsoft Sender ID,Internet Group Microsoft Sender ID,Interna Grupp Shelf Micr Soft Send ID,Int net gro shelve mic soft send id
"Why You Hate, and Like, Social Security",Business,Why You Hate And Like Social Security,Why Hate Like Social Security,Why Hate Like Social Security,"why you hat, lik, social secur",Why Hat Like Soc Secur
Sun unveils UltraSparc IV,Sci/Tech,Sun unveils UltraSparc IV,Sun unveils UltraSparc IV,Sun unveil UltraSparc IV,Sun unveils UltraSparc iv,Sun unveils UltraSparc iv
AOL Opens AIM to Bot Makers,Sci/Tech,AOL Open AIM to Bot Maker,AOL Opens AIM Bot Makers,AOL Open AIM Bot Maker,AOL Opn AIM Bot Maker,AOL Open AIM Bot Maker
U.S. Ringtones Market Slow to Connect (Reuters),Sci/Tech,U.S. Ringtone Market Slow to Connect (Reuters),U S Ringtones Market Slow Connect,U S Ringtone Market Slow Connect,us ringtones market slow to connect Reuters,US Ringtones Market Slow Connect
Nortel again delays filing financial results,Sci/Tech,Nortel delay file financial result,Nortel delays filing financial results,Nortel delay file financial result,Nortel again delay file financial result,Nortel delay file financial result
"Cameras Ready, Spacecraft Gets Up Close to Saturn Moon",Sci/Tech,"Cameras Ready, Spacecraft Get Up Close to Saturn Moon",Cameras Ready Spacecraft Gets Close Saturn Moon,"Cameras Ready, Spacecraft Get Close Saturn Moon","CamerasRead, SpacecraftGetUpCloseToSaturnMoon",CamerasRead SpacecraftGet Close SaturnMoon
Some Globular Clusters May Be Leftovers From Snacking Galaxies,Sci/Tech,Some Globular Cluster May Be Leftover From Snack Galaxy,Globular Clusters May Leftovers Snacking Galaxies,Globular Cluster Snack Galaxy,some globular cluster may be left from snack galaxy,Globul Clust May Left Snack Galax
Cisco Enhances Catalyst Switch Range,Sci/Tech,Cisco Enhance Catalyst Switch Range,Cisco Enhances Catalyst Switch Range,Cisco Enhance Catalyst Switch Range,Cisco Enhanc Catalys Switc Range,cisco enhanc catalyst switch rang
"Wireless IP with Sprint, USB, and Kernel 2.6",Sci/Tech,"Wireless IP with Sprint, USB, and Kernel 2",Wireless IP Sprint USB Kernel 2.6,Wireless IP Sprint USB Kernel,"Wireless IP with Srint, USB, and Kernl 2.6",Wireless IP Sprint USB Kernel 2.6
Intel devising chip line for consumer electronics,Sci/Tech,Intel devise chip line for consumer electronics,Intel devising chip line consumer electronics,Intel devise chip line consumer electronics,Intelli devic chip lin consumer electronic,Intel devis ch lin consumer electronic
IT managers plan imminent move to XP SP2,Sci/Tech,IT manager plan imminent move to XP SP2,IT managers plan move XP SP2,IT manager plan move XP SP2,IT manag plan immin mov XP SP2,IT manag plan mov XP SP2
Wal-Mart Keeps Same-Store Sales Outlook (Reuters),Business,Wal-Mart Keep Same-Store Sales Outlook Reuters,Wal-Mart Keeps Sales Outlook,Wal-Mart Keep Sales Outlook,Wal-Mart Kept Same-Stor Sales Outloook,Wal-Mart Keep Sale Outlook
Mazda to share Fords hybrid SUV,Sci/Tech,Mazda to share Ford's hybrid SUV,Mazda Ford hybrid SUV,Mazda Ford hybrid SUV,Mazd to shar Ford's hybrid SUV,Mazd Ford hybr SUV
Lens does away with blurry snaps,Sci/Tech,Lens do away with blurry snap,Lens avoids blurry snaps,Lens snap,Lens do away with blur snap,Lens avod blurr snak
"Suddenly, It''s AMD Inside (BusinessWeek Online)",Sci/Tech,"Sudden, It_be_AMD_inside (BusinessWeek_online)",Sudden AMD Inside BusinessWeek Online,SuddenItAMDinsideBusinessWeekonline,"Suddenly, Its AMD Insid (Businesweek Onlin)",Suddn AMDB In Busin Week Onl
Facing Middle Age and AIDS,Sci/Tech,Facing Middle Age and AIDS,Facing Middle Age AIDS,Facing Middle Age AIDS,Facing Middle Ag Age AIDS,Facing Middle Ag AIDS
Your regularly scheduled software patch,Sci/Tech,Your regular schedule software patch,regularly scheduled software patch,regular schedule software patch,Your regulary schedul softwarp patch,regular schedul softwar patch
Microsoft unveils Works 8,Sci/Tech,Microsoft unveil work 8,Microsoft unveils Works 8,Microsoft unveil work,Microsoft unveil work 8,Microsoft unveil work 8
266 Chimps From Lab Adopted by Florida Refuge,Sci/Tech,266 chimps from lab adopted by florida refuge,Chimps Lab Adopted Florida Refuge,266 chimps lab adopted florida refuge,266 chimp from lab adopt by florid refuge,Chimp Lab Adopt Flor Refug
AT T posts \$7.1 billion loss on impairment charge,Sci/Tech,AT T post \$7.1 billion lose on impairment charge,ATT posts billion loss impairment charge,ATT post 7.1 billion lose impairment charge,AT \$ billo loss on impair charg,ATT post billion loss impair charg
Apple Locks Out RealNetworks With iPod Update,Sci/Tech,Apple Lock Out RealNetworks With iPod Update,Apple Locks RealNetworks iPod Update,Apple Lock RealNetworks iPod Update,Applem Lock RealNetworks With iPod Updat,Applem Lock RealNetwor iPod Updat
California Company to Make New Anthrax Vaccine (Reuters),Sci/Tech,california company make new anthrax vaccine Reuters,California Company Make New Anthrax Vaccine,california company make new anthrax vaccine,california compani to mak new anthrax vaccin (reuter),Californi compani mak new anthrax vaccin
Mozilla tries to emulate Firefox success with email client.,Sci/Tech,Mozilla try emulate Firefox succeed with email client.,Mozilla tries emulate Firefox success email client,Mozilla Firefox succeed email client,mozill try emul success email client,Mozilla try emul firefox succ email client
RFID gets a reality check,Sci/Tech,RFID get reality check,RFID reality check,RFID reality check,RFID get real check,RFID realit check
Japan retailers report big DS preorders,Sci/Tech,Japan retailer report big DS preorder,Japan retailers report big DS preorder,Japan retailer report big preorder,Japan retai report big DS preord,Jap retail report big DS preorder
More mobile anti-virus appears,Sci/Tech,More mobile anti-virus appear,More mobile anti-virus,Mobile anti-virusappear,More mobil anti-vir appear,More mobil anti-virus
Pentagon''s \$20bn war internet will ''cure world hunger'',Sci/Tech,Pentagon's $20bn war internet will cure world hunger.,Pentagons war internet will cure world hunger,Pentagon's war internet will cure hunger.,Pentagons $20bn war inter will cure world hung'er,Pentagon war int net will cur world hung
"Calif. Cities, Counties Sue Microsoft",Sci/Tech,California city county sue microsoft,Calif Cities Counties Sue Microsoft,California city county sue Microsoft,"Calif. City, Count, Sue Micросoft",Calif City Count Sue Microsoft
Young Christian Pastors Fight Porn,Sci/Tech,Young Christian Pastor Fight Porn,Young Christian Pastors Fight Porn,Young Christian Pastor Fight Porn,Young Christi Pastor Figh Porn,Young Christi Pastor Figh Porn
Aviation Key in Climate Change Battle -UK Report (Reuters),Sci/Tech,Aviation key in climate change battle - UK report,Aviation Key Climate Change Battle UK Report,Aviation key climate change battle UK report,Aviat key clim chang batt -UK rep (Reuter),Aviation Key Climat Chang Batt UK Report
VoIP Support Added To Wireless-Wired SMB Routers,Sci/Tech,VoIP support added to wireless-wired SMB router,VoIP Support Added Wireless-Wired SMB Routers,VoIP support added wireless-wired SMB router,VoIP supp add to wireless-wired SMB rout,VoIP Sup Add Wirel-Wirel SMB Rout
Cable Operator Mediacom Partners With Sprint,Sci/Tech,Cable Operator Partner With Sprint,Cable Operator Mediacom Partners Sprint,Cable Operator Partner Sprint,Cable Operat Sprint Partn Wit Sprint,Cable Operat Sprint parten partner
Tokyo Shares Rise But Oil Worries Weigh,Business,Tokyo Share Rise But Oil Worry Weigh,Tokyo Shares Rise Oil Worries Weigh,Tokyo Share Rise Oil Worry Weigh,Tokyo Share Rise But Oil Worry Weigh,Tokyo Share Rise Oil Worry Weigh
U.S. Consumer Sentiment in Surprise Fall (Reuters),Business,U.S. Consumer Sentiment in Surprise Fall,U.S. Consumer Sentiment Surprise Fall,U.S. Consumer Sentiment Surprise Fall,us consumer sentiment in surprise fall,U.S. Consum Sentiment Surpris Fall
Virgin Mobile update hits shares (FT.com),Sci/Tech,Virgin Mobile update hit share,Virgin Mobile update hits shares,Virgin Mobile update share,virgin mobil updat hit share ft com,Virgin Mobil updat hit share
US arrests dozens in  quot;spam quot; crackdown -source,Sci/Tech,US arrest dozen in spam crackdown -source,US arrests dozens spam crackdown source,US arrest dozen spam crackdown source,US arrest dozen in spam crack-source,US arrest dozen spam crack source
IBM Taps into China SMBs,Sci/Tech,IBM Tap into China SMB,IBM Taps China SMBs,IBM Tap China SMB,ibm tap int chn smb,IBM Tap Chin Smb
Microsoft files suits against ''bulletproof'' Web hosts,Sci/Tech,Microsoft file suit against bulletproof Web host,Microsoft files suits Web hosts,Microsoft file suit against bulletproof Web host,microsoft file suit against bulletproof web host,Microsoft file suit host
MMO2 lifts revenue target for UK,Sci/Tech,MO lift revenue target for UK,MMO2 lifts revenue target UK,MO lift revenue target UK,MMO lift rev target UK,MMO lift rev target UK
Microsoft''s Homeland Security Efforts,Sci/Tech,Microsoft Homeland Security Effort,Microsoft Homeland Security Efforts,Microsoft Homeland Security Effort,Microsoft's Homelands Securit Effort,Microsoft Homeland Secur Effort
Google Browser on Its Way?,Sci/Tech,Google browse on its way?,Google Browser Way,Google browse way,Google Browsr On Its Way?,Google Brows Way
"Briefly: OSDL hires lawyer, opens China office",Sci/Tech,"Briefly: OSDL hire lawyer, open China office",OSDL hires lawyer opens China office,OSDL hire lawyer China office,"Briefly: OSDL hire lawyer, open China office",OSD hire lawyer open Chin office
AT T forms Net phone alliance,Sci/Tech,AT form Net phone alliance,AT forms Net phone alliance,AT Net phone alliance,ATNetphonalliance,AT net phone alli
Body and brain of gamers probed,Sci/Tech,Body and brain of gamer probed,Body gamers probed,Body gamer probed,body brain gamer probe,Bod gam probed
Get Ready for Wednesday: Top 10 Lunar Eclipse Facts,Sci/Tech,Get Ready for Wednesdy: Top 10 Lunar Eclipse Fact,Ready Wednesday Top Lunar Eclipse Facts,Ready Wednesdy Top Lunar Eclipse Fact,Get Read Wednes Top Lunar Eclips Fact,Readi Wednesda Top Lunar Eclipse Fact
Slowdown Forces Many To Wander for Work,Sci/Tech,Slow Force Many To Wander For Work,Slowdown Forces Many Wander Work,Slow Force Wander Work,Slow Down Force Many To Wander For Work,Slow Down Force Many Wander Work
Most Japanese Women Shun Birth Control Pill,Sci/Tech,Most Japanese Woman Shun Birth Control Pill,Japanese Women Shun Birth Control Pill,Japanese Woman Shun Birth Control Pill,Most Japans Women Shun Birth Contr Rol Pill,Japanese Women Shun Birth Contr Control Pill
Pushing the Male Envelope,Sci/Tech,Push male envelope,Pushing Male Envelope,Push male envelope,Push Male Envelop,Push Male Envelope
Briefly: Mozilla makes Japanese push,Sci/Tech,Mozilla make Japanese push,Mozilla makes Japanese push,Mozilla Japanese push,Briefly: Mozillajpn,Mozill make Japon push
Mountain-sized Asteroid Zips Past Earth Wednesday,Sci/Tech,mountain-sized asteroid zip past earth wednesday,Mountain Asteroid Zips Past Earth,mountain sized asteroid zip past earth wednesday,Mountainsized Asteroid Zip Past Earth Wednesdy,Mountain Asteroid Zip Past Ear
International Space Station Status Report: SS04-042,Sci/Tech,International Space Station Status Report: SS04-042,International Space Station Status Report SS04-042,International Space Station Status Report SS04-042,Internation Spac Stati Statu Stat Repor: S04-042,Internation spac statu repor stat04-042
Netscape #39;s Official New Browser is Out,Sci/Tech,Netscape's official new browser is out,Netscape Official New Browser Out,Netscape official new browser out,Netscrape#39;s Offic New Brows Out,Net Official New Brows Out
"Office Workers, Move Over: Here Comes Honda''s Asimo",Sci/Tech,"Office Worker, move over: here come Honda's Asimo.",Office Workers Move Honda Asimo,"Office Worker, Honda Asimo","Office Work, Move Over: Here Come Honda's Asim",Office Work Move Honda Asim
Puzzling Milky Way Companion Found (SPACE.com),Sci/Tech,Puzzle Milky Way Companion Find,Puzzling Milky Way Companion Found,Puzzle Milky Way Companion Find,Puzzl Milky Way Compan Find (SPACEcom),Puzzl Milky Way Compan Find
Stocks in Motion: BJ Services,Business,Stocks Move: BJ Service,Stocks Motion BJ Services,Stocks Move BJ Service,Stocks Mot: BJ Serv,Stocks Motion Servic
Philadelphia Faces Wi-Fi Woes,Sci/Tech,philadelphia face wi-fi wo,Philadelphia Faces Wi-Fi Woes,philadelphia face wi-fi,philadelphi face wi-fi woes,philadelphi face wi-fi wo
SEC deadline delay spells Sarb-Ox relief,Sci/Tech,sec delay spell sarb-ox relief,SEC deadline delay Sarb-Ox relief,sec delay spell sarb ox relief,sec deadlin del spel sarb ox relief,sec deadlin delai sarb-ox relif
RIAA files 754 new file-trading lawsuits,Sci/Tech,RIAA file new file-trading lawsuit,RIAA files new file-trading lawsuits,RIAA file new lawsuit,RIA files new file-trad suit,RIA files new file-trad lawsuit
Oracle to Make PeopleSoft Nominations (AP),Sci/Tech,Oracle to Make PeopleSoft Nomination AP,Oracle PeopleSoft Nominations,Oracle PeopleSoft Nomination,Oracle to Make PeopleSoft Nomina,Orac Nominatie Peoplesoft
Hot Gadget Preview at CES 2005 Awards,Sci/Tech,Hot Gadget Preview at CES Award,Hot Gadget Preview CES 2005 Awards,Hot Gadget Preview CES Award,Hot Gadget Prévieu At CES 2005 Award,Hot Gadget Prev Ces 2005 Award
Mobile vendors tie up for mobile TV,Sci/Tech,Mobile vendor tie up for mobile TV,Mobile vendors tie up mobile TV,Mobile vendor tie up mobile TV,Mobile vend tie up for mobile TV,Mobile vend tie up mobile TV
FCC frees up spectrum for 3G,Sci/Tech,FCC free spectrum for 3G,FCC spectrum 3G,FCC free spectrum 3G,FCC fre spectr for 3G,FCC spectrumb 3G
MSN Messenger 7 Beta Includes Search,Sci/Tech,MSN Messenger search include,MSN Messenger 7 Beta Includes Search,MSN Messenger search include,MSN Messeng search,MSN Mes 7 Bet Inc Incl Seach
Close-ups of Saturn moon received,Sci/Tech,Close-up of Saturn moon receive,Close-ups Saturn moon received,Saturn moon receive,Close-up-of-Saturn-moon-receive,Clos Close Saturn mon receiv
Group sues illegal file-swappers in Europe,Sci/Tech,Group sue illegal file-swap in Europe,Group sues file-swappers Europe,Group sue file-swap Europe,Group sue illegal fileswap in Europ,Group sue file-swap Europe
Update 4: Intel Raises 4th-Quarter Sales Forecast,Business,Update 4: Intel Raise 4th-Quarter Sales Forecast,Update Intel Raises Sales Forecast,Update Intel Raise 4th Quarter Sales Forecast,Updat 4: Intellrais 4th-Quartersal Forecast,Updat Intell Raise Sale Forecast
Microsoft Sets Licensing Policy for New Chips,Sci/Tech,Microsoft Set Licensing Policy for New Chip,Microsoft Sets Licensing Policy New Chips,Microsoft Set Licensing Policy Chip,Microsoft Set Licenc Polic for New Chip,Microsoft Set Licenc Polic New Chip
U.N.: Robots to Surge Sevenfold by 2007 (AP),Sci/Tech,u.n.: robot surge sevenfold by 2007 (ap),Robots Surge Sevenfold 2007,u n robot surge sevenfold 2007,u.n.: robot surge sevenfold by 2007 (ap),Robots Surg Sevenfoll 2007
SanDisk Flashes New Memory Cards,Sci/Tech,SanDisk Flash New Memory Card,SanDisk Flashes New Memory Cards,SanDisk Flash Memory Card,SanDisk Flash New Memory Card,SanDisk Flash New Memory Card
SpaceShipOne Wins X Prize By Reaching Space a Second Time,Sci/Tech,SpaceShipOne Win X Prize By Reach Space a Second Time,SpaceShipOne Wins X Prize Reaching Space,SpaceShipOne Win X Prize Reach Second Time,SpaceShip Win X Prize By Reach Space a Second Time,SpaceShip Win X Priz Reach Spac
Vodafone Launch BlackBerry 7100v  With New Form,Sci/Tech,Vodafone Launch BlackBerry Form,Vodafone Launch BlackBerry 7100v New Form,Vodafone Launch BlackBerry,Vodofon launch Blackberr 7100v  with new form,Vodafon launch Blackberr new form
EU clears Oracle-PeopleSoft (TheDeal.com),Sci/Tech,EU clear Oracle-PeopleSoft (TheDeal.com),EU clears Oracle PeopleSoft,EU Oracle PeopleSoft,EU clear Oracle-PeopleSoft (TheDeal.com),EU clear Oracle PeopleSoft
IETF deals Microsoft #39;s e-mail proposal a setback,Sci/Tech,IETF deal Microsoft's e-mail propose setback,IETF deals Microsoft's e-mail proposal setback,IETF deal Microsoft e-mail propose setback,IETF deal MICROSOFT'e MAILS propos a setback,IETF deal Microsoft's e-mail propos setback
Sport fishing a threat to saltwater species?,Sci/Tech,Sport fish a threat to saltwater species?,Sport fishing threat saltwater species,Sport fish threat saltwater species,Sport fish a threat to saltwater specie?,Sports fish threaten saltwater specie
"Dell, Microsoft make a patch pact for servers",Sci/Tech,"Dell, Microsoft make a patch pact for server",Dell Microsoft patch pact servers,Dell Microsoft patch pact server,"Dell, Microsoft make a patch pact for serv",Del Mic pach servert
Stem Cells Found in Hair Follicles,Sci/Tech,Stem Cell Find in Hair Follicle,Stem Cells Found Hair Follicles,Stem Cell Find Hair Follicle,Stem Cell Found Hair Follicl,Stem Cells Found Hair Follicl
Int #39;l Paper to Sell Woodlands for \$250M,Business,Int l paper to sell woodlands for $250m,Int Paper Sell Woodlands \$250M,paper sell woodlands $250m,Int #39;l Pap to Sel Wood for \$250M,Int Pap Sell Woodl \$250M
ASP.Net glitch discovered,Sci/Tech,ASP.Net glitch discover,ASP Net glitch discovered,ASP Net glitch discover,ASP Net glitch discover,ASP Net glitc discover
Md. Revives Turtle Program for Students (AP),Sci/Tech,Md. Revive Turtle Program for Student (AP),Md Revives Turtle Program Students,Md Revive Turtle Program Student,Md. Reviv Turtl Program Student AP,Md Reviv Turtl Programm Studen
US in new warming battle  over Arctic,Sci/Tech,US in new warming battle over Arctic,US new warming battle Arctic,US new warming battle Arctic,US in new warm batt over Arct,US new warm battl Arctิกc
Queues for PSP as Sony enter the fray (PSP),Sci/Tech,Queues for console as company enter the fray (console).,Queues PSP Sony enter fray,Queues console company enter fray,Queu for PSP as Son enter the fray (PSP),Queues PSP Sony enter fray
28 Identity Theft Suspects Arrested in Transatlantic Sting,Sci/Tech,28 Identity Theft Suspect Arrest Transatlantic Sting,28 Identity Theft Suspects Arrested Transatlantic Sting,Identity Theft Suspect Arrest Sting,28 identi theft suspec arrest in transatl stin,28 Identi Theft Suspect Arrest Transatlantic Sting
NASA Delays Shuttle Flight Set for Spring,Sci/Tech,NASA Delay Shuttle Flight Set for Spring,NASA Delays Shuttle Flight,NASA Delay Shuttle Flight Spring,NAS Delays Shutt Fle Set For Spn,NAS Delays Shutt Flig
Study Suggests Spaceflight May Decrease Human Immunity,Sci/Tech,Study Suggest Spaceflight Decrease Human Immune,Study Suggests Spaceflight Decrease Human Immunity,Study Suggest Spaceflight Decrease Human Immune,Stud Sugg Spaceflig May Decreas Hum Immunit,Stud Sugg Spcf Dcr Hmn Immu
House Approves Penalties for False Web Records,Sci/Tech,House Approve Penalty for False Web Record,House Approves Penalties Web Records,House Approve Penalty Web Record,House Approve Penalty for False Web Record,Hous Approv Penal Web Recorde
"Mitsubishi Elec to stop producing TV LCDs, focus on smaller panels &lt;b&gt;...&lt;/b&gt;",Sci/Tech,"Mitsubishi Elec to stop produce TV LCD, focus on smaller panel...",Mitsubishi Elec stop producing TV LCDs focus smaller panels,Mitsubishi Elec stop produce TV LCD focus smaller panel,"Mitsubish Elec to stop produc LCD, focus small panel",Mitsubish Elec stop produc LCD focus small panel
PayPal Makes Amends for Recent Outage (AP),Sci/Tech,PayPal Make Amend for Recent Outage AP,PayPal Makes Amends Recent Outage,PayPal Amend Recent Outage,PayPal Mak Amend Recent Outag AP,PayPal Mak Amend Rec Outag
Update 1: Glaxo Stocks Advance; Merck Stocks Slip,Business,Update 1: Glaxo Stock Advances; Merck Stock Slips,Glaxo Stocks Advance Merck Stocks Slip,Glaxo Stock Advances Merck Stock Slips,Updat: Glax Stock Advanc; Merk Stock Slip,Glaxo Stock Advance Merck Stock Slip
Fever pitch for mobile entertainment market,Sci/Tech,Fever pitch for mobile entertainment market,Fever pitch mobile entertainment market,Fever pitch mobile entertainment market,Fever pitch for mobil entertain market,Fever pitch mobile entertain ment market
Fossil Ape May Be Ancestor of All Apes -- Report (Reuters),Sci/Tech,Fossil Ape May Be Ancestor of All Ape -- Report,Fossil Ape May Ancestor All Apes Report,Fossil Ape May Ancestor All Ape Report,fossil ape may be ancestor of all ape -- report (repor),Fossil Ape May Ancestr All Ape Report
Meltdown: Arctic wildlife is on the brink of catastrophe,Sci/Tech,Meltdown: Arctic wildlife be on the brink of catastrophe,Meltdown Arctic wildlife brink catastrophe,Meltdown Arctic wildlife brink catastrophe,Meltdown: arctic wildlif is on the brink of catastroph,Meltdown Arctic wild brink catastrope
New Sony Walkman Can #39;t Break IPod #39;s Stride,Sci/Tech,New Sony Walkman Can't Break iPod's Stride,New Sony Walkman Can Break IPod's Stride,New Sony Walkman iPod's Stride,New Sony walkman cann't break iPod's stride,New Soni Walkman Can Break Ipod's stride
The sun sets on the VCR,Sci/Tech,The sun set on the VCR,sun sets VCR,sun set VCR,The sun set on the VCR,sun set VCR
Nasscom urges WB to boost infrastructure,Sci/Tech,Nasscom urge WB to boost infrastructure,Nasscom urges WB boost infrastructure,Nasscom urge WB boost infrastructure,Nasscom urg wb to boost infrastruct,Nasscom urg wb boost infrastuctur
Report: North Korea Cracking Down on Mobile Phones,Sci/Tech,Report: North Korea Crack Down On Mobile Phone,North Korea Cracking Down Mobile Phones,North Korea Crack Down Mobile Phone,Report: North Korea Crack Down On Mobil Phon,North Korea Crack Down Mobil Phone
N.D. Consortium Wins NASA Research Job (AP),Sci/Tech,N.D. Consortium Win NASA Research Job AP,Consortium Wins NASA Research Job,Consortium Win NASA Research Job,n.d. consorc wins nasa resarch job,ConsorcWin NASA ResearCh Job
Ontario Pledges New Actions Against Child Pornography And Child &lt;b&gt;...&lt;/b&gt;,Sci/Tech,Ontario Pledge New Action Against Child Pornography And Child,Ontario Pledges New Actions Against Child Pornography,Ontario Pledge New Action Child Pornography Child,Ontari Pledg New Acti Against Chil Pornogr And Chil,Ontario Pldge New Act Agains Chil Pornogrphy
Symantec issues fixes for critical flaws,Sci/Tech,Symantec issue fix for critical flaw,Symantec issues fixes flaws,Symantec fix critical flaw,Symantec issu fix for critic flaw,Symantec issu fix flaw
Realtors to try again to put deals online,Sci/Tech,Realtor try again to put deal online,Realtors try again put deals online,Realtor deal online,Realtor try again put deal online,Realt try agi put deal onlin
Russia postpones test launch of new booster rocket,Sci/Tech,Russia postpone test launch of new booster rocket,Russia postpones test launch new booster rocket,Russia postpone test launch new booster rocket,Russo postpone test launch new booster rocket,Russsia postpone test lanc new booster rock
First Jailed Spammer Gets 9 Years,Sci/Tech,First Jail Spammer Get Year,First Jailed Spammer Gets Years,First Jail Spammer Year,First Jail Spammer Get Year,First Jail Spamm Get Year
HDS Launches TagmaStore,Sci/Tech,HDS Launch TagmaStore,HDS Launches TagmaStore,HDS Launch TagmaStore,HDS Lunc TgmaStor,HDS Lunc TgmaStor
"Pioneer, Sharp Let Blu-ray Play",Sci/Tech,"Pioneer, Sharp Let Blu-ray Play",Pioneer Sharp Blu-ray Play,Pioneer Sharp Blu-ray Play,"Pione, Shar Let Blu-ray Pl",Pione Shar Blu-ray Play
ATI Radeon Xpress 200G reference board,Sci/Tech,ATI Radeon Xpress 200G reference board,ATI Radeon Xpress 200G reference board,ATI Radeon Xpress 200G reference board,ATI Radeon Xpress 200G referenc board,ATI Radeon Xpress 200G referenc board
3G: Anything in it for businesses?,Sci/Tech,3g: anything in it for business?,3G anything businesses,3g anything business,3g anything in it for business,3G anythi busin
Apple recalls PowerBook batteries (MacCentral),Sci/Tech,Apple recall PowerBook battery MacCentral,Apple recalls batteries,Apple recall PowerBook battery,Applem recall PowerBook batterie MacCentral,Applem recall battery
NASA aims to launch shuttle nine-day window in March,Sci/Tech,NASA aim to launch shuttle nine day window in March,NASA aims launch shuttle March,NASA launch shuttle March,Nas aim to launch shutt nine-day win in Mar,Nas aim launsh shutt March
Intel releases new leader of Pentium M pack,Sci/Tech,Intel release new leader of Pentium M pack,Intel releases new leader Pentium M,Intel release new leader Pentium M,Intel releas new leadi of Pentium M pack,Intel releas new leade pentum M
Aerospace Rebound Good for Gen. Dynamics,Business,Aerospace Rebound Good for Gen. Dynamics,Aerospace Rebound Good Gen Dynamics,Aerospace Rebound Good Gen Dynamics,Aero spac rebond good for gen dynami,Aero Rebound Good Gen Dynamtic
Report: Transition to 3G Wireless Networks Could Be Bumpy,Sci/Tech,Report: Transition to 3g Wireless Network Could Be Bumpy,Transition 3G Wireless Networks Could Bumpy,Transition 3g Wireless Network Could Bumpy,Report: Transiti 3G Wirel Networ Could Be Bump,Transit 3G Wirel Net Could Bumpy
Search heads toward enterprise desktops (InfoWorld),Sci/Tech,Search head toward enterprise desktop (Infoworld),Search heads toward enterprise desktops,Search head enterprise desktop,Search head toward enterpris desktop,Search head toward enterpris desktop
Running Extra Mile Sets Humans Apart in Primates'' World,Sci/Tech,Run Extra Mile Set Human Apart In Primate World,Running Extra Mile Sets Humans Apart Primates,Run Extra Mile Set Human Apart Primate World,Running Extra Mile Set Human Apart In Primate World,Run Extr Mile Set Human Apart Primat
Playing With TV,Sci/Tech,Play With TV,Playing TV,Play TV,Play TV,Play TV
Samsung Samples First 512Mbit GDDR3,Sci/Tech,Samsung Sample First 512Mbit GDDR3,Samsung Samples First 512Mbit GDDR3,Samsung Sample 512Mbit GDDR3,Samsung Sampl First 512Mbit GDDR3,Samsung Sampl First 512Mbit GDDR3
IBM to manage customer relations for D B,Sci/Tech,IBM to manage customer relation for D B,IBM manage customer relation D B,IBM manage customer relation D B,IBM to manag custom relation for D B,IBM manag custom relat DB
Apple blocks music sales to older iTunes,Sci/Tech,Apple block music sale to old iTunes,Apple blocks music sales iTunes,Apple block music sale iTunes,Applem block musi sale to old itun,Applem block musc sal Itun
"Almost Here: Cellphones at 37,000 Feet",Sci/Tech,Almost Be: Cellphone At Thirty Seven Thousand Foot,Almost Cellphones Feet,Almost Be Cellphone Foot,Almost: Hear: Cellphon: At: 37000: Feet,Almost Cell phone foot
"Dozen costs, dozen eggs cost",Sci/Tech,"dozen cost, dozen egg cost",costs eggs,dozen cost egg,dozen cost,cost egg
France fries cell phones,Sci/Tech,French fry cell phone,France fries cell phones,French fry cell phone,franc fry cell phone,franc fry cell phone
"Dollar Holds Gains, Fed Comments Help (Reuters)",Business,"Dollar Hold Gain, Fed Comment Help",Dollar Holds Gains Fed Comments Help,Dollar Gain Fed Comment Help,"Dollar Hold Gain, Fed Comment Help",Dollar Hold Gain Fed Comment Help
Microsoft Takes Aim at Apples iPod,Sci/Tech,Microsoft Take Aim at Apple's iPod,Microsoft Takes Aim iPod,Microsoft Take Aim Apple iPod,Microsoft Tak Aim At Apple Ipod,Microsoft Take Aim iPod
"Intel, Nokia team up to develop  quot;smart quot; phone",Sci/Tech,"Intel, Nokia team up to develop smart phone",Intel Nokia team develop smart phone,Intel Nokia team develop smart phone,"intel, nokia team up to develop smart phone",Intel Nokia team develop smart phon
Microsoft shares Office source code with governments,Sci/Tech,Microsoft share government source code,Microsoft Office source code governments,Microsoft share government source code,Microsoft share Office sourc code wit government,Microsoft sourc cod government
Emoticons Invade Mars,Sci/Tech,Emoticon Invade Mars,Emoticons Invade Mars,Emoticon Mars,Emoticon Invad Mars,Emoticon Invad Mars
"With the dawn of space tourism, the jet jockey returns",Sci/Tech,"With the dawn of space tourism, the jet pilot returns.",With dawn space tourism jet jockey returns,With dawn space tourism jet pilot returns,with dawn spac tour jet jock retur,with dawn space tour jet jock return
Did Mars once host life?,Sci/Tech,Did Mars once host life?,Mars host life,Mars host life,Did Mar once host liv?,mars host life
Researchers develop 3-D phone technology,Sci/Tech,Researchers develop phone technology,Researchers develop 3-D phone technology,Researchers develop phone technology,research develop three-d phon technol,research develop three-d phone technolog
Tourism #39;s new frontier,Sci/Tech,Tourism's new frontier,Tourism frontier,Tourism frontier,Tourism's new fronter,Tourism fronti
Liquid Machines pours out new DRM software (InfoWorld),Sci/Tech,Liquid Machine pour new DRM software (InfoWorld),Liquid Machines pours out new DRM software,LiquidMachinepournewDRMsoftware,Liquid Machin pour new DRM softwar InfoWorld,Liquid Machin pour new DRM softwar
"GM, Ford Embrace New Systems  For SUV Stability",Sci/Tech,"GM, Ford embrace new system for SUV stability",GM Ford Embrace New Systems SUV Stability,GM Ford embrace new system SUV stability,"GM, Ford Embrac New Syst For SUV Stabil",GM Ford Embrac New Syst SUV Stabil
AOL Settlement Includes Tight Controls (washingtonpost.com),Sci/Tech,Aol settlement include tight control washingtonpostcom,AOL Settlement Includes Tight Controls,Aol settlement tight control washingtonpostcom,aol settlem includ tight control washingtonpostcom,AOL Settle Includ Control
Orthodontist charged over Internet chats,Sci/Tech,Orthodontist charge over Internet chat,Orthodontist charged Internet chats,Orthodontist charge Internet chat,Orthodontist charg over Int net chat,Orthodonto charg Int net chat
Speakeasy gets money from Intel for WiMax,Sci/Tech,Speakeasy get Intel give WiMax,Speakeasy gets money Intel WiMax,Speakeasy Intel WiMax,Speak easi get money from Inte for Wimax,Speak easi get moni Inte WiMax
Failure in demand causes LCD sales slump,Sci/Tech,Failure cause demand slump,Failure demand causes LCD sales slump,Failure cause demand slump,Failur demand caus LCD sell slum,Failur demand caus LCD sale slump
Mobile phone use linked to benign tumors,Sci/Tech,Mobile phone use link benign tumor,Mobile phone use tumors,Mobile phone use link benign tumor,mobile phon uselink tumor,Mobile phon us tumo
Custom-System Builders: Intel Price Cuts Move Processor Sweet Spot,Sci/Tech,Custom System Builder: Intel Price Cut Move Processor Sweet Spot,Custom System Builders Intel Price Cuts Processor Sweet Spot,Custom System Builder Intel Price Cut Processor Sweet Spot,Custom System Build Intell Price Cut Move Processors Sweet Spot,Custom System Build Intell Price Cut Process Sweet Spot
Black Eyed Peas to Produce Music for ''Urbz'' Game (Reuters),Sci/Tech,Black Eyed Pea produce music for Urbz game,Black Eyed Peas Produce Music Urbz Game,Black Eyed Pea music Urbz game,Black Eyed Pea to Produc Music for 'Urbz' Game,Black Eyed Pea Prod Music Urbz Gam
"We love movies, and only DVDs will do",Sci/Tech,"We love movie, and only DVD will do",We love movies DVDs do,We love movie DVD,"We lov movi, and only DVD will do",We lov movi DVD do
HP: The Adaptive Enterprise that can''t adapt,Sci/Tech,HP: The Adapt Enterprise that can't adapt,HP: Adaptive Enterprise can't adapt,HP Adapt Enterprise,hp: the adapte enti that can''t adap,hp: adapt enter can't adapt
Starbucks : Rip Music While Drinking Coffee,Sci/Tech,Starbucks : rip music while drink coffee,Starbucks Rip Music Drinking Coffee,Starbucks rip music drink coffee,Stars : Rip Musi While Drink Coffe,Stars Rip Musi Drink Coffe
Head of Troubled Japanese Retailer Resigns (AP),Business,Head Troubleshoot Japanese Retailer Resign,Head Troubled Japanese Retailer Resigns,Head Trououbleshoot Japanese Retailer,Head Troubl Japanel Retail Resign,Head Troubl Japanese Retailer Resign
US: Rothschild Chalone takeover is go,Business,US: Rothschild Chalone takeover be go,Rothschild Chalone takeover go,Rothschild Chalone takeover,US: Rothschild Chalone takeover is go,Rothschild Chalone takeover go
Dolly creator applies for human cloning licence,Sci/Tech,Dolly create apply human clone license,Dolly creator applies human cloning licence,Dolly create apply human clone,Dolly creat appli licens clon,Dolly creater appli human clon licenc
Scramjet reaches record of nearly Mach 10,Sci/Tech,Scramjet reach record of nearly Mach 10,Scramjet reaches record Mach 10,Scramjet reach record Mach 10,Scramjet reach record of near Mach 10,Scramjet reach record Mach
The supercomputer that fits into a screen just two inches thin,Sci/Tech,The supercomputer that fit into a screen just two inch thin,supercomputer fits screen thin,supercomputer fit screen thin,The supercomputin that fit into a scren jus two inch thin,supercomput fit scren thin
"Intel boards a faster bus, picks up Dell",Sci/Tech,Intel board pick up Dell,Intel boards faster bus picks up Dell,Intel board Dell,Intell board fast bus pick up DELL,IntelliBoar fast bus pick up Dell
Virgin Electronics Unveils Portable Music Player (Reuters),Sci/Tech,Virgin Electron Unveil Portable Music Player (Reuters),Virgin Electronics Unveils Portable Music Player,Virgin Electron Unveil Portable Music Player,Virgin Electron Unveil Portabl Musi Play (Reutris),Virgin Electron Unveil Portabl Music Play
TiVo Earnings Reflect Cost of Customer Acquisition,Sci/Tech,Tivo Earning Reflect Cost Of Customer Acquire,TiVo Earnings Reflect Cost Customer Acquisition,Tivo Earning Cost Customer Acquire,Tivo Earning Refl Cost Of Cust Acquis,Tivo Earning Refl Cost Cust Acquis
Underestimating Bob Evans #39; contributions,Sci/Tech,Underestimate Bob Evans contribute,Underestimating Bob Evans contributions,Underestimate Bob Evans,Underestim Bob Evans contribut,Underestim Bob Evанс contribut
"Apple intros Logic Pro 7, Logic Express 7, Jam Packs",Sci/Tech,Apple intro logic pro jam pack,"Apple intros Logic Pro 7, Logic Express 7, Jam Packs",Apple intro logic pro jam pack,"Apple intro logic pro, logic expr, jam pack","Apple intro logic pro, logic expr, jam pack"
Intel Gives Centrino Chip Line a Wireless Upgrade,Sci/Tech,Intel Give Centrino Chip Line a Wireless Upgrade,Intel Centrino Chip Line Wireless Upgrade,Intel Give Centrino Chip Line Wireless Upgrade,Intel Give Centrin Chip Lini Wire Upgrad,Intel Centrino Chip Line Wirel Upgrad
Mobile Phone Users Double Since 2000,Sci/Tech,Mobile Phone User Double Since 2000,Mobile Phone Users Double Since,Mobile Phone User Double Since,Mobile Phone User Doubl Sinc 2000,Mobile Phone User Doubl Since
Wal-Mart enhances mainland presence,Business,Wal-Mart enhance mainland presence,Wal-Mart enhances presence,Wal-Mart enhance mainland presence,Wal-mart enhanc main land presenc,Wal-mart enhanc presence
Sun Microsystems Sets Sights on Low-End Market,Sci/Tech,Sun Microsystems Set Sight on Low-End Market,Sun Microsystems Sets Sights Low-End Market,Sun Microsystems Set Sight Low-End Market,Sun Micr syst Set Sighs On Low-End Mark,Sun Microsyst Set Sigt Low-End Mark
Netflix Testing Networking System (AP),Sci/Tech,Netflix Test Network System AP,Netflix Testing Networking System,Netflix Test System,Netflix Test Networ System AP,Netflix Test Networ System
Bush campaign site inaccessible abroad,Sci/Tech,bush campaign site inaccessible abroad,Bush campaign site abroad,bush campaign site abroad,bush campain site inaccessibl abro,bush campain site abro
No space in space station,Sci/Tech,No space in space station,No space station,space station,No spaci spac staion,No spacest station
Is Microsoft rolling out its search engine?,Sci/Tech,Microsoft roll search engine,Microsoft rolling out search engine,Microsoft roll search engine,Is Micrsoft roll out its search engin?,Microsoft roll search engin
"Independent study finds robotic rescue mission costly, uncertain &lt;b&gt;...&lt;/b&gt;",Sci/Tech,"Independent study find robotic rescue mission cost, uncertain",study finds robotic rescue mission costly uncertain,study find robotic rescue mission cost uncertain,independ stud find robot resc mis cost uncERTAIN,stud find robot resc miss cost uncertain
Sun to drive Mustang as future release of Java,Sci/Tech,Sun to drive Mustang as future release of Java,Sun Mustang Java,Sun Mustang Java,Sun to driv Mustang as futur releas of Java,Sun Mustang Jav
Altec Lansing MX5020 Speakers,Sci/Tech,Altec Lansing MX5020 Speaker,Altec Lansing MX5020 Speakers,Altec Lansing MX5020 Speaker,Altec Lansing MX502 Speake,Altec Lansing MX5020 Speak
Microsoft Word Hole Could Allow DoS Attacks (NewsFactor),Sci/Tech,Microsoft word hole could allow dos attack news factor,Microsoft Word Hole Allow DoS Attacks,Microsoft word hole allow dos attack news factor,micrsoft word hol could allow dos attack (newsfact),Microsoft word hole allow dos attack
Nintendo aims for older crowd with DS,Sci/Tech,Nintendo aim for older crowd with DS,Nintendo aims older crowd DS,Nintendo aim older crowd DS,nintend aim for older crowd with ds,nintend aim older crowd ds
CA shareholders back management over bonuses issue,Sci/Tech,CA shareholder back management over bonus issue,CA shareholders back management bonuses,CA shareholder back management bonus issue,CAC shareholder back manage over bonus issue,CAC shareholder back manage bonus
REVIEW: Olympics Web Coverage Disappoints (AP),Sci/Tech,REVIEW: OLYMPICS WEB COVERAGE DISAPPOINT,Olympics Web Coverage Disappoints,REVIEW OLYMPICS COVERAGE DISAPPOINT, REVIEW: Olympi Web Cov Disapoint,Olympic Web Cover Disappoint
America Online Reports Drop in Spam,Sci/Tech,America Online Report Drop in Spam,AOL Reports Drop Spam,AOL Report Drop Spam,Americ STEM Onlin STEM Repor STEM Drop STEM Spam,AOL Repor Drop Spam
Via to enter 64-bit processor market,Sci/Tech,via to enter processor market,Via enter 64-bit processor market,via enter processor market,Via to enter 64-bit processor market,Via enter 64-bit proces market
Microsoft adds support to Unesco IT education plan,Sci/Tech,Microsoft add support to Unesco IT education plan,Microsoft adds support UNESCO IT education plan,Microsoft support Unesco IT education plan,Microsoft add support to Unesco IT education plan,Microsoft add support UNESC IT educate plan
Microsoft Renews Push for Living Room PC,Sci/Tech,Microsoft Renews Push for Living Room PC,Microsoft Renew Push Living Room PC,Microsoft Renew Push Living Room PC,Microsoft Renew Push For Livin Room PC,Microsoft Renew Push Livin Room PC
This week in VoIP news,Sci/Tech,This week in VoIP news,This week VoIP news,This week VoIP news,This wee voip new,This week VoIP new
New Worm Attacks MSN Messenger As Service Falters,Sci/Tech,New Worm Attack MSN Messenger As Service Falter,New Worm Attacks MSN Messenger Service Falters,New Worm Attack MSN Messenger Service Falter,New Worm Attak MSN Messen Falter,New Worm Attak MSN Messen Servic Falter
Netscape #39;s Andreessen Predicts New Browser Wars Ahead,Sci/Tech,Netscape's Andreessen predict new browser war ahead,Netscape's Andreessen Predicts New Browser Wars Ahead,Netscape's Andreessen predict new browser war,Netscapes Andreessen Predict New Brows War Ahead,Netscapp's Andreessen Predic New Brows War Ahead
"House Panel OKs Copyright, Spyware Bills",Sci/Tech,House Panel Ok Copyright Spyware Bill,House Panel OKs Copyright Spyware Bills,House Panel Ok Copyright Spyware Bill,"House Panel OKs Copyrigh, Spywar Bill",House Panel OKs Copyrigh Spywar Bill
Best Buy Quarterly Profit Jumps 21 Pct. (Reuters),Business,Best Buy Quarterly Profit Jump Pct. (Reuters),Best Buy Quarterly Profit Jumps Percentage,Best Buy Quarterly Profit Jump,Best Bu Y Quar Ant Pr Of Jum P21 Pa CReuters,BestBuyQuarterlyProfitJumpPercentage
Protect your computer,Sci/Tech,Protect computer,Protect computer,Protect computer,Protect Comput,Protect Comput
"Alien Contact More Likely by ''Mail'' Than Radio, Study Says",Sci/Tech,"Alien Contact More Likely by Mail Than Radio, Study Says",Alien Contact Mail Than Radio Study Says,Alien Contact More Likely Mail Than Radio Study Says,"Alien Cont Contact More Likely By Mail Than Radio, Studi Say",Alien Conta Mail Than Radio Stud Say
SpaceShipOne goes for next flight,Sci/Tech,SpaceShipOne go next flight,SpaceShipOne flight,SpaceShipOne flight,SpaceShipOne go next flight,SpaceShip flight
ViewSonic Delves Into Video Networking (PC World),Sci/Tech,ViewSonic Delve Into Video Network PC World,ViewSonic Delves Video Networking,ViewSonic Delve Video Network,ViewSonic Delv Video Networ PC World,ViewSonic Delv Video Networ
"EarthLink, Partners File Spam Lawsuits",Sci/Tech,"EarthLink, Partner File Spam Lawsuit",EarthLink Partners File Spam Lawsuits,EarthLink Partner File Spam Lawsuit,"EarthLinnk, Partnrs Fil Spam Lwsuit",EarthLink Part File Spam Lawsuit
"Microsoft Patches WINS Vulnerability, Plugs Three Holes In SP2",Sci/Tech,"Microsoft Patch WINS Vulnerability, Plug Three Hole In SP2","Microsoft Patches Vulnerability, Plugs Holes SP2",Microsoft Patch Vulnerability Plug Hole SP2,Microsoft Patch Win Vulner Plug Three Hole Sp2,Microsoft Patch Vuln Plug Hole SP2
BMW Unveils World''s Fastest Hydrogen-Powered Car (Reuters),Sci/Tech,BMW Unveil World's Fastest Hydrogen-Powered Car (Reuters),BMW Unveils Fastest Hydrogen-Powered Car,BMW Unveil World Fastest Hydrogen-Powered Car,bmw unveil world's fastest hydrogen-power car reuter,bmw unveil fast hydrogent car
"Sun Moves Up With NAS, Down With SAN",Sci/Tech,"Sun Move Up With NAS, Down With SAN",Sun Moves Up NAS Down SAN,Sun Move Up NAS Down SAN,"Sun Mov Up Wit NAS, Dow Wit SAN",Sun Move Up NAS Down SAN
Ireland cracks down on Internet fraud,Sci/Tech,Ireland crack down on Internet fraud,Ireland cracks down Internet fraud,Ireland crack down Internet fraud,Irelan crack down on Int net fraud,Irelan crack down Int net fraud
Mystery tremors may portend California quakes,Sci/Tech,Mystery tremor may portend California quake,Mystery tremors portend California quakes,Mystery tremor may portend California quake,Mysteri tremor may porten Californi quake,Mystery tremor portend Californi quake
"IBM, Boeing team up for defense work",Business,"IBM, Boeing team up for defense work",IBM Boeing team up defense work,IBM Boeing team up defense work,"ibm, boeing team up for defens work",IBM Boeing team up defense work
"For Game Makers, a Serious Concern",Sci/Tech,"For Game Maker, a Serious Concern",For Game Makers Serious Concern,For Game Maker Serious Concern,"For Gam Mak, a Seri Concer",For Gam Mak Seri Concer
Sony''s TV Plans Take Shape (PC World),Sci/Tech,Son's TV plan take shape (PC World),Sony TV Plans Take Shape,Son TV plan shape,sony's tv plan take shape pc world,Son TV Plan Take Shap
"U.N. to Allow Caviar Exports, but Quota Is Cut",Sci/Tech,"u.n. allow caviar export, but quota cut",U N allow caviar exports quota cut,U N allow caviar export quota cut,un to allow caviar export but quota is cut,UN allow caviar export quota cut
Cisco Systems Earnings Rise 29 Percent (Reuters),Sci/Tech,Cisco System Earn Rise Percent Reuters,Cisco Systems Earnings Rise Percent,Cisco System Earn Rise Percent,cisco syst earn rise percent reuter,Ciscosyst Earnings Risi Percen
Need a job? Get a card - arresting ID pitch to business,Sci/Tech,Need job? Get card - arrest ID pitch to business,Need job card arresting ID pitch business,Need job get card arrest ID pitch business,need job get card arrest id pitch business,need job card arrest id pitch business
PayPal Battles Glitches,Sci/Tech,PayPal Battle Glitch,PayPal Battles Glitches,PayPal Battle Glitch,PayPal Battl Glitch,PayPal Battl Glitch
Smallest ''guitar string'' to weigh atoms,Sci/Tech,Smallest guitar string weigh atom,Smallest guitar string weigh atoms,Smallest guitar string weigh atom,Smallest guitar string to weigh atom,Smallest guitar str weigh atom
Chart: Cable-DSL growth over past 12 months,Sci/Tech,Chart: Cable-DSL growth over past twelve month,Chart Cable DSL growth past 12 months,Chart Cable DSL growth past twelve month,Chart: Cabl-Dsl growt over past 12 month,Chart Cable DSL grow past 12 month
"IBM offers low-cost blade chassis, bundles for SMBs",Sci/Tech,"IBM offer low-cost blade chassis, bundle for SMBs",IBM offers low-cost blade chassis bundles SMBs,IBM offer low-cost blade chassis bundle SMBs,"ibm off low-cost blade chassis, bundle for smb",IBM offer low-cost blade chassis bundle SMB
AMD Announces New Mobile Chip For Notebooks,Sci/Tech,AMD Announce New Mobile Chip For Notebook,AMD Announces New Mobile Chip Notebooks,AMD Announce New Mobile Chip Notebook,AMDA Announc New Mobil Chip For Notb,AMDA Announc New Mobil Chip Notebук
Vodafone unveils advanced service,Business,Vodafone unveil advance service,Vodafone unveils advanced service,Vodafone unveil advance service,Vodofon advanc servic,Vodofon univ anc servic
Microsoft Sees  #39;06 Launch of  #39;Longhorn #39; Windows Upgrade,Sci/Tech,Microsoft See 06 Launch of Longhorn Windows Upgrade,Microsoft Sees 06 Launch Longhorn Windows Upgrade,Microsoft Launch Longhorn Windows Upgrade,Microsoft See '06 Launch of 'Longhorn' Window Upgrad,Microsoft See 06 Launc Longhorn Windo Upgrad
Virgin Mary sandwich?,Sci/Tech,Virgin Mary sandwich?,Virgin Mary sandwich,Virgin Mary sandwich,Virgin Marii sandwic?,Virgini sandwic
AOL Tells Customers to Find New Carrier (AP),Sci/Tech,AOL Tell Customer Find New Carrier AP,AOL Customers Find New Carrier,AOL Customer Find New Carrier,AOL Tell Customer Find New Carrier AP,AOL Custome Find New Carri
Salesforce.com Touts Customer-Service Apps,Sci/Tech,Salesforce com touts customer service app,Salesforce Touts Customer Service Apps,Salesforce com touts customer service app,salesforcecomtoutcustomerappervice,Salesforcet Tout Customer Servic App
Review: a Flat Panel That''s Also Deep (AP),Sci/Tech,Review: a Flat Panel That''s Also Deep AP,Review Flat Panel Also Deep,Flat Panel Deep,Review: flat panel deep AP,Rev Flat Pan Also Deepest
Apple puts edit tools in one basket,Sci/Tech,Apple put edit tool in one basket,Apple puts edit tools basket,Apple put tool basket,App put edit tool in one bask,Applem put edit tool basketi
Claria Cancels \$150 million IPO,Sci/Tech,Claria Cancel Dollar Million IPO,Claria Cancels IPO,Claria Cancel Dollar Million IPO,Clar Cancell \${150} million IPO,Clar Cance IPO
Test of Rocket Postponed,Sci/Tech,Test Rocket Postpone,Test Rocket Postponed,Test Rocket Postpone,Test Rocket Postponed,Test Rock Postpone
Mac Takes Honors as Best Unix Desktop (Ziff Davis),Sci/Tech,Mac Take Honor as Best Unix Desktop (Ziff Davis),MacHonorsBestUnixDesktop,MacHonorBestUnixDesktop,Mac Tak Hon Hon Unix Desk (Ziff Davis),MacHonBestUnixDesk
Presse conomique / Telecoms,Sci/Tech,Presse économique / Télécoms,Presse économique Telecoms,Economique Telecoms,Pressecono Telecom,Presse economec Telecom
American cuts back Boeing orders,Business,American cut Boeing order,American cuts back Boeing orders,American Boeing order,Americans cut back Boeing order,Americans cut back Boeing order
How to Make the Right Call on Cell Plans,Sci/Tech,How To Make The Right Call On Cell Plan,How Make Right Call Cell Plans,How Make Right Call Cell Plan,How To Make The Right Call On Cell Plan,How Make Right Call Cell Plan
Theater: An unfortunate debut for Spacey,Sci/Tech,Theater: An unfortunate debut for Space,Theater: unfortunate debut Spacey,Theater debut Space,Theatr: An unfortunat debut for Space,Theater: unfortunat debut Spacey
News: Who would you like to attack today?,Sci/Tech,News: Who would you like to attack.,News: attack,News Who like attack,News: Who would you like to attck tody?,News: attak
Yahoo Takes RSS Mainstream,Sci/Tech,Yahoo Take RSS Mainstream,Yahoo Takes RSS Mainstream,Yahoo Take RSS Mainstream,Yaho Take RSS Mainstream,Yaho Take RSS Main Stream
HP inks deal with Finnish energy firm,Sci/Tech,HP inks deal with Finnish energy firm,HP signs contract Finnish energy company,HP deals Finnish energy firm,HP ink deal wit Finnis energi firm,HPIsncontrFinnishenergycmpny
"Sign on to a new Microsoft standard? Why certainly, we #39;d love ... &lt;b&gt;...&lt;/b&gt;",Sci/Tech,"Sign on to a new Microsoft standard? Why certainly, we would love...",Sign new Microsoft standard Why love,Sign Microsoft standard Why love,"Sign on to a new Micrsoft standar? Why certai, we #39;d love...",Signi new Micrsoft standa Why lov
"PluggedIn: Wireless Companies Chat Up Teens, Young Adults",Sci/Tech,"PlugIn: Wireless Company Chat Up Teen, Young Adult",Plugged In Wireless Companies Chat Teens Young Adults,PlugIn Company Chat Teen Young Adult,"Pluggin: Wireles Compani Chat Up Teen, Young Adul",Plugg In Wirel Comp Chatt Teen Young Adul
Intel to launch tri-mode Wi-Fi chip set,Sci/Tech,Intel to launch tri-mode Wi-Fi chip set,Intel launch tri-mode Wi-Fi chip set,Intel launch tri-mode Wi-Fi chip set,intel to launch tri-mode wi-fi chip set,Intel lanc tri-mode Wi-Fi chip set
Company Making Fake Urine for Researchers (AP),Sci/Tech,Company Make Fake Urine for Research,Company Making Fake Urine Researchers,Company Make Urine Research,Company Mak Fake Urin For Researc (AP),Company Make Fake Urine Researc
New Ring Discovered Around Saturn,Sci/Tech,New ring discovered around Saturn,New Ring Discovered Saturn,New ring discovered Saturn,New RIng Discoverd Around Satun,New Ring Discover Saturn
Marsh #39;s 5 top execs leave board,Business,Marsh's 5 top exec leave board,Marsh 5 execs leave board,Marsh 5 top exec leave board,Marsh #39;s top exec leave board,Marsh 5 exec leave board
Mozilla Firefox Internet Browser Market Share Gains to 7.4,Sci/Tech,Mozilla Firefox Internet Browser Market Share Gain to 7.4,Mozilla Firefox Market Share Gains 7.4,Mozilla Firefox Internet Browser Market Share Gain 7.4, Mozill Firefox Intell Net Browser Market Share Gain to 7.4,Mozill Firefox Market Shar Gain 7.4
Nude Photo Publisher Perfect 10 Sues Google (Reuters),Sci/Tech,nude photo publish perfect sue google (reuter),Nude Photo Publisher Perfect Sues Google,publish photo sue google,Nud Phot Publis Perfit 10 Sues Googl (Reutrs),Nud Photo Publ Perf Sues Googl
Nokia Shrinks ''Brick'' Handset to Tap New Markets,Sci/Tech,Nokia Shrinks Brick Handset to Tap New Markets,Nokia Shrinks Handset Tap Markets,Nokia Shrinks Handset Tap Markets,Nok Shrinks Brick Handsh t Tap New Mark,Nok Shrinks Handsh Taps Markts
Did Intel mock up dual Pentium 4 demo?,Sci/Tech,Did Intel mock up dual Pentium demo?,Intel mock dual Pentium 4 demo,Intel mock dual Pentium demo,Did Inte mock up dual Pentium demo?,Intel mock dual pentium demo
"Iomega NAS Line Boasts Improved Speed, Capacity",Sci/Tech,"Iomega NAS Line Boast Improve Speed, Capacity",Iomega NAS Line Boasts Improved Speed Capacity,NAS Line Boast Improve Speed Capacity,"Iomega NAS Lin Boast Improv Spee, Capac",iomega nas lin boast improv speed capac
"Q A, Part 1: Cisco''s Mike Volpi on IP traffic management",Sci/Tech,"q a, part 1: cisco's mike volpi on ip traffic management",QA Part Cisco Mike Volpi IP traffic management,qa part cisco mike volpi ip traffic management,"q, part, cisco, mike, volpi, ip, traff, manag",Qa part cisco mike volpi ip traff manage
Best of Year: iMac G5,Sci/Tech,Best of Year: iMac G5,Best Year iMac G5,Best Year iMac G5,Best Of Year: Imac G5,Best Yeare iMac G5
Oracle user group to welcome PeopleSoft users,Sci/Tech,Oracle user group to welcome PeopleSoft user,Oracle user group welcome PeopleSoft users,Oracle user group welcome PeopleSoft user,Oracle userr gru to welcom Peoples soft userr,Oracle user group welcome People welcome
Software giant Microsoft rings up multibillion dollar profit gain (AFP),Sci/Tech,Software giant Microsoft ring up multi-billion dollar profit gain (AFP),Software giant Microsoft multibillion dollar profit gain,Software giant Microsoft ring multi-billion dollar profit gain,Software giant Microsoft ring up multibillion dollar profitt gain (AFP),Software giant Micrsoft multibillion dollar profitt gaint
Microsoft Desktop Search Beta Coming Soon,Sci/Tech,Microsoft Desktop Search Beta Coming,Microsoft Desktop Search Beta Coming Soon,Microsoft Desktop Search Beta Coming,Microsoft Deskto Search Bet Comin Soo,Microsoft Deskt Op Srch Bet Cmng Sn
Lawsuits challenge unequal fund fees,Business,Lawsuit challenge unequal fund fee,Lawsuits challenge unequal fund fees,Lawsuit challenge fund fee,Lawsuit challen unequal fund fee,Lawsuit challen unequal fund fee
"With Proof of Ancient Water on Mars, Researchers Consider Life''s Chances (SPACE.com)",Sci/Tech,"With Proof of Ancient Water on Mars, Researcher Consider Life's Chance (SPACE.com)",Proof Ancient Water Mars Researchers Consider Life's Chances,Proof Ancient Water Mars Researcher Life Chance,"With ProoF AnciEnt WatEr On MarS, ResearCher Consid Life'S ChanSe (SPACeCom)",Proof Anci Wat Mar Researc Consid Lif Chanc
"U.S. Names Cyber Chief, House Eyes More Clout for Job (Reuters)",Sci/Tech,"U.S. name cyber chief, house eye more clout for job (Reuters)",U.S. Names Cyber Chief House Eyes More Clout Job,U S name cyber chief house eye more clout job,us names cyber chief house eyes more clout for job,U S name cyber chief house eye more clout job
Stem Cell Molecules Repair Genetic Damage,Sci/Tech,Stem Cell Molecule Repair Genetic Damage,Stem Cell Molecules Repair Genetic Damage,Stem Cell Molecule Repair Genetic Damage,Stem Cell Mol Repair Genet Damag,stem cell molecule repair genetic damage
"Microsoft Talks Security, Seriously",Sci/Tech,Microsoft Talk Security Serious,Microsoft Talks Security Seriously,Microsoft Talk Security Serious,Microsoft Talk Security Serious,Microsoft Talk Security Seriou
Allergy Free Soybean Plant Found in Ill. (AP),Sci/Tech,Allergy Free Soybean Plant Found in Ill. (AP),Allergy Free Soybean Plant Found Ill,Allergy Free Soybean Plant Found Ill,Allergi Free Soybean Planta Find In Ill. (AP),Allergi Free Soyb Plant Found Ill
Viewer''s Guide: Perseid Meteor Shower Peaks Aug. 11-12 (SPACE.com),Sci/Tech,Viewer Guide: Perseid Meteor Shower Peak Aug. 11-12 (SPACE.com),Perseid Meteor Shower Peaks Aug,Perseid Meteor Shower Peak Aug. 11-12,Viewers' Guid: Persei Meteor Showr Pea Aug. 11-12 (SPACE.com),Perseid Mete Shr Pea Aug
iMac G5: Coolest Computer Ever,Sci/Tech,iMac G5: coolest computer ever,iMac G5 Coolest Computer Ever,iMac G5 coolest computer ever,iMac G : Cool Comput Ever,iMac coolest comp ever
GameBoy mini-games win prize,Sci/Tech,Game Boy mini-game win prize,GameBoy mini-games win prize,Game Boy mini-game win prize,GameBoy minim game win prize,GamesBoy minim-game win prize
"Google, Yahoo Settle Patent and Share Disputes",Sci/Tech,"Google, Yahoo settle patent and share dispute",Google Yahoo Settle Patent Share Disputes,Google Yahoo settle patent share dispute,"googl, yah googl, yah settl patent and shar disput",Google Yahoo Settle Paten Shar Disput
IBM Supercomputer Again Claims Record,Sci/Tech,IBM Supercomputer Again Claim Record,IBM Supercomputer Again Claims Record,IBM Supercomputer Again Claim Record,ibm supercomput claim record,ibm supercom again claim record
"Coke, Bottler and EU Reach Antitrust Deal",Business,"Coke, bottle, and EU reach antitrust deal.","Coke, Bottler, EU, Antitrust, Deal",Coke EU reach antitrust deal,"Coke, Bottl, EU Reach Antitrust Deal","Coke, Bottl, EU, Antitrust, Deal"
SCO website defaced by hacker,Sci/Tech,SCO website deface by hacker,SCO website hacker,SCO website deface hacker,SCO websit defac by hack,SC website hack
California Goes After Spyware,Sci/Tech,California Go After Spyware,California Goes Spyware,California Go After Spyware,californ go after spyware,Californi Goes Spyerware
IBM Upgrades WebSphere Middleware Product,Sci/Tech,IBM Upgrade WebSphere Middleware Product,IBM Upgrades WebSphere Middleware Product,IBM Upgrade WebSphere Middleware Product,ibm upgrad websheri middleware product,ibm upgrad webshir middlew produt
Musicians ''upbeat'' about the net,Sci/Tech,Musicians upbeat about the net,Musicians upbeat net,Musicians upbeat net,Musician upbeat net,Music up beat net
Study: Revenge is sweet,Sci/Tech,Study: Revenge be sweet,Study Revenge Sweet,Study Revenge Sweet,Stud swee,Stud Revenge Sweet
Genesis Mission Samples Arrive at Space Center,Sci/Tech,Genesis Mission Sample Arrive at Space Center,Genesis Mission Samples Space Center,Genesis Mission Sample Arrive Space Center,Genes Mission Samp Arriv Space Cent,Genes Mission Samp Space Cent
"IBM recalls 500,000 melting notebook adapters",Sci/Tech,IBM recall notebook adapter,IBM recalls notebook adapters,IBM recall notebook adapter,"IBM recal 500,000 melt note adap",IBM recol notebook adapt
Microsoft #39;s pirate-check trial,Sci/Tech,Microsoft's pirate check trial,Microsoft pirate-check trial,Microsoft pirate check trial,Microsoft #39;s pirat-check tryal,Microsoft pirat-check tryal
Unusual Search Engines,Sci/Tech,Unusual Search Engine,Unusual Search Engines,Unusual Search Engine,Unusual Serch Engin,Unusual Search Engin
Symantec acquires At Stake,Sci/Tech,Symantec acquire At Stake,Symantec acquires At Stake,Symantec acquire At Stake,Symantec acquire At Stake,Symantec acquire At Stak
YUKOS Seeks Bankruptcy,Business,YUKOS Seek Bankruptcy,YUKOS Seeks Bankruptcy,YUKOS Seek Bankruptcy,YUKOS Seek Bankrupt,YUKOS Seek Bankrupt
"Mittal to Buy ISG, Create World #39;s Largest Steelmaker (Update3)",Business,"Mittal to Buy ISG, Create World's Largest Steelmaker (Update3)",Mittal Buy ISG Create World's Largest Steelmaker,Mittal Buy ISG Create World's Largest Steelmaker,"Mittl buy ISG, creat world #39; larg steelmak",Mittal Buy ISG Creat World's Largest Steelmak
Verizon Wireless Vs. Cingular Wireless,Sci/Tech,Verizon Wireless Vs. Cingular Wireless,Verizon Wireless Cingular Wireless,Verizon Wireless Cingular Wireless,Verizon Wirrl Vs. Cingul Wirrl,Wirel Veri Cingul Veri
GBA SP invades China,Sci/Tech,GBA SP invade China,GBA SP invades China,GBA SP China,GBA SP invad China,GBA SP invade China
FRANCE: PSA sets modest target for stop-start fitment of &lt;b&gt;...&lt;/b&gt;,Sci/Tech,FRANCE: PSA set modest target for stop-start fitment of...,PSA sets target stop-start fitment,PSA set modest target stop-start fitment,FRANC : PSA SET MODEST TARGET FOR STOP-START FITMENT,PSA set tar stop-start fitment
Apple tops US consumer satisfaction,Sci/Tech,Apple top US consumer satisfaction,Apple US consumer satisfaction,Apple US consumer satisfaction,App top US consum satisfiec,Applem US consumer satisfactiou
Man pleads guilty in massive credit info theft case,Sci/Tech,Man plead guilty in massive credit info theft case,Man pleads guilty theft case,Man plead guilty theft case,Man plead guilt in mass credit info theft case,Men plead guilty theft cas
Microsoft''s Ownership of Trademark in Doubt (NewsFactor),Sci/Tech,Microsoft own trademark in doubt NewsFactor,Microsoft OwnershipTrademarkDoubt,Microsoft trademark doubt,Microsoft's Ownship Trademark Doubt NewsFactor,Microsoft OwnershipTrademarksDoubt
"Holdup of new team will allow for repairs on station, Russians say",Sci/Tech,"Holding up new team will allow for repairing on station, Russians say.","Holdup new team allow repairs station, Russians say",Holding team repairing station Russians say,"holdup, hold, team, allow, repair, station, rusi","HOLD new TEAM allow REPAIR station, RUSSIAN say"
Oxygen Generator Fails on Space Station (AP),Sci/Tech,Oxygen Generate Fail on Space Station (AP),Oxygen Generator Fails Space Station,Oxygen Generate Fail Space Station,Oxyn Gen Fail On Spac Stat (AP),Oxgen Gener Fails Spac Stat
Google IPO Auction to End Tonight,Sci/Tech,Google IPO auction to end tonight,Google IPO Auction End Tonight,Google IPO auction end tonight,Goog IPO Aucti to End Tona,Google IPO Auction End Tonite
Global Warming Continues,Sci/Tech,Global Warm Continue,Global Warming Continues,Global Warm,Global Warming Continu,Global Warming Continu
High Fuel Pushes Continental Air to Loss,Business,High Fuel Push Continental Air to Loss,High Fuel Pushes Continental Air Loss,High Fuel Continental Air Loss,High Fuelpush Continental Airtoloss,High Fuelpush Continental Airloss
First Look: Danger Sidekick II (PC World),Sci/Tech,First Look: Danger Sidekick II (PC Look),First Look Danger Sidekick II,First Look Danger Sidekick II PC,firstlook danger sidekick ii,First Look Dang Sidekic II
3.8GHz Intel cap ends an era,Sci/Tech,3.8GHz Intel cap end an era,3.8GHz Intel cap era,3.8GHz Intel cap era,3.8GHz Int cap end an era,3.8GHz Int cap era
"The Home PC, Perfected",Sci/Tech,"The Home PC, Perfect",Home PC Perfected,Home PC Perfect,"The Hom PC, Perfec",Home PC Perfec
Transatlantic Sting Nabs  Identity Theft Suspects,Sci/Tech,Transatlantic Sting Nab Identity Theft Suspect,Transatlantic Sting Nabs Identity Theft Suspects,Transatlantic Sting Nab Identity Theft Suspect,Transatlantic Sting Nab  Identity Theft Suspect,Transatlantick Sting Nabs Identitie Theft Suspect
Alien probe ''best way to find ET'',Sci/Tech,Alien probe best way to find ET,Alien probe best way find ET,Alien probe way find ET,Alien prober best way find ET,alien probe best way find et
Nokia Set to Unveil Redesigned TV Phone -- Source (Reuters),Sci/Tech,Nokia set to unveil redesigned TV phone -- source,Nokia Set Unveil Redesigned TV Phone Source,Nokia unveil redesigned TV phone source,Nokiat set to unveil redesi TV phon -- sourc Reuters,Nok set unveil redesig TV phon source
Red Hat Preps Enterprise Linux 4,Sci/Tech,Red Hat Prep Enterprise Linux Four,Red Hat Preps Enterprise Linux 4,Red Hat Prep Enterprise Linux Four,Red Hat Prep Enterprise Linux Arg,Red Hat Preps Enterpris Linux
"Plasma, LCD TV sales seen doubling next year",Sci/Tech,"Plasma, LCD TV sale see double next year",Plasma LCD TV sales seen doubling next year,Plasma LCD TV sale see double next year,"Plasma, LCD TV sale see double next year",Plasm LCD TV sal see doubl next year
Rocket scrams at 10 times speed of sound,Sci/Tech,Rocket scam at 10 time speed of sound,Rocket scrams speed sound,Rocket scam speed sound,Rock scram at 10 tim speed of sound,rock scram speed sound
Nokia woos the business market,Sci/Tech,Nokia woo business market,Nokia woos business market,Nokia woo business,Nokiat woosthe business market,Nok woos busines market
FBI targets mortgage fraud crime in Utah,Business,FBI target mortgage fraud crime in Utah,FBI targets mortgage fraud Utah,FBI target mortgage fraud crime Utah,FBI target mortgag fraud crim Utah,FBI target mortgag fraud Utah
News: TRMM Sees Rain from Hurricanes Fall Around the World,Sci/Tech,News: TRMM see rain from hurricane fall around world,News TRMM Rain Hurricanes Fall Around World,News TRMM see rain hurricane fall world,News: TRMM see rain from hurri fall around the world,News TRMM Rain Hurrican Fall Arond Worl
Sun to drive Mustang as future release of Java (InfoWorld),Sci/Tech,Sun to drive Mustang as future release of Java (Infoworld),Sun drive Mustang future release Java,Sun drive Mustang future release Java,Sun to driv Mustang as futur releas of Java (Infoworl),sun driv mustang futur releas java
California Cities And Counties Sue Microsoft For Antitrust,Sci/Tech,california city and county sue microsoft for antitrust,California Cities Counties Sue Microsoft Antitrust,california city county sue microsoft antitrust,californi city count antitrust sue microsoft,californi city count su microsoft antitrust
Bill Gates sees spam  quot;under control quot; in two years,Sci/Tech,Bill Gates see spam under control in two year,Bill Gates spam under control two years,Bill Gates spam under control two year,Bill Gates see spam under control in two year,Bill Gates spam under contr two year
"In U.S. South, Textile Mills Gone but Not Forgotten",Sci/Tech,"In U.S. South, Textile Mill Gone but Not Forgotten",U.S. South Textile Mills Gone Forgotten,U.S. South Textile Mill Gone Forgotten,"In US South, Textil Mill Gone but Not Forget",U.S. South Textil Mill Gone Forget
Toshiba presses play on 60GB audio player,Sci/Tech,Toshiba presses play on 60GB audio player,Toshiba plays 60GB audio player,Toshiba plays 60GB audio player,Toshib press play on 60GB audi player,Toshib play 6GB audi player
New Dinosaur Discovered: T. Rex Cousin Had Feathers,Sci/Tech,New Dinosaur Discover: T Rex Cousin Have Feather,New Dinosaur Discovered Rex Cousin Had Feathers,New Dinosaur Discover T Rex Cousin Feather,new dinosaur discover t rex cousi hav feath,new dinosaur discover rex cousiner feath
Morpheus claims landmark P2P legal victory,Sci/Tech,Morpheus claim landmark P2P legal victory,Morpheus claims landmark P2P legal victory,Morpheus claim landmark P2P victory,Morpheus claim landmar P2P legal victor,Morpheus claim landmar P2P legal victorie
November''s coolest gadgets from Japan,Sci/Tech,November cool gadget from Japan,November coolest gadgets Japan,November cool gadget Japan,November's cool gadget from Japen,Novem cool gadget Japan
Tiny Telescope Detects a Giant Planet (Reuters),Sci/Tech,Tiny Telescope Detects Giant Planet (Reuters),Tiny Telescope Detects Giant Planet,Tiny Telescope Detects Giant Planet,Tiny Telescop Detects Giant Planeti,Tiny Telescop Detects Giant Planete
Easyjet reports passenger jump,Business,Easyjet report passenger jump,Easyjet reports passenger jump,Easyjet report passenger jump,Easiej report passenj jump,Easiej report passenj jump
Major browsers bitten by security bugs,Sci/Tech,Major browser be bitten by security bug,Major browsers security bugs,Major browser security bug,major brows bit sec bug,Major browser security bug
SanDisk doubles capacity of memory cards,Sci/Tech,SanDisk double capacity of memory card,SanDisk doubles capacity memory cards,SanDisk double capacity memory card,SanDisk doubl capacit of memor card,SanDisk doubl capacity memory card
Space Station Crew to Redock Spaceship (AP),Sci/Tech,Space Station Crew to Redock Spaceship (AP),Space Station Crew Redock Spaceship,Space Station Crew Redock Spaceship,Space Statn Curr to Redock Spcshp,Space Statn Curr Redock Spacship
Canon to Start Making Rear Projection TVs in 2005,Sci/Tech,Canon to start make rear projection TV in 2005,Canon Start Making Rear Projection TVs 2005,Canon start make rear projection TV 2005,Canon to Star Mak Rear Proje TV in 2005,Canoni Start Makin Rear Projecion TV 2005
Microsoft To Pay \$113M To California Lawyers,Sci/Tech,Microsoft To Pay $113M To California Lawyer,Microsoft Pay California Lawyers,Microsoft Pay $113M California Lawyer,microsoft to pay \$113m to california lawyer,Microsoft Pay California Lawyer
US gets new cyber security chief,Sci/Tech,US get new cyber security chief,US gets new cyber security chief,US new cyber security chief,US get new cyber secur chief,US get new cyber secur chief
Columnists: Online Theft,Sci/Tech,Columns: Online Steal,Columnists Theft,Columns Online Steal,Columns theft,Colsn Stef
Canadian Inventor Lets Everyone Be an Armchair Spy,Sci/Tech,Canadian Inventor Let Everyone Be An Armchair Spy,Canadian Inventor Armchair Spy,Canadian Inventor Everyone Armchair Spy,canadian invent let every armchair spy,Canad Invent Armch Spy
HD-DVD Drives Find a Place in the PC,Sci/Tech,HD-DVD Drive Find Place in the PC,HD-DVD Drives Place PC,HD-DVD Drive Find Place PC,HDDVD Driv Find Plac PC,HDDriv PlcPC
"U.S., Europe at Odds on Emissions Controls (AP)",Sci/Tech,"U.S., Europe be at odds on emissions controls (AP)","U.S., Europe Odds Emissions Controls","U.S., Europe odds emissions controls",us eu at odds on emission control,"U.S., Europe Odds Emission Control"
Vodafone doubles dividend,Business,Vodafone double dividend,Vodafone doubles dividend,Vodafone double dividend,Vodofon double divisンド,Vodofon double dividen
MPAA Hatches Plan To Sue Movie File-Sharers,Sci/Tech,MPAA Hatch Plan To Sue Movie File-Sharer,MPAA Hatches Plan Sue Movie FileSharers,MPAA Hatch Plan Sue Movie File Sharer,MPPA Hatch Plan Sut Movie File-Shar,MPPA Hatch Plan Sue Movie FileShar
"Schools, Libraries Internet Aid Delayed",Sci/Tech,"School, library, internet aid delay",Schools Libraries Internet Aid Delayed,School library internet aid delay,School Librarian Int Net Aid Delay,School Librari Inte Aid Delai
City man charged with selling Microsoft source code,Sci/Tech,City man charge with sell Microsoft source code,City man charged selling Microsoft source code,City man charge sell Microsoft source code,City man charg source code,City man charg sell Microsoft sourc code
Make Internet less of a cyberjungle,Sci/Tech,Make Internet less of a cyberjungle,Make Internet less cyberjungle,Make Internet less cyberjungle,Make Intenet less of a cyberjungl,Make Inte less cyberjungl
"HP, Brocade Integrate SAN Switching, Blade Architecture",Sci/Tech,"HP, Brocade Integrate SAN Switch, Blade Architecture",HP Brocade Integrate SAN Switching Blade Architecture,HP Brocade Integrate SAN Switch Blade Architecture,"hp, brocadr integr san switchi, blade archit",HPIBCIntegrSanSwitchBladArch
Israeli spy satellite destroyed,Sci/Tech,Israeli spy satellite destroy,Israeli spy satellite destroyed,Israeli spy satellite destroy,Israeli spysatellit destroyst,israeli spysatellit destroy
New Tungsten T5 Boasts 256MB Flash Memory,Sci/Tech,New Tungsten T5 Boast 256MB Flash Memory,New Tungsten T5 Boasts Flash Memory,New Tungsten T5 Boast Flash Memory,New tungsten t5 boast 256mb flash memory,New tungsten t5 boast flash memory
Yahoo Shells Out \$160 Million for MusicMatch,Sci/Tech,Yahoo Shell Out $160 Million For MusicMatch,Yahoo Shells Out Million MusicMatch,Yahoo Shell Out $160 Million MusicMatch,Yaho Shells Out \$. Moni for MusiMatch,Yahoo Shell Out Million MusiMatch
NEC Nips IBM in Supercomputer Race,Sci/Tech,NEC Nip IBM in Supercomputer Race,NECNipsIBMSupercomputerRace,NEC Nip IBM Supercomputer Race,NECNipIBMInSupercomput_race,NECNipIBMSupercomRac
CA #39;s Open-Source Ingres Now Available,Sci/Tech,CA #39;s Open-Source Ingres Now Available,CA's Open-Source Ingres Available,CA Ingres Available,CA #39;s Open-source Ingres Now Availabl,CA's Open-Source Ingres Availabl
Flyi Delays Buying Airbus Jets,Business,Fly Delay Buy Airbus Jet,Flyi Delays Buying Airbus Jets,Fly Delay Buy Airbus Jet,Fly Delai Buy Airbus Jet,Fly Delai Buy Airbus Jet
Let the Handheld Games Begin,Sci/Tech,Let Handheld Game Begin,Handheld Games Begin,Let Handheld Game Begin,Let Handheld Game Begin,Handheld Game Begin
Cisco to buy VoIP software vendor,Sci/Tech,Cisco to buy VoIP software vendor,Cisco buy VoIP software vendor,Cisco buy VoIP software vendor,cisco to buy voip softwared vendore,Cisc buy VoIP softw vend
Photo: Dell''s Photo All-In-One Printer 962,Sci/Tech,Photo: Dell's Photo All-In-One Printer 962,Dell Photo AllInOne Printer 962,Dell Photo AllInOne Printer 962,Photo: Dell''s Phot All-In-One Print 962,Dell Photo AllInOne Print All
Wired Tools 2004,Sci/Tech,Wired Tools 2004,Wired Tools 2004,WiredTools2004,Wired Tool 2004,Wired Tool 2004
Philip Morris Hid Link to Research Facility - Study (Reuters),Sci/Tech,Philip hide link to research facility - study,Philip Morris Hid Link Research Facility Study,Philip link research facility study,philip morriss hid link to resear facility - stud,PhilipMorris hid link res faci study
Spyware lawsuit in the US,Sci/Tech,Spy be lawsuit in US,Spyware lawsuit US,Spy lawsuit US,Spyerlawsuit in US,Spywar suit US
Nokia Raises Outlook on Better Phone Sales (AP),Sci/Tech,Nokia Raise Outlook on Better Phone Sale AP,Nokia Raises Outlook Phone Sales,Nokia Raise Outlook Better Phone Sale,Noki Raise Outlin On Better Phon Sale,Nok raise out look phon sale
Feds fund secure ID project,Sci/Tech,Fed fund secure ID project,Feds fund ID project,Fed fund ID project,Feds fun secure ID proj,Fed fund ID proj
Sony to support MP3,Sci/Tech,Sony to support MP3,Sony support MP3,Sony support MP3,Son support MP3,Son supp MP3
IBM protects passwords with PC chip,Sci/Tech,IBM protect password with PC chip,IBM protects passwords PC chip,IBM protect password chip,IBM protct password with PC chip,IBM protc passwrd PC chp
HyperTransport consortium approves HTX expansion spec,Sci/Tech,HyperTransport consortium approve HTX expand spec,HyperTransport consortium approves expansion spec,HyperTransport consortium approve HTX expand spec,HyperTrans consortium approv expand spec,HyperTrans consortium approv expand spec
Latest Bagle Virus Remains a Threat,Sci/Tech,Latest Bagle Virus Remain Threat,Latest Bagle Virus Threat,Latest Bagle Virus Threat,Latest Bagl Viruss Remain a Threat,Latest Bagl Virs Threat
Microsoft Windows-Linux Comparison Found to be Unfair,Sci/Tech,Microsoft Window-Linux Comparison Found to be Unfair,Microsoft Windows Linux Comparison Found Unfair,Microsoft Window Linux Comparison Found Fair,micrsoft windo-linux compar found to be unfa,Microsoft Windo Lin Compa Find Unfair
Scientists Create Genetic Map of Cattle (AP),Sci/Tech,Scientists Create Genetic Map of Cattle AP,Scientists Create Genetic Map Cattle,Scientists Create Genetic Map Cattle,Scientist Creat Genet Map Cattle AP,Scienci creat genet map cattl
New Director Announced for Fermilab (AP),Sci/Tech,New Director Announce for Fermilab (AP),New Director Fermilab,New Director Fermilab,New Direct Announc Fermilab AP,New Directori Fermilab
Movie industry sues file swappers,Sci/Tech,Movie industry sue file swap,Movie industry sues file swappers,Movie industry sue file swap,movi indus sui file swap,movi indus sue file swap
Nasa to relaunch shuttles two years after  #39;Columbia #39;,Sci/Tech,Nasa to relaunch shuttle two years after Columbia,Nasa relaunch shuttles years after Columbia,Nasa relaunch shuttle Columbia,Nas to relunc shuttles two yr after Columb,Nas rela shutt year aft Coli
Mozilla Releases Thunderbird 1.0,Sci/Tech,Mozilla Release Thunderbird 1.0,Mozilla Releases Thunderbird,Mozilla Release Thunderbird 1.0,Mozilla Rel Releas Thundb 1.0,MosilReleasThundbribr
Microsoft #39;s  #39;patch #39; of worry,Sci/Tech,Microsoft's patch worry,Microsoft patch worry,Microsoft patch worry,Microsoft's patch worrie,Microsoft patch worrie
"IBM, HP take top spots for in Gartner report",Sci/Tech,"IBM, HP take top spot for in Gartner report",IBM HP take top spots Gartner report,IBM HP take top spot Gartner report,"ibm, hp take top spot for in gartner report",IBM HP tak top spot Gart report
Advocate Or Promoter? (Forbes.com),Business,Advocate Or Promote?,Advocate Promoter Forbes com,Advocate Promote,Advocat Or Promot? (Forbescom),Advocat Promot Forb com
Black Eyed Peas to Produce Music for ''Urbz'' Game,Sci/Tech,Black Eye Pea produce music for Urbz game,Black Eyed Peas Produce Music Urbz Game,Black Eye Pea produce music Urbz game,Black Eyed Pea Produc Musi For Urbz Game,Black Eyed Pea Produce Music Urbz Game
"At Last, a Microsoft Search Tool",Sci/Tech,"At last, a microsoft search tool",Last Microsoft Search Tool,last microsoft search tool,"At Last, a Micrsoft Seach Tool",Last Micrsoft Seach Tool
AMD-Spansion shoves Intel into 2nd place,Sci/Tech,AMD-Spansion shove Intel into 2nd place,AMD Spansion Intel second place,AMD Spansion Intel second place,AMD-Spanshion shovs Int into 2nd plac,AMSpInSecPlc
Yahoo Tests Personal Search,Sci/Tech,Yahoo Test Personal Search,Yahoo Tests Personal Search,Yahoo Test Personal Search,Yah Test Pers Search,Yah Test Perso Search
Police nab German lawyer in piracy raid,Sci/Tech,Police nab German lawyer in piracy raid,Police nab lawyer piracy raid,Police nab German lawyer piracy raid,Police nab Germn lwyer in pirat raid,Polic nab law pir raid
How to use multiple iPods with one Apple Mac or Microsoft Windows &lt;b&gt;...&lt;/b&gt;,Sci/Tech,How to use multiple iPod with one Apple Mac or Microsoft Windows...,How use multiple iPods one Apple Mac Microsoft Windows,How use multiple iPod one Apple Mac Microsoft Windows,How to use multipl iPod wit one Apple Mac or Microsoft Windows...,How use mult ipod one Apple Mac Microsoft Windo
Firefox Ignites Demand for Alternative Browser,Sci/Tech,Firefox Ignite Demand for Alternative Browser,Firefox Ignites Demand Alternative Browser,Firefox Ignite Demand Alternative Browser,Firefox Ignit Demand Alternativ Brows,Firefox Ignit Demand Alternativ Brows
Linksys and Intel Team On Smart Wireless Solutions,Sci/Tech,Links and Intell team on smart wireless solution,Linksys Intel Team Smart Wireless Solutions,Links Intell team smart wireless solution,links and intell team on smart wireless solut,Links智IntelTeamSmartWirelessSolutio
Major Vendors Explore Grid Frontiers,Sci/Tech,Major Vendor Explore Grid Frontier,Major Vendors Explore Grid Frontiers,Major Vendor Grid Frontier,Major Vend Explor Grid Frontier,Major Vendo Explor Grid Frontier
Will Microsoft Makes Its Browser Better?,Sci/Tech,Will Microsoft Make Its Browser Better?,Microsoft Makes Browser Better,Microsoft Browser Better,Will Micrsoft Mak Its Brows Better,Microsoft Make Browser Better
Brown-Forman Earnings Jump 67 Percent,Business,Brown Forman Earning Jump Percent,Brown-Forman Earnings Percent Jump,Brown Forman Earning Jump Percent,Brown-Form Earning Jump Percent,Brow-Forman Earn Perc Jump
Fierce T. rex''s ''fluffy'' history,Sci/Tech,Fierce T. rex's fluffy history,Fierce T rex fluffy history,Fierce T. rex fluffy history,Fierc t. rex's fluff histogr,fierc t rex fluff histor
Microsoft issues one fix in monthly security update,Sci/Tech,Microsoft issue one fix in monthly security update,Microsoft issues fix monthly security update,Microsoft fix monthly security update,Microsoft issu one fix in monthly security updat,Microsoft issu fix month security updat
The Pentagon #39;s Troubling Role,Sci/Tech,The Pentagon's troubling role,Pentagon Troubling Role,Pentagon's troubling role,The Pentagons Troubling Role,Pentagon Troubli Role
"Nintendo, Sony Square Off in Handheld Game Market (Reuters)",Sci/Tech,"nintendo, sony square off in handheld game market",Nintendo Sony Square Off Handheld Game Market,Nintendo Sony square handheld game market,"nintend, son square off in handheld game market",Nintend Nintendo Son Squar Off Handheld Gam Markt
"Glacier Melt Accelerating, Concern Over Sea Levels Rising",Sci/Tech,"Glacier Melt Accelerate, Concern Over Sea Level Rise",Glacier Melt Accelerating Sea Levels Rising,Glacier Melt Accelerate Sea Level Rise,"Glacier Melt Accelarate, Concern Over Sea Level Rise",Glaciar Mel Accelerating Sea Level Rising
BioSET Offers New Twist on the Healing Touch,Sci/Tech,BioSET Offer New Twist On The Healing Touch,BioSET Offers New Twist Healing Touch,BioSET Offer New Twist Healing Touch,BioSETT Offer New Twis On Hea Touch,BioSE Offer New Twis Heal Touch
Microsoft expands mainframe pitch,Sci/Tech,Microsoft expand mainframe pitch,Microsoft expands mainframe pitch,Microsoft expand mainframe pitch,Microsoft expand mainfram pitch,Microsoft expand mainfram pitch
Ballmer: Linux Can #39;t Compare to Windows,Sci/Tech,Ballmer: Linux Can't Compare to Windows,Ballmer Linux Windows,Ballmer Linux Windows,Ballmer: Linu Cann't Comp to Windos,Ball Linux Wind
My room,Sci/Tech,My room,room,room,My room,room
PostgreSQL 8.0 will run on Windows,Sci/Tech,Postgres 8.0 run on Windows,PostgreSQL 8.0 run Windows,Postgres 8.0 Windows,PostgreSql win,Postgrel 8.0 run Windos
Don''t Make the Babies Cry,Business,Do not make the baby cry,Make Babies Cry,make baby cry,Dont Mak the Bab Cry,Make Babi Cry
Home Computer Users Highly Vulnerable (NewsFactor),Sci/Tech,Home Computer User High Vulnerable News Factor,Computer Users Vulnerable,Computer User Vulnerable News Factor,Home Comput High Vulnerabl NewsFactor,Comput Vulnerabl
Global Chip Sales Growth Moderates in July (Reuters),Sci/Tech,Global Chip Sale Grow Moderate in July (Reuters),Global Chip Sales Growth Moderates July,Global Chip Sale Grow Moderate July,Global Chip Sale Grow Moder Jul Reuters,Global Chip Sale Grow Modera Jul
Microsoft revamps its plans for Longhorn,Sci/Tech,Microsoft revamp its plan for Longhorn,Microsoft revamps plans Longhorn,Microsoft revamp plan Longhorn,Microsoft revamp its plan for Longhorn,Microsoft revamp plan longhorn
NASA and Russia OK Next Space Station Crew,Sci/Tech,NASA and Russia OK Next Space Station Crew,NASA Russia Next Space Station Crew,NASA Russia Next Space Station Crew,nasa and russia ok next space stat crew,Nas NASA Russ Next Spac Stat Crew
"Shopping Search Update 2004, Part 2",Sci/Tech,"Shopping Search Update 2004, Part 2",Shopping Search Update 2004 Part 2,Shopping Search Update 2004 Part 2,"Shopp Search Updat 2004, Part 2",Shopp Search Updat 2004 Part 2
Security alert identifies Oracle holes,Sci/Tech,Security alert identify Oracle hole,Security alert Oracle holes,Security alert Oracle hole,Secur alert identif Oracle hol,Secur alert Orac hole
Asteroid to make closest pass in 651 years,Sci/Tech,Asteroid to make closest pass in 651 year,Asteroid closest pass 651 years,Asteroid closest pass 651 year,Asteroide to make clos pass in 651 year,Aster closest pas 651 year
Congress May Act on Internet Piracy Bill,Sci/Tech,Congress May Act On Internet Piracy Bill,Congress Act Internet Piracy Bill,Congress Act Internet Piracy Bill,Congres May Act On Int net Pirs Bill,Congres Act Intretn Piry Bill
Vulnerability hits Java for cell phones,Sci/Tech,Vulnerability hit Java for cell phone,Vulnerability Java cell phones,Vulnerability Java cell phone,Vulnerabili hit Java cell phone,Vulnerabl Java cell phone
Europe Council looks to fight cybercrime,Sci/Tech,Europe council look fight cybercrime,Europe Council fight cybercrime,Europe council fight cybercrime,Europe Counci look to fight cybercrim,Europ Council fight cybercrim
Verizon adds shopping tools to SuperPages.com,Business,Verizon add shop tool to SuperPages.com,Verizon adds shopping tools SuperPages.com,Verizon shop tool SuperPages.com,Verizon add shop tool to SuperPage,Verizon add shop tool SuperPage.com
Home sales for month robust,Business,Home sale for month robust,Home sales month robust,Home sale month robust,Home sale month robust,Home sale month robust
"Fishing Just for Fun Damages Stocks, Study Finds",Sci/Tech,Fishing Stay for Fun Damage Study Find,"Fishing Damages Stocks, Study Finds",Fishing Damage Study Find,Fisch Fun Stock Stud Find,"Fisch Damag Stock, Studi Find"
Photo 4: Microsoft revs car Windows,Sci/Tech,Photo 4: Microsoft rev car Window,Microsoft revs car Windows,Microsoft rev car Window,Photo 4: Micrsoft rev car Window,Microsoft rev car Win
Human race off and running,Sci/Tech,Human run race,Human race off running,Human run race,Human rac off and runnin,Human rac off run
"Microsoft warns of new vulnerabilities, five bulletins issued",Sci/Tech,"Microsoft warn of new vulnerability, five bulletin issued","Microsoft warns new vulnerabilities, five bulletins issued","Microsoft warn new vulnerability, five bulletin issued","Microsoft warn of new vulnerabil, five bulletin issu","Microsoft warn new vulnerabilit, five bulletin issu"
PeopleSoft introduces support by subscription,Sci/Tech,People introduce support by subscription,PeopleSoft introduces support subscription,People introduce support subscription,PeopleIntroducSupportBySubscrib,PeopleIntroducSupportSubschriben
Siemens backs new wireless technology,Sci/Tech,Siemens back new wireless technology,Siemens backs new wireless technology,Siemens back new wireless technology,Siemens back new wireless technolog,Siemens back new wireless technolog
Apple: Upgrade or else!,Sci/Tech,Apple: upgrade or else!,Apple Upgrade else,Apple upgrade else,App: Upgrad or else!,Appel Upgrad else
Real Slashes Online Song Prices (PC World),Sci/Tech,Real Slash Online Song Price PC World,Slashes Online Song Prices,Real Slash Online Song Price PC,real slash online song price pc world,Slash Online Song Price
Blizzard dates World Of Warcraft in US and Down Under,Sci/Tech,Blizzard date World Of Warcraft in US and Down Under,Blizzard dates World Warcraft US Down Under,Blizzard World Warcraft US Down Under,Blizz date World Of Warcraft US Down Under,Blizz dat Worl Warc US Down Underr
Solar sail craft gets launch date,Sci/Tech,Solar sail craft get launch date,Solar sail craft launch date,Solar sail craft launch date,solar sail craft get launch date,solar sail craft launch dat
Google Slashes IPO #39;s Size,Business,Google Slash IPO Size,Google Slashes IPO Size,Google Slash IPO Size,Google Slash IPO Size,Google Slash IPO Size
Stock Split Might Not Be in Google''s Cards (AP),Sci/Tech,Stock Split Might Not Be in Google's Card (AP),Stock Split Might Google Cards,Stock Split Google Card,Stock Split Might Not Be In Google Card AP,Stock Split Might Goog Card
Trend of Foreign Whites Adopting Black US Kids,Sci/Tech,Trend of Foreign White Adopt Black US Kid,Trend Foreign Whites Adopting Black US Kids,Trend Foreign White Adopt Black US Kid,Trend Of Foreign White Adopt Black US Kid,Trend Foreign White Adopt Black US Kid
Jury rules for Kodak in Java patent dispute,Sci/Tech,Jury rule for Kodak in Java patent dispute,Jury rules Kodak Java patent dispute,Jury rule Kodak Java patent dispute,Jury rule for Kodak in Java patent disput,Jury rule Kodak Java patent disput
Microsoft Takes Lead in PDA Shipments (AP),Sci/Tech,Microsoft Take Lead in PDA Shipment AP,Microsoft Takes Lead PDA Shipments,Microsoft Lead PDA Shipment AP,microsoft tak lead in pda shipmen,Microsoft Tak Lead Pda Shipp
Snake Released In US Next Month,Sci/Tech,Snake Release In US Next Month,Snake Released US Next Month,Snake Release US Next Month,Snak Relas In US Next Mon,Snak Rel US Next Mon
Sun draws Nvidia graphics into Solaris,Sci/Tech,Sun draw Nvidia graphic into Solaris,Sun Nvidia Graphics Solaris,SunNvidiaGraphicSolaris,Sun dras Nvidia graphi into Solaris,Sun Nvid Graphics Solaris
E-Vote Snafu in Florida,Sci/Tech,E-Vote Snafu in Florida,E-Vote Snafu Florida,E-Vote Snafu Florida,E-Vot Snaf Floridf,E-Vot Snafu Florida
Scramjet nudges Mach 10,Sci/Tech,Scramjet nudge Mach,Scramjet Mach 10,Scramjet Mach,Scramjet nudge Mach 10,Scramjet Mach 10
Record Companies Raided Over Mobile Ringtones,Sci/Tech,Record Company Raid Over Mobile Ringtone,Record Companies Raided Mobile Ringtones,Record Company Raid Mobile Ringtone,Records Compani Raid Over Mobil Rington,Records Companies Raided Mobile Ringtone
New IBM server supports dual-core Opteron,Sci/Tech,New IBM server support dual-core Opteron,New IBM server supports dual-core Opteron,New IBM server dual-core Opteron,New IBM serv support dual-core Opteron,New IBM serv support dual-core Opteron
Blair ''is obstacle to Euro vote'',Business,Blair be obstacle to Euro vote,Blair obstacle Euro vote,Blair Euro vote,Blair's is obstacl to Euro vot,Blair obstacl Euro vot
A Better View Into Relationships (TechWeb),Sci/Tech,A Better View Into Relationship TechWeb,Better View Relationships TechWeb,Better View Relationship TechWeb,A Better View Into Relatship Techweb,Better View Relat TechWeb
FTC in Settlement With Company That Promoted Adult Web Sites,Sci/Tech,ftc in settlement with company that promote adult web site,FTC Settlement Company Promoted Adult Web Sites,ftc settlement company promote adult web site,ftc in settlement with company that promote adult web site,FTC Settle Comp Promot Adult Web Site
Plea to the democratic world: Ukraine needs your support,Sci/Tech,Plead to the democratic world: Ukraine need your support,Plea democratic world Ukraine needs support,Ukraine support,Pleas to the democrat world: Ukray need your suppôt,Ple democrat wor Ukraine need support
Dickey Around With Stem Cells,Sci/Tech,Dickey With Stem Cell,Dickey Stem Cells,Dickey Stem Cell,Dickey Arnd With Stem Cell,Dickey Stem Stem
JFK Reloaded Game Causes Controversy,Sci/Tech,JFK Reloaded Game Causes Controversy,JFK Reloaded Game Causes Controversy,JFK Reloaded Game Causes Controversy,JFK Reloadd Game Caused Controversy,JFK Reloadd Game Caused Controversy
Can Microsoft Sue Open Office Users? (PC World),Sci/Tech,Can Microsoft Sue Open Office Users? (PC World),Microsoft Sue Open Office Users,Microsoft Sue Open Office Users,can microsoft su open office user pc world,Microsoft Sue Open Office User
UC regents vote down plan for  #39;multiracial #39; category,Sci/Tech,UC regent vote down plan for multiracial category,UC regents vote plan multiracial category,UC regent vote plan multiracial category,UC regent vote down plan for multiracial category,UC regent vot plan multiracial categor
Scientists Show Babies Have Innate Sense of Beauty (Reuters),Sci/Tech,Scientists Show Baby Have Innate Sense of Beauty,Scientists Show Babies Have Innate Sense Beauty,Scientists Show Baby Have Innate Sense Beauty,Scientists Show Baby Have Innat Sense Beaut,Scientists Show Baby Have Innate Sense Beaut
Microsoft won''t ship WinFS with Longhorn,Sci/Tech,Microsoft will ship WinFS with Longhorn,Microsoft won't ship WinFS Longhorn,Microsoft ship WinFS Longhorn,Microsoft won't shipp winfs with longhorn,Microsoft won't shipp winfs longhorn
Cassini Craft Spies Saturn Moon Dione,Sci/Tech,Cassini craft spy Saturn moon Dione,Cassini Craft Spies Saturn Moon Dione,Cassini craft spy Saturn moon Dione,Cassin craft spie Saturn moon Dion,Cassin craft spie Saturn moon Dion
Crude Drops for Second Day as China Increases Interest Rates,Business,Crude Drop for Second Day as China Increase Interest Rate,Crude Drops China Increases Interest Rates,Crude Drop China Increase Interest Rate,Crude Drop for Second Day as Chin Increase Inter Rate,Crude Drop China Increase Interest Rate
Broadband ups European Web users to 100 m,Sci/Tech,Broadband up European Web user to 100 m,Broadband European Web users 100 m,Broadband Web user,Broadband up European Web user to 100 m,Broadband Eur Web user 100 m
Antarctic Glaciers Melting Faster -Study,Sci/Tech,Antarctic Glacier Melting Fast - Study,Antarctic Glaciers Melting Faster Study,Antarctic Glacier Melting Fast Study,Antartic Glacier Melt Faster -Study,Antartic Glacier Melt Faster Studi
HP Sells Low Priced PC In China,Sci/Tech,HP Sell Low Price PC In China,HP Sells PC China,HP Sell Price PC China,HPSell LowPrice PC In Chin,HPSellPCChina
CDs to Dominate for Years Over Net Downloads-Study,Sci/Tech,cd dominate for year over net download study,CDs dominate years Net DownloadsStudy,cd dominate year net download study,cd domini years over net downlo stud,CD dominate year Net Download Study
Cern particle lab marks 50 years,Sci/Tech,CERN particle lab mark 50 year,Cern particle lab marks years,CERN particle lab mark year,cern particl lab mark 50 year,cern particl lab mark year
Adobe does document security,Sci/Tech,Adobe do document security,Adobe document security,Adobe document security,Adob docum security,adobe document securi
IBM Eases ISV Rein,Sci/Tech,IBM Eas ISV Rein,IBM Eases ISV Rein,IBM ISV Rein,IBM Ease ISV Rein,IBM Ease ISV Reign
New Human Species Discovered,Sci/Tech,New Human Species Discover,New Human Species Discovered,New Human Species Discover,New Hum Species Discov,New Hum Species Discov
Coast-Mapping Satellites Will Follow the Tides,Sci/Tech,Coast-Mapping Satellite Will Follow Tide,Coast-Mapping Satellites Follow Tides,Coast-Mapping Satellite Will Follow Tide,Coast-Mapp Satelliti Will Foll Tid,Coast-Mapp Satell Foll Tid
Photo 6 of 8: Global gamers clash for cash,Sci/Tech,Photo be 8 of 8: Global gamer clash for cash,Photo Global gamers clash cash,Photo Global gamer clash cash,Photo 1 of 1: Glob gamer clasm for cash,Photo Glob gamer clash cash
New Overtime Rules are in Effect,Business,New Overtime Rule be Effect,New Overtime Rules Effect,New Overtime Rule Effect,New Overtim Rule Effec,New Overtim Rule Effec
Microsoft gets a fashion makeover,Sci/Tech,Microsoft get fashion makeover,Microsoft fashion makeover,Microsoft fashion makeover,Microsoft get fashion makeovmaken,Microsoft fashion makeovver
"WebMethods, Global Exchange ink reseller deal",Sci/Tech,"WebMethod, GlobalExchange ink resell deal",WebMethods Global Exchange reseller deal,WebMethod GlobalExchange resell deal,WebMeth meth glob exc chang resell deal,Webmeth met glob exch resell deal
"iTunes, iTunes ain #39;t calling for Ireland",Sci/Tech,"iTunes, iTunes ain't call for Ireland",iTunes Ireland,iTunes Ireland,"itun, itun ainn't call for irel",Itun Ireld
Sony on collision course with music majors over mp3 format,Sci/Tech,Sony on collision course with music majors over mp3 format,Sony collision course music majors mp3 format,Sony collision course music majors mp3 format,sony on collision course with music maj over mp3 format,Son collid cours musi maj mp3 format
Closures ''could benefit chemistry'',Sci/Tech,Closures could benefit chemistry,Closures benefit chemistry,Closures benefit chemistry,closur benefic chemistr,Clos benefit chemisti
Column: Game Offers Peek at Presidential Politics,Sci/Tech,Column: Game Offer Peek at Presidential Politics,Game Offers Peek Presidential Politics,Game Offer Peek Presidential Politics,Column: Gam Offer Peek Presid Politic,GamesOffersPeekPresidentialPolitics
Cisco to acquire P-Cube for \$200 million,Sci/Tech,Cisco to acquire P-Cube for \$200 million,Cisco acquire P-Cube million,Cisco acquire P-Cube \$200 million,cisco to acquir p-cub for \$200 million,Cisco acquiri P-cub million
A good mouse makes a world of difference,Sci/Tech,A good mouse make a world of difference,good mouse world difference,good mouse world difference,a good mous make a world of differenc,good mou world differenci
FCC Clears Broadband over Power Lines Barriers,Sci/Tech,FCC Clear Broadband over Power Lines Barrier,FCC Clears Broadband Power Lines Barriers,FCC Clear Broadband Power Lines Barrier,FCC Clear Broadband Over Power Line Barrier,FCC Clear Broadband Power Line Barrier
This week in phishing,Sci/Tech,This week in phish,This week phishing,This week phish,This week in phish,this week phishing
A new laptop with big-media power,Business,A new laptop with big-media power,new laptop big-media power,new laptop big-media power,A new lapto with big-medi power,new lapтоп big-mediа power
"Singapore to introduce jail terms, fines for software and Internet piracy (AFP)",Sci/Tech,"Singapore introduce jail term, fine for software and Internet piracy (AFP)","Singapore introduce jail terms, fines software Internet piracy",Singapore introduce jail term fine software Internet piracy,"singapor to introduc jail term, fine for softwar and internet pirat","Singapori introduc jale term, fin software Intrebn pirati"
Ratty pilots worry sci-fi fans,Sci/Tech,Rat pilot worry sci-fi fan,Ratty pilots sci-fi fans,Rat pilot worry SciFi fan,Ratt pilwor sci-fi fan,Ratt pil sci-fi fan
HP bags \$500 million outsourcing deal,Sci/Tech,HP bag \$500 million outsource,HP bags million outsourcing deal,HP bag \$500 million outsource,HP bag \$500 million outsource deal,HP bag million outsource deal
F.C.C. Clears Internet Access by Power Lines,Sci/Tech,FCC clear internet access by power line,FCC Clears Internet Access Power Lines,FCC clear internet access power line,FCC Clear Internet Access By Power Line,FCC Clear Int Net Access Pow Line
The Call Is Cheap. The Wiretap Is Extra.,Sci/Tech,The Call Be Cheap. The Wiretap Be Extra.,Call Cheap Wiretap Extra,Call Cheap Wiretap Extra,The Call Is Chep. The Wirtap Is Extr.,Call Cheap Wirtap Extr
"Q A: IBM security chief puts focus on compliance, cyberattacks",Sci/Tech,"Q A: IBM security chief put focus on compliance, cyberattack",IBM security chief focuses compliance cyberattacks,IBM security chief focus compliance cyberattack,"q a: ibm secu chief put focu on compli, cyberrattack",IBM securit chief focu complian cyberattak
Tiny Ideas Coming of Age,Sci/Tech,Tiny Idea Come,Tiny Ideas Coming Age,Tiny Idea,Tiny Idea Coming Age,Tiny Idea Come Age
Intel Scraps Plan For 4 Ghz P4 Chip,Sci/Tech,Intel Scraps Plan For Ghz P4 Chip,Intel Scraps Plan P4 Chip,Intel Scraps Plan Ghz P4 Chip,Intell Scrap Plan For 4 Ghz P4 Chip,IntelscrapplanP4chips
"Pirated U2 Album Hits Net, Release Date in Limbo (Reuters)",Sci/Tech,"Pirate U2 Album Hit Net, Release Date in Limbo (Reuters)",Pirated U2 Album Hits Net Release Date Limbo,Pirate Album Hit Net Release Date Limbo,"Pirate U2 Albu Hit Net, Releas Dat In Limbo (Reutris)",Pirate U2 Albu Hit Net Releas Dat Limbo
Maker of disposable RFID tags gets millions,Sci/Tech,Maker of disposable RFID tag get million,Maker disposable RFID tags gets millions,Maker disposable RFID tag get million,maker dispos tag get million,Make disposab RFID tag get millions
Wall Street stocks end higher on strong company earnings,Business,Wall Street stock end high on strong company earning,Stocks higher strong company earnings,Wall Street stock high strong company earning,Wall Street stock end high on strong company earn,Stocks high strong company earn
Phone sales show no sign of slowing,Sci/Tech,Phones sell show no sign of slow.,Phone sales show sign slowing,Phones sell show sign,Phonesales shows no sign of slowin'.,Phon sell sho sho sign slow
Firefox browser fully released,Sci/Tech,Firefox browser fully release,Firefox browser released,Firefox browser release,FirefoxBrowsec fully releasen.,Firefoxbrows releas
New File System Constrains Treo 650 Storage Capacity,Sci/Tech,New File System Constrain Treo 650 Storage Capacity,New File System Constrains Storage Capacity,New File System Constrain Treo 650 Storage Capacity,New File Syst Constrain Treo Store Capacity,New File Syst Constr Rest Capaci
Firefox is hot; Thunderbird #39;s not  for good reason,Sci/Tech,Firefox be hot; Thunderbird be not  for good reason.,Firefox hot Thunderbird not good reason,Firefox hot Thunderbird good reason.,Firefox is hot; Thundebir #39;s not  for good reasoen,Firefox hot Thunderbird not good reasen
Linux Networx signs pact with Novell,Sci/Tech,Linux Network signs pact with Novell,Linux Networx signs pact Novell,Linux Network signs pact Novell,Linux Networ pact with Novell,Linu Networ Sign Pact Novell
Update: Judge rules for Oracle in PeopleSoft case,Sci/Tech,Update: Judge rule for Oracle in PeopleSoft case,Update Judge rules Oracle PeopleSoft case,Update Judge rule Oracle PeopleSoft case,Upd: Jdg rul for Orcl in PplSft cs,Upd Jdg rul Oracle PplSoft cs
Hewlett-Packard takes a new approach to software,Sci/Tech,Hewlett-Packard take a new approach to software,Hewlett-Packard new approach software,Hewlett-Packard new approach software,Hewlett-Packard take a new approach softwar,Hewlett-Packard new approach softwar
An open letter to the Linux community from PalmSource,Sci/Tech,An open letter to the Linux community from PalmSource,open letter Linux community PalmSource,open letter Linux community PalmSource,an open let letter to the linux communit from palmsource,open let Linux communi PalmSour
IBM to Buy Content Management Developer Venetica,Sci/Tech,IBM buy content management developer Venetica,IBM Buy Content Management Developer Venetica,IBM buy Venetica,ibm to buy content manage develop venetica,IBM Buy Conten Manag Develop Venetica
NASA to fly again in May 2005,Sci/Tech,NASA fly again in May 2005,NASA fly May 2005,NASA fly again May 2005,NAS to fli agai in May 2005,NAS fly May 2005
Alltel buys assets from Cingular; swaps market interests,Business,Alltel buy asset from Cingular; swap market interest,Alltel buys assets Cingular swaps market interests,Alltel buy asset Cingular swap market interest,Allt buy asset from Cingul; swap market interest,Allt buy asset Cingul swap market interest
"Mac OS X Update Fixes Some Problems, Creates Others (NewsFactor)",Sci/Tech,mac os x update fix some problem create other,Mac OS X Update Fixes Problems Creates Others,mac os x update fix problem create other,mac os x updat fix som probl creat oth,Mac OS X Updat Fix Probl Creat Oth
More Search Products Prowl for Market Share,Sci/Tech,More Search Product Prowl for Market Share,More Search Products Prowl Market Share,More Search Product Prowl Market Share,More Search Prodクト prol for Mark prol Share,More Search Prodl Market Shar
Arctic warming at twice global rate,Sci/Tech,Arctic warm at global rate,Arctic warming rate twice global,Arctic warm global rate,Arctic warmin at twi glob rate,Arctic warm rate twice glob
Island of the Little People,Sci/Tech,Island of the little people,Island Little People,Island little people,Island Of Little People,Island Little Person
Microsoft files first authenticity certificate lawsuits,Sci/Tech,Microsoft file first authenticity certificate lawsuit,Microsoft files first authenticity certificate lawsuits,Microsoft file first authenticity certificate lawsuit,Microsoft file first authenti certificat lawsuit,Microsoft file first authentic certifiat lawsuit
NEC posts higher net profit in first half but lowers forecast (AFP),Sci/Tech,NEC post higher net profit in first half but lower forecast (AFP),NEC posts higher net profit first half lowers forecast,NEC post higher profit first half lower forecast,ne post high net prof in first hal but low fore casting,NEC post high net profi first hal low forecstaw
GMU Plans Terrorism Defense Lab in Va.,Sci/Tech,GM Plans Terror Def Lab in Va,GMU Plans Terrorism Defense Lab Va,GM Plans Terror Def Lab Va,gmu plan terror defend lab va,gmuplann terrordefens lab va
The Elder Scrolls IV: Oblivion Developer Diary,Sci/Tech,The Elder Scroll IV: Oblivion Developer Diary,Elder Scrolls IV Oblivion Developer Diary,Elder Scroll IV Oblivion Developer Diary,The Eldr Scroll IV: Obliv Dev Diar,Elderscrolls IV Obliv Dev Diar
Nokia makes inroads into Land Rover,Sci/Tech,Nokia make inroad into Land Rover,Nokia Land Rover,Nokia Land Rover,Nokiat mak inroad int Land Rover,Nokiland Rovер
Verizon picks Motorola for video on fiber,Sci/Tech,Verizon pick Motorola for video on fiber,Verizon picks Motorola video fiber,Verizon pick Motorola video fiber,Verizon pick摩托罗拉 for video on fiber,Verizon pick Motor video fiber
Bush adviser: US is world leader in science,Sci/Tech,bush adviser: us be world leader in science,Bush adviser US world leader science,bush adviser us world leader science,bush advicr: us is world leadr in scienc,bush advic US worl lead scienc
Mars Odyssey to prolong stay in space,Sci/Tech,Mars Odyssey to prolong stay in space,Mars Odyssey prolong stay space,Mars Odyssey prolong stay space,Mars Odys prol long stay spac,mars odyssey prolong stay space
Caterpillar to Buy Williams Technologies,Sci/Tech,Caterpillar to Buy Williams Technology,Caterpillar Buy Williams Technologies,Caterpillar Buy Williams Technology,Caterti to Bu Williams Technologi,Catte-buy Willi-techno
Judge Orders Microsoft to Pay \$112 Million,Sci/Tech,Judge Order Microsoft Pay Dollar Million,Judge Orders Microsoft Pay Dollar Million,Judge Order Microsoft Pay Dollar Million,Jugd Order Micrsoft to Pay \$.112 Milli,Judg Order Micrsoft Pay Dollar Million
Didn''t Take Long: IBM Regains Supercomputing Crown (NewsFactor),Sci/Tech,Did Not Take Long: IBM Regain Supercomputing Crown,IBM Regains Supercomputing Crown,Did IBM Regain Supercomputing Crown,dinnt tak long : ibm regains supercomputing crown,ibm regai supercom crown
Data: Columbus Might Be Buried in Spain (AP),Sci/Tech,Data: Columbus Be Buried In Spain,Columbus Buried Spain,Columbus Buried Spain,Data: Columbus Might Be Burie In Span (AP),Columb Bur Spain
CACI Shares Climb on Positive Earnings,Sci/Tech,CACI Share Climb on Positive Earning,CACI Shares Climb Positive Earnings,CACI Share Climb Positive Earning,CACI Share Climb On Positi Earning,CACI Share Clim Positive Earn
World #39;s Largest Atom-Smashing Lab Turns 50,Sci/Tech,World's largest atom-smashing lab turns 50,World Largest Atom Smashing Lab Turns 50,World largest atom-smashing lab turns 50,World #39;s Largest Atomsmach Lab Turn 50,World Largest Atom Smash Lab Turn 50
Feds seize Indymedia servers,Sci/Tech,Feds seize Indymedia server,Feds seize Indymedia servers,Feds seize Indymedia server,Feds seiz Indymedi server,Feds seize Indymedia serv
A Touchy Debate Over Voting,Sci/Tech,A Touch Debate Over Vote,Touchy Debate Voting,Touch Debate Vote,A Touch Deb Over Vote,Touch Debat Vote
Murdoch Offers Record Amount for Triplex,Business,Murdoch Offer Record Amount for Triplex,Murdoch Offers Record Amount Triplex,Murdoch Offer Record Amount Triplex,Murdoch Offer Recor Amou For Triplex,Murdoch Offer Recor Amou Triplex
Russia to Test New Soyuz Booster on Oct. 29 (Reuters),Sci/Tech,Russia test new Soyuz booster on Oct. 29 Reuters,Russia Test New Soyuz Booster Oct. 29,Russia test new Soyuz booster Oct. 29 Reuters,russ test new soyuz booster on oct. 29 (reut),Rus test new Soyz boost Oct. 29
Brain scan shows why revenge is sweet,Sci/Tech,Brain scan show why revenge be sweet,Brain scan shows revenge sweet,Brain scan show why revenge sweet,Brainscan show why reveng sweet,Brainscan show reven sweet
"Cisco CEO calls for education reform, broadband push",Sci/Tech,"Cisco CEO call for education reform, broadband push",Cisco CEO calls education reform broadband push,Cisco CEO call education reform broadband push,"cisco ceo call for education reform, broadband push",cisco ceo call educ reform broadband push
Volunteers spread word of Firefox,Sci/Tech,Volunteer spread word of Firefox,Volunteers spread word Firefox,Volunteer spread word Firefox,Voluntar spread word of Firefox,Voluntar spread word Firefox
Oracle to PeopleSoft: Redeem Poison Pill (Reuters),Sci/Tech,oracle to peoplesoft: redeem poison pill,Oracle PeopleSoft Redeem Poison Pill,oracle peoplesoft redeem poison pill,oracle to people soft : redeem poison pill (reutrs),Oracle PeopleSoft Redeem Poison Pill
Oracle further extends PeopleSoft offer,Sci/Tech,Oracle further extend PeopleSoft offer,Oracle extends PeopleSoft offer,Oracle extend PeopleSoft offer,Oracle furth extend PeopleSoft offer,Oracle extend PeopleSoft offer
Fast checks of regular fliers extended,Sci/Tech,Fast check extend regular flier,Fast checks regular fliers extended,Fast check extend flier,Fast check reg flier extendl,Fast check regul fli extend
US Telecoms giant looks at throwing Windows out,Sci/Tech,US Telecom giant look at throw Windows out,US Telecoms giant throws Windows out,US Telecom giant throw Windows out,us telecoms giant look at throw windows out,us telecoms giant throw win out
Microsoft sets 2006 timetable for next version of Windows,Sci/Tech,Microsoft set 2006 timetable for next version of Window,Microsoft sets timetable next version Windows,Microsoft set timetable version Window,Microsoft set 2006 timetab ver for next versi of Windo,Microsoft set timetabl next version Windos
Climax Peeks at Next-Gen Consoles,Sci/Tech,Climax Peek Next-Gen Console,Climax Next-Gen Consoles,Climax Peek Next-Gen Console,Climax Peek Next-Gen Consol,Climax Next-Gen Consol
BP profits surge to record 2.14 billion,Business,BP profit surge to record 2.14 billion,BP profits surge record 2.14 billion,BP profit surge record 2.14 billion,BP profite surge to record 2.14 billion,BPs profitis surges record 2.14 billion
AOL Aims to Lead Internet Travel Purchases (AP),Sci/Tech,AOL Aim Lead Internet Travel Purchase,AOL Aims Lead Internet Travel Purchases,AOL Aim Lead Internet Travel Purchase,Aol Aim Lead Intet Travell Purchas (Ap),AOL Aim Lead Int Travel Purchas
Disney Eyes Video-On-Demand Partnerships,Sci/Tech,Disney Eye Video-On-Demand Partnership,Disney Eyes Video-On-Demand Partnerships,Disney Video-On-Demand Partnership,Disney Eyes Vide-On-Demand Partnhips,Disney Eyes Video-On-Demand Partnships
Mac  #39;Widget #39; App Set to Make Windows Debut,Sci/Tech,Mac Widget App Set to Make Window Debut,Mac Widget App Set Make Windows Debut,Mac Widget App Set Window Debut,Mac Widget App Set to Make Wind Debut,Mac Widget App Set Make Win Debut
Study: Spammers use e-mail ID to gain legitimacy,Sci/Tech,Study: spammer use email id to gain legitimacy,Study Spammers use e-mail ID gain legitimacy,Study spammer email id legitimacy,Stud: Spammer us e-mai ID to gain legitimativ,Stud Spamm Use E-Mai ID Gain Legitimat
Senate action could allow broadcasters to keep 700 MHz spectrum &lt;b&gt;...&lt;/b&gt;,Sci/Tech,Senate action could allow broadcaster to keep 700 MHz spectrum...,Senate action could allow broadcasters keep 700 MHz spectrum,Senate action could broadcaster keep 700 MHz spectrum...,Senat act allow broadcast keep selet spectr &lt;b&gt;...&lt;/b&gt;,senat act allow broadcaster keep 700 mhz spectr
Xandros rolls out Linux desktop management app (InfoWorld),Sci/Tech,Xandros roll Linux desktop management app (InfoWorld),Xandros Linux desktop management app,Xandros Linux desktop management app,Xandr roll out Linux desk manage app,Xandr Linux desk top manag app
"Seals Bludgeoned, Shot on Irish Island (Reuters)",Sci/Tech,"Seal bludgeon, shoot on Irish island","Seals Bludgeoned, Shot Irish Island",Seal bludgeon shoot Irish island,"Seal Bludgeon, Shot Irish Iseland Reuters","Seal Bludgeon, Shot Irland Isl"
HP to release Virus Throttler for Windows in 2005,Sci/Tech,HP to release Virus Throttle for Windows in 2005,HP release Virus Throttler Windows 2005,HP release Virus Throttle Windows 2005,HewlettPackard to releas virus throttler for Wind in 2005,HP releas virus throttler Windos 2005
Prairie Dogs Poisoned by U.S. in South Dakota,Sci/Tech,Prairie Dog Poison U.S. in South Dakota,Prairie Dogs Poisoned South Dakota,Prairie Dog Poison U.S. South Dakota,Prairie Dog Poison U.S. South Dakot,Prairie Dogg Poison South Dakot
Where Do the Extra Embryos Go?,Sci/Tech,Where Do the Extra Embryo Go?,Where Extra Embryos Go,Where Extra Embryo Go,where do the extr embryo go,Where Extr Embry Stem Go
Murdoch: Media Mogul In Record Manhattan Real Estate Deal,Business,Murdoch: Media Mogul In Record Manhattan Real Estate Deal,Murdoch Media Record Manhattan Real Estate Deal,Murdoch Media Record Manhattan Real Estate Deal,Murdoch: Media Mogul In Rec Manh Est Realestat Deal,Murdoch Med Rec Man Real Est Deal
Intel discloses WiMAX silicon plans,Sci/Tech,Intel disclose WiMAX silicon plan,Intel discloses WiMAX silicon plans,Intel disclose WiMAX silicon plan,Intel disclos wiMAX silic plan,Intell disclos WiMAX silic plan
Apple Patches 15 Mac OS X Flaws (Ziff Davis),Sci/Tech,Apple Patch Mac OS X Flaw Ziff Davis,Apple Patches Mac OS X Flaws,Apple Patch Mac OS X Flaw,Apple Patch Mac OS Flaw Ziff Davis,Apples Patch Mac OS X Flaw
Sun burn,Sci/Tech,sun burn,urn,sun burn,sun burn,urn
"Hitachi, NEC launch networking equipment joint venture",Sci/Tech,"Hitachi, NEC launch network equipment joint venture",Hitachi NEC launch networking equipment joint venture,Hitachi NEC launch network equipment joint venture,"hitach, nec launch network equip joint ventur",Hitachin Nec launch network equip joint ventur
E-mail commerce vs. politics,Sci/Tech,email commerce vs politics,E-mail commerce politics,email commerce politics,email commerce vs politic,email commer polit
Future Uncertain for Rare Hawaiian Bird (AP),Sci/Tech,Future Uncertain for Rare Hawaiian Bird AP,Future Uncertain Hawaiian Bird,Future Uncertain Hawaiian Bird AP,Future Uncertain For Rare Hawaiian Bird AP,Future Uncertain Hawaiian Bird
Mobile Mappers Stop Short of Ideal,Sci/Tech,Mobile Mapper Stop Short Of Ideal,Mobile Mappers Stop Short Ideal,Mobile Mapper Short Ideal,Mobile Map Stop Short Ideål,Mobile Map Stop Short Ideål
Halo 2 leaked,Sci/Tech,Halo leak,Halo 2 leaked,Halo leak,Halo 2 leakt,Halo leak
DVD Format War Intensifies,Sci/Tech,Dvd Format War Intensify,DVD Format War Intensifies,Dvd Format War Intensify,Dvd Form War Intensify,Dvd Format War Intensify
AT amp;T Wireless Goes to Market with Ogo,Sci/Tech,AT&T Wireless Go to Market with Ogo,AT&T Wireless Goes Market Ogo,AT&T Wireless Go Market Ogo,att wireless goes to market with ogो,AT&T Wire Go Markt Ogo
Lehman Near Deal on Enron Lawsuit-Source (Reuters),Business,lehman near deal on enron lawsuit-source,Lehman Deal Enron Lawsuit Source,lehman deal enron lawsuit source,lehman near deal enron suit-source,Lehman Deal Enron Lawsuit Sourc
Attacks on Windows PC #39;s Grew in First Half of 2004,Sci/Tech,Attacks on Windows PC's grew in first half of 2004,Attacks Windows PC Grew First Half 2004,Attacks Windows PC grew first half 2004,Attacks_on_Win_Win_grew_in_first_half_of_2004,Attck Win PC Gr Fst Hlf 2004
Google to put library books online,Sci/Tech,Google to put library book online,Google put library books online,Google put library book online,Google to put librari book online,Google put librar book onlin
Who goes there?,Sci/Tech,Who go there?,goes there,go there,who go ther,go ther
Codebreaker scores success in search for the Holy Grail,Sci/Tech,Codebreak score success in search for the Holy Grail,Codebreaker scores success search Holy Grail,Codebreak score success search Holy Grail,Codebrak success search Holy Gril,Codescore suc search Holygrail
Microsoft continues Windows XP SP2 distribution,Sci/Tech,Microsoft continue Windows XP SP2 distribute,Microsoft continues Windows XP SP2 distribution,Microsoft Windows XP SP2 distribute,Microsoft continu windows xp sp2 distribut,Microsoft continu Windows XP SP2 distributio
"New UN Talks Bid to Save Fish, Plants and Timber (Reuters)",Sci/Tech,"New UN Talk Bid to Save Fish, Plant and Timber (Reuters)",New UN Talks Bid Save Fish Plants Timber,New UN Talk Bid Save Fish Plant Timber,"New UN Talk Bid To Save Fish, Plant And Timber (Reuters)",New UN Talk Bid Save Fish Plant Timber
Sony Debuts Double Layer DVD Burner for Mac,Sci/Tech,Sony Debuts Double Layer DVD Burn for Mac,Sony Debuts Double Layer DVD Burner Mac,Sony Debuts Double Layer DVD Burn Mac,sony debut double layer dvd burn mac,sony debut double layer dvd burn mac
Orange Launches 3G Services (NewsFactor),Sci/Tech,Orange Launch 3g Service NewsFactor,Orange Launches 3G Services,Orange Launch 3g Service,Orang Launch 3g Servic NewsFact,Orangelaunch 3g servic
Micron rival to pay fine for price-fixing,Sci/Tech,Micron rival to pay fine for price fix,Micron rival pay fine price-fixing,Micron rival pay fine price fix,Micron riva to pay fine for price-fix,MicronRivalpayfinpricefix
Biologist Seeks Wolves'' Return to Rockies (AP),Sci/Tech,Biologist Seek Wolf Return To Rockies (AP),Biologist Seeks Wolves Return Rockies,Biologist Seek Wolf Return Rockies,Biologist Seek Wolf''s Return To Rocky,Biologn Seek Wolf Retur Rocky-mountains
StocksView: Retail Spurs Wall St. Upturn,Business,StocksView: Retail Spur Wall St. Upturn,StocksView Retail Spurs Wall St Upturn,StocksView Retail Spur Wall St Upturn,StocksView: Retai Spur Wall St. Upturn,StocksView Retail Spur Wall St Upturn
Saudis: Bin Laden associate surrenders,Sci/Tech,Saudis: Bin Laden associate surrender,Saudis Bin Laden associate surrenders,Saudis Bin Laden associate surrender,Saudis: Bin Laden assoc surrender,Saudi Bin Laden associat surrenderr
Opinion: Microsoft  amp; Novell vs. Linux,Sci/Tech,Opinion: Microsoft and Novell vs. Linux,Microsoft Novell vs Linux,Microsoft Novell vs Linux,Opin: Micrsoft  amp; Novell vs. Linus,Microsoft Novell vs Linux
District Uses Cyberspace To Tidy Up,Sci/Tech,District Use Cyberspace To Tidy Up,District Uses Cyberspace Tidy Up,District Cyberspace Tidy Up,Distric Use Cyberspac To Tidy Up,Distric Use Cyberspac Tidyp
UK ITunes Prices Questioned,Sci/Tech,UK iTunes Price Question,UK iTunes Prices Questioned,UK iTunes Price,UK ITun Price Quest,UK itun price quest
First space tug deal ''on cards'',Sci/Tech,first space tug deal on cards,First space tug deal cards,space tug deal cards,first spac tug deal on card print,first spac tug deal card
Sony Releases New Smaller PlayStation 2,Sci/Tech,Sony Release New Smaller PlayStation 2,Sony Releases New Smaller PlayStation,Sony Release New Smaller PlayStation,sony releas new smaller playst release,Son Rel New Smal Play Sta
"Space shuttle Enterprise takes center stage, at last",Sci/Tech,"Space shuttle take center stage, at last",Space shuttle Enterprise takes center stage,Space shuttle center stage last,"space shuttlem take center stage, at last",Space shuttlem take center stag
Cisco branches out with WAF services,Sci/Tech,Cisco branch out with WAF service,Cisco branches WAF services,Cisco branch WAF service,cisco brancho wit waf servic,Cisc bran WAF serv
Transmeta Hype Suffers Hardware Reality,Sci/Tech,Transmet Hyp Suffer Hardware Real,Transmeta Hype Suffers Hardware Reality,Transmet Hyp Suffer Hardware Real,Transmet Hyp Suffer Hardw Realty,Transmet Hype Suffer Hardw Realit
This week in Dell news,Sci/Tech,This week in dell news,This week Dell news,This week dell news,This wee in Del new,This wee Dell new
They #39;ll hear a Rhapsody on campus,Business,They will hear a Rhapsody on campus,Rhapsody Campus,Rhapsody,They'll hear a Rhapso an campus,Rhapsod Campus
Conservationists Appeal for Deep Sea Trawling Ban (Reuters),Sci/Tech,Conservationist appeal for deep sea trawl ban (Reuters),Conservationists Appeal Deep Sea Trawling Ban,Conservationist appeal deep sea trawl ban,Conservativist Appell deep sea trawl ban Reuters,Conservativist Appell Deep Se Trawl Ban
Next Step to the Quantum Computer,Sci/Tech,Next Step to Quantum Computer,Next Step Quantum Computer,Next Step Quantum Computer,Next Stept to the Quantumb Computer,Next Step Quant Comput
Big maths solution  #39;looks good #39;,Sci/Tech,Big math solution #39;look good#39;,Big maths solution looks good,Big math solution look good,Big math solut look good,Big math sol look good
Oracle buys PeopleSoft for 10.3 billion dollars (AFP),Sci/Tech,Oracle buy PeopleSoft for 10.3 billion dollar (AFP),Oracle buys PeopleSoft dollars,Oracle buy PeopleSoft 10.3 billion dollar,Oracle buy PeopleSoft for 10.3 billion dollar (AFP),Orac buy PeoplSoft dollar
Starbucks launches first of  quot;music bars quot; for CD burning,Sci/Tech,"Starbucks launch first of ""music bar"" for CD burn",Starbucks launches first music bars CD burning,Starbucks launch music bar CD burn,starbuck launch first of music bar for cd burn,Starbuck launch first musi bar CD burn
Apple wants to expand music download service across Europe (AFP),Sci/Tech,Apple want expand music download service across Europe,Apple wants expand music download service Europe,Apple expand music download service Europe,Applem want expand music download servic across Europ,Apple want expand music download service Europe
A taste of mobile blah blah,Sci/Tech,A taste of mobile blah blah,A taste of mobile,A taste of mobile,A tast mobile blah blah,A tast mobile
Porn site reports net Chinese reward,Sci/Tech,Porn site report net Chinese reward,Porn site reports net Chinese reward,Porn site report net Chinese reward,porn site repor net chin reward,porn site report net chin reward
CA #39;s Cron To Remain Interim CEO,Sci/Tech,CA #39;s Cron To Remain Interim CEO,Cron Remain Interim CEO,Cron Remain Interim CEO,CA #39;s Cron To Remain Interim CEO,Crон Remаin Intim CEO
New bird spotted in Philippines,Sci/Tech,New bird spot in Philippines,New bird spotted Philippines,New bird spot Philippines,New bir spott in Phillip,New bir spot Philippin
"Merck looks to cut jobs, trim spending",Business,"Merck look to cut job, trim spend.","Merck cuts jobs, trim spending",Merck cut job trim spend,"Merck look to cut job, trim spend","Merck cut job, trim spend"
Google Shares Fall on 4Q Revenue Warning,Sci/Tech,Google Share Fall on Quarter Revenue Warning,Google Shares Fall Revenue Warning,Google Share Fall Quarter Revenue Warning,Google Share Fall On Quart Revenu Warn,Google Share Fall Revenue Warn
"New X Prize Sets Sights on Science, Technology and Social &lt;b&gt;...&lt;/b&gt;",Sci/Tech,"New prize set sights on science, technology and social",New X Prize Sets Sights Science Technology Social,New prize science technology social,New X Priz Set Sigh On Scienc Technolog And Sociale,New X Prize Set Sight Sci Technol Soc
PassCode - Secure ID Tags to Fight Hackers,Sci/Tech,PassCode - Secure ID Tag to Fight Hacker,Secure ID Tags Fight Hackers,PassCode Secure ID Tag Fight Hacker,PassCod - Secur ID Tag to Figh Hack,Secure ID Tag Fight Hack
Samsung working on tiny drive,Sci/Tech,Samsung work on tiny drive,Samsung working drive,Samsung work tiny drive,samsung work on tiny drive,samsung work driv
Ballmer sees squeeze on Longhorn deadline,Sci/Tech,Ballmer see squeeze on Longhorn deadline,Ballmer sees squeeze Longhorn deadline,Ballmer Longhorn deadline,Ballmer see squeez on Longhorn deadlin,Ballmer see squeez deadline
Yahoo set to launch desktop search tool,Sci/Tech,Yahoo set to launch desktop search tool,Yahoo set launch desktop search tool,Yahoo set launch desktop search tool,yahool sett toul lanc desktop search tool,Yahoo set launch desktop search tool
Bush #39;s bold space policy,Sci/Tech,Bush's bold space policy,Bush bold space policy,Bush bold space policy,Bush's bold space polICY,bush bold space polic
Space Station Concerns Reduced,Sci/Tech,Space Station Concern Concern,Space Station Concerns Reduced,Space Station,Space Stat Concer Reduc,Space Stat Concern Reduc
IBM matches Power with Linux,Sci/Tech,IBM match Power with Linux,IBM matches Power Linux,IBM match Power Linux,IBM match power with linux,IBM match Power Linux
IBM Fashions New Blades,Sci/Tech,IBM Fashion New Blade,IBM Fashions New Blades,IBM Fashion New Blade,IBM Fashion New Blade,IBM Fash New Blad
Ford Settles Investors #39; Suit Over IPO Of Goldman,Business,Ford Settle Investor Suit Over IPO Of Goldman,Ford Settles Investors Suit Over IPO Goldman,Ford Settle Investor Suit IPO Goldman,Ford Settles Inv Sto Ov Gold IPO,Ford Settles Investors Suit Over IPO Goldm
AOL developing file-backup service,Sci/Tech,AOL develop file-backup service,AOL developing file-backup service,AOL develop file-backup service,AOL develop file-backup servic,AOL develop file-backup servic
Third-Quarter Loss \$3.4 Billion for MCI,Sci/Tech,Third Quarter Loss Dollar Three Billion For MCI,Third-Qtr Loss \$3.4 Bln for MCI,Third Quarter Loss Dollar Three Billion MCI,Third-Quar-Loss \$/Billion for MC,Third-Qtr Losss \$3.4 Bln for MCI
Federal Scientists Search for Lost H-Bomb (AP),Sci/Tech,Federal Scientist Search for Lost H-Bomb AP,Federal Scientists Search Lost H-Bomb,Federal Scientist Search Lost H-Bomb,Federal Scienc Search for Lost H-Bom(AP),Federal Scienc Search Lost H-bom
Will XP update give tablets a boost?,Sci/Tech,Will update give tablet a boost?,XP update tablets boost,update tablet boost,Will Xp updat give tabl a boost?,Xp updat tablet boost
Bill Aims to Protect Joint Patents,Sci/Tech,Bill Aim Protect Joint Patent,Bill Aims Protect Joint Patents,Bill Aim Protect Joint Patent,Bill Aim Protect Joint Patent,Bill Aim Protect Joint Paten
Court rules against state Web-blocking law,Sci/Tech,Court rule against state Web-block law,Court rules state Web-blocking law,Court rule state Web-block law,Cour rule against stat Web-block law,Cour rule stat Web-block law
Deja Vu at AT amp;T,Sci/Tech,Deja Vu at ATT,Deja Vu AT&T,Deja Vu ATT,DejaVuAtATT,Dejavu Att
Suburbia''s Just Another Name for Fat City,Sci/Tech,Suburbia's Just Another Name for Fat City,Suburbia Fat City,Suburbia Fat City,Suburbi'a's Just An Other Nam for Fat Citi,Suburb Fat City
BioVeris Files Delayed Annual Report,Sci/Tech,BioVeris File Delay Annual Report,BioVeris Files Delayed Annual Report,BioVeris File Annual Report,BioVeris File Delay Ann Rep,BioVeris File Delay Ann Rep
Latest worm attack prompts call for increased antivirus vigilance,Sci/Tech,Latest worm attack prompt call for increase antivirus vigilance,Latest worm attack prompts call increased antivirus vigilance,Latest worm attack prompt call increase antivirus vigilance,latest worm attack prompt call increas antivirus vigilанс,latest worm attack prompt call increas antivirus vigilанс
China set for surge in car sales,Business,China set surge car sale,China surge car sales,China surge car sale,China set surg car sal,Chin surge car sale
I Want My blinkx TV! Television Search Engine,Sci/Tech,i want my blinkx tv television search engine,Want blinkx TV Television Search Engine,want blinkx tv television search engine,i want my blink tv! televsion search engin,Want blink TV Television Search Engin
Vodafone Weighs on European Shares (Reuters),Sci/Tech,Vodafone Weigh on European Share Reuters,Vodafone European Shares,Vodafone European Share,Vodofon weigh europ share Reuters,Vodofon Europi Share
Apple Threatens Owner of iTunes Domain,Sci/Tech,Apple Threaten Owner of iTunes Domain,Apple Threatens Owner iTunes Domain,Apple Threaten Owner iTunes Domain,Applem Threaten Own DomainiTunes,Applem Threaten Own iTunes Domaint
Oracle to deliver security patches on quarterly basis,Sci/Tech,Oracle to deliver security patch on quarterly basis,Oracle deliver security patches quarterly,Oracle deliver security patch quarterly,Oracle to deliv securit patch on quarly basisset,Oracle deliver security patch quarterly
Spot On: Dragon Quest VIII fever hits Japan,Sci/Tech,Spot On: Dragon Quest VIII fever hit Japan,Spot On: Dragon Quest VIII fever Japan,Spot On: Dragon Quest VIII fever Japan,Spot On: Dragon Quest VIII fever hit Japan,Spot On: Dragon Quest VIII fever Japan
California Quake Area a Seismic Hot Spot (AP),Sci/Tech,California Quake Area Seismic Hot Spot AP,California Quake Area Seismic Hot Spot,California Quake Area Seismic Hot Spot,California Quak Area a Seis Hot Spot,Californi quake are seism hot spot
NM governor wants UC regents to continue running Los Alamos,Sci/Tech,NM governor want UC regent continue run Los Alamos,NM governor wants UC regents running Los Alamos,NM governor want UC regent continue run Los Alamos,nm gov want uc reg run los alam,nm gov want uc reg run los alam
NTT DoCoMo Rises on TSE on Reported Deal with Motorola,Sci/Tech,ntt docomo rise on tse on reported deal with motorola,NTT DoCoMo Rises TSE Reported Deal Motorola,ntt docomo rise reported deal motorola,ntt docomo rises on tse on reported deal with motorola,NTT Docomo Rise TSE Report Deal Motorla
Internet threats take on new hue,Sci/Tech,Internet threat take new hue,Internet threats take new hue,Internet threat newhue,internet threat tak new hue,intnet threat tak new hue
Why I dumped Internet Explorer,Sci/Tech,Why I dump Internet Explorer,Why dumped Internet Explorer,Why dump Internet Explorer,Why I dump int net explor,Why dump Int net Explorer
DreamWorks Animation IPO Raises  #36;812 Mln (Reuters),Business,DreamWorks Animation IPO Raise  million Reuters,DreamWorks Animation IPO Raises Mln Reuters,DreamWorks Animation IPO Raise million,DreamWork Anim IPO Raise $812 Mln (Reut),DreamWork Anim IPO Rais Mln Reut
Cobb: Judge gets textbook case,Sci/Tech,Cobb: Judge get textbook case,Cobb Judge gets textbook case,Cobb Judge textbook case,Judge get text book case,Cobb Judge get text book case
Alienware Breaks Performance Barrier With 4GHz CPUs,Sci/Tech,Alienware Break Performance Barrier With 4GHz CPU,Alienware Breaks Performance Barrier 4GHz CPUs,Alienware Break Performance Barrier 4GHz CPU,Alienware Break Performanc Barrier With 4GHz CPU,Alienaw Brak Performanc Barri 4Ghz CPUS
Two Guilty in First Felony Spam Conviction,Sci/Tech,Two Guilty in First Felony Spam Conviction,Two Guilty Felony Spam Conviction,Two Guilty Felony Spam Conviction,Two Guilty In First Felony Spam Convict,Two Guilty Felon Spam Convict
Navy to Award  #36;6.4 Bln Satellite Contract (Reuters),Sci/Tech,Navy to Award $6.4 Bln Satellite Contract (Reuters),Navy Award Satellite Contract,Navy Award Satellite Contract,Navy to Award $6 bln Satellit Contract,Nav Award Satel Contr
Extinct humans left louse legacy,Sci/Tech,Extinct human leave louse legacy,Extinct humans left louse legacy,Extinct human leave louse legacy,Extinct human leave lous legac,Extinct human leave lous legacy
Nokia #39;s Goal: Cell-Phone Planet,Sci/Tech,Nokia's goal: cell-phone planet,Nokia Goal Cell-Phone Planet,Nokia goal cell-phone planet,Nokias Goal Cell-Phone Planet,Nok cell-phone plan
"New, dangerous Microsoft JPEG exploit released",Sci/Tech,"New, dangerous Microsoft JPEG exploit release",New dangerous Microsoft JPEG exploit released,New dangerous Microsoft JPEG exploit release,"New, danger Microsoft JPEG exploit releas",New dang Microsoft JPEG exp releas
Google Search Index Booms to 8 Billion,Sci/Tech,Google Search Index Boom to 8 billion,Google Search Index Booms 8 Billion,Google Search Index Boom 8 billion,Google Search Ind Booms to 8 Billion,Google Search Ind Booms 8 Billi
Getting the Hurricane Word Out,Sci/Tech,Get Hurricane Word Out,Hurricane Word Out,Get Hurricane Word Out,GettingHurricaneWordOut,Hurrican Word Out
MSN Music: It #39;s really about Windows,Sci/Tech,MSN Music: It is really about Windows.,MSN Music really about Windows,MSN Music really about Windows,MSN MusiC: It#39;s rEally ABOut WinDow,MSN Music reall about Window
Lowe''s Optimistic Outlook,Business,Lowe be optimistic outlook,Lowe's Optimistic Outlook,Lowe optimistic outlook,Lowes Optimistic Outlook,Lowe's Optimisti Outlook
Experts Push for More Computer Security Efforts,Sci/Tech,Experts Push More Computer Security Effort,Experts Push More Computer Security Efforts,Experts Push Computer Security Effort,ExpERT pUSh fOR mOR cOMPUTER SECURIT EFFOR,Expert Push Comput Secur Effort
"Report: Intel, HP Itanium Joint Development to End",Sci/Tech,"Report: Intel, HP Itanium Joint Development to End",Report Intel HP Itanium Joint Development End,Report Intel HP Itanium Joint Development End,"Report: Intell, HP Itian Joint Develop to End",Rep intel hp itani joint dev end
Review: Campaign Finance Web Sites (AP),Sci/Tech,Review: Campaign Finance Web Site (AP),Review Campaign Finance Web Sites,Review Campaign Finance Web Site,Review: Campaign Financ Web Siti (AP),Review Campa Financ Web Sitis
Boomboxes Are Hip Again,Sci/Tech,Boombox Be Hip Again,Boomboxes Hip Again,Boombox Hip Again,Boombox Are Hip Again,Boom Box Hip Again
"Sony keeps PSP production low, focuses on PS2",Sci/Tech,"Sony keep PSP produce low, focus on PS2","Sony PSP production low, focuses PS2",Sony PSP produce PS2,"sony keep psp produce low, focus ps2","sony psp prod low, foc ps2"
Some iPaq users report trouble with Skype,Sci/Tech,Some iPaq user report trouble with Skype,Some users report trouble Skype,Some report trouble Skype,Some iPa users report troubl with Skyp,Some user report troubl Skype
Vote Recount to Settle Doubts?,Sci/Tech,Vote Recount to Settle Doubt?,Vote Recount to Settle Doubts,Vote Recount to Settle Doubt,Vot Recount to Settle Doubt?,Vot Recount to Settle Doubt
AMD preps high-performance chips for desktops,Sci/Tech,AMD prep high-performance chip for desktop,AMD preps high-performance chips desktops,AMD prep high-performance chip desktop,amd prep high-perform chip for desktop,amd prep high-perform chip desk
"OSDL hires lawyer, opens China office",Sci/Tech,"OSD hire lawyer, open China office",OSDL hires lawyer opens China office,OSD hire lawyer open China office,"OSD hire lawyer, open China office",OSD hire lawyer open Chin office
NASA picks Northrop Grumman,Sci/Tech,NASA pick Northrop Grumman,NASA Northrop Grumman,NASA Northrop Grumman,NAS pick Northrop Grumman,Nas NASA Nor Grum Grum
Making Slideshows,Sci/Tech,Making Slideshow,Making Slideshows,Making Slideshow,Making Slideshow,Making Slideshow
Dell Axim X50 and X50v Pocket PC reviews roundup,Sci/Tech,Dell Axim X50 and X50v Pocket PC review roundup,Dell Axim X50 X50v Pocket PC reviews roundup,Dell Axim X50 X50v Pocket PC review,dell axim x50 v pocke pc revi roug,Dell Axim X50 X50v Pocket PC review roundup
"U.K., U.S. to Share Anti-Terror Technology (AP)",Sci/Tech,"U.K., U.S. to share anti-terror technology (AP)",UK US Share AntiTerror Technology,UK US share anti terror technology,"uk, us to share anti-terror technolog ap",UK US Share AntiTerror Tech
Florida E-Vote Study Debunked,Sci/Tech,Florida E-Vote Study Debunked,Florida E-Vote Study Debunked,Florida E-Vote Study Debunked,florid evot studi debunk,Florid E-Vot Studi Debunk
MyDoom Variant Describes Itself,Sci/Tech,MyDoom Variant Describe Itself,MyDoom Variant Describes,MyDoom Variant Describe,MyDoom Variant Describ Itself,MyDoom Var Describes
MySQL To Use Open-Source Microsoft Toolset (TechWeb),Sci/Tech,mysql use open-source microsoft toolset,MySQL Use Open-Source Microsoft Toolset,mysql open-source toolset,MySql To Use Open-Source Microsoft Toolset (TechWeb),MySQl Us Open-Sourc Micrsoft Toolset
XM Radio To Launch Online Radio Stations,Sci/Tech,XM Radio To Launch Online Radio Station,XM Radio Launch Online Radio Stations,XM Radio Launch Online Radio Station,Xm Rdi T Lnc Online Rdi Sttns,XM Radi Online Radi Statio
Apple Says ITunes Music Store Now Accepts PayPal,Sci/Tech,Apple Say ITunes Music Store Now Accept PayPal,Apple iTunes Music Store Now Accepts PayPal,Apple iTunes Music Store Now Accept PayPal,Applem Say ITun Music Stor Now Accept PayPal,Applem Itunes Music Store Now Accepts Pay Pal
Google Faces Challenge of Public Company Status,Sci/Tech,Google Face Challenge Public Company Status,Google Faces Challenge Public Company Status,Google Face Challenge Public Company Status,Google Face Challen Public compani Statustic,Google Face Chall Public Comp Stat
Hybrid Sunflower Oil May Keep Arteries Clean,Sci/Tech,Hybrid Sunflower Oil May Keep Artery Clean,Hybrid Sunflower Oil Keep Arteries Clean,Hybrid Sunflower Oil Keep Artery Clean,Hybrid Sunfl油May Ke Artery Cleanness,Hybrid Sunfl油Keep Artery Clean
Sun sets sights on Linux vendors,Business,Sun set sight on Linux vendor,Sun sets sights Linux vendors,Sun set sight Linux vendor,Sun set sight on Linux vend,Sun set sight Linux vend
Induce Act Talks Sputter,Sci/Tech,Induce Act Talk Sputter,Induce Act Talks,Induce Act Talk Sputter,Induc Act Talk Sputter,Induc Act Talk
IBM upgrades blade servers,Sci/Tech,IBM upgrade blade server,IBM upgrades blade servers,IBM upgrade blade server,IBM upgrad blade server,IBM upgrad blade serv
Firefox Erodes IE Market Share (NewsFactor),Sci/Tech,Firefox Erode IE Market Share NewsFactor,Firefox Erodes Market Share NewsFactor,Firefox Erode Market Share,Firefox Erode IE Marke Share NewsFact,FirefoxErodeMarketShareNewsFactor
Digital Eye on Ivan (washingtonpost.com),Sci/Tech,Digital Eye on Ivan (washingtonpost.com),Digital Eye Ivan Washingtonpost,Digital Eye Ivan Washingtonpost,Digital Eye On Ivan,Digit Ey Ivan Washingt Post
ISS Crew Successfully Redocks Soyuz Spacecraft (SPACE.com),Sci/Tech,ISS Crew Successfully Redock Soyuz Spacecraft,ISS Crew Redocks Soyuz Spacecraft,ISS Crew Redock Soyuz Spacecraft,iss crew succeddful redock soyuz spacecraft,ISStSRedocksSoyuSSpacCrewS
Gnome Debuts 2.8 Desktop,Sci/Tech,Gnome Debut Desktop,Gnome Debuts Desktop,Gnome Debut Desktop,Gnome Debuts 28 DeskTOP,Gnome Debut DeskTOP
Nanotechnology May Change Energy Industry (AP),Sci/Tech,Nanotechnology May Change Energy Industry AP,Nanotechnology Change Energy Industry,Nanotechnology Change Energy Industry,Nanotechnolog May Chang Energ Industr AP,Nanotechnolog chang energi industr
"Dell Recalls 990,000 AC Adapters",Sci/Tech,Dell Recall 990000 AC Adapter,Dell Recalls AC Adapters,Dell Recall AC Adapter,"Dell Recal 990,000 AC Adapt",Dell Recal AC Adapt
First Look at Microsoft Money 2005,Sci/Tech,First Look at Microsoft Money be,First Look Microsoft Money 2005,First Look Microsoft Money,firstlook microsoft money,First Look Micrsoft Monet
France''s Thomson Moves Into Anti-Piracy Software (Reuters),Sci/Tech,France's Thomson moves into anti-piracy software (Reuters),Thomson Moves Anti-Piracy Software,Thomson moves anti-piracy software,francs thomson mov anti-piracy softwar reuter,Thomson Mov Anti-Piracy Softwar
Stocks Bounce Back as Oil Retreats,Business,Stock bounce back as oil retreat,Stocks Bounce Back Oil Retreats,Stock bounce back oil retreat,Stocks Bounc Back as Oil Retri,Stocks Bounc Retr bied
Autodiscovery Hall of Shame,Sci/Tech,Autodiscovery Hall of Shame,Autodiscovery Hall Shame,Autodiscovery Hall Shame,Autodiscover Hall Shame,Auto discover hal shame
"Sony lawyer enslaved worker, apparently",Sci/Tech,"Sony lawyer enslave worker, apparently.",Sony lawyer worker enslaved,Sony lawyer enslave worker,sony law slav work apparen,sony law work enslav
Microsoft Speeds Up SP2,Sci/Tech,Microsoft Speed Up SP2,Microsoft Speeds Up SP2,Microsoft Speed SP2,Microsoft Speed Up SP2,Microsoft Speed Up SP2
Half Of Online Viagra Bogus,Sci/Tech,Half Of Online Viagra Bogus,Half Online Viagra Bogus,Half Online Viagra Bogus,Half Onli Viagr Bogus,Half Onlin Viagr Bogus
Some Dell AC Adapters Recalled,Sci/Tech,Some Dell AC Adapter Be Recalled,Dell Adapters Recalled,Dell Adapter Recalled,Some Dell AC Adaptr Recll,Dell Adapt Recall
Apple #39;s iTunes Hits 200 Million Mark,Sci/Tech,Apples iTunes Hit million mark,Apple iTunes Hits 200 Million Mark,Apples iTunes Hit million mark,Applem iTunes Hit 200 Million Mark,Applem itunes Hit 200 Million Marke
Ashlee Vance: the readers have spoken,Sci/Tech,Ashlee Vance: the reader have speak,Ashlee Vance readers spoken,Ashlee Vance reader speak,Ashlее Vancе: thе rеаdеr hаvе spokе,Ashlee read speak
Update 3: Yahoo Buying Musicmatch for \$160 Million,Sci/Tech,Update : Yahoo Buy Musicmatch for $160 Million,Yahoo Buying Musicmatch Million,Update Yahoo Buy Musicmatch Million,Updat: Yah Buy MusiMatch f \$160 Milli,Yaho Buy Musi Match Million
Yahoo search goes mobile,Sci/Tech,Yahoo search go mobile,Yahoo search mobile,Yahoo search mobile,Yaho search go mobile,Yahoosearcho mobil
Euro probe comes in 4th in moon race,Sci/Tech,Euro probe come in 4th in moon race,Euro probe moon race,Euro probe moon race,Eur probe com in 4th in mon rac,Euro probe moon race
Oil Prices Slide Despite Iraq Export Drop,Business,Oil Price Slide Despite Iraq Export Drop,Oil Prices Slide Iraq Export Drop,Oil Price Slide Iraq Export Drop,Oil Pric Slid Despit Iraq Expor Drop,Oil Price滑Iraq Exp导Drop
Mozilla fires up tussle with Microsoft,Sci/Tech,Mozilla fire up tussle with Microsoft,Mozilla fires up tussle Microsoft,Mozilla fire tussle Microsoft,Mozilla fire up tussle with Microsoft,Mozilla fire up tussle Microsoft
New Mexico Museum to Launch Names Into Space,Sci/Tech,New Mexico Museum to Launch Name Into Space,Museum Launch Names Space,New Mexico Museum Launch Name Space,New Mexic Museum to Launch Name Into Spac,Museum Lan Spa
ebay Fun and Holy Toast!,Sci/Tech,eBay fun and holy toast!,ebay Fun Holy Toast!,EBay fun toast!,eBay fun and holy toast!,eBay fun holy toast!
 #39;Hobbit #39; find raises debate on humanity,Sci/Tech,'hobbit find raise debate on human',Hobbit find raises debate humanity,hobbit raise debate human,'hobitt' find rais debat on humann,Hobbit find raise debate humanity
New MyDoom Variant Aims at IE Hole,Sci/Tech,New Doom Aim At IE Hole,New MyDoom Variant Aims IE Hole,New Doom Aim IE Hole,New MyDoom Variant Aims At IE Hole,New MyDoom Varient Aim IE Hole
Submarine Fire Survivors Tell of Blaze Horror,Sci/Tech,Submarine Fire Survivor Tell Blaze Horror,Submarine Fire Survivors Tell Blaze Horror,Submarine Fire Survivor Tell Blaze Horror,Submarin fire surviv tell blaz horrorz,Submarin fire surviv tell blaze horr
Euro supercomputer network boots up,Sci/Tech,Euro supercomputer network boot up,Euro supercomputer network boots up,Euro supercomputer network boot,euro supercomput networ boot up,euro supercomput netw boot up
Microsoft Entering the Anti-Spyware Market,Sci/Tech,Microsoft Enter the Anti-Spyware Market,Microsoft Entering Anti-Spyware Market,Microsoft Enter Anti-Spyware Market,Microsoft Enter Anti-Spyware Market,Microsoft Enter Anti-Spyware Market
Who''s afraid of portable storage media?,Sci/Tech,Who be afraid of portable storage media?,afraid portable storage media,afraid portable storage media,who fear portabl storag media,afraid portabl storag medi
Intel Launches Next-Gen Chip,Sci/Tech,Intel Launch Next-Gen Chip,Intel Launches Next Gen Chip,Intel Launch Next-Gen Chip,Intel Launch Next-Gen Chip,Intell Launch Next Gen Chic
City poised to give,Business,City poised to give,City poised,City poised,City poise to give,Citi pose
Northrop Grumman to co-design Jupiter moons explorer for NASA,Sci/Tech,Northrop Grumman to co-design Jupiter moon explorer for NASA,Northrop Grumman Jupiter moons explorer NASA,Northrop Grumman Jupiter moon explorer NASA,northrop grumman to co-design jupiter moon explora for nasa,Northrop Grumman Jupit moon explora NASA
Microsoft Patches ISA Server 2000 Flaw,Sci/Tech,Microsoft Patch Isa Server 2000 Flaw,Microsoft Patches Server Flaw,Microsoft Patch Server Flaw,Microsoft Patch Isa Serv Flaw,Microsoft Patch Ser Flaw
Ubiquitous browser hole an easy target for scammers,Sci/Tech,Ubiquitous browser hole an easy target for scam,Ubiquitous browser hole easy target scammers,Ubiquitous browser hole easy target scam,Ubiquit brows hole easi target for scammer,Ubiquit brows hole easi target scammer
Apple unveils  #39;skinny #39; iMac G5,Sci/Tech,Apple unveil #39;skinny #39; iMac G5,Apple unveil skinny iMac G5,Apple unveil iMac G5,Apple unveil #39;skinny #39; iMac G5,Apple unveil skin iMac G5
Key Internet Domain Up For Grabs,Sci/Tech,Key Internet Domain Be Grab,Key Internet Domain Up Grabs,Key Internet Domain Grab,Key Int Net Dom Up For Grab,Key Int Domain Up Grab
Conway''s golden purse,Sci/Tech,Conway's golden purse,Conway golden purse,Conway golden purse,Conway's goldin purse,Conway golden purse
''Eco'' friendly fuel breakthrough,Sci/Tech,Eco friendly fuel breakthrough,Ecofriendly fuel breakthrough,Eco friendly fuel breakthrough,Eco友fuel突破,Ecofriendl fuel breakthroug
Microsoft Renews Push Into Entertainment Products,Sci/Tech,Microsoft Renews Push Into Entertainment Product,Microsoft Renew Push Entertainment Products,Microsoft Renew Push Entertainment Product,Microsoft Renew Push Into Entertain Prod,Microsoft Renew Push Entertain Prod
"RFID #39;s Impact On Supply Chains Grows, Execs Say",Sci/Tech,"rfid's impact on supply chains grows, execs say",RFID Impact Supply Chains Grows Execs Say,rfid impact supply chains grows execs say,"rfid's impact on supply chain grows, execs say",Rfid_impact_supply_chains_grow_exec_say
"Sun, Microsoft to Detail Interoperability",Sci/Tech,"Sun, Microsoft to Detail Interopergability",Sun Microsoft Detail Interoperability,Sun Microsoft Detail Interopergability,"Sun, Micrsoft to Detail Interoperaibiliti",Sun Micrsoft Detal Interopérabiliteit
Trade regulator to probe unfair trade allegations -report,Business,Trade regulate to probe unfair trade allegation -report,Trade regulator probe unfair trade allegations report,Trade regulate probe unfair trade allegation report,Traded regulato to probe unfa tr ade alledg -repor,Traded regul probe unfa trad alledg report
Hacker hits California university computer,Sci/Tech,Hacker hit California university computer,Hacker hits California university computer,Hacker California university computer,Hack hit California univ comput,Hack hit Caliiforni universit comput
 #39;Human Error #39; Crashed Britain #39;s DWP,Sci/Tech,Human Error Crash Britain DWP,Human Error Crashed Britain DWP,Human Error Crash Britain DWP,'human err crash britain dpw',Human Erro Crash Brittan DWP
Soccer Prodigy Adu Wins Cybersquatter Case,Sci/Tech,Soccer Prodigy Win Cybersquatter Case,Soccer Prodigy Adu Wins Case,Soccer Prodigy Cybersquatter Case,Socc prodigy adu win cybersquatt case,Socc Prodig Win Cas
Toshiba to boost flash chip output,Sci/Tech,Toshiba to boost flash chip output,Toshiba boost flash chip output,Toshiba boost flash chip output,Toshib to boost flash chit outpu,Toshib boost flash chip output
Cisco to acquire network monitoring provider NetSolve,Sci/Tech,Cisco to acquire network monitor provider NetSolve,Cisco acquire network monitoring provider NetSolve,Cisco acquire network monitor provider NetSolve,cisco to acquir netmonit provid netsolv,Ciscos acquir netmonit provid NetSolv
DVD Forum approves HD-DVD RW standard,Sci/Tech,DVD Forum approve HD-DVD RW standard,DVD Forum approves HD-DVD RW standard,DVD Forum approve HD-DVD RW standard,DVD Forum approve HD-DVD RW standard,DVD For RW stad批准
Wireless operators ink WiFi roaming agreements,Sci/Tech,Wireless operator ink WiFi roam agreement,Wireless operators ink WiFi roaming agreements,Wireless operator ink WiFi roam agreement,Wireless oper ink WiFi roam agree,Wireless oper ink WiFi roam agreem
Here''s the Hook: Gifts for Online Bill Payers,Sci/Tech,Here be the Hook: Gift for Online Bill Pay,Hook Gifts Online Bill Payers,Hook Gift Online Bill Pay,Here's the Hook: Gift for Online Bill Pay,Hook Gift Onlin Bill Pay
 #39;Skulls #39; Mobile Security Threat Seen Low-McAfee,Sci/Tech,Skull Mobile Security Threat Seen Low McAfee,Skulls Mobile Security Threat McAfee,Skull Mobile Security Threat McAfee,'Skull Mobile Secur Threat Seen Low-McAfee',Skull Mobile Securit Threat McFee
NVIDIA Partners With Sony,Sci/Tech,NVIDIA Partner With Sony,NVIDIA Partners Sony,NVIDIA Partner Sony,NVIDIA Partn Sony,NVIDI Partner Sony
Chavez urges opposition to recognize results of referendum,Business,Chavez urge opposition to recognize result of referendum,Chavez urges opposition recognize results referendum,Chavez urge opposition recognize result referendum,Chavez urge oppositi recogniz result referendi,Chavez urge oppositi recogniz result referend
&lt;cite&gt;Reg&lt;/cite&gt; hack in daring Gambia charity dash,Sci/Tech,Reg hack in daring Gambia charity dash,Reg hack daring Gambia charity dash,Reg hack daring Gambia charity dash,&lt;cite&gt;reg&lt;/cite&gt; hack in daring gambi charit dash,Reg hack dang charit dashing
France to Host Nuclear Fusion Project - EU Source (Reuters),Sci/Tech,France host nuclear fusion project - EU source (Reuters),France Host Nuclear Fusion Project EU Source Reuters,France host nuclear fusion project EU source Reuters,franc to host nucle fus project - eu sourc reut rins,France Host Nucle Fus Proj EU Sourc Reut
"Bank of America to deploy 180,000 IP phones",Sci/Tech,Bank deploy IP phone,Bank America deploy IP phones,Bank deploy IP phone,Bank deploy IP phone,Bank Amer dep IP phon
Scientists Find Gene Clue in Hunt for AIDS Vaccine (Reuters),Sci/Tech,Scientists Find Gene Clue in Hunt for AIDS Vaccine,Scientists Find Gene Clue Hunt AIDS Vaccine,Scientists Find Gene Clue Hunt AIDS Vaccine,Scienci find gene clue in hunt for AIDS vaccin (Reuter),Scientists Find Gene Clue Hunt Aid Vaccin
Sony shrinks PlayStation 2,Sci/Tech,Sony shrink PlayStation 2,Sony shrinks PlayStation,Sony shrink PlayStation 2,Son shrink PlaySt stage,Son shrink PlaySton
US counties sue Microsoft,Sci/Tech,US county sue Microsoft,US counties sue Microsoft,US county Microsoft,US counti su Microsoft,US counti sue Microsoft
\$1 million bond set for alleged spammer #39;s freedom,Sci/Tech,1 million bond set for alleged spammer's freedom,\$ million bond set alleged spammer freedom,1 million bond set alleged spammer freedom,1 million bond set for alleged spammerr's freedom,\$ miliun bon set alge spamer freedm
IBM reclaims top supercomputer crown for U.S.,Sci/Tech,IBM reclaim top supercomputer crown for U.S.,IBM reclaim supercomputer crown U.S.,IBM reclaim top supercomputer crown U.S.,ibm reclaim top supercomputer crown u.s.,ibm reclaim supercomput crown us
Apple iTunes to Carry New Band Aid Single (AP),Sci/Tech,Apple iTunes carry new Band Aid single AP,Apple iTunes new Band Aid Single,Apple iTunes carry new Band Aid single,Appl itun to Car Car New Band Aid Sing (AP),Applem itunes new Band Aid Singl
"Opportunity rover stumbles upon rocky, maybe watery, find",Sci/Tech,"opportunity rover stumble upon rocky, maybe watery, find",Opportunity rover stumbles rocky maybe watery find,opportunity rover find,"opportunity rover stumble upon rocky, maybe watery, find",opportunity rover stumble rocky maybe watery find
Film renters applaud change,Business,Film renter applaud change,Film renters applaud change,Film renter change,Films renter appl audi change,Films renter applaud chang
Intel Acquires Chip Designers From HP,Sci/Tech,Intel Acquire Chip Designer From HP,Intel Acquires Chip Designers HP,Intel Acquire Chip Designer HP,Intell Acquir Chip Desig From HPI,Intell Acquir Chip Desig HP
Carl Reiner: Comedy as a Life #39;s Work,Sci/Tech,Carl Reiner: Comedy as a life's work,Carl Reiner Comedy Life Work,Carl Reiner Comedy life's work,carl rein comedi life work,Carl Reincomedy lifework
Nokia: Consumers increasingly giving up their fixed line phones,Sci/Tech,Nokia: Consumer give up fixed line phone,Nokia Consumers increasingly giving up fixed line phones,Nokia Consumer fixed line phone,Nokia: Consumew increasin give up fixed lin phon,Nokiam.Consumer.increasin.give.up.fix.line.phone
Kraft Macaroni and Cheese,Sci/Tech,Kraft Macaroni and Cheese,Kraft Macaroni Cheese,Kraft Macaroni Cheese,Kraft Macaroni and Chees,Kraft Macaroni Chees
Toshiba Promises Laptops with HD-DVD Next Year,Sci/Tech,Toshiba Promise Laptop with HD-DVD Next Year,Toshiba Promises Laptops HD-DVD Next Year,Toshiba Promise Laptop HD-DVD Next Year,Toshib Promis Lap With HD-DV Next Yea,Toshib Promis Lapto HD-DV Next Yea
Intel Cuts Prices on Laptop Computer Chips,Sci/Tech,Intel Cut Price on Laptop Computer Chip,Intel Cuts Prices Laptop Computer Chips,Intel Cut Price Laptop Computer Chip,Intel Cut Price On Lapt Comput Chip,Intel Cut Price Lapt Comput Chip
Wine.com Raises Another  #36;20 Million in Funding (Reuters),Sci/Tech,Wine.com Raise Another  $20 Million in Funding (Reuters),Wine.com Raises Funding,Wine.com Raise Another $20 Million Funding,Wine.com Rais Another $20 Million in Fund (Reut),Wine.com Raise Fund
 #39;Grand Theft Auto #39; Seen Breaking Games Sales Record,Sci/Tech,grand theft auto see break game sales record,Grand Theft Auto Seen Breaking Games Sales Record,grand theft auto game sales record,'grand theft auto seen break game sale record',Grand Steal Auto Seen Break Game Sale Record
Sony PSP: December 12th 2004 \$185,Sci/Tech,Sony PSP: December 12 2004 $185,Sony PSP December 12th 2004 185,Sony PSP December 12 2004 185,Son PSP: Decemb 12th 2004 \$\185,Sonypspsdec12th2004185
Discovery of water on Mars tops scientific achievements of the &lt;b&gt;...&lt;/b&gt;,Sci/Tech,Discovery of water on Mars top scientific achievement of the...,Discovery water Mars tops scientific achievements,Discovery water Mars top scientific achievement,Discover top sci achiev,Discover wat Mars top sci achieve
Saudis balk at quota increase,Business,Saudis balk at quota increase,Saudis balk quota increase,Saudis balk quota increase,Saud balk at quot increas,Saudis balk quota increas
Higher bid for PeopleSoft? (TheDeal.com),Sci/Tech,Higher bid for PeopleSoft? (TheDeal.com),Higher bid PeopleSoft,Higher bid PeopleSoft,Higher bid for PeopleSoft? (TheDeal.com),High bid People
Intel Testing Rosedale WiMax Chip,Sci/Tech,Intel Test Rosedale WiMax Chip,Intel Testing Rosedale WiMax Chip,Intel Test Rosedale WiMax Chip,IntelliTestRoseldWiMaxChipp,IntelliTestRos WiMaxChic
"Technologies, Inc. (NYSE:SBL), The Enterprise Mobility Company(TM) &lt;b&gt;...&lt;/b&gt;",Sci/Tech,"Technology, Inc. (NYSE:SBL), The Enterprise Mobility Company(TM)...",Technologies Inc NYSE SBL Enterprise Mobility Company,Technology Inc NYSE SBL Enterprise Mobility Company,"Technologie, Inc. (NYSE:SBL), The Enterpris Mobilit Company(TM) &lt;b&gt;...&lt;/b&gt;",Techology Inc NYSE SBL Enterpris Mobil Compny
Gartner: Half of U.S. IT operations jobs to vanish,Sci/Tech,Gartner: Half of U.S. IT operation job to vanish,Gartner Half U.S. IT operations jobs vanish,Gartner Half U S IT operation job vanish,Gartnen hal van U.S. IT opertion job to vanis,Gart半 U.S. IT operat job vanis
Seagate Offers Record 400 GB Hard Drive,Sci/Tech,Seagate Offer Record 400 GB Hard Drive,Seagate Offers Record GB Hard Drive,Seagate Offer Record Hard Drive,Seagate Offer Recor 400 GB Hard Driv,Seagat Offer Recor GB Hard Driv
"Annan Backs Stem Cell Studies, Differs with Bush",Sci/Tech,"Annan Back Stem Cell Study, Differ With Bush",Annan Backs Stem Cell Studies Differs Bush,Annan Stem Cell Study Differ Bush,An Back Stem Cell Studi Differ Bush,Ann Backs Stem Cell Studi Diff Bush
"Mars Hills, Crater Yield Evidence of Flowing Water",Sci/Tech,"Mars Hill, Crater Yield Evidence of Flow Water",Mars Hills Crater Yield Evidence Flowing Water,Mars Hill Crater Yield Evidence Flow Water,"Mars Hill, Crater Yield Evide Flow Wat",Mars Hill Crater Yield Evide Flow Wat
"Gordon Cooper, NASA Mercury Pioneer, Dies (AP)",Sci/Tech,"Gordon Cooper, NASA Mercury pioneer, die",Gordon Cooper NASA Mercury Dies,Gordon Cooper NASA Mercury die,Gordn Nasa Mercuri Pione D_die (AP),Gord NASA Mercuri Die
Group: Species Harming Lakes'' Food Web (AP),Sci/Tech,Group: Species Harm Lake Food Web AP,Species Harming Lakes Food Web,Species Harm Lake Food Web,Group: Speci Harming Lake Web AP,Species Harm Lake Food Web
Toshiba to Launch HD DVD Notebook PCs in Q4 2005,Sci/Tech,Toshiba to Launch HD DVD Notebook PC in Q4 2005,Toshiba Launch HD DVD Notebook PCs Q4 2005,Toshiba Launch HD DVD Notebook PC Q4 2005,Toshib to Lanc HD DVD Notb PC in Q4 2005,Toshib Toshib Launch HD DVD Noteb PC Q4 2005
Congress Votes to Extend Tax Cuts,Business,Congress Vote Extend Tax Cut,Congress Votes Extend Tax Cuts,Congress Vote Extend Tax Cut,Congres Vote Extendl Tax Cut,Congres Vote Extendl Tax Cut
Symantec Rumored To Be Negotiating with Veritas (NewsFactor),Sci/Tech,Symantec Rumor To Be Negotiate With Veritas News Factor,Symantec Negotiating Veritas,Symantec Negotiate Veritas,Symantec Rumor To Be Negotiat With Veritas NewsFactor,Symantec Negotiat Veritas
Expedition 10 Crew Successfully Launches Into Space (SPACE.com),Sci/Tech,Expedition Crew Successfully Launch Into Space,Expedition Crew Successfully Launches Space,Expedition Crew Launch Space,Expedit success launch into spac,Expedit Crew Successfull Launch Space
IBM Deal Puts Lenovo on Global Stage (washingtonpost.com),Sci/Tech,ibm deal put lenovo on global stage,IBM Deal Puts Lenovo Global Stage,ibm deal Lenovo global stage,ibm deal put lenovo on global stage,ibm deal put lenovo glob stage
Hollywood lawsuits to strike Net pirates,Sci/Tech,Hollywood lawsuit strike Net pirate,Hollywood lawsuits Net pirates,Hollywood lawsuit Net pirate,hollywood suit strik net pirate,hollywood suit net pirate
Review: Game Boy Add-On Video Is Limiting (AP),Sci/Tech,Review: Game Boy Add-On Video Be Limiting (AP),Review Game Boy Add-On Video Limiting,Review Game Boy Add-On Video Limiting,Review: Game Boy Add Video Is Limit (AP),Rev Game Boy Add Vide LimiT
IBM reports surge in network attacks,Sci/Tech,IBM report surge in network attack,IBM reports surge network attacks,IBM report surge network attack,IBM report surge in network attack,IBM repor surg network attack
Intel Still Straining,Sci/Tech,Intel Still Strain,Intel Straining,Intel Strain,Intell Strain,Intell Strain
Google Releases Desktop Search Tool,Sci/Tech,Google Release Desktop Search Tool,Google Releases Desktop Search Tool,Google Release Desktop Search Tool,Google Releas Deskt Searc Too,Google Releas Deskt Searc Too
Napster Launches Music-To-Go Service (NewsFactor),Sci/Tech,Napster Launch Music-To-Go Service,Napster Launches Music-To-Go Service,Napster Launch Music-To-Go Service,Napsit Luncs Mucs-To-Go Srvic (NewFact),Napst Lar Mun-Tog Servic
U.S. Army Aims to Halt Paperwork with IBM System,Sci/Tech,U.S. Army Aim To Halt Paperwork With IBM System,U.S. Army Aims Hal Paperwork IBM System,U.S. Army Aim Halt Paperwork IBM System,us army aim halt paperwork with ibm system,U.S. Arm Aim Hal Pap Work IBM Syst
Business ; Chinese Inflation Drops Sharply,Business,Business Chinese Inflation Drop Sharply,Chinese Inflation Drops Sharply,Business Inflation Drop Sharply,Busines ; Chin Infla Drop Sharply,Chines Inflaton Drop Sharply
"Arthritis drug a heart attack risk, study finds",Business,"Arthritis drug have heart attack risk, study find",Arthritis drug heart attack risk study finds,Arthritis drug heart attack risk study,"Arthritis drug a heart attack risk, stud find",Arthritis drg hrt attk rsk stdy fnd
Google and Microsoft to update data sharing,Sci/Tech,Google and Microsoft to update data share,Google Microsoft update data sharing,Google Microsoft update data share,google and microsoft to updat data shar,Google Microsoft updat dat shar
Reciprocal Links Are Not Evil,Sci/Tech,Reciprocal Link Not Evil,Reciprocal Links Evil,Reciprocal Link Evil,Reciproc Link Not Evil,Reciproc Link Evil
X Prize for Nanotech?,Sci/Tech,X Prize for Nanotech?,X Prize Nanotech,X Prize Nanotech,X Priz for Nantech?,X Priz Nanotech
Siemens 65 Series Bug could cause Hearing Damage,Sci/Tech,Siemens 65 Series Bug could cause Hearing Damage,Siemens Series Bug cause Hearing Damage,Siemens Series Bug cause Hearing Damage,Siemens 65 Seri Bug could caus Hear Damag,Siemens Seri Bug caus Hear Damag
Google to back Microsoft browser foe?,Sci/Tech,google to back microsoft browser foe?,Google Microsoft browser,google back microsoft browser,goog back microsoft brows foe,Google Microsoft brows
BBC digital radio ''must evolve'',Sci/Tech,bbc digital radio must evolve,BBC digital radio evolve,bbc digital radio evolve,bbc digit radi must evol,BBC digit digital radio evolve
 Nintendo Ready to Take on Sony,Sci/Tech,Nintendo Ready to Take on Sony,Nintendo Ready Take Sony,Nintendo Ready Take Sony,Nintendo Readi to Tak Sony,Nintend Ready Tak Sony
Microsoft releases desktop search suite to testers,Sci/Tech,Microsoft release desktop search suite to tester,Microsoft releases desktop search suite testers,Microsoft release desktop search suite tester,Microsoft releas desktop search suite to test,Microsoft releas desktop search suite test
Cingular Wireless Makes Phone for Vision-Impaired,Sci/Tech,Cingular Wireless Make Phone for Vision-Impaired,Cingular Wireless Makes Phone Vision-Impaired,Cingular Wireless Phone Vision-Impaired,Cingul wireless mak phon for vision-impair,Cingul Wirel Make Phon Visi-Impai
"Nokia, Intel Join Forces to Develop Symbian Phones (Reuters)",Sci/Tech,"Nokia, Intel join force to develop Symbian phone (Reuters)",Nokia Intel Join Forces Develop Symbian Phones,Nokia Intel join force develop Symbian phone,"Nokيا, Inte_join_forc_to_devel_Symbi_phon_(Reutri)",Noki Int Join Forc Dev Symbi Phon
Cisco Extends Catalyst Switching Products for SMBs,Sci/Tech,Cisco Extends Catalyst Switching Product for SMBs,Cisco Extends Catalyst Switching Products SMBs,Cisco Extends Catalyst Switching Product SMBs,cisco extend catalyst switch product smb,cisco exten catalyst switch prod smb
Microsoft to release Longhorn in  #39;06,Sci/Tech,Microsoft to release Longhorn in 2006,Microsoft release Longhorn 2006,Microsoft release Longhorn 2006,Microsoft to releas longhorn in  #39;06,Microsoft releas longhorn 2006
SpaceShipOne named Time #39;s  quot;Invention of the Year quot;,Sci/Tech,SpaceShipOne name Time's Invention of the Year,SpaceShipOne Time's Invention of the Year,SpaceShipOne Invention Year,SpaceShipp one name Tim s Inven tion of the Y ear,SpaceShip One Time's Invention Year
Former Dot-Com Hero Faces Closure,Sci/Tech,Former Dot-Com Hero Face Close,Former DotCom Hero Faces Closure,Former Dot-Com Hero Face Close,Former Dot-Com Hero Face Close,Former DotCom Hero Face Close
Compuware Blasts IBM''s Legal Tactics (NewsFactor),Sci/Tech,Compuware Blasts IBM's Legal Tactics (NewsFactor),Compuware IBM Legal Tactics,Compuware Blasts IBM Legal Tactics,Compuwat Blast IBM Lega Tact Newsfact,Compupar IBM Ligual Tactic
AMD Opteron Chills Out with Power Management,Sci/Tech,AMD Opteron cool with power manage,AMD Opteron Power Management,AMD Opteron power manage,amd opteron chill out with power manage,AMDOpteronPowerManage
Google Results Rekindle Internet Fervor,Sci/Tech,Google Result Rekindle Internet Fervor,Google Results Rekindle Internet Fervor,Google Result Rekindle Internet Fervor,Google Result Rekindle Int Net Fervor,Google Result Rekindle Int Net Fervor
The Dream Factory,Sci/Tech,The Dream Factory,Dream Factory,Dream Factory,The Dream Fac,Dream Factory
Sun''s OpenSolaris Plans Start to Emerge (Ziff Davis),Sci/Tech,Sun's OpenSolaris plan start to emerge (Ziff Davis),Sun OpenSolaris Plans Emerge,Sun OpenSolaris plan start emerge,Sun's OpenSolars Plans Start to Emerge (Ziff Davis),Sun Opensolaris Plans Emerg
Pulp Fiction writer sues Microsoft,Sci/Tech,Pulp Fiction writer sue Microsoft,Pulp Fiction writer Microsoft,Pulp Fiction writer sue Microsoft,Pulp Ficti writ su Microsoft,Pulfi Ninct Writ Micrsoft
Sky is the limit,Business,Sky be the limit,Sky limit,Sky limit,sky limite,Sky limitt
CEOs  #39;too trusting #39; of outsourcer #39;s security,Sci/Tech,ceo trust outsource security,CEOs trusting outsourcer security,ceo trust outsource security,CEOs too trus outsourc secut,CEOs trus outsourc secur
BellSouths RealPages to Sell Google AdWords,Sci/Tech,Bellsouth realpage sell google adword,BellSouth RealPages Sell Google AdWords,Bellsouth Realpage sell Google Adword,BellsRealPagstoSellGooglAdWords,BellS RealPag Sell Googl AdWor
Supercomputer for the Home (The Motley Fool),Sci/Tech,Supercomputer for home (The Motley Fool),Supercomputer Home Motley Fool,Supercomputer home Motley Fool,Supercomputr hom (th Motly Fool),Supercomput Stem Hom Motley Fool
"Killer whales, newborns in tow, head south",Sci/Tech,"Killer whale, newborn, head, south",Killer whales newborns tow head south,"Killer whale, newborn","kill whal, newborn in tow, head south",Kill鲸baby tow head south
Cut-down Windows XP released in India,Sci/Tech,Cut Windows release in India,Cut-down Windows XP released India,Cut Windows release India,Cut Dow Windows XP releas in Indi,Cut Down Wind XP releas Indiad
Firefox browser helps you make the most of your time online,Sci/Tech,Firefox browser help you make the most of your time online,Firefox browser helps make most time online,Firefox browser help make most time online,firefox browser help you make most of time online,Firefox brows help mak most tim online
SAP To Build New Human Resources System for US Postal Service,Sci/Tech,SAP To Build New Human Resources System for US Postal Service,SAP Build New Human Resources System US Postal Service,SAP Build New Human Resources System US Postal Service,sap to build new human resourc system for us postal servic,SAP Build New Hum Man Resour System US Post Serv
Apple iPod from HP (iPodhp),Sci/Tech,Apple iPod from HP (iPod hp),Apple iPod HP,Apple iPod HP,Applem iPodf HP (iPodhp),Applem iPod HP
Grand Theft Auto: San Andreas Official Soundtrack Double CD,Sci/Tech,Grand Theft Auto: San Andreas Official Soundtrack Double CD,Grand Theft Auto San Andreas Official Soundtrack Double CD,Grand Theft Auto San Andreas Official Soundtrack Double CD,Grand Theef Auto: San Andrea Official Soundtrack Double CD,Grand Theft Auto Soundtrack Double CD
Fake David Beckham Pictures Launch Trojan Horse Virus,Sci/Tech,Fake David Beckham Picture Launch Trojan Horse Virus,Fake David Beckham Pictures Trojan Horse Virus,Fake David Beckham Picture Launch Trojan Virus,Fake Daviddbeckamp Picture Launch Trojan Horse Virus,Fake David Beckham Pic Trojan Horse Virus
Study: Government data limited on offshoring,Business,Study: government data limit offshoring,Study Government data limited offshoring,Study government data limit offshoring,Stud: Govt Data Limite On Offshor,Stud Government dat limit offshor
Bush vs. the Laureates: How Science Became a Partisan Issue,Sci/Tech,bush vs. laureate how science become a partisan issue,Bush Laureates Science Partisan Issue,bush vs laureate science partisan issue,bush vs. laur: how sci become partis issue,Bush Laureate Sci Partisan Issu
New Toshiba notebooks highlight long-running trend,Sci/Tech,New Toshiba notebook highlight long-running trend,New Toshiba notebooks highlight long-running trend,New Toshiba notebook highlight long-running trend,New Toboso noteboo highlight long-run trend,New Toboso nobook highligh long-run trend
New Crew Ready for Space Station Mission,Sci/Tech,New Crew Ready for Space Station Mission,New Crew Space Station Mission,New Crew Space Station Mission,New Crew Readi spac Establ Missi,New Crew Space Statn Missin
Lessons from a quake that came 16 years late,Sci/Tech,Lessons from a quake that came 16 years late,Lessons quake came 16 years late,Lessons quake came 16 years late,Lessson fro quak that cam 16 year lat,Lesson quake cam 16 year late
ICANN Stands To Reap Windfall from New Domain Fee,Sci/Tech,ICANN Stand To Reap Windfall From New Domain Fee,ICANN Stands Reap Windfall New Domain Fee,ICANN Stand Reap Windfall New Domain Fee,ICANN Stand St To R reap Windfall Fr New Domai Fee,ICANN Stand Reap Windfall New Domai Fee
News: DIY phishing kits hit the Net,Sci/Tech,News: DIY phishing kit hit the Net,News DIY phishing kits hit Net,News DIY phishing kit Net,News: DIY phish kit hit the Net,News DIY phish kit hit Net
Intel planning Centrino-like brand for desktops,Sci/Tech,Intel plan Centrino like brand for desktop,Intel planning brand desktops,Intel plan Centrino desktop,intel plan desk top like brand,Intelli plan brand desk-top
Web Sites Agree to Be Accessible to Blind,Sci/Tech,Web Site Agree To Be Accessible To Blind,Web Sites Agree Accessible Blind,Web Site Agree Accessible Blind,Web Sit Agre To Be Access To Blin,Webs Site Agre Acces Blind
Spam Slayer: Tracking Spam to Its Source,Sci/Tech,Spam Slaver: Track Spam to Its Source,Spam Slayer Tracking Source,Spam Slaver Track Source,Spam Slv Trckng Spm t Its Src,Spam Slav Track Sourc
PalmSource Buy Yields New OS,Sci/Tech,PalmSource Buy Yield New OS,PalmSource Buy Yields New OS,PalmSource Buy Yield New OS,PalmBuyYieldNewOS,PalmBuyYieldNewOS
Brazil Successfully Launches Its First Rocket To Space,Sci/Tech,Brazil Successfully Launch Its First Rocket To Space,Brazil Launches First Rocket To Space,Brazil Successfully Launch First Rocket Space,Brazil Succefull Launch Its First Rockets To Space,Brazil Launches First Roc To Spa
"What will you give up, just to get some work?",Sci/Tech,What will you give just to get some work?,What give work,What give get some work?,"What will you give up, just to get some work?",What give work
Blogger father resigns from Google,Sci/Tech,Blogger father resign from Google,Blogger father resigns Google,Blogger father resign Google,Blogg father resign from Goog,Blogg father resigns Googl
Sun-Microsoft work might leave standards rift,Sci/Tech,Sun-Microsoft work might leave standard rift,Sun Microsoft work might leave standards rift,Sun Microsoft work standard rift,sun-microsoft-work-might-leave-standard-rift,Sun Micr work might leave stand rift
Europe #39;s most powerful supercomputer unveiled,Sci/Tech,Europe's most powerful supercomputer unveiled,Europe most powerful supercomputer unveiled,Europe most powerful supercomputer unveiled,Europe #39;s most powrful supercomput unveil,Europe most powerfull supercomput unraveled
EBay shelves plan to axe Half.com unit,Sci/Tech,eBay shelves plan to axe half unit,EBay shelves plan axe Half unit,eBay shelves plan axe half unit,eBay shelve plan to axe half unit,Ebay shelve plan axe hal unit
MPAA Bolsters Anti-Piracy Efforts,Sci/Tech,MPAA Bolster Anti-Piracy Effort,MPAA Bolsters Anti-Piracy Efforts,MPAA Bolster Anti-Piracy Effort,MPAA Bolster Anti-Piracy Effort,MPAA Bolster Anti-Piracy Effort
Oracle Insists Bid for PeopleSoft Is Final as Deadline Approaches,Sci/Tech,Oracle Insist Bid for PeopleSoft Be Final as Deadline Approach,Oracle Insists Bid PeopleSoft Final Deadline Approaches,Oracle Insist Bid PeopleSoft Final Deadline Approach,Oracle Insist Bid For Perso Is Final As Deadlin Approach,Oracle Insist Bid PeopleSoft Final Deadlin Approach
SANDISK Introduces High Performance Flash Memory Cards,Sci/Tech,sandisk introduce high performance flash memory card,SANDISK Introduces High Performance Flash Memory Cards,Sandisk introduce high performance flash memory card,SANDISK Introdus high perform flash memor card, SANDIS Introduc HIGH Perform flash memory card
European supermarket chain extends RFID push,Sci/Tech,European supermarket chain extend RFID push,European supermarket chain extends RFID push,European supermarket chain RFID push,europe supermarket chain extend rfid push,europe supermarket chain extend rfid push
Microsoft Ends Decade of US Antitrust Litigation,Business,Microsoft End Decade US Antitrust Litigation,Microsoft Ends Decade Litigation,Microsoft End Decade US Antitrust Litigation,Microsoft End Deca US Antitrig Litig,Microsoft End Decade Litigati
Cingular Raises Profit Outlook,Sci/Tech,Cingular Raise Profit Outlook,Cingular Raises Profit Outlook,Cingular Raise Profit,Cingul Raise Profitt Outlin,Cingul rais profi outlo
Microsoft email  #39;caller ID #39; questioned,Sci/Tech,Microsoft email caller ID question,Microsoft email caller ID questioned,Microsoft email caller ID question,micrsoft emai call id questiون,Microsoft email call ID question
"IBM #39;s Power5 beast takes on Sun, HP - and IBM",Sci/Tech,"ibm's power5 beast take on sun, hp - and ibm",IBM Power5 beast takes Sun HP IBM,ibm power5 beast take sun hp ibm,ibm power beast take sun hp - and ibm,ibm powe beast tak sun hp ibm
Attachmate details new Synapta tools,Sci/Tech,Attach detail new tool,Attachmate details new Synapta tools,Attach detail new tool,Attachmet detail new Synapt tool,Attachmete detail new Synapta too
Intel unveils new chip platform,Sci/Tech,Intel unveil new chip platform,Intel unveils new chip platform,Intel unveil new chip platform,Intel univ new ch platform,intel unveils new chip plat
"Asteroid Comes Closest to Earth Since 12th Century, NASA Says",Sci/Tech,"Asteroid Come Closest to Earth Since 12th Century, NASA Say","Asteroid Comes Closest Earth Since 12th Century, NASA Says",Asteroid Come Closest Earth Since 12th Century NASA Say,"Asteroid Come Closest To Earth Since 12th Century, Nasa Say","Asteroid Come Closest Ear Since 12th Centur, NASA Say"
Apple plans Toronto retail store,Sci/Tech,Apple plan Toronto retail store,Apple plans Toronto store,Apple plan retail store,App plann Toront retail stor,App plann Toront stor
Microsoft Help Promotes Google Web Search,Sci/Tech,Microsoft Help Promote Google Web Search,Microsoft Google Web Search,Microsoft Help Google Web Search,Microsoft Help Promot Google Web Search,Micross Microsoft Goog Google Web Serch Search
Axim X30 Getting Windows Media Player Update,Sci/Tech,Axim get Window Media Player update,Axim X30 Windows Media Player Update,Axim Window Media Player update,Axim Win Media Play Updat,Axim Win media play updat
Swiss referendum tests virtual democracy,Sci/Tech,Swiss referendum test virtual democracy,Swiss referendum tests democracy,Swiss referendum test virtual democracy,Swiss referendump test virtual democrac,Swiss referendump test democracy
Some Scientists are Looking to Fat for Stem Cells,Sci/Tech,Some Scientist look to Fat for Stem Cell,Scientists Looking Fat Stem Cells,Scientist look Fat Stem Cell,Some Scienc fat for Stem Cell,Scienci look fat stem cell
InPhonic Shares Gain During Debut,Sci/Tech,InPhonic Share Gain During Debut,InPhonic Shares Gain Debut,InPhonic Share Gain Debut,InPhon Gain Dur Debut,InPhon Gain Debut
Oracle gets Europe''s approval to buy PeopleSoft (USATODAY.com),Sci/Tech,Oracle get Europe's approve to buy PeopleSoft (USATODAY.com),Oracle Europe approves buy PeopleSoft,Oracle Europe approve buy PeopleSoft,Oracle get Europe's approval to buy PeopleSoft,Oracle Eur approves buy Peoples
Australia Says It''s Starting to Win Its Locust War (Reuters),Sci/Tech,Australia Say Start Win Locust War Reuters,Australia Says Starting Win Locust War,Australia Win War,australia say start win locust war reuter,Austrailia Say Start Win Locust War
Gmail starts to download messages,Sci/Tech,Gmail start download message,Gmail starts download messages,Gmail start download message,Gmail start download message,Gmail start download message
Acid Rain Pollution Up 4 Percent in 2003 (AP),Sci/Tech,Acid Rain Pollute Up 4 Percent in 2003 (AP),Acid Rain Pollution Up Percent,Acid Rain Pollute Percent 2003,Acid Rain Pollut Up 4 Percent In 2003 (AP),Acid Rain Pollut Up Perceni
Mutating Bots May Save Lives,Sci/Tech,Mutate Bot Save Life,Mutating Bots Save Lives,Mutate Bot Save Life,Mutat Bot May Sav Lif,Mutat Bot Sav Lif
Oracle warns of exploits for latest DB flaws,Sci/Tech,Oracle warn of exploit for latest DB flaw,Oracle warns exploits latest DB flaws,Oracle warn exploit latest DB flaw,Oracle warn of exploit for latest DB flaw,Oracle warn exploit late DB flaw
"PalmSource to Acquire China MobileSoft, Develop for Linux",Sci/Tech,"PalmSource acquire China MobileSoft, develop for Linux",PalmSource Acquire China MobileSoft Develop Linux,PalmSource China MobileSoft develop Linux,"PalmSourc to Acquir Chin MobilSoft, Devel for Linu",PalmSourCh AcquirCh Chin MobileSof Develop Linux
"SNW  #39;04: Eyeing on-demand storage, IBM refreshes software",Sci/Tech,"SNW #39;04: Eye on-demand storage, IBM refresh software",SNW 04 Eyeing on demand storage IBM refreshes software,Eye on-demand storage IBM refresh software,"SNW  #39;04: Eyin on-demand storag, IBM refres softwar",SNW 04 Eye dem stor IBM refres softwat
NASA: Spaceport Should Withstand Ivan (AP),Sci/Tech,NASA: Spaceport Should Withstand Ivan (AP),NASA Spaceport Should Withstand Ivan,NASA Spaceport Should Stand Ivan,nasa: spaceport should withstand ivan (ap),Nas Sporp Shoul Wthstnd Ivан
"Inkjets Shrink, and Hewlett Sees Many New Uses",Sci/Tech,"Inkjet shrink, and Hewlett see many new use.",Inkjets Shrink Hewlett See New Uses,Inkjet shrink Hewlett new use,"Inkjet Shrink, Hewlett See Man New Use",Inkjet shrink Hewlett see new use
U2 Whining Like A Small Child:  quot;Pay Attention To Meeee quot;,Sci/Tech,U2 whine like a small child: pay attention to me.,U2 Whining Small Child Pay Attention Me,U2 whine like small child pay attention me,u2 whin like small child pay attent to me,U2 Whin Small Child Pay Attent Me
Hurricane Spills Gallons of Acidic Waste (AP),Sci/Tech,Hurricane Spill Gallon Acid Waste AP,Hurricane Spills Gallons Acidic Waste,Hurricane Gallon Acid Waste,Hurrican spill gallon acid waste AP,Hurrican Spill Gallon Acidic Waste
Poland Based Pirate Ring Collared,Sci/Tech,Poland Based Pirate Ring Capture,Poland Pirate Ring Collared,Poland Pirate Ring Capture,Poland Base Pirat Ring Collar,Poland Pirat Collar
Resort town becomes wireless hotspot #39;,Sci/Tech,Resort town become wireless hotspot,Resort town becomes wireless hotspot,Resort town wireless hotspot,Resort town become wireless hotspot,Resort town become wireless hotspot
Brazil Garbage Dump Could Be Climate Trailblazer (Reuters),Sci/Tech,brazil garbage dump could be climate trailblazer,Brazil Garbage Dump Could Be Climate Trailblazer,brazil garbage dump climate trailblazer,braz garb dump could be clim trailblazer (reut),braz garb dump could be clim trailblaz
Site eases voter registration (SiliconValley.com),Sci/Tech,Site ease voter register (SiliconValley.com),Site eases registration,Site ease voter register,Site ease voter registrie (SiliconValley.com),Site ease registrie
Emerson Pushes Boundaries Of IT,Sci/Tech,Emerson Push Boundary Of IT,Emerson Pushes Boundaries IT,Emerson Push Boundary IT,Emerson Pushs Boundar Of IT,Emerso Push Boun IT
A breed apart,Business,A breed apart,A breed apart,A breed apart,A breed apart,A bred apart
Serf''s Up in the Video Game Industry,Sci/Tech,Serf Up in the Video Game Industry,Serf Up Video Game Industry,Serf Video Game Industry,Serf's Up in the Video Gam Up Industr,SerfUp VideoGame Industry
News: IE in fresh security drama,Sci/Tech,News: IE be in fresh security drama,News fresh security drama,News: IE fresh security drama,News: Brows insecure sec dram,News fresh securit dram
VeriSign tallies \$40.3M net income in Q3,Sci/Tech,VeriSign tally $40.3M net income in Q3,VeriSign tallies net income Q3,VeriSign tally net income Q3,VeriSign tallY \$40.3M net incOme in Q3,VeriSign tally net income Q3
Borland stresses easing software project burdens,Sci/Tech,Borland stress ease software project burden,Borland stresses easing software project burdens,Borland stress ease software project burden,Bor stress ease soft project burden,Bor stress ease soft project burden
AT T slashes Net telephony rates,Sci/Tech,AT&T slash net telephony rate,ATT slashes Net telephony rates,AT&T net telephony rate,AT slash Net telephony rate,ATT slas net telephon rate
Scientists Puzzled by Synchrony of Migratory Birds (Reuters),Sci/Tech,Scientists Puzzle by Synchrony of Migration Birds,Scientists Puzzled Synchrony Migratory Birds,Scientists Puzzled Synchrony Migration Birds,Scientists Puzzled by Syncrony of Migrat Bird,Sci puzzl synch migrat bird
Computerworld Data Points - CRM,Sci/Tech,Computerworld Data Point - CRM,Computerworld Data Points CRM,Computerworld Data Point CRM,Comput world Dat Point - CRM,Computeworld datapoint crm
Getting Burned? Put on a Shirt,Sci/Tech,Get Burn Put shirt,Getting Burned Shirt,Get Burn Put shirt,Get Burn Put Shirt,Get Burn Shirt
Scientists to Map Known Universe (AP),Sci/Tech,Scientists map known universe,Scientists Map Known Universe,Scientists map universe,Scienc map know univers,Scienc Map Know Univers
Lots of Science Intact in Smashed-Up Genesis Capsule (SPACE.com),Sci/Tech,Lot science intact in smashed up genesis capsule,Science Intact Genesis Capsule,Lot science intact smashed up genesis,Lots Sci Intact Smash Up Genes Capsul Spacecom,Scienc Integ Capsul
Greenspan: U.S. Needs to Cut Budget Gap (Reuters),Business,Greenspan: U.S. need to cut budget gap (Reuters),Greenspan U.S Needs Cut Budget Gap,Greenspan U.S need cut budget gap,Greenspan: U S need to cut budget gap Reuters,Greenspan U.S Need Cut Budget Gap
"Mozilla Gains Five Points, IE Slips Five",Sci/Tech,"Mozilla Gain Five Point, IE Slip Five",Mozilla Gains Points IE Slips,Mozilla Gain Five Point IE Slip Five,"Mozilla Gain Five Point, IE Slip Five",Mozill Gains Point IE Slip
Microsoft Intros Supercomputing SDK,Sci/Tech,Microsoft Intro Supercomputing SDK,Microsoft Intros Supercomputing SDK,Microsoft Supercomputing SDK,Microsoft Intro Supercomputing SDK,Microsoft Intro Supercomputing SDK
Ship invades space again to claim \$10 million,Sci/Tech,Ship invade space again to claim $10 million,Ship invades space claim \$10 million,Ship invade space claim million,Shipp invad spac agen to claim \$/10 million,Ship invad spac claim \$10 million
SHOPTALK: Don''t Tread On Me (AdWeek.com),Sci/Tech,shop talk: do not tread on me (adweek.com),SHOPTALK DON TREAD ME AdWeek com,shop talk do tread me,SHOPTALK: DON'T TREAD ON ME ADWK.com,SHOPTALK DON TREAD ME ADWK com
Beware parents: Some video games not for kids,Sci/Tech,Beware parent: Some video game not kid.,Beware parents: video games not kids,Beware parent video game kid,Beware parent: some video game not kid, Bewar parent: video game not kid
OpenGL updates graphics code,Sci/Tech,OpenGL update graphics code,OpenGL updates graphics code,OpenGL update graphics code,OpenG update graphic code,GL update graphic code
Apple plans Toronto retail store,Sci/Tech,Apple plan Toronto retail store,Apple plans Toronto store,Apple plan retail store,Applem plan Toronto retail stor,Applem plan Toront store
Mauritanian Capital Battles Locust Swarm (AP),Sci/Tech,Mauritanian Capital Battle Locust Swarm AP,Mauritanian Capital Battles Locust Swarm,Mauritanian Capital Battle Locust Swarm,Mauritani Capit Battl Locust Swar (AP),Mauritania Capit Battl Locust Swarm
Browsing at Google,Sci/Tech,Brows at Google,Browsing Google,Brows Google,brows,browsgoogl
Home Theater Maker Kaleidescape Hit with Copyright Suit,Sci/Tech,Home Theater Make Hit with Copyright Suit,Home Theater Maker Kaleidescape Hit Copyright Suit,Home Theater Hit Copyright Suit,Home Theater Mak Hit With Copyr Suit,Home Ther Make Kaleid Hit Copy Right Suit
"Production Grew, Prices Fell in July",Business,"Production Grow, Price Fall in July",Production Grew Prices Fell July,Production Grow Price Fall July,"Productions,Grew,Prices,Fell,july",Prod Grow Price Fall Jul
Iran to Comply with OPEC Output Quotas,Business,Iran to comply with OPEC output quota,Iran Comply OPEC Output Quotas,Iran comply OPEC output quota,Iran to Comply with OPEC Outpu Quot,Ira compl OPE out quotal
Cases examine alcohol shipments and ad campaign,Business,Case examine alcohol shipment and ad campaign,Cases examine alcohol shipments ad campaign,examine alcohol shipment ad campaign,cases examin alcohol shipm and ad campaign,Cases examin alcohol shipm ent ad campaign
MPAA Revives P-to-P Lawsuit,Sci/Tech,MPAA Revive P-to-P Lawsuit,MPAA Revives Lawsuit,MPAA Revive Lawsuit,MPAA Reviv P-to-P Lawsuit,MPAAR Reviv Lawsuit
Davenport out of WTA Championships,Sports,Davenport out of WTA Championship,Davenport out WTA Championships,Davenport out WTA Championship,Davenpo out of WT Champs,Davenpo out WTA Champio
McNabb throws four more touchdowns in ninth victory,Sports,McNabb throw four more touchdown in ninth victory,McNabb throws touchdowns victory,McNabb throw touchdown victory,McNabb throw four more touchdown in ninth victory,McNab throw touchdown victory
Fergie Hails Footballing  #39;Eccentric #39; Clough,Sports,Fergie Hail Football Eccentric Clough,Fergie Hails Footballing Eccentric Clough,Fergie Football Clough,Fergie Hail Football Eccen Tri Clough,Fergie Hail Football Eccentr Clough
Nebraska Tries to Forget 70-10 Flogging (AP),Sports,Nebraska Try To Forget 70-10 Flogging AP,Nebraska Tries Forget Flogging,Nebraska Try Forget Flogging AP,Nebrask Try Forget 70-10 Flog (AP),Nebrask Try Forget Flog
"We had no choice but to withdraw from Champions Trophy, says HA",Sports,"We have no choice but to withdraw from Championship, say HA.",We had choice no choice but withdraw Champions Trophy says HA,We choice no choice withdraw Championship say HA,"We hav no choic but to withdr from Champi Trophy, say HA",We hav choic no choic but withdrw Chmpn Trophe say HA
"Marino, Young, Irvin head NFL Hall of Fame first-timers",Sports,Marino be Young be Irvin head NFL Hall of Fame first-timer,Marino Young Irvin head NFL Hall of Fame first-timers,Marino Young head NFL Hall of Fame first-timer,"Marin, Young, Irvin head NFL Hall Fame first-timers",Marino Young Irvin head NFL Hall fame first-timer
Ichiro''s New Hit Record Stokes Japanese Pride (Reuters),Sports,Ichiro be New Hit Record Stoke Japanese Pride,Ichiro New Hit Record Stokes Japanese Pride,Ichiro New Hit Record Stoke Japanese Pride,Ichiros New Hit Recorde Stokes Japani Pride (Reutri),Ichiro Hit Record Stokes Japanese Pride
San Francisco Giants Team Report - September 30,Sports,San Francisco Giant Team Report - September 30,San Francisco Giants Team Report September 30,San Francisco Giant Team Report September 30,san francisco giant team report - september thirty,San Francisc Giants Team Repor Septemb
Gutierrez named Michigan #39;s starting QB,Sports,Gutierrez name Michigan's start QB,Gutierrez named Michigan starting QB,Gutierrez Michigan start QB,Gutierr nam Michigans start QB,Gutierr starting QB
Knicks swat Hornets 86-79,Sports,Knicks swat Hornets 86-79,Knicks swat Hornets,Knicks swat Hornets,Knick swat Hornet 86-79,Knick swat Hornet
UPDATE 1-Coulthard tests for Red Bull in Spain,Sports,UPDATE V-Coulthard test Red Bull Spain,Coulthard tests Red Bull Spain,UPDATE V Coulthard Red Bull Spain,UPDAT-ST 1- COULTHARD TESTS FOR RED BULL IN SPAIN,Coulthart test Red Bull Span
Boxers take more hits as Dirrell gets bronze,Sports,Boxer take hit as Dirrell get bronze,Boxers take hits Dirrell gets bronze,Boxer take hit Dirrell get bronze,Box hit Dirrel get bronz,Boxer take hit Dirrel get bronze
Funk finds winner #39;s circle again,Sports,Funk find winner's circle again,Funk finds winner's circle again,Funk winner circle,Funk find win circ again,Funk find win circ再次
Geiberger overcomes odds to lead,Sports,Geiberger overcome odd to lead,Geiberger leads,Geiberger lead,Geiberg lead,Geiberg lead
"ALL AUBURN, ALL NIGHT",Sports,"all auburn, all night",AUBURN NIGHT,auburn night,"ALL AUBURN, ALL NIGHT",AUBURN NIGHT
Ferdinand returns to United after eight month drug ban; Howard &lt;b&gt;...&lt;/b&gt;,Sports,Ferdinand return to United after eight month drug ban; Howard...,Ferdinand returns United eight month drug ban Howard,Ferdinand return United after eight month drug ban Howard,Ferdinand return United after eight month drug ban; Howard...,Ferdinand return United eight month drug ban Howard
Aussies prevail in SCG thriller,Sports,Aussie prevail in SCG thrill,Aussies prevail SCG thriller,Aussie prevail SCG thrill,Aussi prevai SCG thrill,Aussi prevai SCG thril
NU names seven to Hall,Sports,NU name seven to Hall,NU names seven Hall,NU name seven Hall,NU nam seven to Hall,NUnamessevenHall
Problems piling up for Chiefs,Sports,Problems pile up for Chiefs,Problems piling Chiefs,Problems pile Chiefs,Problем стліпію для Чіefs,Probl piling Chiefl
Markets keep eye on earnings,Business,Markets keep eye on earning,Markets earnings,Markets keep eye earning,Markets keep eye on earn,Markets earnin
Time to take care of business,Sports,Time to take care of business,Time take care business,Time take care business,Tim to tak car of busines,Tim tak car busin
Colorado Is Not Quite All Better,Sports,Colorado be not quite all better,Colorado Quite Better,Colorado not better,ColoRado Is Not Quot All Better,Colo Better
COLEMAN TIPS CHELSEA FOR TITLE,Sports,COLEMAN TIP CHELSEA FOR TITLE,COLEMAN TIPS CHELSEA TITLE,COLEMAN TIP CHELSEA TITLE,COLEMAN TIP CHELSEA TITLE,COLEMAN TIP CHELSEA TITLE
Packers Lose Shootout with Colts,Sports,Pack lose shoot out with colt,Packers Lose Colts,Pack shoot Colt,Pack Lose Shootou Colts,Packer Lose Colt
"Angels Nip A''s 5-3, Stay in AL West Race (AP)",Sports,"Angelsnip Ap5-3, Stayin in AL West Race (AP)",Angels Nip A Stay AL West Race,Angelsnip Ap53 Stayin West Race,"Angl Nip A''s 5-3, St Stn In AL West Rsc (AP)",Angl Nip A Stay AL West Rac
Championship season,Sports,Championship season,Championship season,Championship season,Championship sezson,Championship_season
Canes Reeling After Loss To UNC,Sports,Canes Reel After Loss To UNC,Canes Reeling Loss UNC,Canes Reel Loss UNC,Canes Reelin After Los To UNCW,Canes Reel Loss UNC
UPSET WIN IS  #39;TALK #39; OF TRACK,Sports,UPSET WIN IS 'TALK' OF TRACK,WIN TRACK,UPSET WIN,UPSET WIN ISN'T TALK OF TRACK,WIN TRACK
Moreno aids United,Sports,Moreno aid United, Moreno United, Moreno aid United,Moreno aid United,Moreno Unite
Baseball can #39;t hold out any longer on steroid issue,Sports,Baseball can not hold out any longer on steroid issue,Baseball steroid issue,Baseball steroid issue,Basebal can #39;t hol out any long on steroi issu,Baseball steroid issu
"Mauresmo Needs to Beat Serena, Hottest Russian to Finish No. 1",Sports,"Mauresmo Need to Beat Serena, Hottest Russian to Finish No. 1",Mauresmo Needs Beat Serena Hottest Russian Finish No. 1,Mauresmo Need Beat Serena Hottest Russian Finish No 1,"Mauresmo Need Beat Serena, Hott Russian Finish No. 1",Mauresmo Need Beat Seren Hot Russ Finis No 1
Dein peace vow undermined,Sports,Dein peace vow undermine,peace vow undermined,peace vow,Dein peac vow undermin,peac vow underminer
Clemson needs two OTs to dump Wake Forest,Sports,Clemson need two OT to dump Wake Forest,Clemson Wake Forest,Clemson Wake Forest,Clemson need two OT to dump Wake Forest,Clemson Wake Forest
Offense Is Steamrolled,Sports,Offence Be Steamroll,Offense Steamrolled,Offence Steamroll,Offens Steamroll,Offens Steamroll
Australian Rogers shines in Milan,Sports,Australien Rogers schneidet gut in Mailand,Rogers shines Milan,Australien Rogers schneidet gut,Austrailian Roger shine in Milano,Rog shine Milan
Acquaintances hope drugs aren #39;t cause,Sports,Acquaintance hope drug be cause,Acquaintances hope drugs cause,Acquaintance drug cause,Acquaintанснс hop дrug n#39;t caus,Acquaintance hope drug caus
It #39;s official: Giants name Warner starter for opening day,Sports,It be official: Giant name Warner start for opening day,Giants name Warner starter opening day,Giant name Warner start opening day,It's officiagl: Giant name Warner startag for openag day,Giants nam wart stan start open day
Carter wants out of Canada,Sports,Carter want out of Canada,Carter wants out Canada,Carter out Canada,Carter want out of Canad,Carter want Canad
Hewitt beats French teen Monfils to reach third round at Paris &lt;b&gt;...&lt;/b&gt;,Sports,Hewitt beat French teen Monfils to reach third round at Paris,Hewitt beats French teen Monfils reach third round Paris,Hewitt beat Monfils reach third round Paris,Hewitt beat French teen Monfils to reach third round at París,Hewitt beat French teen Monfils rea third round París
Mussina outduels Pedro as Yanks roll,Sports,Mussina out duel Pedro as Yanks roll,Mussina outduels Pedro Yanks roll,Mussina out duel Pedro Yanks roll,Mussin outduel Pedro as Yan roll,Mussin outduel Pedro Yan roll
Steelers Slog to Win,Sports,Steelers Slog to Win,Steelers Win,Steelers Win,Steelers Slog Win,Steeler Win
Mississippi coach David Cutcliffe fired after 4-7 season,Sports,mississippi coach david cutcliffe fire after 4-7 season,Mississippi coach David Cutcliffe fired season,mississippi coach david cutcliffe fire season,Mississipp coach David Cutcliff fir after 4-7 season,mississipp coach david cutcliff fire season
"Celtic 0, AC Milan 0",Sports,"Celtic 0, AC Milan 0",Celtic AC Milan,Celtic AC Milan,"Celtic 0, AC Milan 0",Celti AC Mili
BABC stops Magic act,Sports,BABC stop Magic act,BABC stops Magic act,BABC Magic act,BAB stop Magic act,BABC stop Magic act
DiMarco has sneer down pat,Sports,DiMarco have sneer down pat,DiMarco sneer,DiMarco sneer,DiMarco has sneer down pat,Dimarco snir
Broncos DT Elliss out for the season,Sports,Broncos DT Elliss be out for the season,Broncos DT out season,Broncos DT Elliss out season,Broncos DT ellis out for the season,Broncos DT ou season
Daly-Donofrio wins LPGA champions tournament by 4 strokes,Sports,Daly-Donofrio win LPGA champion tournament by stroke,Daly-Donofrio wins LPGA champions tournament strokes,Daly-Donofrio win LPGA champion tournament stroke,Daly-Donofrio win LPGA champion tournament by stroke,Daly-Donofrio win LPGA champion tournament stroke
Red Bull and David Coulthard,Sports,Red Bull and David Coulthard,Red Bull Coulthard,Red Bull Coulthard,Red Bull and David Coulthar,Red Bull Coulthard
Patriots-Cardinals highlights,Sports,Patriot-Cardinal highlight,Patriots Cardinals highlights,Patriot Cardinal highlight,Patriot-Cardinal highlight,Patriots Cardinals highlight
Selig #39;s continued reign is bad for baseball,Sports,Selig's continue reign be bad for baseball,Selig's reign is bad baseball,Selig reign bad baseball,Selig's contin rein is bad for basebal,Selig's reign is bad basebal
Abramovich Subdued as Chelsea Beat CSKA in Moscow,Sports,Abramovich Subdue Chelsea Beat CSKA Win Moscow,Abramovich Chelsea Beat CSKA Moscow,Abramovich Subdue Chelsea Win Moscow,Abram Subdue Chelsea Beat CSKA Moscov,Abramovitch Chelsea Beat CSKAMoscow
Suzuki into Japan Open quarterfinals,Sports,Suzuki into Japan Open quarterfinal,Suzuki Japan Open quarterfinals,Suzuki Japan Open quarterfinal,Suzuki into Jap Open quarterfinals,Suzuki Japan Open quarterfinals
Notebook: Florida teams fall in polls,Sports,Notebook: Florida team fall poll,Florida teams fall polls,Florida team fall poll,Noteb ook: Flor ida team fall in poll,Florid team fal poll
Newcastle boss ready to confront Bellamy,Sports,Newcastle boss ready to confront Bellamy,Newcastle boss confront Bellamy,Newcastle boss confront Bellamy,Newcastl boss readi to confront Bellam,Newcas boss confront Bellamy
Olympics: China Halfway to Completing Medals Plan,Sports,Olympics: China halfway to completing medals plan,Olympics China Halfway Completing Medals Plan,Olympics China halfway completing medals plan,Olympic: Chin Halfway to Completing Medal Plan,Olympic Chin Halfcomple Medall Plan
West Indies into semis,Sports,West Indi into semi,West Indies semis,West Indi semi,West Indi semi,West Indi semi
Green Bay Packers,Sports,Green Bay Packers,Green Bay Packers,Green Bay Packers,Green Bay Packe,Green Bay Packe
Motorcycling: Rossi clinches bike title,Sports,Motorcycle: Rossi clinch bike title,Rossi clinches bike title,Rossi clinch bike title,Motorcycl: Rossi clinch bike title,Ross clinch bike title
"One down, one to go for Sox in Anaheim: Seven-run 4th helps &lt;b&gt;...&lt;/b&gt;",Sports,"One down, one to go for Sox in Anaheim: seven-run fourth helps...","One down, one to go Sox Anaheim Seven-run 4th helps","One down, one to go Sox Anaheim seven-run fourth helps","One down, one to go for Sox in Anaheim: seven-run fourth helps",one down one to go sox anaheim seven run 4th help
North Texas Mean Green,Sports,North Texas Mean Green,North Texas Mean Green,North Texas Mean Green,North Tex Mean Green,North Tex Mean Gree
Torre giving Brown ball next,Sports,Tower give Brown give next,Torre Brown ball next,Tower Brown next,Tower give Brown ball next,Torr ball next
"GM, Great One talked in June about possibility",Sports,"GM, Great One talk possibility",GM Great One talked June possibility,GM Great One talk possibility,"GM, Great One talk in Jun possibility",GM Great One talk June possibility
College Basketball: Miss. State Beats South Alabama,Sports,College Basketball: Miss. State Beat South Alabama,College Basketball Miss State Beats South Alabama,College Basketball Miss State Beat South Alabama,Colleg Basket Miss State Beat South Alabamat,Colleg Basket Miss Stat Beat South Alabama
Young Finn sweeps defending champ in final,Sports,Young Finn sweep defend champ in final,Young Finn sweeps defending champ final,Finn sweep defend champ final,Young Finn sweep defend champ in final,Young Finn sweep defend champ fin
Kezman is mobbed after scoring. (Getty Images),Sports,Kezman be mobbed after score. (Getty Images),Kezman scoring mobbed,Kezman mobbed after score,Kezman is mobb after score. (Gett Image),Kezman score mob
Boston''s Epstein on Verge of First Title (AP),Sports,boston be epstein on verge of first title,Epstein Verge First Title,boston epstein verge first title,Bostons Epsteins verge first title AP,Eps Verge Fist Titl
Climbing to a dream,Sports,Climb,Climbing dream,Climb,Climb,climb dream
Dangerous #39; Kimi fined,Sports,Dangerous Kimi fine,Dangerous Kimi fined,Dangerous Kimi,Dangr Kimi fin,Dangere Kim fin
United fans wait for takeover news,Sports,United fan wait for takeover news,United fans wait takeover news,United fan wait takeover news,United fan wait wait take over news,United fan wait take over news
President Blasts Firing,Sports,President Blast Fire,President Blasts Firing,President Blast Fire,Presiden Blast Fir,Presid blast fire
SunTrust reportedly will close 60 branches after merger,Business,SunTrust report will close branch after merge,SunTrust will close branches merger,SunTrust report close branch merge,SunTrus repor will clos bran after merg,SunTrus will clos bran merger
Bucs on verge of finally dealing Kendall,Sports,Buc on verge of finally deal Kendall,Bucs verge finally dealing Kendall,Buc verge finally deal Kendall,Buc on verge of finally deal Ken Ronaldo,Buc verge finally deal Kendl
Peterson Powers Oklahoma Over Texas,Sports,Peterson Power Oklahoma Over Texas,Peterson Powers Oklahoma Texas,Peterson Power Oklahoma Texas,Peters Powers Okla Over Texas,Powers
"Homers by Pujols, Rolen Power Cards to Victory",Sports,"Homer by Pujols, Rolen Power Card to Victory",Homers Pujols Rolen Power Cards Victory,Homer Pujols Rolen Power Card Victory,"Homer by Pujol, Rolen Powe Card to Victorious",HomerPujolRolenPowerCardVictory
Olympic diary: Day seven,Sports,Olympic diary: Day seven,Olympic diary Day seven,Olympic diary Day seven,Olympic diari: Day seve,Olympic diary day seven
Schilling gets call for Game 1,Sports,Schilling get call for Game 1,Schilling gets call Game 1,Schilling call Game 1,Schill get call for Game 1,Schill get call Game 1
Schilling #39;s Ruptured Ankle Tendon Repaired,Sports,Schilling's Ruptured Ankle Tendon Repaired,Schilling Ruptured Ankle Tendon Repaired,Schilling Ruptured Ankle Tendon Repaired,Schillings Ruptur Anklen Tendon Repair,Schill Rupt Ank Tend Repar
"Eagles teach, Lions learn",Sports,"Eagle teach, Lion learn",Eagles teach Lions learn,Eagle teach Lion learn,"Eagl teach, Lion learn",Eagl teach Lion learn
Halama Agrees to Deal With Red Sox (AP),Sports,Halama Agree to Deal With Red Sox,Halama Agrees Deal Red Sox,Halama Agree Deal Red Sox,Halama Agre To Deel With Red Soo,Halama Agre Dea Red Sox
Top Cards Underachieving,Sports,Top Card Underachieve,Top Cards Underachieving,Top Card Underachieve,Top Card Underachieve,Top Card Underachieve
Guillermo Canas wins championship at Shanghai Open,Sports,Guillermo Can wins championship at Shanghai Open,Guillermo Canas wins championship Shanghai Open,Guillermo Can wins championship Shanghai Open,Guillermo Can win champion at Shanghai Open,Guillermo Can win champion Shanghai Open
Yukos CFO delays return to Russia,Business,Yukos CFO delay return to Russia,Yukos CFO delays return Russia,Yukos CFO delay return Russia,Yukos CFO delay return to Russia,Yukos CFO delay return Russ
"Crowd Demands Services, Not Stadium",Sports,"Crowd Demand Service, Not Stadium",Crowd Demands Services Stadium,Crowd Demand Service,"Crowd Demand Servic, Not Stadiom",Crowd Demand Servic Stadium
U.S.-Brazil Vie for Gold in Women''s Soccer,Sports,U.S.-Brazil vie for gold in women's soccer,U.S. Brazil Vie Gold Women Soccer,U.S. Brazil vie gold women's soccer,U.S.-Brazil Vie for Gold in Women's Soccer,U.S. Braz Gold Women Socc
Chelsea off to a flyer,Sports,Chelsea go to a flyer,Chelsea flyer,Chelsea flyer,Chelsea off to a fly,Chelsea fly
India ; Martyn #39;s 114 gives Australia control on Day 1,Sports,India; Martyn give Australia control on Day 1,India Martyn 114 gives Australia control Day,India Martyn Australia Day 1,India ; Martyn #39;s 114 gives Australia control on Day 1,Indi Martyn 114 give Aust control day
Ratings off to a good start,Sports,Ratings start,Ratings off start,Ratings start,Rat start,Ratin off starters
Warriors handle Bulls with ease,Sports,Warrior handle Bull with ease,Warriors handle Bulls,Warrior Bull ease,Warri handle Bull with eas,Warsom handl Bull
The streak? Steelers concerned more about own run than Patriots #39; &lt;b&gt;...&lt;/b&gt;,Sports,The streak? Steelers concern own run than Patriots.,Steelers concerned own run Patriots,streak Steelers concern own run Patriots,The strek? Steeler concern more about own run than Patriots '.,Steeler concern own run Patriot
"Schilling Wins 19, Red Sox Beat Mariners (AP)",Sports,Schilling Win Red Sox Beat Mariners (AP),Schilling Wins Red Sox Beat Mariners,Schilling Win Red Sox Beat Mariners,"Schill win 19, Red Sox beat Mariner (AP)",Schill win Red So beat Mariner
Perfect start for France in Federation Cup,Sports,Perfect start for France in Federation Cup,Perfect start France Federation Cup,Perfect start France Federation Cup,Perfec start for Franc in Feder Cup,Perfec start Franci Federa Cup
No. 5 Illinois Beats No. 24 Gonzaga 89-72 (AP),Sports,No Illinois Beat Gonzaga 89-72 AP,Illinois Beats Gonzaga 89-72,Illinois Beat Gonzaga,No. 5 Illini Beat No. 24 Zag 89-72 (AP),Illin Beat Gonzag 89-72
Virgin eyes mobile JV in China,Business,Virgin eye mobile JV in China,Virgin eyes mobile JV China,Virgin eye mobile JV China,Virgin eye mobile JV Chin,Virgin eye mobile JV Chin
Long return lifts Ravens,Sports,Long return lift Ravens,Long return lifts Ravens,Long return lift Ravens,Long retur lift Ravn,Long retur lift Ravens
Nalbandian to vie for Madrid Masters title,Sports,Nalbandian to vie for Madrid Masters title,Nalbandian vie Madrid Masters title,Nalbandian vie Madrid Masters title,Nalbanдинian to vi for Madrid Master title,Nalbandian vie Madrid Master title
Colorado (3-0) At Missouri (2-1),Sports,Colorado (be -) At Missouri (be -),Colorado Missouri,Colorado Missouri,Colo(3-0) At Misso(2-1),Colo Missouri
DESPERATE EXECUTIVES,Sports,DESPERATE EXECUTE,DESPERATE EXECUTIVES,DESPERATE EXECUTE,DESPERAT EXECUTIV,DESPERAT EXECUTIV
"Its time for the men in white coats, Sir Clive",Sports,"It time for the man in coat, Sir Clive.",time men white coats Sir Clive,time man coat Sir Clive,"Its tim for the man in whiten coat, Sir Cliv",tim men whit coat sir cliv
It will take more than a win to convince me everything is fine &lt;b&gt;...&lt;/b&gt;,Sports,It take more than a win to convince me everything be fine...,will take more win convince everything fine,take convince convince fine,It w ill tak e mor e th an a win t o conv in c e m e ev eryth ing is f ine...,wil tak mor win convic everythi fini
By any means necessary,Sports,By any means be,By means necessary,By means,By any mean necessar,By mean necessary
Vikings Add Depth in Secondary; Ink Shaw and Brown,Sports,Viking Add Depth in Secondary; Ink Shaw and Brown,Vikings Add Depth Secondary Ink Shaw Brown,Viking Add Depth Secondary Ink Shaw Brown,Viking Add Depth in Second; Ink Shaw and Brown,Viking Add Depth Secondar Ink Shaw Brown
Wing failure costs Lopez second place at Monza,Sports,Wing fail cost Lopez second place at Monza,Wing failure costs Lopez second place Monza,Wing fail cost Lopez second place Monza,wing fail cost Lopez second plac Monza,wing fail cost Lopez second plac Monza
McDowell sets halfway pace,Sports,McDowell set half pace,McDowell sets pace,McDowell set half pace,McDowell set half way pace,McDow pace
Fears over five more big-selling medicines in US,Business,Fears over five more big selling medicine in US,Fears medicines US,Fears five big selling medicine US,Fears ov five mor big-sell medicin in US,Fear medic US
Profit Jumps 30 Percent at Goldman Sachs,Business,Profit Jump Percent at Goldman Sachs,Profit Jumps Percent Goldman Sachs,Profit Jump Percent Goldman Sachs,Profitt Jumpp 30 Percent at Goldmman Sachs,Profitt Jumpp Percent Goldman Sachs
Devil Rays Top Wins Mark in Beating Tigers,Sports,Devil Ray Top Win Mark in Beat Tiger,Devil Rays Top Wins Beating Tigers,Devil Ray Top Win Beat Tiger,Devil Ray Top Win Mark in Beat Tig'er,Devil Ray Top Win Beat Tigre
USC-UCLA rivalry goes deep,Sports,USC-UCLA rivalry go deep,USC UCLA rivalry goes deep,USC UCLA rivalry go deep,USC-UCLA-rivalry-go-deep,USC UCLA rival go deep
Austin Wins Buick Championship in Sudden Death,Sports,Austin Win Buick Championship in Sudden Death,Austin Wins Buick Championship Death,Austin Win Buick Championship Sudden Death,Aust Stem Win Stem Buick Champ In Sudden Deat,Aust Stem Wins Buick Champ Death
Turin Olympic organizer resigns,Sports,Turin Olympic organizer resign,Turin Olympic organizer resigns,Turin Olympic organizer resign,Turon Olympick organizr resign,Turin Olympic organiz resign
"Emlyn Hughes dies, 57",Sports,Emlyn Hughes die 57,Hughes dies,Emlyn Hughes die 57,"Emlynhugh die, 57",Hug
Somebodys Going Home 1-4,Sports,Somebody Go Home 1-4,Going Home 1-4,Go Home,Somebody Going Home 1-4,Going Home 1-4
Sooners and Utes Move Up in BCS (AP),Sports,Soon move up in bcs (ap),Sooner Ute Move BCS,Soon move up bcs,Sooner and Ute Move Up BCS AP,Sooner Ute Mov BCS
Zaballa in Breakaway Stage Win,Sports,Zaballa in Breakaway Stage Win,Zaballa Win,Zaballa Win,Zabball breakaway stage win,Zabbal Win
Irish Equestrian Body #39;s Office Burglarized; Horse Sample Stolen,Sports,Irish Equestrian Body's Office Burglarized; Horse Sample Stolen,Equestrian Body Office Burglarized; Horse Sample Stolen,Equestrian Body's Office Burglarized; Horse Sample Stolen,Irish Equestrian Bod Off Burglariz Sample Steal,Equestrianc Body Offic Burglariz; Hors Sampl Steal
American League Game Summary - Cleveland At Minnesota,Sports,American League Game Summary - Cleveland At Minnesota,Cleveland Minnesota,Cleveland Minnesota,American Leag Game Summar - Cleve At Minnesota,Clevelan Minnesot
No Warning for Procter   Gamble,Business,No Warning for Procter Gamble,No Warning Procter Gamble,No Warning Procter Gamble,No Warran Proct Gambl,No Warrn Proct Gambl
Calhoun not fond of loss,Sports,Calhoun not be fond of lose,Calhoun fond loss,Calhoun lose,Calhoun not fond of los,Calhun fun los
Martin will cut schedule,Sports,Martin will cut schedule,Martin cut schedule,Martin cut schedule,Mart cut schdule,Mart cut schdule
Two Arrested in Death of Idaho Player (AP),Sports,Two Arrest in Death of Idaho Player (AP),Two Arrested Death Idaho Player,Two Arrest Death Idaho Player,Two Arrested In Deat Of Idaho Play,Two Arrost Dea Idaho Play
High Court rules on Bernie Ecclestone,Sports,High Court rule on Bernie Ecclestone,High Court rules Bernie Ecclestone,High Court rule Bernie Ecclestone,High Cour rule Berni Eccles,High Cour rule Berni Eccles
Lidle Agrees to  #36;6.3M Deal With Phillies (AP),Sports,Lidle Agree To  \$6.3M Deal With Phillies,Lidle Agrees Deal Phillies,Lidle Agree \$6.3M Deal Phillies,Lid Agre to \$\6m Dea With Phill,Lid_agree_dealPhillie
Virginia Tech and Miami challenge for a bowl berth,Sports,Virginia Tech and Miami challenge for a bowl have.,Virginia Tech Miami challenge bowl berth,Virginia Tech Miami challenge bowl,virginia tech and miami challen for a bowl berth,Virgini Tech Miami challeng bowl berth
Ganguly banned for SA Test series,Sports,Ganguly ban for SA Test series,Ganguly banned Test series,Ganguly ban SA Test series,Gang ban SA Test seri,Gang ban Test seri
Thin Crowd Watches Expos Beat Mets 6-1 (AP),Sports,Thin Crowd Watch Expo Beat Mets 6-1 (AP),Crowd Watches Expos Beat Mets,Crowd Watch Expo Beat Mets 6-1,Thin Crowd Watch Expo Beat Met 6-1 AP,Crowd Watch Expos Beat Met
Is Wayne Rooney #39;s ripped shirt cool or not?,Sports,Is Wayne Rooney's rip shirt cool or not?,Wayne Rooney ripped shirt cool,Wayne Rooney rip shirt cool,is wayn roonn #39; s rip shir cool or not,Wayne rip shirt cool
Umpire Leaves Game,Sports,Umpire Leave Game,Umpire Game,Umpire Game,Umpir Leav Game,Umpir Game
Refinancings soar 21 as rates slump,Business,Refinancing soar 21 as rate slump,Refinancings soar rates slump,Refinancing soar rate slump,Refinanci sov rat slum,Refinanci so rates slum
"No room for errors for USC, Oklahoma",Sports,"No room for error for USC, Oklahoma",USC Oklahoma,No room error USC Oklahoma,"No room for error for USC, Okla",US USC Okla
Coaching change won #39;t help Dolphins win,Sports,Coaching change will not help Dolphins win,Coaching change won't help Dolphins win,Coaching change will help Dolphins win,Coac chang won #39;ll help Dolf win,Coach chang won n help Dolphin win
Rooney on his way to Old Trafford as United raise bid,Sports,Rooney be on way to Old Trafford as United raise bid,Rooney Old Trafford United raise bid,Rooney Old Trafford United raise bid,Roone on hig way t Old Traffi as Unite rais bid,Roone Oldtrafford Unite rais bid
Holdout offensive tackle signs with Rams,Sports,HOLDOUT OFFENSIVE TACKLE SIGN WITH RAMS,Holdout tackle signs Rams,HOLDOUT TACKLE SIGN RAMS,HOLD offense TACKLE sign RAM,Hold Ram
Kings Beat Rockets in Tense Beijing Finish,Sports,Kings Beat Rockets in Tense Beijing Finish,Kings Beat Rockets Beijing Finish,Kings Beat Rockets Beijing Finish,Kings Beat Rockets in Tense Beijing Finis,Kinn Beat Roccb Beji Fini
Lack of progress on labor results in frustration,Sports,Lack of progress on labor result in frustration,Lack progress labor results frustration,Lack progress labor result frustration,Lack of progres on labr resul in frust.,Lack prog labor result frustr
S.C. St. Stops Howard,Sports,S C St Stop Howard,S St Stops Howard,S Howard,S. C. St. Stop Howard,S St St Howard
UConn-BC: Lots of hard feelings,Sports,UConn-BC: Much feel,UConn BC Lots hard feelings,UConn BCfeel,UConn-BC: lot hard feel,UConn BC Lot feel
McCullum lives up to his billing,Sports,McCullum live up to his bill,McCullum lives billing,McCullum up bill,McCullum liv up to his billing,McCullum liv bill
SuperSonics Top Lakers 108-93 (AP),Sports,SuperSonics Top Lakers 108-93 (AP),SuperSonics Top Lakers,SuperSonics Top Lakers,SuperSonic Top Lakers 108-93 (AP),SuperSonics Top Lakers
Tokyo Stocks Lower,Business,Tokyo Stock Be Lower,Tokyo Stocks Lower,Tokyo Stock Lower,Tokyo Stock Low,Tokyo Stock Low
NBA Wrap: James Sets New Milestone as Cavaliers Keep Winning,Sports,NBA Wrap: James Set New Milestone as Cavaliers Keep Win,NBA Wrap James Sets New Milestone Cavaliers Keep Winning,NBA Wrap James Set New Milestone Cavaliers Keep Win,NBA Wrap: Jame Set New Mileston as Cavalie Keep Win,NBA Wrap Jame Set New Mileston Cavalier Keep Win
Despondent Brown: ''I Feel Like a Failure'' (AP),Sports,Despondent Brown: I Feel Like a Failure'' (AP),Despondent Brown Feel Like Failure,Despondent Brown Feel Failure,Despondent Brow: 'Fea Fai Failur' (AP),Despond Stem Brown Feel Like Fail
Notebook: Hurricane might disrupt Canes,Sports,Notebook: Hurricane might disrupt Canes,Hurricane Canes,Hurricane Canes,Noteb Hurrican might disrupt Canes,Hurrican can
Forest snatch late winner as fans pay tribute to Clough,Sports,Forest snatch late winner as fan pay tribute to Clough,Forest snatch late winner fans pay tribute Clough,Forest snatch late winner fan pay tribute Clough,Forest snach lat win as fan pay tribut to Clou,Forest snach lat winn fan pay tribut Clough
Tennis: Quick fire Ferrero draws Spain level,Sports,Tennis: Quick draw Ferrero Spain level,Tennis Ferrero Spain level,Tennis Ferrero Spain level,Tennis: Quick firr Ferrr draw Spa level,Tenis ferrer span level
It #39;s been a while since it was fun at the ol #39; ballpark,Sports,It be been a while since it be fun at the ol be ballpark,been fun ballpark,It been while since fun at ol ballpark,It #39;s bin a whil since it wus fun at the ol #39; ballparks,been fun ballpARK
Dolphins coach quits,Sports,Dolphin coach quit,Dolphins coach quits,Dolphin coach quit,Dolphin coach quit,Dolphin coach quit
Sweep fulfills trios expectations,Sports,Sweep fulfill trio expectation,Sweep fulfills trios expectations,Sweep fulfill trio expectation,Sweep fulfili tri expectatio,Sweep fulfi tri expectation
Goosen brings a sparkle to the gloom,Sports,Goose bring sparkl to the gloom,Goosen brings sparkle gloom,Goose sparkl gloom,Goosens bring sparkl to gloom,Goosens bring sparkl gloom
Barrera Proved he #39;s Better than Morales,Sports,Barrera Prove he be Better than Morales,Barrera Proved Better Morales,Barrera Prove Better Morales,Barrer Prov Better Than Moral,Barrer Prove Better Moral
Update 3: Paper: Disney CEO to Leave Company in  #39;06,Business,Update: Paper: Disney CEO to Leave Company in 06,Disney CEO leave company 06,Disney CEO leave Company,Upd 3: Pap: Disn C to Lf Co in  '#06',Disney CEO leav comp 06
India to take on Bangladesh,Sports,India take Bangladesh,India Bangladesh,India Bangladesh,Indi to tak on Bangladesh,Indi Bangladesh
Passing Marks in Peril,Sports,Pass Mark Peril,Passing Marks Peril,Pass Mark Peril,Passинг Mark в Peril,Pass Mark Peril
Chicago Orders Cubs to Fix Wrigley Field (AP),Sports,Chicago Order Cubs Fix Wrigley Field AP,Chicago Cubs Wrigley Field,Chicago Cubs Wrigley Field,chiangsto order cub to fix wrigley field,chi cub wrley field
Lonard wins Australian PGA Championship,Sports,Lorand win Australian PGA Championship,Lonard wins Australian PGA Championship,Lorand win Australian PGA Championship,Lorang win Australian PGA Championshipp,Lonard win Australian PGA Championchip
UPDATE 1-TV executive Barwick wins top job at English FA,Sports,UPDATE TV executive win top job at English FA,TV executive Barwick wins top job English FA,UPDATE TV executive win top job English FA,UPDATE TV EXECUTIV WIN TOP JOB ENGLAND FA,TV executiv win top job Englis FA
Australia Ties U.S.,Sports,Australia Tie U.S.,Australia U.S.,Australia Tie U.S.,Aus Trai US,Austrail U.S.
A Change of Course,Sports,A Change Of Course,Change Course,Change Course,A Chang Of Cours,Change Cour
Falcons Sign Crumpler to Contract Extension (Reuters),Sports,Falcons Sign Crumpler to Contract Extend (Reuters),Falcons Sign Crumpler Contract Extension,Falcons Sign Crumpler Contract Extend,Falcons Sig Crumpl To Contr Ext,Falcons Sign Crumpl Extensi
CORRECTED - Van Nistelrooy plays down hip injury,Sports,Van Nistelrooy play down hip injury,Van Nistelrooy plays hip injury,Van Nistelrooy play hip injury, VAN NISTELROOY PLAY DOWN HIP INJURY,Van Nistelrop play hip injur
Ireland holds host France 0-0 in qualifying,Sports,Ireland hold host France 0-0 in qualify,Ireland France 0-0 qualifying,Ireland host France 0-0 qualify,Irelan hold host Franc 0-0 qualificatif,Ireland Franc 0-0 qualif
What They Know About You,Business,What They Know About You,What They Know About You,What They Know About You,What Th They Kn Now Abou Yu,What They Knw Abt Yiu
US media snub may hit bid,Sports,US media snub hit bid,US media snub bid,US media hit bid,us medi snub may hit bid,US medi snub bid
Aussie equestrian hopes end in sixth,Sports,Aussie equestrian hope end in sixth,Aussie equestrian hopes end sixth,Aussie equestrian hope end sixth,Aussi equestriain hop hope ende end,Aussi equestriana hop end sixt
"Pistons miss Wallace, but in good shape",Sports,"Piston miss Wallace, but in good shape",Pistons miss Wallace,Piston Wallace good shape,"Pistons miss Wallac, but in good shap",Pistons miss Wallc
Youngsters keep up with Joneses,Sports,Youth keep up with Jones,Youngsters keep Joneses,Youth keep Jones,Youth keep up with Jones,Youths kep Jones
Fired Up Hewitt Rallies Past Moya for Opening Win,Sports,FIRE up Rally Past OPEN for Opening Win,Fired Hewitt Rallies Past Moya Opening Win,FIRE Rally Past OPEN Opening Win,Fired Up Hewit Rally Past Moya for Open Win,Fire Hewit Rally Pass Moya Open Win
Recovery mode,Sports,Recovery,Recovery mode,Recovery,Recover moden,Recover
New York averts sweep by Twins,Sports,New York avoid sweep by Twin,New York averts sweep Twins,New York avoid sweep Twin,New York avert sweep by Twin,New York avert sweep Twin
Harvard handles BU,Sports,Harvard handle BU,Harvard BU,Harvard BU,Harvad handl BU,Harvad Bu
Pennington proving to be the real deal,Sports,Pennington prove be the real deal,Pennington proving real deal,Pennington prove real deal,pennington prove real deal,Penning prov real deal
Today''s NFL games,Sports,Today nfc games,Today NFL games,Today nfc games,Todays NFL gam,.TodayNFLgam.es
It #39;s official: IBM sells PC unit to Chinese company,Business,It be official: IBM sell PC unit to Chinese company,IBM sells PC unit Chinese company,IBM sell PC unit Chinese company,It's offici: IBM sell PC unit to Chin company,IBM sell PC unit Chin company
Mears On California Pole,Sports,Mear On California Pole,Mears California Pole,Mear California Pole,Mears On Cali Pole,Meas Cali Pole
CONCACAF qualifying round-up,Sports,CONCACAF qualify round-up,CONCACAF qualifying round-up,CONCACAF qualify round-up,CONCACAF qualif round-up,CONCACAF qualif round-up
Careful Planning and Teamwork Pays Off for Europe,Sports,Careful Plan and Teamwork Pay Off for Europe,Careful Planning Teamwork Pays Off Europe,Careful Plan Teamwork Pay Off Europe,Carefull Planand Teamwork Pay Off for Europ,Carefull Plann Teamwork Pay Off Europ
Gerrard leaves practice,Sports,Gerrard leave practice,Gerrard leaves,Gerrard leave practice,Gerrard leave practice,Gerrard leav
Final Answers From the B.C.S. Once Again Raise Questions,Sports,Final Answer From BCS Once Again Raise Question,Final Answers B.C.S Raise Questions,Final Answer BCS Raise Question,Final Answ B.C.S. Once Agai Rais Question,Final Ans B CS Raise Ques
Williams gives Giants hope,Sports,William give Giant hope,Williams Giants hope,William Giant hope,Willi give Giant hope,williams giant hope
NHL exec says union engaging in a  #39;charade #39;,Sports,NHL exec say union engage in a 'charade',NHL exec union engaging charade,HNL exec union engage charade,NHL exec say union engage in a charad,NHL exec union engage charad
NL notebook: Pettitte out for season; Clemens hurt,Sports,NL notebook: Pettitte out for season; Clemens hurt,NL notebook Pettitte season Clemens hurt,NL notebook Pettitte season Clemens hurt,NL notebo: Pettitt out fr seaso; Clemens hurr,NL notebettett season Clemens hurr
Schottenheimer holds off on QB call,Sports,Schottenheimer hold off on QB call,Schottenheimer holds QB call,Schottenheimer hold QB call,Scotthom hold off on QB call,Scotthold QB calldown
WENGER RULES OUT GUNNERS EXIT,Sports,WENGER RULE OUT GUNNERS EXIT,WAGNER RULES OUT GUNNERS EXIT,WAGNER RULE OUT GUNNERS EXIT,WENGE RULE OUT GUN Exit,WAGNER RUL OUT GUNNER EXIT
Werder Bremen beats Leverkusen 3-2 to advance in German Cup,Sports,Werder Bremen beat Leverkusen 3-2 to advance in German Cup,Werder Bremen beats Leverkusen advance German Cup,Werder Bremen beat Leverkusen advance German Cup,Werder bremen beat leverkusen 3-2 to advance in german cup,Werd beat Lev advanc German Cup
Moss goes through Vikings morning walkthrough,Sports,Moss go Viking morning walkthrough,Moss Vikings walkthrough,Moss Viking,Moss go through Viking morning walkthrough,Moss Viking walkthrough
Toshack tipped to be Wales manager,Sports,Toshack tip Wales manage,Toshack tipped Wales manager,Toshack tip Wales manage,Toshack tip Wales manag,Toshack tip Wales manag
Federer seeks grand finale to season,Sports,Federer seek grand finale to season,Federer seeks grand finale season,Federer seek grand finale season,Feder fin grand final season,Feder gr seek grand fina season
Upcoming Golf,Sports,Upcoming Golf,Upcoming Golf,Upcoming Golf,Upcom golf,Upcom golf
WILLIAMS TO UNDERGO KNEE OP,Sports,Williams to undergo knee op,WILLIAMS KNEE OP,Williams undergo knee op,WILL TO UNDGO KNE OP,WILLIAM KNEE OP
Out of control in Oakland,Sports,Out of control in Oakland,Out control Oakland,Out control Oakland,Outcontrolof Oakland,Outcontro Oakland
New York Yankees Team Report - September 5,Sports,New York Yankee Team Report - September 5,New York Yankees Team Report September 5,New York Yankee Team Report September 5,New York Yanke Team Repor Septemb,New York Yanke Team Rep Sept 5
Hopeful Rangers make up ground,Sports,Hope Rangers make ground,Rangers make ground,Hope Rangers make ground,Hope Rangers make up ground,Ranger mak ground
Italian Roundup,Sports,Italian Roundup,Italian Roundup,Italian Roundup,Italian Roundup,Italian Roundup
Before-the-Bell: FedEx Up After Outlook,Business,Before Bell: FedEx Up After Outlook,Before-Bell: FedEx Up Outlook,FedEx Up Outlook,Before-bell: Fed-up-after-outlook,Before-Bell: Fed-Up-Outlook
Arena gets new name,Sports,Arena get name,Arena gets new name,Arena name,Arene get new nam,Arene get new nam
McNair Leaves Game After Reinjuring Chest,Sports,McNair Leave Game After Reinjure Chest,McNair Leaves Game Reinjuring Chest,McNair Leave Game Reinjure Chest,McNai Leav Game After Reinjuri Chest,McNair Leave Game Reinjure Chest
Derby Win Sends Bara Clear,Sports,Derby Win Send Bara Clear,Derby Win Sends Bara Clear,Derby Win Send Bara Clear,DerbyWinSendBaraClear,Derby Win Send Bara Clear
Giants #39; Hermanson suspended,Sports,Giants #39; Hermanson suspend,Giants Hermanson suspended,Giants Hermanson suspend,Giants #39; Hermansn suspnd,Giants Hermsn suspnd
INSIDE INFO: Gers ace Souey target,Sports,INSIDE INFO: Ger ace Souey target,Gers ace Souey target,Ger ace Souey target,INSIDE INFO: GERS ACE SOUEY TARGET,Ger ace Soue target
D-Backs hire Backman,Sports,D-Backs hire Backman,D-Backs hire Backman,D Backs hire Backman,D-Backs hir Backman,D-Backs hir Backman
"Broncos 20, Panthers 17",Sports,"Broncos 20, Panthers 17","Broncos, Panthers","Broncos, Panthers","Broncos 20, Panthers 17","Broncos, Pantherts"
Athletics Edge Mariners 6-5 (AP),Sports,Athlete Edge Mariners 6-5 (AP),Athletics Edge Mariners 6-5,Athlete Edge Mariners,Athlet Edge Mariner 6-5 (AP),Athlet Edge Mariner 6-5
Seahawks Do Some Soul Searching Over Loss (AP),Sports,Seahawks Do Some Soul Search Over Loss AP,Seahawks Soul Searching Loss,Seahawks Soul Search Loss,Seahawk Do Som Soul Search Over Los AP,Seahawk soul search loss
Schuettler outclasses Baccanello to reach the second round of &lt;b&gt;...&lt;/b&gt;,Sports,Schuettler outclass Baccanello to reach the second round of...,Schuettler outclasses Baccanello reach second round,Schuettler reach second round,Schuett outclass Baccan to reach the second round of...,Schuett reach second round
"Italy: Udinese beat Atalanta, Lazio draw with Lecce",Sports,"Italy: Udinese beat Atalanta, Lazio draw with Lecce","Udinese beat Atalanta, Lazio draw Lecce","Udinese beat Atalanta, Lazio draw Lecce","Italy: Udin beat Atan, Lazi draw with Lecce",Udin beat Atal draw Laz draw Lecc
Radcliffe Wins Women #39;s New York Marathon,Sports,Radcliffe Win Women New York Marathon,Radcliffe Wins Women's New York Marathon,Radcliffe Win Women New York Marathon,Radclif Win Woman New York Marath,Radclif Win Women New York Marath
Marlins Homer Way Past Expos 8-6 (AP),Sports,Marlin home past Expos 8-6,Marlins Homer Way Past Expos 8-6,Marlin home past Expos,Marlin Hom Way Past Expo 8-6,Marlin Hom Way Past Expos 8-6
Couples tops \$3 million mark at Skins Game,Sports,Couples top $3 million mark at Skins Game,Couples tops million Skins Game,Couples top million Skins Game,Coup top \$(3 million mark at Skin Game,Copp Tops Mill Skins Gam
College Basketball: Bucknell Upsets No. 10 Pitt,Sports,College Basketball: Bucknell Upset No. 10 Pitt,Bucknell Upsets Pitt,College Basketball Bucknell Upset No 10 Pitt,Colleg Basket: Bucknell Upst No. 10 Pit,Bucknupp Upsett Pitt
Eagles Beat Ravens 26-17 but Lose Runner (AP),Sports,Eagle Beat Raven 26-17 but Lose Runner (AP),Eagles Beat Ravens Lose Runner,Eagle Beat Raven Lose Runner,Eagle Beat Raven 26-17 But Lose Run,Eagle Beat Raven Lose Runner
Mularkey shrugs off Martz #39;s complaints of Bills cheap shots,Sports,Mularkey shrug off Martz's complain of Bills cheap shot,Mularkey shrugs Martz complaints Bills cheap shots,Mularkey shrug Martz complain Bills cheap shot,Mularkey shrug off Martz complain of Bills cheap shot,Mularkey shrug Martz complai Bills chep shot
Bettis #39; TD pass sparks Pittsburgh,Sports,Bettis TD pass spark Pittsburgh,Bettis TD pass sparks Pittsburgh,Bettis TD pass spark Pittsburgh,Betts TD pass spark PittsBURG,Bet pass spark Pitts堡
FOOTBALL: AL: IT #39;S TIME TOON WENT ALL THE WAY,Sports, FOOTBALL: AL: IT IS TIME TO WENT ALL THE WAY, FOOTBALL AL TIME WENT WAY,FOOTBALL AL TIME WENT WAY, FOOTBALL: AL: IT #39;S TIM TO ON WENT ALL THE WAY,FOOTBALL AL TIM WENT WAY
Mourinho waxes lyrical over Chelsea victory,Sports,Mourinho waxes lyrical over Chelsea win,Mourinho Chelsea victory,Mourinho切尔西赢球赞不绝口,Mourin waxes lyrical over Chelsea victorie,Mourin chai victor
Gerrard: I #39;m back soon,Sports,Gerrard: I be back soon,Gerrard back soon,Gerrard back soon,Gerrad: I #39;m back soons,Gerrard back-soon
NHL Lockout May Not Be Ending Any Time Soon,Sports,NHL Lockout May Not Be Ending Any Time Soon,Hockey Lockout Not Ending Soon,Hockey Lockout Not Ending Soon,NHL Lockou May Not Be Endi Any Tim Sooni,Hocke Lockou Not Endi Sooni
Cricket: England Beats Zimbabwe in First Match of Champions #39; &lt;b&gt;...&lt;/b&gt;,Sports,Cricket: England Beat Zimbabwe in First Match of Champion,Cricket England Beats Zimbabwe First Match Champions,Cricket England Beat Zimbabwe First Match Champion,Cricket: Eng Beat Zimb In Fist Match Of Champ #39; &lt;b&gt;...&lt;/b&gt;,Cricket Eng Beat Zimbabwe Fist Match Champ
"Bosh, Raptors stun Timberwolves",Sports,"Bos, Raptors stun Timberwolves",Raptors stun Timberwows,Bos Raptors stun Timberwoles,"Bosh, Raptors stun Timberwol",Raptor stun Timberwow
Dokic Dumped Out of China Open in First Round,Sports,Dokic Dump Out Of China Open In First Round,Dokic Dumped Out China Open First Round,Dokic Dump Out First Round,Dokic Dump Out Of Chin Open In First Round,Dokic Dump Out China Open First Round
"Steelers #39; defense, Bettis key win over Redskins",Sports,"Steelers defense, Bettis key win over Redskins",Steelers defense Bettis key win Redskins,Steelers defense Bettis key win Redskins,"Steel defense, Bett key win over Redskin",Steeler defend Bett key win Redskin
Olympians Put On Show,Sports,Olympian put on show,Olympians Put Show,Olympian show,Olympian Put On Sho,Olympian Put Sho
UPDATE 2-Gillespie routs India but Kumble hits back,Sports,UPDATE 2 Gillespie routs India but Kumble hits back,Gillespie routs India Kumble hits back,Gillespie routs India Kumble hits back,UPDATE 2-Gillespi routs Ind but Kumb hit back,Gillespi rout Ind Kumb hit back
Tight Lies Tour Goes Against the Grain (AP),Sports,Tight Lie Tour Go Against the Grain AP,Tight Lies Tour Goes Grain,Tight Lie Tour Go Grain AP,Tight Lie Tour Go Against Grain AP,Tight Lie Tour Go Grain
Bucs Cut Veteran Kicker Martin Gramatica (AP),Sports,Buc Cut Vet Kic Martin Gramatica (AP),Bucs Cut Veteran Kicker Gramatica,BucCutVetKicMartinGramaticaAP,Buc Cut Vetern Kic Martin Gramatica(AP),Buc Cut Vet Kick Gramatic
"Hollinger Ex-Chiefs Face Civil-Fraud Charges From SEC, WSJ Says",Business,"Hollinger Ex-Chief Face Civil-Fraud Charge From SEC, WSJ Say",Hollinger Ex-Chiefs Face Civil-Fraud Charges SEC WSJ Says,Hollinger Ex-Chief Face Civil-Fraud Charge SEC WSJ Say,Holling Ex-Chief Face Civ-Fraud Charg From SECS晋西说,Holling Ex-Chief Face Civ-Fraud Charge SEC WSJ Say
American Aaron Peirsol''s Gold Restored on Appeal,Sports,American Aaron Peirsol's Gold Restored on Appeal,Aaron Peirsol Gold Restored Appeal,Aaron Peirsol Gold Restored Appeal,Ameri an Aar Peir sol s Gol Restor on Appel,Aarons Peirsol Gold Restor Appeal
No one comes to defense on turnover-plagued day,Sports,No one come to defense on turnover-plague day,turnover-plagued day,Noonecomedefenseonturnoverplageday,No com defens turnov plagu day,turnplague-day
Sports: Kennedy out for season with knee injury,Sports,Sports: Kennedy be out for season with knee injure,Kennedy out season knee injury,Kennedy out season knee injure,Sport: Kenn out for season with kne injur,Kenne out season kne injur
Cards strike first: Overpower Astros in Game 1 victory,Sports,Cards strike first: overpower Astros in game victory,Cards strike first overpower Astros victory,Cards strike overpower Astros game victory,Cards strik first: overpower Astros in game win,Cards strike first overpower Astros victorie
"Erickson cites mistakes, but backs Rattay",Sports,"Erickson cite mistake, but back Rattay",Erickson cites mistakes backs Rattay,Erickson cite mistake back Rattay,"Erickson cit mistak, but back Rattay",Erickson cit mistak back Rattay
Angels win tale of 2 games,Sports,Angels win tale of 2 game,Angels win tale 2 games,Angels win tale 2 game,Angl win tal of 2 gam,Angl win tal 2 gam
The Great One weighed owner-coach role,Sports,The Great weigh owner-coach role,Great One weighed owner coach role,Great weigh owner coach role,The Gr8 On weig own-coach rol,Great weigh own coach role
"One Nation, Indivisible",Sports,"One Nation, Indivisible",One Nation Indivisible,One Nation Indivisible,"One Nation, Indivisibl",One Nation Indivisibl
Warriors Defeat Winless Bulls 98-85,Sports,Warrior Defeat Win Bull 98-85,Warriors Defeat Bulls,Warrior Defeat Win Bull,Warri Defeat Winless Bull 98-85,Wars Def Bull
Comeback win delights Mauresmo,Sports,Come win delight Mauresmo,Comeback win delights,win delight Mauresmo,Comback win delight Mauresmo,Comback win delit
UPDATE 1-US mortgage applications fall last week-MBA,Business,UPDATE V-US mortgage application fall last week-MBA,US mortgage applications fall last week-MBA,UPDATE V-US mortgage application fall last week-MBA,UPDATE 1-US mortgag application fall last week-MBA,US mortgag application fall last week-MBA
Bertuzzi Enters Plea,Sports,Bertuzzi Enter Plea,Bertuzzi Enters Plea,Bertuzzi Enter Plea,Bertuzzi Enter Plea,Bertuzzi Enter Plea
Canuck player injured,Sports,Canuck player injure,Canuck player injured,Canuck player injure,Canuck play injure,Canuck play injure
India arrives amidst unprecedented security,Sports,India arrive amidst security,India arrives unprecedented security,India arrive amidst security,Indi arriv amist unprecid secur,Indi arrive unpredic securi
East Carolina hires Skip Holtz as football coach,Sports,East Carolina hire Skip Holtz as football coach,East Carolina hires Holtz football coach,East Carolina hire Skip Holtz football coach,East Carolin hire Skip Holtz as football coach,East Carolla hire Holtz footb coach
U.S. Open Apologizes to Serena After Overrule Error,Sports,U.S. Open apologize to Serena after overrule error,U Open Seren After Overrule Error,U Open apologize Serena overrule error,U.S. Open Apolosiz to Serena After Overrul Error,U Open Seren After Overrul Err
UCLA Guard Bozeman Undergoes Knee Surgery (AP),Sports,UCLA Guard Bozeman Undergo Knee Surgery AP,UCLA Guard Bozeman Knee Surgery,UCLA Guard Bozeman Knee Surgery,UCLA Gard Bozem Kni Surg,UCLA Guard Bozeman Knee Surgry
Owen to give Sven selection dilemma,Sports,Owen give Sven select dilemma,Owen give Sven selection dilemma,Owen Sven select dilemma,Owen to give Sven select dilemm,Owen gi Sven select dilemm
AL Wrap: Lieber Dominates as Yankees Thump Red Sox,Sports,AL Wrap: Lieber Dominate as Yankees Thump Red Sox,Lieber Dominates Yankees Thump Red Sox,Lieber Dominate Yankees Thump Red Sox,al wrap: lieb domin ate as yan thump red sox,Liber Dominate Yankee Thump Sox
''Unit'' Deal Unresolved,Sports,Unit Deal Unresolve,Deal Unresolved,Deal Unresolve,Unit Deal Unresolv,Deale Unresolv
Giants #39; Tim Carter done with hip injury,Sports,Giants #39; Tim Carter be with hip injury,Giants Tim Carter hip injury,Giants Tim Carter hip injury,Giants #39; Tim Cart done with hip injur,Giants Tim Cart hip injur
Fed chief warns of  #39;painful #39; decisions,Business,fed chief warn of pain decision,Fed chief warns painful decisions,fed chief warn pain decision,fed chief warn of pain decision,fed chief warn pain decis
Hewitt advances,Sports,Hewitt advance,Hewitt advances,Hewitt advance,Hewitt advanc,Hewitt advanc
BSkyB wins rights to cover home England tests,Sports,BSkyB win right cover home England test,BSkyB wins rights cover home England tests,BSkyB win cover home England test,BSkyB win right cover hom England test,BSkyB win right cover home Englan test
Federer crushes Hewitt and sets new record,Sports,Federer crush Hewitt and set new record,Federer crushes Hewitt sets new record,Federer crush Hewitt set new record,Federer crushes Hewitt and set new record,Federr crush Hwitt set new record
US women settle for tie,Sports,US woman settle for tie,US women settle tie,US woman settle tie,US woman settl for tie,US woman settl ti
Perth home to new rugby union team,Sports,Perth home to new rugby union team,Perth home new rugby union team,Perth home new rugby union team,Perth hom to new rugb union team,Perth hom new rugb union teame
Shot putters return to ancient site of first Games,Sports,Shot putter return ancient site first Game,Shot putters return ancient site first Games,Shot putter Game,shot putter return ancient site first game,shot put anc site first game
Texans Boot Chiefs,Sports,Texans Boot Chiefs,Texans Boot Chiefs,Texans Boot Chiefs,Texan Boot Chief,Texan Boot Chief
"Keith Miller, last of the cavaliers, dead at 84",Sports,"Keith Miller, last of the cavalier, dead at 84","Keith Miller, cavaliers, dead 84","Keith Miller, last cavalier, dead 84","Keith Miller, last of the cavaliar, dea at 84","Kei program, cavaleri, ded 84"
Golfer Goosen Wins the Tour Championship (AP),Sports,Golfer Goosen Win the Tour Championship AP,Golfer Goosen Wins Tour Championship,Golfer Goosen Win Tour Championship,Golfer Goosn Winn the Tour Championship (AP),Golfer Goosn Win Tour Championship
Ireland blanks Croatia in friendly,Sports,Ireland blank Croatia in friendly,Ireland Croatiafriendly,Ireland blank Croatia friendly,Irelan blank Croat friend,Irelan Croatfriendli
"ASEAN, Australia, N.Zealand See 2007 Pact",Business,"ASEAN, Australia, N.Zealand See 2007 Pact",ASEAN Australia New Zealand See 2007 Pact,ASEAN Australia N.Zealand See 2007 Pact,"ASEAN, Austrail, NZ See 2007 Pakt",ASEAN Aust N Z See 2007 Pac
Ways to pass time between TD passes,Sports,Ways to pass time between TD pass,Ways pass time TD passes,Ways pass time TD pass,Ways to pas tim betwee TD pas,Ways pass tim TD pass
Basketball: Lithuania Shoots Down United States,Sports,Basketball: Lithuania Shoot Down United States,Lithuania Shoots Down United States,Lithuania Shoot Down United States,Basketball: Lithu Shoots Down Unit States,Lithuan Shoot Down United State
Baseball ball sells for \$1m,Sports,Baseball sell cost \$1m,Baseball ball sells \$1m,Baseball cost \$1m,Baseball ball sell for \$1m,Basebal ball sell \$1m
Sunday #39;s NFL Roundup,Sports,Sunday NFL Roundup,Sunday NFL Roundup,Sunday NFL Roundup,Sundays NFL Roundup,Sunidd NFL Rounndup
Chiefs spoil Manning #39;s big day,Sports,Chief spoil Manning have,Chiefs spoil Manning's big day,Chief Manning,Chief spoil Mani big day,Chief spoil Manning big day
FOOTBALL: PEA SOUPER,Sports,FOOTBALL: PEAS,FOOTBALL PEA SOUPER, FOOTBALL PEAS, FOOTBALL: PEAS, FOOTBAL PEASUP
"Best of times, worst of times",Sports,"best of time, worst of time","Best times, worst times",best time worst time,best of tim worst of tim,"best tim, wors tim"
Stats Likely to Stand,Sports,Stats Likely Stand,Stats Likely,Stats Likely Stand,Stat Likeli Stand,Stat LikELY
Anglo-American hope for Leeds,Sports,Anglo-American hope for Leeds,Anglo American Leeds,Anglo-American Leeds,Anglo-Amhope hop for Leed,Anglo Am Ld
Masters blow to Agassi,Sports,Masters blow to Agassi,Masters blow Agassi,Masters blow Agassi,Maste blow Aggasi,Mast bl Agg argu
Pirates may trade Kendall to Oakland,Sports,Pirate may trade Kendall to Oakland,Pirates trade Kendall Oakland,Pirate trade Kendall Oakland,Pirat trad Kelondo to Oaklano,Pirate trade Kendall Oakland
U.S. Rider Banned for Two Years,Sports,U.S. Rider Ban Two Year,U.S. Rider Banned两年,U.S. Rider Ban Two Year,U.S. Ridder Ban for Two Yea,U.S. Rid Ban twain
NBA ROUNDUP Recovering Hill Powers Magic Past Mavericks,Sports,NBA ROUNDUP Recovering Hill Powers Magic Past Mavericks,NBA ROUNDUP Hill Powers Magic Past Mavericks,NBA ROUNDUP Hill Powers Magic Past Mavericks,NBA ROUNDUP Recoveri Hill Power Magic Pass Maverick,NBA ROUNDUP HILL POWER MAGIC PAS Mavericks
Chelsea 2 CSKA Moscow 0,Sports,Chelsea 2 CSKA Moscow 0,Chelsea CSKA Moscow,Chelsea CSKA Moscow,Chelsea 2 CSKA Mosc 0,Chelseas CSKAMoscow
Notre Dame Says Coach Search Is Ongoing (AP),Sports,Notre Dame Say Coach Search Be Ongoing,ND Say Coach Search Ongoing,ND Say Coach Search Ongoing,Notr Dm Say Coac Sear Is Ongoin AP,NS Coach Search Ongoin
Rose Takes Big Tax Hit,Sports,Roses Take Big Tax Hit,Rose Takes Big Tax Hit,Roses Take Big Tax Hit,Rose Tak Big Tax Hitt,Rose Tak Big Tax Hit
Long story,Sports,Long story,Long story,Long story,Long故事,long stor
Monty Hailed as Hero of Stunning Victory,Sports,Monty Hail as Hero of Stunning Victory,Monty Hailed Hero Stunning Victory,Monty Hail Hero Stunning Victory,Monty Haile as Herof of Stunn Victri,Monty Hail Hero stun victory
Jacques Villeneuve: The team and I share a common goal,Sports,Jacques Villeneuve: team and I share common goal,Jacques Villeneuve team share common goal,Jacques Villeneuve team share common goal,Jacques Villenuev: The team and I share a common goal,Jacques Villeneuve team share common goal
Terps snap Seminole hex,Sports,Terp snap Seminole hex,Terps snap Seminole,Terp snap Seminole,Terps snap Seminole hex,Terps snap Seminoles
Samsung sees chip growth slowing,Business,Samsung see chip growth slow,Samsung chip growth slowing,Samsung chip growth slow,Samsung see chip grow slow,Samsung chip grow slow
Writing on wall is in invisible ink to ailing Gannon,Sports,Writing on wall be in invisible ink to ailing Gannon,Writing wall invisible ink ailing Gannon,Writing wall invisible ink ailing Gannon,Writin on wall is in invisibl ink to aillin Gannon,write wall invisibl ail Gannan
Regent: CU needs to restore confidence,Sports,Regent: CU need to restore confidence,Regent CU needs restore confidence,Regent CU restore confidence,Regent: CU need to restor confid,Regent CU need restor confid
Rams pick right option,Sports,Rams pick right option,Rams pick right option,Rams pick right option,Rams pic right opt,Rams pick right opt
Report: Stottlemyre won #39;t return,Sports,Report: Stottlemyre will not return,Report Stottlemyre won return,Report Stottlemyre will return,Report: Stottlemire won't return,Report win return
Graeme Souness is Quitting English Premiership #39;s Blackburn Rovers,Sports,Graeme Souness quit English Premiership's Blackburn Rovers,Graeme Souness Quitting English Premiership Blackburn Rovers,Graeme Souness quit Blackburn Rovers,Graem Sunees is Quitting Englis Premiesss's Blackberr Roers,Graem Sunees Quit Engl Premi Blackberr Rovs
Chat during World Series Game 3,Sports,Chat during Series Game,Chat World Series Game,Chat Series Game,Chat durin World Seri Game 3,Chat Worl Seri Game
El Salvador fires national soccer team coach after two losses,Sports,El Salvador fire national soccer team coach after two lose,El Salvador fires national soccer team coach,El Salvador fire national soccer team coach two lose,El Salvad fir national soccer team coach after two loss,El Salvad fir national socc team coach
Wilson Gets 10th Win As Reds Drop Pirates (AP),Sports,Wilson Get 10th Win As Red Drop Pirate,Wilson Gets 10th Win Reds Drop Pirates,Wilson Get Win Red Drop Pirate,wilson get 10th win as red drop pirate,Wils Get 10th Win Red Drop Pirat
Phantoms extend win streak to 14 games with 4-3 overtime win,Sports,Phantom extend win streak to 14 game with 4-3 overtime win,Phantoms extend win streak 4-3 overtime,Phantom extend win streak overtime win,Phantom extend win streak to 14 game with 4-3 overtime win,Phantom extend win streak 4-3 overtime
Derek makes Tigers topple like dominoes: Red-hot Sox continue &lt;b&gt;...&lt;/b&gt;,Sports,Derek make Tiger topple like domino: Red-hot Sox continue...,Derek Tigers topple dominoes Red-hot Sox continue,Derek Tiger topple Red-hot Sox continue...,Derek mak tig toppl lik dominos: red hot sox contin &lt;b&gt;...&lt;/b&gt;,Derek Tiger topple domino Red-hot So continue
Cyclists find fast track as competition begins,Sports,Cyclist find fast track as competition begin,Cyclists find fast track competition begins,Cyclist fast track competition,Cyclist find fast track competit begin,Cyclist find fast track compete begin
Roddick beats Henman in Texas,Sports,Roddick beat Henman in Texas,Roddick beats Henman Texas,Roddick beat Henman Texas,Roddick beat Henman in Texas,Roddick beat Henman Texас
Four finalists selected in bids for 2009 Super Bowl,Sports,Four final select bid for two thousand nine super bowl,Four finalists selected bids 2009 Super Bowl,Four final bid two thousand nine Super Bowl,Four final select bid for two zero zero nine super bowl,Four final select bid super bowl
England finally ends dreary streak against Aussies,Sports,England finally end dreary streak against Aussies,England ends streak against Aussies,England end streak Aussies,England final end drear streak against Aussi,England end streak against Aus деят
Packers Deal McKenzie,Sports,Pack deal McKenzie,Packers Deal McKenzie,Pack deal McKenzie,Pack Deal McMen,Pack Deal McMen
Cricket: Sri Lanka extend lead to 164 runs against Pakistan,Sports,Cricket: Sri Lanka extend lead to 164 runs against Pakistan,Cricket Sri Lanka extend lead Pakistan,Cricket Sri Lanka extend lead Pakistan,Cricket: Sri Lank extend lead to 164 run against Pakist,Cricket Sri Lankan extend lead Pakist'an
Big-mouth Becks to tell all at marriage counselling,Sports,Big mouth Beck to tell all at marriage counseling,Bigmouth Becks tell all marriage counselling,Big Beck tell all marriage counseling,bigmouth beck to tell all at marriage counsel,Bigmouth Beck tell all marriag counsell
Liga Sunday Wrap: Madrid Answer The Critics,Sports,Liga Sunday Wrap: Madrid Answer Critic,Liga Sunday Wrap Madrid Answer Critics,Liga Sunday Wrap Madrid Answer Critic,LigasundWrap: MadriAnsTheCritics,LigasundWrapMadriAnswCritic
Abdur-Rahim three beats Celtics at buzzer,Sports,Abdur-Rahim three beat Celtics at buzzer,Abdur-Rahim beats Celtics buzzer,Abdur-Rahim beat Celtics buzzer,Abdur-Rahim thrее beat Celtics at buzzer,Abdur-Rahim beat Celtics buzzer
Kovalev joins AK Bars Kazan in Russia,Sports,Kovalev join AK Bars Kazan in Russia,Kovalev joins AK Bars Kazan Russia,Kovalev join AK Bars KazanRussia,Kovalev join AK Bar Kazan in Russ,Kovalev join AK Bar Kazan Russ
"Mets, Benson cool off Marlins",Sports,"Mets, Benson cool Marlins",Mets Benson cool Marlins,Mets Benson cool Marlins,"Mets, Benson, cool, Marlin",Mets Ben cool Marlins
The fat lady finally sings,Sports,The fat lady finally sing,fat lady sings,fat lady sing,The fat ladi finall sing,fat lady sing
Anderson makes NHRA history with US Nationals win,Sports,Anderson make NHRA history with US Nationals win,Anderson NHRA history US Nationals win,Anderson NHRA history US Nationals win,Anders make NHRA hist with US Nat win,anderson nhra hist us nat win
Athens Asides,Sports,Athens Aside,Athens Asides,Athens,Athens Asid,Athens Aside
Becks get Sven #39;s full support,Sports,Beck get Sven have,Becks get Sven support,beck get sven,Beck get Sven #39;s full support,Beck get Sven support
"Indians Get Rhodes for Lawton, AP Learns (AP)",Sports,"Indians Get Rhodes for Lawton, AP Learn AP",Indians Get Rhodes Lawton AP Learns,Indians Get Rhodes Lawton AP Learn AP,"Indians Get Rhod For Lawton, AP Lrn",Indians Get Rhodes Law AP Learns
Closer''s role,Sports,Closer's role,Closer's role,Closer's role,Closer's role,Closer's rol
Cust Slogs Through Season,Sports,Customer Sluggishly Goes Through Season,Cust Slogs Through Season,Customer Sluggishly Goes Season,Cust Slg Throu Season,Cust Slg Throug Season
Judge: Bryant Accuser Must Be Identified (AP),Sports,Judge: Bryant Accuser Must Be Identify,Bryant Accuser Must Be Identified,Bryant Accuser Must Identify,Judg: Bryant Accus Must Be Identifi,Brynt Accus Must Be Identifi
Moore battles back to top List at US amateur championship,Sports,Moore battle back to top list at US amateur championship,Moore battles back top List US amateur championship,Moore battle top list US amateur championship,Moore bat back to top list at US amate champio,Moor battl back top list US amator champion
US Stocks Dip,Business,US Stock Dip,US Stocks Dip,US Stock Dip,US Stock Dip,US Stock Dip
South Africa win Tri-Nations,Sports,South Africa win Tri-Nations,South Africa Tri-Nations,South Africa win Tri-Nations,South Afric win Tri-Nation,South Afric Tri-Nation
Jets Enjoy 2-0 Start Heading Into Bye Week (AP),Sports,Jets Enjoy 2-0 Start Heading Into Bye Week AP,Jets Enjoy Start Bye Week,Jets Enjoy Start Bye Week AP,Jets Enjy 2-0 Strt Heding In B By Wk (AP),Jets Enjoy Star Bye
Tennis: Only the elements slow Federer,Sports,Tennis: Only the element slow Federer,Tennis Federer,Tennis Federer,Tenis: Onl the elemen slo Federer,Tenis Federe
BC-UConn meeting is a misdirection play,Sports,BC-UConn meeting be misdirection play,BC UConn meeting misdirection play,BC UConn meeting misdirection play,bc-uconn-meet misdirect play,BC UConn meet misdir play
Under the Gunners #39; spell,Sports,Under the Gunners spell,Under Gunners spell,Under Gunners spell,Under the Gunner's spell,Under Gunner's spell
Rangers stung by Thistle,Sports,Ranger sting Thistle,Rangers Thistle,Ranger sting Thistle,Ranger stung Thistle,Rang Rangers Thist thistle
Late rally keeps Sonics #39; win streak alive,Sports,Late rally keep Sonic win streak alive,Late rally keeps win streak alive,Late rally keep win streak alive,Late rally keeps Sonic win streak alive,Late rally keep win streak alive
Michigan loses but wins anyway,Sports,Michigan lose but win anyway,Michigan loses wins,Michigan lose win,Michigan los but win anyway,Míchigan lóss wíns
England rule out Rooney,Sports,England rule Rooney,England Rooney,England Rooney,Englan rule out Roone,Englan Roone
Fedossova Upsets Shaughnessy at Japan Open (AP),Sports,Fedossova Upset Shaughnessy at Japan Open,Fedossova Upsets Shaughnessy Japan Open,Fedossova Upset Shaughnessy Japan Open,Fedossovupsetshaughnessyjapanopenap,FedossovupsetShaughnessyJapanOpen
Stocks Up; Traders Eye Crude Oil Prices,Business,Stock Up; Trader Eye Crude Oil Price,Stocks Up Traders Eye Crude Oil Prices,Stock Trader Crude Oil Price,Stocks Up; Traders Eye Crude Oil Price,Stocks Up Trader Eye Crude Oil Price
Cadbury Warns Of Weaker Results,Business,Cadbury Warn Of Weak Result,Cadbury Warns Results,Cadbury Warn Result,Cadbur Weak Resul,Cadbury Warn Resul
Hockey talks go nowhere fast,Sports,Hockey talk go nowhere fast,Hockey talks go nowhere fast,Hockey talk go nowhere fast,Hockyt talk go nowher fast,Hocky talk go nowher fast
Steroid details rock sports,Sports,Steroid detail rock sport,Steroid sports,Steroid rock sport,Stroid detail rock sport,Steroid sport
It #39;s Official: Spurrier Is Hired to Coach Gamecocks,Sports,It be Official: Spurrier be Hired to Coach Gamecocks,Spurrier Hired Coach Gamecocks,Spurrier Hired Coach Gamecocks,Its Officail: Spurrif Hir Coach Gamecock,Spurr Hir Coac Gamecock
First blood to Junqueira in Mexico.,Sports,First blood to Junqueira in Mexico.,First blood Junqueira Mexico,First blood Junqueira Mexico,First bloo Junquei Mexic,First blood Junquiera Mexic
FARINELLA: McGinest saves win,Sports,FARINELLA: McGinest save win,McGinest saves win,FARINELLA McGinest save win,FARINELLA: McGinest save win,McGin sav win
Browns'' Garmon Injures Knee (AP),Sports,Browns' Garmon Injury Knee AP,Browns Garmon Injures Knee,Browns Garmon Injury Knee,Browns' Garmon Injures Kne,Browns Garmon Injures Kne
Huskies reportedly fire Gilbertson,Sports,Husky report reportedly fire Gilbertson,Huskies fire Gilbertson,Husky report fire Gilbertson,Huskies repor ttl fir Gilbertson,Husky fire Gilbert
"Arsenal, Manchester Rivalry Heating Up (AP)",Sports,"Arsenal, Manchester rivalry heating up (AP)",Arsenal Manchester Rivalry Heating Up,Arsenal Manchester rivalry heating,"Arsenal, Manchestr rivalhip heating up (AP)",Arsenal Manchester Rivalry Heating Up
Loss from the jaws of victory painful,Sports,Loss from the jaw of victory painful,Loss painful,Loss victory painful,Loss jaw victor painfu,Los painful
"UCLA 70, Purdue 64",Sports,"UCLA 70, Purdue 64","UCLA, Purdue","UCLA, Purdue","UCLA 70, Purdue 64","UCLA, Poute"
Trojans #39; 31-point victory no fluke,Sports,Trojan's point victory no fluke,Trojan victory no fluke,Trojan's point victory,Trojan's 31-point victor no fluk,Trojan victor no fluk
Chelsea ties Arsenal in Premier League,Sports,Chelsea tie Arsenal in Premier League,Chelsea Arsenal Premier League,Chelsea tie Arsenal Premier League,Chelsea tie Arsenal in Premier Leaguen,Chelsea Arsenal Prem Leag
Punching his way forward,Sports,Punch his way forward,Punching way forward,Punch way forward,Punch way forward,Punchwayforward
Bryant #39;s been a trial for city witness,Sports,Bryant be a trial for city witness,Bryant trial city witness,Bryant trial city witness,Bryant's been a try for city witnes,Bry tri cit witnes
Shaq #39;s move to Miami won #39;t weaken West,Sports,Shaq move to Miami won't weaken West,Shaq move Miami weaken West,Shaq move Miami weaken West,Shaq movi to Miam wonn't wea West,Shaq mov Miami weake West
Will Graves: Laettner has learned to live with the labels,Sports,Will Grave: Laettner have learn to live with the label,Laettner learned live labels,Grave Laettner learn live label,will grav laettner learn liv label,Laettner learn liv label
North Shore (10-2) vs. East Boston (11-0),Sports,North Shore (10-2) vs. East Boston (11-0),North Shore vs. East Boston,North Shore vs. East Boston,North Shor (10-2) vs. East Bos (11-0),North Shore vs. East Boston
Yorke eyes transfer over lack of support #39;,Sports,Yorke eye transfer over lack of support,Yorke eyes transfer,Yorke eye transfer,York eye transf over lack support,Yorks eyes tranferr
US Davis Cuppers plan to use patience,Sports,US Davis Cupper plan use patient,US Davis Cuppers plan use patience,US Davis Cup plan use patient,US Davis Cupper plan use patient,US Davis Cupper plan use patient
Cancer-conquering coach - Yao''s NBA father figure - honored by Rockets (AFP),Sports,a father figure - honor by rocket (afp),Cancer conquering coach Rockets honored Yao NBAfatherfigure,cancer conquer coach yao NBA father honor rocket,Cancer-conquor-coach - Yao''s NBA father-figure - honor-by Rocket (AFP),a fatherfigure
Hutch Plots \$1.5B IPO,Business,Hutch Plot Dollar Billion IPO,Hutch Plots \$1B IPO,Hutch Plot Billion IPO,Hutch Plot \$1.5B IPO,Hutch Plot Stem Plots Dollar Billion IPO
No reason to jump for joy,Sports,No reason to jump for joy,reason jump joy,reason jump joy,No reasen to jump for joy,reas jump joy
Walsh in charge for Masconomet,Sports,Walsh be charge for Masconomet,Walsh charge Masconomet,Walsh charge Masconomet,Walsh charg Masconomet,WalshChargMasconomet
Backman not one to back down,Sports,Backman not one to back down,Backman not one back down,Backman not one back down,Backman not one to back down,Backman not one back down
Body of NBC Official''s Son Is Believed Found in Crash,Sports,Body of NBC Official's Son Is Believe Find in Crash,Body NBC Official Son Believed Found Crash,Body NBC Official Son Believe Find Crash,Body NBC Offic Son Is Beliv Find crash,Body NBC Offic Son Believ Find Crash
Barry Bonds Hits 699th Career Home Run (AP),Sports,Barry Bonds Hit 699th Career Home Run (AP),Barry Bonds Hits 699th Career Home Run,Barry Bonds Hit 699th Career Home Run,Barry Bond Hit 699 Carr Home Run AP,Barry Bond Hit 699 Carr Home Run
"At end, Nuggets golden",Sports,"At end, Nugget be golden",Nuggets,Nugget golden,"At, end, Nugget, golden",Nugget
Mets Sign Cuban Defector Alay Soler (AP),Sports,Mets Sign Cuban Defector Alay Soler (AP),Mets Sign Cuban Defector Alay Soler,Mets Sign Cuban Defector Alay Soler,Mets Sign Cub Defect Alay Soler(AP),Mets Sign Cub Defect Alay Soler
Cardinals Best When It Matters the Most,Sports,Cardinal best when it matter the most,Cardinals Best When Matters Most,Cardinal best matter most,Cards Best When It Matt the Most,Cards Best When Matter Most
Cowboys Outlast Bears,Sports,Cowboy Outlast Bear,Cowboys Outlast Bears,Cowboy Outlast Bear,Cow Boy Outlast Bear,Cowodyn Outlast Bear
"Hardware in store for Hatch, Kupets",Sports,"Hardware in store for Hatch, Kupets",Hardware store Hatch Kupets,Hardware store Hatch Kupets,"Hardwar in stor for Hatch, Kupet",Hardwar stor Hatch Kupet
Swedish team stacked because of lockout,Sports,Swedish team stack because of lockout,Swedish team stacked lockout,Swedish team stack lockout,Swed team stack because of lockout,Swed team stack lock
Giant Gilles slays Andre,Sports,Giant Gilles slay Andre,Gilles slays Andre,Gilles slay Andre,Giant Gilles slay Andre,Gille slay Ande
Sri Lanka spinners throttle South Africa,Sports,Sri Lanka spinner throttle South Africa,Sri Lanka spinners throttle South Africa,Sri Lanka spinner throttle South Africa,Sri Lak spinn thrott South Afric,Sri Lakna spin throttle South Afric
76ers Slip by Wizards 116-114 in Overtime (AP),Sports,76ers Slip by Wizards 116-114 in Overtime (AP),76ers Slip Wizards Overtime,76ers Slip Wizards Overtime 116-114,76ers Slip by Wizards 116-114 in Overtim AP,76ers Slip Wizards Overtime
Giants Slip and Vanish in a Torrent of Turnovers,Sports,Giants Slip and Vanish in a Torrent of Turnover,Giants Slip Vanish Torrent Turnovers,Giants Slip Vanish Torrent Turnover,Giants Slip Vanish Torrent Turnover,Giants Slip Vanish Torrent Turnov Turn Giants Slip Vanish Torrent Turnov
Late Drogba strike gives Chelsea 1-0 win at Middlesbrough,Sports,Late give Chelsea 1-0 win at Middlesbrough,Late strike gives win,Late Chelsea win,Late Drogr strik giv Chelse 1-0 win at Middlbro,Late strik give win
US Open WCQ with Trinidad,Sports,US Open WCV with Trinidad,US Open WCQ Trinidad,US Open WCV Trinidad,US Open WCV with Trinidad,US Open WCV Trinidad
Kirilenko sparks Jazz with 8 blocks,Sports,Kirilenko spark Jazz with 8 block,Kirilenko sparks Jazz 8 blocks,Kirilenko spark Jazz 8 block,Kiril block Jazz,Kiril spark Jazz 8 block
Magath says Bayern honeymoon is over after poor start,Sports,Magath say Bayern honeymoon be over after poor start,Magath says Bayern honeymoon over after poor start,Magath Bayern honeymoon over poor start,Magath say Bayern honeymon over after poor start,Magath say Bayern honeymoon over after poor start
African Taekwondo Athlete Hospitalized,Sports,African Taekwondo Athlete Hospitalize,African Taekwondo Athlete Hospitalized,African Taekwondo Athlete Hospitalize,Afric Taekwondo Athl Hospitat,Afric Taekwondo Athlet Hospitализ
Lucent Says It May Get  #36;816M Tax Refund (AP),Business,Lucent Say May Get Dollar Eight Hundred Sixteen Million Tax Refund,Lucent Says May Get 816M Tax Refund,Lucent Say May Get Dollar Eight Hundred Sixteen Million Tax Refund,Lucent Say May Get \$816M Tax Refund AP,Lucent Say May Get 816M Tax Refund
Golf: Shoulder injury casts doubts over Woods,Sports,Golf: Shoulder injury cast doubt over Woods,Golf Woods,Golf Woods,Golf: Should injury cast doubt over Wood,Golf Wood
Caborn urges motor sports to seize F1 opportunity,Sports,Caboern urge motor sport to seize F1 opportunity,Caborn urges motor sports seize F1 opportunity,Caboern urge motor sport seize F1 opportunity,Cabor urge motor sport to seize F1 opportun,Caborn urge motor sport seize F1 opportun
Bills Get First Win Over Winless Dolphins (AP),Sports,Bills Get First Win Over Winless Dolphins (AP),Bills Win Over Dolphins,Bills Win Over Dolphins,Bills Get First Winn Over Winles Dolphins,Bills Win Over Dolphins
Forest say farewell to legend Clough,Sports,Forest say farewell to legend Clough,Forest legend Clough,Forest legend Clough,Forrest say farewel to legend Clough,Forrest legen clouッグ
Watney moves to the front,Sports,Watney move front,Watney moves front,Watney move front,Wat mov front,Wat mov front
Cracknell to take a year out,Sports,Cracknell to take a year out,Cracknell take year,Cracknell take year out,Crackn to tak year out,Crackn take year
Holmes hunts golden double,Sports,Holmes hunt golden double,Holmes hunts golden double,Holmes hunt golden double,Holmes hunt gold double,Holmes hunt gold double
Bryant say O''Neal paid women hush money to keep silent (AFP),Sports,Bryant say O'Neal pay woman hush money to keep silent (AFP),Bryant say O''Neal paid women hush money,Bryant O'Neal pay woman hush money keep silent,Bry say O'Neal pay woman hush money to keep silent (AFP),Bry say O'Neal pay woman hush money
Pats kick off season with win,Sports,Pats kick season win,Pats season win,Pats kick season win,Pats kic off seas with win,Pas win
Second India-Australia Test ends in draw after rain washes out &lt;b&gt;...&lt;/b&gt;,Sports,Second India-Australia Test end in draw after rain wash out,India-Australia Test ends draw rain washes out,India-Australia Test end draw rain wash,Second Indi-Austral Test end in draw after rain washout,Indi-Australi Test end draw rain wash out
UPDATE 1-Novo sends Rangers top as Celtic are held,Sports,UPDATE send top as hold,UPDATE Novo sends Rangers top Celtic held,UPDATE send top hold,UPDATE 1 Novo sends Ranger top as Celt hold,UPDAT Novo send Ranger top Celt hold
The  #39;Chase #39; brings new drama to NASCAR,Sports,The Chase bring new drama to NASCAR,Chase brings drama NASCAR,Chase NASCAR drama,The Chase brings new dram to Nascar,Chas bring dram Nascar
Lehmann and Richardson contest foot-race for charity,Sports,Lehmann and Richardson contest foot-race for charity,Lehmann Richardson contest foot-race charity,Lehmann Richardson contest foot-race charity,Lehmann and Richar contest foot-race for charit,Lehmann Richardson contest foot-race charity
Murphy sizzles again as Skaife fizzles,Sports,Murphy sizzle again as Skaife fizzle,Murphy sizzles Skaife fizzles,Murphy sizzle Skaife fizzle,Murphy sizzl sizzl Skaife fizzle,Murphy sizzl Skaife fizzl
Dodgers Lead Cardinals 1-0 After One,Sports,Dodger Lead Cardinal 1-0 After One,Dodgers Lead Cardinals,Dodger Lead Cardinal,Dodger Lead Cardinal 1-0 After One,Dodger Lead Cardinal
Coach of disgraced Greek sprinters claims IAAF charges groundless,Sports,Coach claim IAAF charge groundless,Coach IAAF charges groundless,Coach IAAF charge,coach disgre graced greek sprinter claim iaaaf charg ground,Coach IAAF charg groundless
"No debate, it''s Manning",Sports,"No debate, it be Manning",Manning,Manning,"No debat, it''s Mannin",Mannin
Champions League: Group C - Bayern Munich join Juventus as &lt;b&gt;...&lt;/b&gt;,Sports,Champions League: Group C - Bayern Munich join Juventus as...,Champions League Group C Bayern Munich Juventus,Champions League Group C Bayern Munich Juventus,Champio League: Group C - Bayern Muhi join Juve as...,Championi League Group C Bayern Junius Juventus
Battle of Old Trafford resumed,Sports,Battle resume Old Trafford,Battle Old Trafford resumed,Battle resume Old Trafford,Batt Resumed,Batt Old Trafford resum
Spain: Real Madrid crush Levante,Sports,Spain: Real Madrid crush Levante,Spain Real Madrid crush Levante,Spain Real Madrid crush Levante,Spain: Real Madr crush Levant,Spain RealMadrid crush Levante
Official: Puerto Rican failed drug test,Sports,Official: Puerto Rican fail drug test,Puerto Rican failed drug test,Puerto Rican fail drug test,Official: Puerto Rican fail drug test,Puerto Rico fail drug test
Soccer: Yellow card row leaves Beckham facing red card from &lt;b&gt;...&lt;/b&gt;,Sports,Soccer: Yellow card leave Beckham face red card from...,Soccer Yellow card row leaves Beckham facing red card,Soccer Yellow card leave Beckham face red card,Soccer: Yellow car d row leave Beck face red car d from...,Soccer Yellow card row leave Becke face red card
"Plenty At Stake - Wednesday 22, September-2004",Sports,Plenty At Stake - Wednesday 22 September 2004,Plenty Stake Wednesday September 2004,Plenty Stake Wednesday September 22 2004,"Plenty At Stak - Wednesd 22, Septemb-2004",PlentyStakeWednesdaySeptSep
Judge holds Caminiti #39;s fate after drug test,Sports,Judge hold Caminiti's fate after drug test,Judge holds Caminiti's fate after drug test,Judge hold Caminiti's fate drug test,Judget hold Caminiti fate after drug test,Judg hold Caminiti fate after drug test
Everton target McCarthy,Sports,Everton target McCarthy,Everton target McCarthy,Everton McCarthy,Everton target McCarthi,Everton target McCarthi
No gain on this return,Sports,No gain on this return,gain return,gain return,No gai on thi retur,gain retur
Mauresmo Pulls Out of Fed Cup Finals,Sports,Mauresmo Pull Out of Fed Cup Final,Mauresmo Pulls Fed Cup Finals,Mauresmo Pull Fed Cup Final,Mauresmo Pulls Out Of Fed Cup Final,Mauresmo Pul Fed Cup Fina
Ecclestone gets tough with Silverstone,Sports,Ecclestone get tough with Silverstone,Ecclestone gets tough Silverstone,Ecclestone tough Silverstone,Ecclest)get+tough+with+Silvest,Eccles get tough Silvertorne
"NFL: New Orleans 28, St. Louis 25 (OT)",Sports,"NFL: New Orleans 28, St. Louis 25 (OT)",NFL New Orleans St Louis OT,NFL New Orleans St Louis OT,"NFL: New Orleann 28, St. Loui 25 (OT)",NFL New Orleans St Louis OT
A gold medal in the ratings,Sports,A gold medal in the rate,gold medal ratings,gold medal rate,A gold medl in the ratin,gold medl rating
OPEC chief expects oil prices to ease from recent high levels,Business,OPEC chief expect oil price to ease from recent high level.,OPEC chief expects oil prices ease recent high levels,OPEC chief oil price ease recent high,OPEC chieft expect oil pric to eas from recent high level,OPEC chief expect oil price ease recent high level
Barrichello heads Ferrari victory at,Sports,Barrichello head Ferrari victory at,Barrichello Ferrari victory,Barrichello Ferrari victory,Barricheld head Ferrari victori at,Barrichello Ferrari victor
"No. 19 Minnesota 43, Northwestern 17",Sports,"No. 19 Minnesota 43, Northwestern 17","Minnesota 43, Northwestern 17","Minnesota 43, Northwestern 17","No. 19 Minn. 43, Nw. 17","Minnesota 43, Northwestern 17"
Sorenstam takes early lead,Sports,Sorenstam take early lead,Sorenstam lead,Sorenstam lead,Sorenstam take early lead,Sorenstam lead
Kim Takes Four-Stroke Lead at State Farm (AP),Sports,Kim Take Four-Stroke Lead at State Farm (AP),Kim Takes Four Stroke Lead State Farm,Kim Four-Stroke Lead State Farm,Kim Take Four-Stroke Lead At State Farm AP,Kim Take Four Stroke Lead State Farm
Runaway Miller equals record,Sports,Run record,Runaway Miller record,Run record,Runaway Miller equal record,Runaway Miller recor
"Chargers Trounce Saints, 43-17 (AP)",Sports,"Charger Trounce Saint, 43-17 (AP)",Chargers Trounce Saints,Charger Saint Trounce 43 17,"Chargers Trounce Saints, 43-17 (AP)",Chargers Trounce Saints
"Lions prepare for Vick, Falcons",Sports,"Lion prepare for Vick, Falcon",Lions prepare Vick Falcons,Lion prepare Vick Falcon,"Lion prepar for Vick, Falcon",Lion prepar Vick Falcon
ESPN.com #39;s Pitching Preview  2004 MLB Playoffs,Sports,espn.com pitch preview 2004 mlb playoffs,Pitching Preview MLB Playoffs,espcompitchpreviewmlbplayoffs,espn.com #39;s pitching preview 2004 mlb playoffs,PITCH.preview.MLB.PLAYOFF
"Angels Top A''s 5-4, Clinch AL West Title (AP)",Sports,"Angels Top A's 5-4, Clinch AL West Title (AP)",Angels Top A's Clinch AL West Title,Angels Top A's Clinch AL West Title,Angl Top A 5-4 Clin AL West Tit Cl取胜 clin,Angl Top A's Clinch AL West Titl
Gunners grind out victory,Sports,Gunner grind out victory,Gunners victory,Gunner victory,Gunner grind out victor,Gunner victory
Bangladesh Is Surviving to Export Another Day,Business,Bangladesh Be Survive to Export Another Day,Bangladesh Surviving Export Another Day,Bangladesh Survive Export Day,Bangladeshr Surviveto Expor Anoth Day,Banglades Surviv Export Day
Tottenham put faith in Dutch coach Jol,Sports,Tottenham put faith in Dutch coach Joel,Tottenham Dutch coach Jol,Tottenham Dutch coach Joel,Tottenham put faith in Dutch coach joul,Tottenham Dutch coach jol
Future of Illini''s Turner''s at Hand (AP),Sports,Future of Illini's Turner's at hand AP,Future Illini Turner hand,Future Illini's Turner's hand AP,Future Illini''s Turner''s hand AP,Futur Illini Turn hand
Heat Puts 14-Game Streak to Test (AP),Sports,Heat Put Game Streak to Test (AP),Heat Streak Test,Heat Game Streak Test,Heat Put 14-Game Streak to Test (AP),Heat Streak Tes
Zo seeks another comeback with Nets,Sports,Zo seek another comeback with Nets,Zo seeks comeback Nets,Zo seek comeback Nets,Zo seek another comeback with Net,Zo seek comeback Net
"In a flash, Escobedo''s dream is over",Sports,"In a flash, Escobedo's dream is over",Escobedo dream over,Escobedo's dream over,"In a flas, Escobed dream is over",Escobedo dream over
Disappointed Delneri Says  #39;Arrivederci Champions #39;,Sports,Disappoint Delneri Say Arrivederci Champion,Delneri Says Arrivederci Champions,Delneri Say Arrivederci Champion,Disappoint Delneri Say Say Arrivederci Champion,Delneri Say Arrivederci Champ
Sweden Beats Czeck in Hockey World Cup,Sports,Sweden Beat Czeck in Hockey World Cup,Sweden Beats Czeck Hockey World Cup,Sweden Beat Czeck,Sweden Beat Czeck in Hockey World Cup,Sweden Beat Czeck Hockey World Cup
Mussina Stymies Royals,Sports,Mussina Stymie Royals,Mussina Stymies Royals,Mussina Stymie Royals,Mussin Stymie Royall,Mussin Stymie Royall
Singles Seek Home-Run Date at California Ball Park,Sports,Singe Seek Home-Run Date at California Ball Park,Singles Seek Home Run Date at Ball Park,Singe Home-Run Date California Ball Park,Singles Seek Hom-Run Dat- At Californ- Ball Park,Singles Seek Hom Run Dat at Ball Park
Spain in another racist football row,Sports,Spain in another racist football row,Spain racist football row,Spain racist football row,Spain rac row,Spain racis football row
Broker Gives Apple Shares a \$100 Price Target,Business,Broker Gives Apple Share a \$100 Price Target,Broker Gives Apple Shares Price Target,Broker Gives Apple Share Price Target,Broker Give Apple Share a \$100 Price Target,Broker Give Apple Share Price Target
Argentina #39;s  #39;mad man #39; quits,Sports,Argentina's mad man quit,Argentina mad man quits,Argentina mad quit,Argentin's mad man quit,Argentin mad man quit
Brit GP on  #39;05 calendar - reports,Sports,brit gp on 05 calendar - report,Brit GP 05 calendar reports,brit gp calendar report,Brit GP on '05 calen report,Brit GP 05 cal endar rep ort
Henman crashes to Novak,Sports,Henman crash Novak,Henman Novak,Henman Novak,Henn crash Novak,Henn Novak
Second suits happy Holmes,Sports,Second suit happy Holmes,Second suits Holmes,Second suit Holmes,Second suit hap Holmes,Second suit Holmes
Powell Cancels Visit to Athens Citing Busy Schedule,Sports,Powell Cancel Visit Athens Cite Busy Schedule,Powell Cancels Visit Athens Busy Schedule,Powell Cancel Visit Athens Busy Schedule,Powell Can Cel Vis To Ath Citing Bus Sched,Powell Can C Visi Ath Busi Schedul
Emmons wins gold in prone rifle,Sports,Emmons win gold in prone rifle,Emmons wins gold rifle,Emmons win gold rifle,Emmon win gold in prone rifle,Emm win gold rif
UPDATE 2-Real crush Levante with second half goal salvo,Sports,UPDATE 2 Real crush Levante with second half goal salvo,UPDATE Real crush Levante goal salvo,UPDATE Real crush Levante goal salvo,UPDATE 2-real crush levante with second half goal salvo,UPDAT REAL CRUSH LEVANT GOAL SALV
Bowden made right decision picking Sexton,Sports,Bowden make right decision pick Sexton,Bowden made right decision picking Sexton,Bowden Sexton,Bowden mad right decis pick sexton,Bowden mad right decis pick sexton
Patriots trounce Bills,Sports,Patriot trounce Bill,Patriots trounce Bills,Patriot Bill,Patri trounce Bill,Patri trounce Bill
Basketball: U.S. Cruises Past Angola 89-53,Sports,Basketball: U.S. Cruise Past Angola 89-53,Basketball U.S. Cruises Angola 89-53,Basketball U.S. Cruise Past Angola 89-53,Basketball: US Cruis Past Angola 89-53,Basketti U.S. Cruisi Angol 89-53
Cable Veterans to Bid in Adelphia Auction,Business,Cable Veteran Bid Adelphia Auction,Cable Veterans Bid Adelphia Auction,Cable Veteran Adelphia Auction,Cable Vet to Bid in Adelphia Auction,Cable Vet Bid Adelphia AUCTION
Item No 17: Mukesh got authority over all directors,Business,Item No 17: Mukesh get authority over all director,Mukesh got authority all directors,Mukesh get authority over all director,Item No 17: Mukesh got auth over all direct,Mukesh got auth direct
England wrap up 4-0 series victory,Sports,England wrap up 4-0 series win,England wrap 4 series victory,England wrap 4-0 series win,England wrap up 4-0 seris victor,Englan wrap serie victorie
Decision to start El Duque final,Sports,Decision start El Duque final,Decision start El Duque final,Decision start El Duque final,Decis start El Duq final,Decis start El Duq final
Column: Jordan Will Not Go Down Without a Fight,Sports,Column: Jordan Will Not Go Down Without a Fight,Jordan Will Go Down Fight,Jordan Will Go Down Fight,Column: Jordon Will Not Go Down Without a Figh,Jord Down Figh
Spat-on Vogts resigns,Sports,Spat-on Vogt resign,Spat Vogts resigns,Spat Vogt resign,Spaton Vogt resign,Spat Vogt resign
AROUND THE HORN: Marlins OK Lowell #39;s deal through 2007,Sports,AROUND THE HORNS: MARLINS OK LOWELL'S DEAL THROUGH 2007,MarlinsOKLowelldeal2007,MARLINS OK LOWELL DEAL THROUGH 2007,AROUNDTHEHORN: MARLINSOKLOWELLSDOKETHROUGH2007,MarlinsOKLowelldeal2007
Notebook: Green Bay trades McKenzie to Saints,Sports,Notebook: Green Bay trade McKenzie to Saints,Notebook: Green Bay trades McKenzie Saints,Notebook McKenzie Saints,Noteb Book: Gre Bay trad McKenz to Saint,Noteb ook: Gr een Bay tra des Mc Ken zie Saints
Warm feeling from bagels,Sports,Warm feeling from bagel,Warm feeling bagels,Warm feeling bagel,Warm feel bagel,Warm feel bagel
Blue Hens punch ticket to quarters,Sports,Blue Hen punch ticket to quarter,Blue Hens punch ticket quarters,Blue Hen punch ticket quarter,Blue Hen punch ticket to quarter,Blue Hen punct tick quarter
"A year later, Tuberville all smiles",Sports,"A year later, Tuberville all smile.",A year Tuberville smiles,A year later Tuberville smile.,"A year lat, Tubervil smil",A year Tubervill smile
NFL: Ravens/Bengals,Sports,NFL: Ravens/ Bengals,NFL Ravens Bengals,NFL Ravens Bengals,NFL: Ravens/Bengals,NFL Ravens Bengal
Treasuries Retreat Before Payrolls Data (Reuters),Business,Treasuries Retreat Before Payrolls Data (Reuters),Treasuries Retreat Payrolls Data,Treasuries Retreat Payrolls Data,Treasur Retri Befor Payroll Data,Treasur Retrai Pay Rol Data
5 TDs keep Manning on pace for NFL record,Sports,5 touchdown keep Manning on pace for NFL record,5 TDs Manning pace NFL record,5 touchdown keep Manning pace NFL record,5 td keep manning on pace for nfl record,5 TDs Manning pace NFL record
Lawyers Seeking Deal,Sports,Lawyer Seek Deal,Lawyers Seeking Deal,Lawyer Seek Deal,Law Seek Deal,Law Seek Deal
NL notables,Sports,NL notable,NL notables,NL notable,NL notab,NL notabl
Molik stays on course for second tournament win in row,Sports,Molik stay on course for second tournament win in row,Molik stays course second tournament win row,Molik stay course second tournament win row,Molik stays on course for second tourney win in row,Molik stay course second tournament win row
Klitschko Batters Williams to Retain WBC Title,Sports,Klitschko Batter Williams to Retain WBC Title,Klitschko Retains Title,Klitschko Batter Williams Retain WBC Title,Klitccko Batte Williамs to Retai WBC Titl,Klitschko Retain Title
Area fans: Huskies #39; reputation damaged,Sports,Areas fans: Huskies reputation damage,Huskies reputation damaged,Areas fans Huskies reputation damage,Are fan Huski reput damage,Husky reput damag
Grizzlies stun Spurs on go-ahead 3-pointer,Sports,Grizzly stun Spurs on go-ahead 3-pointer,Grizzlies stun Spurs go-ahead 3-pointer,Grizzly stun Spurs go-ahead 3-pointer,Grizzly stun Spur on go-al头3-point,Grizz stun Spur gohea 3-point
5 Pacers and 5 Fans Are Charged in Fight,Sports,5 Pacers and 5 Fans Be Charged in Fight,Pacers Fans Charged Fight,Pacers Fans Charged Fight,5 paci charg fan in chi,Pac fan charg fight
"Bonds propels Giants with arm, not bat",Sports,"Bond propel Giant with arm, not bat",Bonds propels Giants arm bat,Bond propel Giant arm bat,"Bonds propell Giants with arm, not bat",Bonds propell Giants arm bat
Kluivert nets twice against first Arab team in UEFA match,Sports,Kluivert net twice against first Arab team in UEFA match,Kluivert nets twice Arab team UEFA match,Kluivert net twice Arab team UEFA match,Kluivert net twice against first Arab team in UEFA match,Kluivert nett twe Arabi team UEFA match
"Redick, Ewing each score 29, total 10 three-pointers",Sports,"Redick, Ewing each score 29, total 10 three pointer","Redick score 29, Ewing score 29, total 10 three-pointers",Redick Ewing score three pointer,"Redick, Ewing each score 29, total 10 three point pointer","Redick scor 29, Ewing scor 29, total 10 three-pointers"
Tournament doctor thinks Clijsters #39; injury could threaten career,Sports,Tournament doctor think Clijsters injury could threaten career,Tournament doctor thinks Clijsters injury could threaten career,Tournament doctor Clijsters injury threaten career,Tournamnt doc think Clijsterr injur threaten carrierr,Tournamnt doc think Clijster injur could threat career
Bryant surprised by Malone #39;s reaction,Sports,Bryant surprise by Malone reaction,Bryant surprised Malone reaction,Bryant surprise Malone reaction,Bry Surpris By Malon React,Bry surpris Mal reac
Michael Reiziger out with shoulder injury,Sports,Michael have shoulder injury,Michael Reiziger shoulder injury,Michael shoulder injury,Mike shoul injuri,Michael Rezig shoulder injur
Man U seek justice,Sports,Men seek justice,Man U seek justice,Men seek justice,Men S Seek Justic,Men U seek justic
HEINZE MAKES GOOD FIRST IMPRESSION,Sports,Heinze make good first impression,HEINZE MAKES GOOD FIRST IMPRESSION,Heinze good first impression,HEINZ MAKE GOOD FIRST IMPRESSEION,HEINZ MAKE GOOD FIRST IMPRESSEION
Jacobson Lifts Ryder Cup Hopes with Sparkling 65,Sports,Jacobson Lifts Ryder Cup Hope with Sparkling 65,Jacobson Ryder Cup Hopes Sparkling 65,Jacobson Lifts Ryder Cup Hope Sparkling,Jacobson Lifts Ryder Cup Hope with Sparkle 65,Jacobsen Ryder Cup Hope Sparkl 65
UT reigns on NIU,Sports,UT reign on NIU,UT reigns NIU,UT reign NIU,UT reigns ON NIU,UT reigns NIU
"No rest for Roger, Astros",Sports,"No rest for Roger, Astro.",Roger Astros,Roger Astro,"No rest for Rog, Astros",Roger Astro
Finland Wins European Pool in Hockey (AP),Sports,Finland Win European Pool in Hockey (AP),Finland Wins European Hockey,Finland Win European Pool Hockey,Finland Win Eur Pool In Hockey,Finland Win Eur Hockey
Celtic stretches Scottish lead to seven pts.,Sports,Celtic stretch Scottish lead to seven point.,Celtic Scottish lead seven pts,Celtic Scottish lead point,Celtic stret Scottish lead to seven pt.,Celtic Scot lead seven pt
"On this night, his promise was fulfilled",Sports,"On this night, he promise be fulfill",Night promise fulfilled,On night promise fulfill,"On this nigh, his promis was fulfille.",Nigh promis fulfill
Hughes leaves a void Ian Walsh,Sports,Hugh leave void Ian Walsh,Hughes void Walsh,Hugh void Ian Walsh,Hugh void Ian Walsh,HUGH void WALSH
Tiger Pounces to Win,Sports,Tiger Pounce Win,Tiger Pounces Win,Tiger Pounce Win,Tiger Pounc Win,Tiger Pounc Win
FCC Rebukes ABC,Sports,FCC Rebuke ABC,FCC Rebukes ABC,FCC Rebuke ABC,FCC Rebuk ABC,FCC Rebuk ABC
Red Sox victory steals the power of the dour,Sports,Red Sox victory steal the power of the dour,Red Sox victory steals power,Red Sox victory steal power,Red Sox victor steal the power of the dour,Red Sox victor steal pow
"Players not greedy, Goodenow tells fans",Sports,"Player not greedy, Goodenow tell fan.",Players Greedy Goodenow Tells Fans,Player Goodenow tell fan,"Players no greed, Goodenow tell fan",Players Greed Goodenow Tells Fan
Baseball: Cardinals try to foil Red Sox dream run in World Series,Sports,Baseball: Cardinal try to foil Red Sox dream run in World Series,Baseballs Cardinals try foil Red Sox dream World Series,Baseball Cardinal try foil Red Sox dream World Series,Basebal: Cardinall try to foil Red Sox dream run in World Seri,Baseball Cardinals try foil Red So dream World Seri
Cardinals capture pennant in spectacular fashion,Sports,Cardinal capture pennant in spectacular fashion,Cardinals capture pennant spectacular fashion,Cardinal capture pennant fashion,Cards captiv penn in spectacl fash,Cards captur penn spectacl-fashion
Goalkeeper change grabs Fire #39;s attention,Sports,Goalkeeper change grab Fire's attention,Goalkeeper change grabs Fire attention,Goalkeeper change grab Fire's attention,Goalchng-grb-Fir-attn,Goalchng grab F focus
The end is here for once-great Bledsoe,Sports,The end be here for once-great Bledsoe,end here once-great Bledsoe,end here once-great Bledsoe,The end is her for once-grat Bledsoe,end here once-great Bledsoe
Fourth team: players queue up,Sports,Fourth team: player queue,Fourth team players queue,Fourth team player queue,fourth team: player queue up,fourth team play queue
Confirmed: Davis Out as Head Coach,Sports,Confirmed: Davis out as head coach,Davis Out Head Coach,Davis out head coach,Confirma: Davi Out as Head Coach,Dav Out Head Coac
"All Yankees, All Red Sox All the Time",Sports,"All Yankee, All Red Sox All the Time",All Yankees All Red Sox All Time,All Yankee All Red Sox All Time,"All Yanke, All Red Sox All the Tim",All Yanke All Red Sox All Tim
Twins-Yankees Game Postponed by Rain (AP),Sports,Twins-yankees game postponed by rain (ap),Twins Yankees Game Postponed Rain,Twins Yankees game postponed rain,Twins-Yankees-Gam-Postpon-B-y-Rain(AP),Twins Yankees Game Postponed Rain
Colts Extend Harrison,Sports,Colt Extend Harrison,Colts Extend Harrison,Colt Extend Harrison,Colt Extend Harrison,Colt Extend Harrin
"Ponson, O #39;s Unable to Catch Up",Sports,"Ponson, O be Unable to Catch Up",Ponson Unable Catch Up,Ponson Unable Catch Up,"Ponson, O's Unable To Catch Up",Pons Unabl Cach Up
Ten times two equals one NASCAR champ,Sports,Ten time two equal one champ,Ten times two equals one NASCAR champ,Ten time equal champ,_ten _tim _equa _one _nascar _champ,ten time two equal one nascar champ
Military Snipers Learn From Competition (AP),Sports,Military Sniper Learn From Competition AP,Military Snipers Learn Competition,Military Sniper Competition,Militsi Snipern Larn Fr Kompetiti,Militsi Snipern Larn Kompetitewn
Olympics-German women beat Swedes to take bronze,Sports,Olympics-German woman beat Swedish to take bronze,Olympics German women beat Swedes take bronze,Olympics woman beat Swedish take bronze,Olympic-German woman beat Swed to take bronze,Olympic German woman beat Swed take bronze
Cleveland has nothing to lose vs. Patriots,Sports,Cleveland have nothing to lose vs. Patriots,Cleveland lose vs. Patriots,Cleveland lose vs Patriots,Clevelan hav nthing t los vs. Patriot,Cleveland los vs. Patriot
"Bunning, Osborne Win Re-Election Bids",Sports,"Bunne, Osborn Win Re-Election Bid",Bunning Osborne Win ReElection Bids,Bunne Osborn Win Re-Election Bid,"Bunnin, Osborn Win Re-Elect Bid",Bunn ReElec Bid
Angels wouldn #39;t be a good playoff foe,Sports,Angels would not be a good playoff foe,Angels playoff foe,Angels playoff foe,Angels wouldn't be a good playoff foe,Angel playoff foe
"Players, Owners Resume Talks on Steroids (AP)",Sports,"Player, Owner Resume Talk on Steroid",Players Owners Resume Talks Steroids,Player Owner Resume Talk Steroid,"Play, Own Resum Talk Ston steroids",Player Own Resum Talk Steroid
United States remain upbeat,Sports,United States remain upbeat,United States remain upbeat,United States remain upbeat,United States remain upbeats,United States remain upbeat
SportsNetwork Game Preview,Sports,Sports Network Game Preview,Sports Network Game Preview,Sports Network Game Preview,SportNet Game Preview,Sport Netw Game Previev
Randolph hired to manage Mets,Sports,Randolph hire Mets,Randolph hired manage Mets,Randolph hire Mets,Randolph hire to manage Met,Rand hire man Met
Marino headlines  #39;05 Hall of Fame nominations,Sports,Marino head #39;05 Hall of Fame nomination,Marino headlines 05 Hall of Fame nominations,Marino Hall Fame nomination,Marino headlin HOF nomini,Marino headlin 05 Hall fame nominatio
Yankees beat Nathan to avoid Minny sweep,Sports,Yankee beat Nathan to avoid Minnesota sweep,Yankees beat Nathan avoid Minny sweep,Yankee beat Nathan avoid Minnesota sweep,Yankees beat Nathan to avoid Minny sweep,Yankees beat Nathan avoid Minny sweep
Notebook: Browns reach back for win over Ravens,Sports,Notebook: Brown reach back for win over Raven,Browns reach win Ravens,Notebook Brown reach win Raven,Notebrow: Brownreach backfor winover Ravens,Browns reach win Ravens
Officials open training camp Sunday,Sports,Officials open train camp Sunday,Officials open training camp,Officials open train camp,Offic open train camp Sun,Offic train camp
"Langer goes with experience, then youthful Donald for the &lt;b&gt;...&lt;/b&gt;",Sports,"Lange go experience, then youth Donald for the...",Langer goes experience youthful Donald,Donald experience youth,"Lang go with experien, then youth Donald for the...",Langu go expirience youthfull Donal
Del Piero ruled out for two weeks,Sports,Delpiero rule out for two week,Del Piero ruled两周,Delpiero rule out two week,Del Pier ro two week,Del Piero rul twan
Hungary #39;s Fazekas breaks Olympic record to win discus gold,Sports,Hungary's Fazekas break Olympic record to win discus gold,Fazekas breaks Olympic record wins discus gold,Fazekas break Olympic record win discus gold,Hungar's Fazeke break Olymp record to win discus gold,Fazekas break Olymp record win discus gold
Bucs now get to see other side of Sapp,Sports,Buc now get to see other side of app,Bucs see other side Sapp,now get see side app,Buc now get to see other side of Sapp,Buc see oth sid app
Lehmann in the blunder zone,Sports,Lehman in the blunder zone,Lehmann blunder zone,Lehman blunder,Lehman blund zone,lehmann blundr zon
Izenberg: Patience pays off for Hopkins,Sports,Izenberg: Patient pay off for Hopkins,Patience pays Hopkins,Patient pay Hopkins,Izeng: Patienc pay off for Hopkin,Patienc pay Hopkin
"Roddick, Venus make exits",Sports,"Roddick, Venus make exit",Venus make exits,Venus make exit,"Roddick, Venus make exit",Venus mak exit
Tennis: Federer rolls into fourth round at US Open,Sports,Tennis: Federer roll into fourth round at US Open,Federer rolls fourth round US Open,Federer roll fourth round US Open,Tenis: Federr roll into four round at US Open,Federr roll four round US Open
Hearts say coach Craig Levein to leave for Leicester,Sports,Hearts say coach Craig leave for Leicester,Hearts say coach Craig Levein leave Leicester,Hearts coach Craig leave Leicester,Hea say coa Crai Levei to leav for Leicестer,Hearts say coach Craig Levein leave Leicester
Telstra chief to leave before contract ends,Business,Telstra chief leave before contract end,Telstra chief leave contract ends,Telstra chief leave contract end,Telstr chief to leav before contr end,Telstr chief leav contr end
Tragedy touches a life near-perfect,Sports,Tragedy touch life near-perfect,Tragedy touches life,Tragedy touch life,Tragedy touch life near-perfECT,Traged touch life
"Gambhir, Dravid hit tons as India score 334 for two (Night Lead):",Sports,"Gambhir, Dravid hit ton as India score 334 for two (Night Lead):",Gambhir Dravid hit tons India score,Gambhir Dravid hit ton India score 334 two Night Lead,"Gambhit, Drivid hit ton as Indi score 334 for two (Night Lead):",Gamb Driv hit ton Indi scor
Nine out of 10 teams say that Silverstone is saved,Sports,Nine out of ten team say that Silverstone be save,Nine teams say Silverstone saved,Nine team Silverstone save,Nine out of ten team say that Silverston save,Nine team say Silverston save
Trescothick boosts England,Sports,Trescothick boost England,Trescothick England,Trescothick England,Trescothick boost Englan,Trescodick Englan
Agassi to begin chase for Masters Cup place,Sports,Agassi to begin chase for Masters Cup place,Agassi chase Masters Cup place,Agassi chase Masters Cup place,Aggasi to begin chas for Mast Cup plac,Aggassi chas Master cup plac
Exhausted Phelps feels the strain,Sports,Exhausted Phelps feel the strain,Exhausted Phelps feels strain,Exhausted Phelps feel strain,Exhaught Phlpss feele the stran,Exhaught Phlyps feel straine
Olympics: Jones can #39;t hang on to success,Sports,Olympics: Jones can not hang on to succeed,Olympics Jones can #39;t hang on success,Olympics Jones succeed,Olympic: Jones can #39;t hang on to successe,Olympic Jones can #39;t hang on succesan
MLB works to appease Angelos (USATODAY.com),Sports,MLB work to appease Angelos,MLB works Angelos,MLB work appease Angelos,MLB work to appeas Angelos USATODAY com,MLB work Angel
All #39;s well for Schilling after 3-hou,Sports,All is well for Schilling after 3-hour,All well Schilling after 3 hour,All Schilling well 3-hour,Alls wel for Schill after 3 hou,All well Schill after 3 hour
"Brooks, Stallworth get it done late",Sports,"Brook, Stallworth get it do late",Brooks Stallworth get done late,Brook Stallworth get do late,"Brook, Stallworh get it do late",Brooks Stallworth get done lat
Seminoles end on high note,Sports,Seminoles end on high note,Seminoles end high note,Seminoles end high note,Seminoles end on high not,Seminole end high note
 quot;Masses of interest quot; in Jaguar Racing,Sports,"""mass interest"" in jaguar race",Jaguar Racing,jaguar race,"""mass interes jaguar rac""",Jagu Rac
Sexson files for free agency,Sports,Sex file free agency,Sexson files free agency,Sex file agency,Sex file free agen,Sex file free
Summitt Defends Team,Sports,Summit Defend Team,Summitt Defends Team,Summit Defend Team,Summit Defend Team,Summit Defend Team
Tyson completes  #39;sentence #39;,Sports,Tyson complete sentence,Tyson completes sentence,Tyson,Tyson complt sentnc,Tyson complt sentnc
Pacers'' Bender Sits With Sore Knee (AP),Sports,Pacers' Bender Sit With Sore Knee (AP),Pacers Bender Sits With Sore Knee,Pacers Bender Sit Sore Knee,Pacerr Sitt Sorr Kni (AP),PacS Bend Sit With Sore Kne
Supreme Court stays Dalmiya #39;s election,Sports,Supreme Court stay Dalmiya's elect,Supreme Court stays Dalmiya's election,Supreme Court stay Dalmiya elect,Suprem Court stay Dalmi elect,Suprem Court stay Dalmi stay elect
Sports: Rangers 5 Athletics 4,Sports,Sports: Ranger Athletics,Rangers Athletics,Ranger Athletics,Sport: Ranger 5 Athlet 4,Ranger Athletıc
NHL Lockout Looming As Talks Break Off (AP),Sports,NHL Lockout Looming As Talk Break Off (AP),HLockoutLoomingAsTalksBreakOff,HLockoutLoomingTalkBreakOff,NHL Lockout Looming As Talk Break Off,HLockOutLoomAsTalkBrakOff
"All this, and no Jamal Lewis, too?",Sports,"All this, and no Jamil Lewis, too?",All Jamal Lewis,All this too,"all, and no jamal lewis, too?",All Jamal Lewis
WTO Imposes Penalties on US Exports,Business,WTO Impose Penalty on US Export,WTO Imposes Penalties USExports,WTO Impose Penalty US Export,WTO Impos Penalti On US Exp,WTO Impos Penalti US Expor
Pitcher hopes not to miss target,Sports,Pitcher hope not to miss target,Pitcher hopes miss target,Pitcher hope miss target,PITCH hope not to miss target,PITCH hope miss TARGET
Erickson plans to stick with Niners for now,Sports,Erickson plan stick with Niner for now,Erickson plans stick Niners now,Erickson plan stick Niner now,Erickson plan stick with Niner for now,Erickson plan stick Niners now
Judges Suspended,Sports,Judges Suspend,Judges Suspended,Judges Suspend,Judget Suspens,Judget Suspens
Campbell takes bronze,Sports,Campbell take bronze,Campbell bronze,Campbell bronze,Campbell tak bronz,Campbell bronz
Illinois parts ways with Ron Turner,Sports,Illinois part way with Ron Turner,Illinois Turner,Illinois part way Turner,Illin part way wit Ron Turn,Illin Turner
"No. 24 Louisville 34, North Carolina 0",Sports,"No. 24 Louisville 34, North Carolina 0",Louisville 34 North Carolina 0,"Louisville 34, North Carolina 0","No. 24 Louviers 34, North Carolin 0",Louiville 34 North Carolin 0
"Pujols, Rolen, Edmonds line up behind Bonds, Beltre",Sports,"Pujol, Rolen, Edmonds line up behind Bond, Beltre",Pujols Rolen Edmonds Bonds Beltre,"Pujol, Rolen, Edmonds Bond, Beltre","Pujol, Rolen, Edmon line up behind Bond, Beltre",Pujol Rolen Edmon Bond Beltre
Pressure Grows for CONCACAF World Cup Hopefuls,Sports,Pressure Grow for CONCACAF World Cup Hopeful,Pressure Grows CONCACAF World Cup Hopefuls,Pressure Grow CONCACAF World Cup Hopeful,Pressur Grow Concafac Worl Cup Hopul,Pressure Grow CONCACAF World Cup HopeFUL
Washington Mayor Says Council Puts Baseball in Capital at Risk,Sports,Washington Mayor Say Council Put Baseball in Capital at Risk,Washington Mayor Says Council Baseball Capital Risk,Washington Mayor Say Council Put Baseball Risk,washington mayor say council put baseball in capital at risk,washington mayor say council baseball capital risk
USC pitches shutout,Sports,USC pitch shutout,USC pitches shutout,USC pitch shutout,USC pitch shut,USC pitch shut
"Oil Extends Falls, Supply Fears Lessen",Business,"Oil Extend Fall, Supply Fear Lessen",Oil Extends Falls Supply Fears Lessen,Oil Extend Fall Supply Fear Lessen,"Oil Extendl Fall, Supply Fear Lessen",Oil Extends Fall Supply Fear Lessen
"Digging Out From One Storm, Hit Hard by Another",Business,"Dig Out From One Storm, Hit Hard by Another",Digging Out Storm Hit Hard Another,Dig Out Storm Hit,Digging Out Storm Hit Hard Another,Digging Out Storm Hit Har
Rooney scores twice in ManU debut,Sports,Rooney score twice in ManU debut,Rooney scores twice ManU debut,Rooney score twice ManU debut,Rooney scor twi time in ManU debut,Roone scor twi ManU deque
Former Royal basking in spotlight,Sports,Former Royal bask in spotlight,Former Royal bask spotlight,Former Royal bask spotlight,Former Roy basking in spotlig,Former Roy bask spotlig
GAME 7 TONIGHT: The hidden fall classic,Sports,GAME tonight the hidden fall classic,GAME 7 TONIGHT hidden fall classic,GAME tonight hidden fall classic,GAM 7 TONIGHT: THE HIDEN FALL CLASSIC,GAM  HIDEN FAL CLASSIC
Mountaineers approaching peak,Sports,Mountaineer approach peak,Mountaineers peak,Mountaineer peak,Mountain approach peak,Mountainen peak
Spoiled Again: Cubs Humbled by Mets,Sports,Spoil Again: Humble by,Cubs Humbled Mets,Spoil Again Humble,Spoil Again Cub Humbl Met,Cub Humbl Mets
"Women #39;s 10,000m : XING wins gold for China",Sports,Women's 10000m : XING win gold for China,XING wins gold China,XING win gold China,"Womn 10,000m : XNG win gold for Chin",XING win gold Chin
Giants Cramming for an Early Test,Sports,Giants Cramping for an Early Test,Giants Cramming Early Test,Giants Cramping Early Test,Giants Cramp Early Tes,Giants Cramp Early Test
Miller Gets First Downhill Loss of Season,Sports,Miller Get First Downhill Lose Of Season,Miller Gets First Downhill Loss Season,Miller Get First Downhill Lose Season,Mille Get Fist Downhills Los First Seaso,Mille Get Fist Downhills Losse Seaso
Raptors rally to drop Spurs,Sports,Raptor rally to drop Spurs,Raptors rally Spurs,Raptor rally Spurs,Raptors rali to dro Spurs,Raptors rally Spur
Vogts #39; job is safe for now - SFA Chief,Sports,Vogts' job is safe for now - SFA Chief,Vogts job safe SFA Chief,Vogts job safe now SFA Chief,Vogts job is safe for now - SFA Chief,Vogt job saf SFA Chief
Gas Price Up Near \$1.88 a Gallon -Survey,Business,Gas Price Be Up Near $1.88 a Gallon -Survey,Gas Price Up Near 188 a Gallon Survey,Gas Price Up Near $188 Gallon Survey,Gas Pric Up Near \$1.88 a Gallon -Surveys,Gas Pric Up N Ear 188 a Gallon Surve
Bruins manifest spirit,Sports,Bruins manifest spirit,Bruins manifest spirit,Bruins manifest spirit,Bruins manifest spiriT,Bruins manifest spiriT
Americans Wake Up on Day 2 of Ryder Cup,Sports,American wake up on day of Ryder Cup,Americans Wake Cup,American wake Ryder Cup,Americans Wake Up On Day 2 Of Ryder Cup,Americ Wake Cup
Friends in the End,Sports,Friends in the end,Friends End,Friends end,Friend End,Friend End
Foot in door to counter Asia #39;s rise,Sports,Foot in door to counter Asia's rise,Foot door counter Asia rise,Foot door counter Asia rise,Foot door counter Asia rise,Foot door count Asia ris
Beard Leads Mystics,Sports,Beard Lead Mystic,Beard Leads Mystics,Beard Lead Mystic,Beard Lead Mystic,Beard Lead Mystic
"England to play Defoe, Rooney and Owen?",Sports,"England play Defoe, Rooney, and Owen?",England play Defoe Rooney Owen,England play Defoe Rooney Owen,"Englan play Defo, Roone, and Owen?",Englan play Defo Roonei Owen
NL Wrap: Clemens Notches 326th Victory as Astros Win,Sports,NL Wrap: Clemens Notch Victory as Astros Win,NL Wrap Clemens Victory Astros Win,NL Wrap Clemens Victory Astros Win,NL Wrap: Clemens Notch 326 Vict as Astros Winn,NL Stem Clem Stem Win
Makybe Diva repeats Melbourne Cup win,Sports,Make Diva repeat win,Makybe Diva Melbourne Cup win,Make Diva repeat win,Makybe Div repeats Melbourn Cup win,Make Div Win
NL Wrap: Green Homers Lift Los Angeles Past Atlanta,Sports,NL Wrap: Green Homer Lift Los Angeles Past Atlanta,NL Wrap Green Homers Lift Los Angeles Past Atlanta,NL Wrap: Green Homer Lift Los Angeles Past Atlanta,NL Wrap: Gre Hom Lift Los Ange Past Atlant,Nlwrap green homer lift los angeles past atlanta
Madrid Masters: Safin beats Nalbandian,Sports,Madrid Masters: Safin beat Nalbandian,Safin beats Nalbandian,Safin beat Nalbandian,Madrid Mast: Safin beat Nalbandian,Saf beat Nalban
Bush team sees growth easing in  #39;05,Business,bush team see growth ease in 2005,Bush team sees growth easing 05,bush team growth ease,bush team see grow ease in 05,bush team see grow easi 05
Bengals outscore Browns,Sports,Bengal outscore Brown,Bengals outscore Browns,Bengal outscore Brown,Bengal outscor Brown,Bengal outscore Brown
No. 19 N.C. State Demolishes Elon 71-45 (AP),Sports,No N.C. State Demolish Elon 71-45 AP,N.C. State Demolishes Elon 71-45,N.C. State Demolish Elon 71-45,No. 19 N.C. St Demolish Elon 71-45 AP,N.C. St St El Demolishes 71-45
Federer stretched to the limit in win over Paradorn,Sports,Federer stretch to the limit in win over Paradorn,Federer stretched limit win Paradorn,Federer stretch limit win Paradorn,Federer stret limit win over Paradorn,Fed stret lim win Paradorn
Magic #39;s Garrity activated from injured list,Sports,Magic's Garrity activate from injured list,Magic Garrity activated injured list,Magic Garrity activate injured list,Magic's Garrity activat from injure list,Magi Garrity act injure list
Chance to Measure Up,Sports,Chance Measure Up,Chance Measure Up,Chance Measure Up,Chanc测MeasUp,Chanc Meas Up
Lithuania wraps up with 100-85 win over Australia,Sports,Lithuania wrap up with 100-85 win over Australia,Lithuania wins over Australia,Lithuania win Australia,Lithuania wrap up with 100-85 win over Australia,Lithuan win over Australia
Blue Jays hope to go places with Gibbons,Sports,Blue Jay hope to go place with Gibbons,Blue Jays Gibbons,Blue Jay Gibbons,Blue Jay hop hope plac go Gibb place,Blu Jay Gibb
It''s a fitting honor for school''s finest,Sports,It be a fit honor for school's fine,a fitting honor school finest,It fit honor school fine,it's a fit hon for sch's fin,a fit honori schoo finiT
Nash enjoys emotional return to Dallas; Garnett gets best of Shaq,Sports,Nash enjoy emotional return to Dallas; Garnett get best of Shaq,Nash enjoys emotional return Dallas Garnett gets best Shaq,Nash enjoy emotional return Dallas Garnett get best Shaq,Nash enjoy emotional return to Dallas; Garnett get best of Shaq,Nash enjoy emotion return Dallas Garnett get best Shaq
Everyone has a price  even Arsenal,Sports,Everyone have a price even Arsenal,Everyone price Arsenal,Everyone price Arsenal,Everyon hav a pric even Arsenal,Every pric Arsenal
"Indian Software Boom on Track, Industry Head Says",Business,"Indian Software Boom on Track, Industry Head Say",Indian Software Boom Track Industry Head Says,Indian Software Boom Track Industry Head Say,"Indi Soft Boom On Trac, Industr Head Say",Indi Soft Boom Track Indus Head Say
NBA Wrap: Hawks Stun Injury-Plagued Pistons,Sports,NBA Wrap: Hawks Stun Injury-Plagued Pistons,NBA Wrap: Hawks Stun Pistons,Hawks Stun Pistons,NBA Wrap: Hawk Stun Injury-Plague Piston,NBA Wrap: Hawk Stun Piston
Being Dragan slayer would be an Auxsome return for me,Sports,Being be slayer would be an Auxsome return for me,Dragan slayer Auxsome return,slayer return,Being drag slay auxsome return me,Dragan slay Auxsom return
UConn Aide Put on Leave After Sex Bust (AP),Sports,UConn Aide Put On Leave After Sex Scandal AP,UConn Aide Put Leave Sex Bust,UConn Aide Leave Sex Scandal,UConn Aid Put On Leave After Sex Bust,UConn Aid Put Leav Sex Bust
Angels Win 1st Division Title in 18 Years (AP),Sports,Angels Win 1st Division Title in 18 Year AP,Angels Win Division Title Years,Angels Win Division Title Year AP,Angl Win 1st Divi Titl In 18 Yer (AP),Angl Win Divis Title Year
Court Throws Out Challenge to Blimp,Sports,Court Throw Out Challenge To Blimp,Court Throws Out Challenge Blimp,Court Throw Out Challenge Blimp,Courト Thロw Out Chلllenge To Blimp,Cour Thr Throu Out Chal Blim
Assistant Purpura takes over immediately,Sports,Assistant Purpura take,Purpura takes over immediately,Assistant Purpura,Assistant Purpur takes over immediat,Purpur takimediately
NFL Matchups: Two great coaches but two mediocre teams clash,Sports,NFL Matchup: two great coach but two mediocre team clash,NFL Matchups: Coaches Teams Clash,NFL Matchup: great coach mediocre team clash,Nfl matchup : two great coach but two medi team clash,NFL Matchup: Coach Team Clash
Boston Headed for Continental Tire Bowl (AP),Sports,boston head for continental tire bowl,Boston Headed Continental Tire Bowl,boston head continental tire bowl,bostont headed contintual tir bowl ap,boston headed continental tire bowl
Win offers some relief for coach,Sports,Wins offer some relief for coach,Win offers relief coach,Wins relief coach,Win offer some relie for coach,Win offer reliev coach
"Beware India, Pakistan are on fire",Sports,"Beware India, Pakistan be on fire",India Pakistan fire,Beware India Pakistan fire,"Beware Indi, Pakist are on fir",Indi Pak fire
Move produces mixed emotions,Sports,Move produce emotion,Move produces mixed emotions,Move produceemotion,Moves produce mixed emotion,Moves produce mixed emotion
FA to test for EPO after Wenger #39;s drug fears,Sports,FA to test for EPO after Wenger's drug fear,FA test EPO Wenger drug fears,FA test EPO Wenger drug fear,FA to test for EPO after Wenger's drug fears,FA tes EPO Wegner dru fear
Motor Racing: Schumachers 165mph shunt,Sports,Motor Racing: Schumacher 165mph shunt,Schumachers 165mph shunt,Schumacher 165mph shunt,MotorRacing: SchumacherShunt,Schumacherm 165mph shunt
Oswalt leaves it all on field,Sports,Oswalt leave it all on field,Oswalt leaves field,Oswalt leave field,Oswalt leave it all on field,Oswalt leave field
Mello Steals First Career Title From Spadea at Delray Beach,Sports,Mello Steal First Career Title From Spadea At Delray Beach,Mello Steals Title From Spadea Delray Beach,Mello Steal Title Spadea Delray Beach,Mell Steal First Career Titl From Spadea At Delbrea Beach,Mell Steal Title From Spadea Delray Beach
Sprewell Suspended for Remarks Made to Fan (AP),Sports,Sprewell Suspended for Remark Made to Fan,Sprewell Suspended Remarks Fan,Sprewell Suspended Remark Fan,Sprewell Suspend Remark Make Fan AP,Sprewss Susppend Reemark Fan
Transactions,Sports,Transactions,Transactions,Transactions,Transaction,Transact
"COL BKB: North Car. St. 78, Lou.-Laf. 72",Sports,"COL BKB: North Car. St. 78, Lou.-Laf. 72",COL BKB: North Car St Lou Laf,COL BKB: North Car St Lou Laf,"COL BKB: North Car. St. 78, Lou.-Laf. 72",COL BKB: North Car St Lou Laf
Egypt hold off late Cameroon rally,Sports,Egypt hold off late Cameroon rally,Egypt Cameroon rally,Egypt Cameroon rally,Egypt hold off late Cameroon rally,Egyp Camer rally
Framingham''s Noel gets first-team honors,Sports,Framingham's Noel get first-team honor,Noel gets first-team honors,Noel get first-team honor,Framinghins''s Noels gets first-team honor,Noel get first-team honor
NCAA Game Summary - Oklahoma State at Texas,Sports,NCAA Game Summary - Oklahoma State at Texas,Oklahoma State Texas,Oklahoma State Texas,NCAA Game Summ - Oklahos at Texas,Okla Stat Texас
Cricket: A new twist on bowling,Sports,Cricket: A new twist on bowl.,Cricket new twist bowling,Cricket new twist bowl,Cricket: A new twist on bowl,Cricket new twist bowl
Sports in brief: Locked-out NHL players look for work,Sports,Sports in brief: Locked-out NHL player look for work,Sports NHL players look work,Sports NHL player look work,Sportsbrief lock NHL play look work,Sports NHL play look work
Detroit ''Royalty'' Helped Establish Ryder (AP),Sports,detroit royalty help establish ryder (ap),Detroit Royalty Ryder,detroit royalty establish ryder,detroit royalti help establish ryder,Detriot Roly Ryer
"River Hawks beat the clock, Pace",Sports,"River Hawk beat the clock, Pace",River Hawks beat clock Pace,River Hawk beat clock Pace,Riv Hawk beat clock Pace,Riv Hawk beat clok Pace
Athens Track Set for Sizzling Men''s 100 (AP),Sports,Athens Track Set Sizzle Men 100 AP,Athens Track Men 100,Athens Track Men 100,Athens Tra Set Sizzlin Men 100 AP,Athens Track Men hun
Cole fears backlash from his old mates,Sports,Cole fear backlash from his old mate,Cole fears backlash mates,Cole fear backlash mate,Cole fear backl mat,Cole fear backl mat
Els Takes Care of Drummond at Wentworth,Sports,Els Take Care Of Drummond At Wentworth,Els Takes Drummond Wentworth,Els Take Drummond Wentworth,ElTakCarrDrumWent,Els Tak Drummond Wentworth
"Men''s Basketball: Argentina Beats Italy, Takes Gold",Sports,"Mens Basketball: Argentina Beat Italy, Take Gold",Argentina Beats Italy Takes Gold,Mens Basketball Argentina Beat Italy Take Gold,"Mens Baskettball: Argentin Beat Itali, Tak Gold",Argentin Beat Itali Take Gold
Ex-NFL Receiver Mark Ingram Jailed (AP),Sports,Ex-NFL Receiver Mark Ingram Jailed (AP),Ex-NFL Receiver Mark Ingram Jailed,Ex-NFL Receiver Mark Ingram Jailed,Ex-NFL Receiv Mark Ingraj Jail (AP),Ex-NFL Reciv Mark Ingraj Jail
"JOE FACES TOUGH CALLS ON JASON, ESTEBAN",Sports,"JOE FACE TOUGH CALL ON JASON, ESTEBAN",JOE FACES TOUGH CALLS JASON ESTEBAN,JOE FACE TOUGH CALL JASON ESTEBAN,"JOE FACE TOUGH CALL ON JASON, ESTEBAN",JOE FACE TOUGH CALL JASON ESTEBAN
Minn. to Play in Music City Bowl in Tenn. (AP),Sports,Minn. play in Music City Bowl in Tenn. (AP),Minn. Play Music City Bowl Tenn.,Minn play Music City Bowl Tenn,Minn. to play in Musi City Bow in Ten. (AP),Minn. Pla Musi City Bow Tenn.
Surprise Starter Stars,Sports,Surprise Start Star,Surprise Starter Stars,Surprise Start Star,Surpris Star Star,Surpris Star Star
Pennington to Start,Sports,Pennington start,Pennington Start,Pennington start,Penne Start,Penne=start
Sprinter Earle Connor suspended from Paralympic team pending CCES &lt;b&gt;...&lt;/b&gt;,Sports,Sprint earle connor suspend from paralympic team pending cces,Sprinter Connor suspended from Paralympic team pending CCES,Sprint Connor suspend Paralympic team pending CCE,Sprint stpend CCES,Sprint conc suspend Paralympic team pend Cces
He Won #39;t Coach Mississippi; Saban Talks to Dolphins,Sports,He Will Not Coach Mississippi; Saban Talk To Dolphins,Won Coach Mississippi Saban Talks Dolphins,Will Coach Mississippi; Saban Talk Dolphins,He Wont Coac Mississipi; Saban Tac To Dophin,Wonn Coachee Mississippib Saban Talks Dolphin
More Pain In Spain,Sports,More Pain Be Spain,More Pain Spain,More Pain Spain,More Pain In Span,More Pain Spain
Rangers Fans Unhappy With O #39;Neill,Sports,Ranger Fan Unhappy With O'Neill,Rangers Fans Unhappy O'Neill,Ranger Fan Unhappy O'Neill,Ranger Fan Unhappy With O'Neill,Ranger Fan Unhappi O'Neill
Rutgers stumbles past Owls,Sports,Rutgers stumble past Owl,Rutgers stumbles Owls,Rutgers stumble Owl,Rutgers stumble past Owl,Rutgers stumble Owl
"NBA-Suns Scorch Trail Blazers, Kings Beat Celtics",Sports,"NBA-Suns Scorch Trail Blazers, Kings Beat Celtics",NBA Suns Scorch Trail Blazers Kings Beat Celtics,NBA Suns Scorch Trail Blazers Kings Beat Celtics,"NBA-Sun Scorch Trail-Blaz, King Beat Celt",NBA Sun Scorch Trail Blaz King Beat Celt
Frank-ly speaking: Nets sign head coach to extension,Sports,Frankly speak: Net sign head coach to extension,FranklyNetssignheadcoachextension,Frankly Net sign head coach extension,Frankly speak net sign head coach extend,FranklyNetSignHeadCoachExtend
Canas hammers Novak to reach final,Sports,Can hammer Novak reach final,Canas hammers Novak reach final,Can hammer Novak reach final,Can hammer Novak to reach final,Can hammer Novak reach final
Seahawks Stuff Packers,Sports,Seahawks Stuff Packers,Seahawks Packers,Seahawks Stuff Packers,Seahawk Stuff Packers,Seahawk Packard
Levi grabs early lead in Maryland,Sports,Levi grab early lead in Maryland,Levi grabs lead Maryland,Levi grab early lead Maryland,Levi grab early lead in Maryland,Levi grab lead Maryland
Heroics of Ryder Cup inspire Stenson to victory,Sports,Heroes Inspire Victory,Heroics inspire Stenson victory,Heroes Inspire Victory,Heroes Inspire Win,Heroes inspire Stensons victory
Jamaica #39;s Fuller joins Portsmouth,Sports,Jamaica's Fuller join Portsmouth,Jamaica Fuller joins Portsmouth,Jamaica Fuller Portsmouth,Jamaica's Full join Portstown,Jamaic join Portsmoth
SPORTSTICKER MLS PREVIEW (SAN JOSE-DALLAS),Sports,SPORTS STICKER MLS PREVIEW (SAN JOSE DALLAS),MLS PREVIEW SAN JOSE DALLAS,SPORTS MLS PREVIEW SAN JOSE DALLAS,SPORTSTICKER MLS PREVIEW (SAN-JOSE-DALLAS),MLS PREVIEW SAN JOSE DALAS
"Notebook: OSullivan impressive in preseason, Europe",Sports,"Notebook: OSullivan impress in preseason, Europe",O Sullivan impressive preseason Europe,O Sullivan impress preseason Europe,"Noteb ook: OSullivan impressiv in preseason, Europ",O'Sullivan impressive pretrained Europe
Bellhorn poised to make his return,Sports,Bellhorn pose his return,Bellhorn poised return,Bellhorn pose return,Bellhorn poser to make his retur,bellhorn pose return
Prosecutor to drop rape charge against Kobe Bryant,Sports,Prosecutor drop rape charge against Kobe Bryant,Prosecutor drop rape charge Kobe Bryant,Prosecutor drop rape charge Kobe Bryant,Prosectu to dro p rap charg against Kobi Brant,Prosecur drop rap charg Kobe Briant
Three''s The Charm?,Sports,Three's The Charm?,Three Charm,Three Charm,'Three''s The Charm?',Three Charm
Solanki enjoys Bulawayo surface,Sports,Solanki enjoy Bulawayo surface,Solanki Bulawayo surface,Solanki Bulawayo surface,Solanki enjoy Bulawayo surfacet,Solanki Bulawayo surfac
Bullpen moves could sway Twins-Yanks,Sports,Bullpen move could sway Twins-Yanks,Bullpen moves sway Twins Yanks,Bullpen move sway Twins Yanks,bullpen move sway twin-yank,Bullpen move sway Twin Yank
Robertson confirmed as Hearts manager,Sports,Robertson confirm Hearts manage,Robertson confirmed Hearts manager,Robertson confirm Hearts manage,Robertson confirm Heart manag,Roberson confirmd Heats manag
Not enough lift for Hamman,Sports,Not enough lift for Hamman,Not enough lift Hamman,Not enough lift Hamman,Not enough lift for Hamm,Not enough lift Hamm
Chelsea top after Palace hold Arsenal,Sports,Chelsea top after Palace hold Arsenal,Chelsea top Arsenal,Chelsea top Arsenal,Chelsea top after Pal hol Arsenal,Chelsea top Arsene
Steelers'' Burress to Miss Game With Jets (AP),Sports,Steelers' Burress miss game with Jets (AP),Steelers Burress Miss Game Jets,Steelers Burress miss game Jets,Steelers' Burressto Miss GameWith Jets,Steeler burr miss game jet
Washington Mayor to Push Change in Baseball Bill,Sports,Washington Mayor to Push Change in Baseball Bill,Washington Mayor Push Change Baseball Bill,Washington Mayor Push Change Baseball Bill,washington mayor to push chang in baseball bill,washingt mayor push chang baseball bill
Clemens in Game 7 -- perfect,Sports,Clemens in Game -- perfect,Clemens Game 7 perfect,Clemens Game perfect, Clem in Gam 7 -- perfec, Clemens Gam perfec
Agassi Overcomes Verdasco Power,Sports,Agassi Overcome Verdasco Power,Agassi Overcomes Verdasco,Agassi Overcome Verdasco,Aggasi Ovvercume Verdasco Powe,Aggasi Ovvercme Verdasco
Gerrard doubtful for Austria match,Sports,Gerrard be doubtful for Austria match,Gerrard doubtful Austria match,Gerrard doubtful Austria match,Gerrard dubt Aust match,Gerard dubiat Austria match
Juventus to ignore floored opponents,Sports,Juventus to ignore floored opponent,Juventus ignore floored opponents,Juventus ignore floored opponent,Juve to igno floo oppo,Juve floo opponent
Sports: Blue Jays 5 Yankees 4,Sports,Sports: Blue Jay be Yankees be,Blue Jays Yankees,Blue Jay Yankees,Sports: Blu Jay 5 Yanke 4,Blue Jay Yanke
Crew edge shorthanded Earthquakes,Sports,Crew edge short hand Earthquake,Crew Earthquakes,Crew edge short hand Earthquake,Crew edg shorthand Earthquake,Crew Earthkin
Soccer: UEFA charge Ferencvaros over Millwall violence,Sports,Soccer: UEFA charge Ferencvaros over Millwall violence,Soccer UEFA charge Ferencvaros Millwall violence,Soccer UEFA charge Ferencvaros Millwall violence,Socc: UEFA charg Ferencvar over Millval violenc,Soccer UEFA charg ferencvar violenc millwall
 #39;The gaffer has mellowed but his desire to win is still there #39;,Sports,The gaffer have mellow but his desire to win be still there,gaffer mellowed desire win,gaffer mellow desire win,'The gaff mellow but his desir win still ther',gaff mellow desir win
Fish Beats Hernych at St. Petersburg (AP),Sports,Fish Beat Hernych at St. Petersburg (AP),Fish Beats Hernych St. Petersburg,Fish Beat Hernych St. Petersburg,Fis Beat Hernych at St. Petersburg,Fis Beat Hernych S. Petersburg
AL Wrap: Blue Jays Blitzed by 6 Homers from Yankees,Sports,AL Wrap: Blue Jay Blitze by 6 Homer from Yankee,AL Wrap: Jays Blitzed 6 Homers Yankees,Blue Jay Blitze Homer Yankee,AL Wrap: Blue Jay Blitzed by 6 Homo from Yankee,AL Wrap: Jay Blitz Homom Yankee
Olympics: Superman Sanchez delivers on his Olympic promise,Sports,Olympics: Superman Sanchez deliver on his Olympic promise,Olympics Superman Sanchez delivers Olympic promise,Olympics Superman Sanchez deliver Olympic promise,Olympic: superman sanchez deliver on his olympic promis,Olymp prom Supermen Sanchez deliv Olympic prom
Button admits to Williams mistake,Sports,Button admit Williams mistake,Button admits Williams mistake,Button admit Williams mistake,Butto admit Willi mistak,Butt admit Willi mistak
Microsoft hopeful of settlement in EU case,Business,Microsoft hopeful of settlement in EU case,Microsoft hopeful settlement EU case,Microsoft hopeful settlement EU case,Microsoft hope full setl in EU cas,Microsoft hope full setl EU cas
Brazil Coach More Worried About Venezuela Than Germany,Sports,Brazil Coach Be Worried About Venezuela Than Germany,Brazil Coach Worried Venezuela Germany,Brazil Coach Worried Venezuela Germany,Brazil Coach Worri Venezuela Than Germ,Brazil Coach Worri Venezuel Germeny
Zholtok death shakes hockey world,Sports,Zholtok die shake hockey world,Zholtok death shakes hockey,Zholtok shake hockey world,Zholtok死shake冰球世界,Zholto death shake hocky
Sabres sign top prospect Vanek,Sports,Sabre sign top prospect Vanek,Sabres sign Vanek,Sabre sign top prospect Vanek,Sabre sign top prospect Vanek,Sabre sign Vanek
Chelsea Beats Newcastle in Premiership; Arsenal Wins (Update1),Sports,Chelsea Beat Newcastle in Premiership; Arsenal Win (Update1),Chelsea Beats Newcastle Premiership Arsenal Wins,Chelsea Beat Newcastle Premiership Arsenal Win,Chelsea Beat Newcastle In Premiery; Arsenal Win (Update1),Chelsea Beat Newcastle Premiership Arsenal Win
Slovenia stun Italy as Cesar cuts down Lippi,Sports,Slovenia stun Italy as Caesar cut down Lippi,Slovenia Cesar Lippi,Slovenia Caesar Lippi,Slovnenia stun Itali as Ces cut down Lipp,Slovnen Cesar Lipp
Montreal Might to Lose 2005 World Championships,Sports,Montreal May Lose 2005 World Championship,Montreal Might Lose World Championships,Montreal May Lose World Championship,Montreal Might Lt 2005 World Champ,Montreal Migh Los Worl Champioship
Plan Comes Under Fire,Sports,Plan Come Under Fire,Plan Comes Fire,Plan Come Fire,Plan Come Under Fir,Plan Come Fire
O''Brien Sues OSU for  #36;3.4 Million (AP),Sports,O'Brien Sue OSU for $3.4 Million AP,O'Brien Sues OSU $3.4 Million,O'Brien Sue OSU $3.4 Million,'O'Briens Sues OSU for \$36 Millions',O'Bri Sues OSU \$3.4 Mil
Red Devils about to confront the Gunners,Sports,Red Devil confront Gunner,Red Devils confront Gunners,Red Devil Gunner,Red Devil confront Gunner,Red Devi confront Gunner
Nationals sign Cordero to one-year contact,Sports,Nationals sign Cordero to one-year contract,Nationals sign Cordero year contract,Nationals sign Cordero contract,Nation sign codero to one-year contac,Nation sign Cordero year contract
Terps Lose It Late,Sports,Terp Lose It Late,Terps Lose Late,TerpLoseLate,Terp Lose It Late,Terp Lose Lat
Sharapova beats Venus Williams for Zurich tennis semis,Sports,Sharapova beat Williams for Zurich tennis semi,Sharapova beats Williams,Sharapova beat Williams Zurich tennis semi,Sharapova beat Venus Williams for Zurich tennis semi,Sharapova beat Williams
Marlins rally past Expos as home team _ in Chicago,Sports,Marlin rally past Expo as home team win in Chicago,Marlins rally past Expos home team Chicago,Marlin rally win Chicago,Marlin rally pass Expo as home team _ in Chicag,Marlin rally past Expo home team Chicago
Camarillo lifts Mexico over Panama,Sports,Camarillo lift Mexico over Panama,Camarillo lifts Mexico Panama,Camarillo Mexico Panama,Camaril lift Mex over Panam,Camril lift Mex Panam
Bell puts  #39;em on track,Sports,Bell put them on track,Bell puts track,Bell put track,Bell put #39;em on track,bell put track
"Chad pins picks, loss on himself",Sports,Chad pin pick loss self,Chad pins picks loss himself,Chad pick loss,Chad pin pick loss self,Chad pin pick lose him self
PETROV WANTS BHOYS SIGNED UP,Sports,PETROV WANT BOY SIGN,PETR WANTS BOYS SIGNED UP,PETR SIGN,PETROW WANT BOY SIGN UP,PETR WANT BOY SIGN UP
Owen prepared to play the waiting game at Real,Sports,Owen prepare to play the wait game at Real,Owen play waiting game Real,Owen play wait game Real,Owen prepar wait game Real,Owen pla wait gam real
Cricket - ICC Trophy / Awesome Australia bids to extend its 14 &lt;b&gt;...&lt;/b&gt;,Sports,Cricket - ICC Trophy / Awesome Australia bid to extend its 14...,Cricket ICC Trophy Awesome Australia extend 14,Cricket Australia bid extend 14,Cricket - ICC Troph / Awesom Australi bid exten its 14...,Cricket ICC Trophy Awesom Australia exten 14
"Redskins swing, miss on orchestrating complete game",Sports,"Redskin swing, miss on orchestrate complete game",Redskins swing miss orchestrating complete game,Redskin swing miss orchestrate game,"Redskin swing, miss on orchestrat, complet game",Redskin swing miss orchestrat complet game
Noranda Says It Is in Talks With China Minmetals,Business,Noranda Say Be In Talk With China Minmetals,Noranda Talks China Minmetals,Noranda Talk China Minmetals,Norand Say Thi In Tac With Chin Minmetal,Norand Talk Chin Minmetals
Fulham hit by FA charges after brawl at West Brom,Sports,Fulham hit by FA charge after brawl at West Brom,Fulham hit charges brawl West Brom,Fulham charged FA brawl West Brom,Fulham hit by FA charg after brawl at West Brom,Fulham hit chargs brawl West Brom
"Haas, Cink Join Ryder Cup Team",Sports,Haas Join Ryder Cup Team,Haas Cink Join Ryder Cup Team,Haas Ryder Cup Team,"Haas, Cink Join Ryder Cup Teamp",Haas Cink Join Ryder Cup Teamp
"USC, Oklahoma wary of weekend 1-2 punch",Sports,"USC, Oklahoma wary of weekend one two punch",USC Oklahoma wary weekend punch,USC Oklahoma wary weekend punch,"usc, oklahoma wary of weekend 1-2 punch",USC Okla wary weeknd punch
Prosecutor Not Rushing Into Charging Pacers,Sports,Prosecute Not Rush Into Charge Pacers,Prosecutor Not Rushing Into Charging Pacers,Prosecute Charge Pacers,Prosecutor Not Rushing Into Charg Pacer,Prosecutor Not Rushing Into Charg Pacer
N.Y. Boxing Officials Suspend Holyfield (AP),Sports,n.y. boxing official suspend holyfield,NY Boxing Officials Suspend Holyfield,ny boxing official suspend holyfield,n.y. box offic susp holифield,NY Boxi Offici Suspend Holyfiel
Broken thumb sidelines Payton,Sports,Broken thumb sidelines Payton,Broken thumb sidelines Payton,Broken thumb sidelines Payton,Broken thum sidelines Payton,Broken thum sidelines Payton
Cricket: Kumble reaches 400 test wickets,Sports,Cricket: Kumble reach 400 test wicket,Kumble reaches 400 test wickets,Kumble reach 400 test wicket,Cricket: Kumbre reach 400 test wikket,Kumbler reach 400 test wick
Teams United in Desire to Wait for Players in Labor Dispute,Sports,Teams United in Desire to Wait for Players in Labor Dispute,Teams United Desire Wait Players Labor Dispute,Teams Desire Wait Players Labor Dispute,Teams Unite Desir Wait Play Labor Disput,Teams Uni Desi Wait Play Labo Dispu
Federer wins Thailand Open,Sports,Federer win Thailand Open,Federer wins Open,Federer win Thailand Open,Federr win Thailand Open,Fed win Open
Good tennis is latest fashion,Sports,Good tennis be latest fashion,Tennis fashion,Tennis latest fashion,Good tennis is latest fashion,Tennis fashin
Sportsview: Plenty of Seats to See Bonds (AP),Sports,Sportsview: Plent Seat See Bond AP,Plenty Seats See Bonds,PlentSeatSeeBondAP,Sportsviw: Plent Seat to See Bond,Plenty Seat Bond
Tavarez''s cap is plain dirty,Sports,Tavarez have cap be plain dirty,Tavarez cap dirty,Tavarez cap plain dirty,Tavrares' cap is plain dirt,Tav cap dirty
Raiders trade Rice to Seattle,Sports,Raiders trade Rice to Seattle,Raiders trade Rice Seattle,Raiders trade Rice Seattle,Raider trad Ric to Seattl,Raider trade Rices Seattle
Loss to Mississippi St. is death knell for Zook,Sports,Loss to Mississippi St. is death knell for Zook,Loss Mississippi St. death knell Zook,Loss Mississippi St Zook,Loss to Mississipp St. is death knell for Zook,loss mississippi st death knell zook
Ferguson: it #39;s Monday at Earliest for Rooney Deal,Sports,Ferguson: it is Monday at earliest for Rooney deal,Ferguson Rooney Deal,Ferguson Rooney deal Monday earliest,Ferguson: it monda for Roone dea,Ferguson Roine Deal
David Beckham to act in a movie trilogy on Football,Sports,David Beckham to act in a movie trilogy on football,David Beckham act movie trilogy Football,David Beckham act movie trilogy football,David Beckham to act in a movi trilogy on Football,David Beckham act movi trilogy Football
"Isiah calls it all, except own number",Sports,"Isiah call it all, except own number",calls number,Isiah call own number,"Isaiah call it all, except own numb'r",call number
"Isringhausen has hip surgery, should be ready for spring training",Sports,"Isringhausen have hip surgery, should be ready for spring train.",Isringhausen hip surgery ready spring training,Isringhausen hip surgery ready spring train,"Isringshaus hip surg, should be ready for spring train",Isringhase hip surg spring train
Plenty of highlights on this trip,Sports,Plenty of highlight on this trip,Plenty highlights trip,Plenty highlight trip,Plenty highlight trip,Plenty highli轻 trip
Radcliffe to run New York marathon,Sports,Radcliffe run New York marathon,Radcliffe run New York marathon,Radcliffe run New York marathon,Radclif run New York maratho,Radclif run New York marath
St. John''s Bans Hoops Team From Postseason (AP),Sports,Saint John's ban hoop team from postseason (AP),St Johns Bans Hoops Team From Postseason,Saint John's ban hoop team postseason,St Johns Bans Hoop Team From Postseason,St Johns Ban Hoop Team From Postsea
James Scores 27 Points in Cavaliers'' Win (AP),Sports,James Score 27 Point In Cavalier''s Win (AP),James Scores Points Cavaliers Win,James Score Point Cavalier's Win,James Scor 27 Point in Cavaliers Win AP,James Score Point Cavalier Win
Giants look to take lead in NL West,Sports,Giants look to take lead in NL West,Giants look take lead NL West,Giants look take lead NL West,Giants look to take lead in NL West,Giants look take lead NL West
"Patriots cut nine players, re-sign QB Miller",Sports,"Patriot cut player, re-sign quarterback.","Patriots cut players, re-sign Miller","Patriot cut player, re-sign quarterback.","Patriot cut nin play, resig QB Miller","Patriots cut play, resig Miller"
Palmer passes Bengals to win over Redskins,Sports,Palmer pass Bengals to win over Redskins,Palmer wins Bengals Redskins,Palmer passes Bengals win Redskins,Palmer pass Bengals to win over Redskins,Palmer win Bengals Redskins
NL Wrap: Cubs Earn 10th-Inning Win in Pittsburgh,Sports,NL Wrap: Cubs Earn Inning Win in Pittsburgh,NL Wrap: Cubs Earn Win Pittsburgh,NL Wrap: Cubs Earn Inning Win Pittsburgh,NL Wrap: Cubs Earn Tenth-Inning Win in Pittsburgh,NL Wrap: Cub Earn Win PittsBURG
"Undefeated Tigers outscore Vols, unlikely to get shot at national &lt;b&gt;...&lt;/b&gt;",Sports,"Undefeated Tiger outscore Vols, unlikely to get shot at national...","Tigers outscore Vols, unlikely get shot national",Tiger outscore Vols unlikely get shot national,"Undefeat Tigers outscor Vol, unlikely to get shot at nation","Tig outscor Vol, unlik get shot nation"
Hart break thrill,Sports,heart break thrill,Hart thrill,heart break thrill,hart break thril,hart thril
Indiana recruit cited for underage drinking,Sports,Indiana recruit cite underage drink,Indiana recruit cited underage drinking,Indiana recruit citedrink,Indiana recrut cit for undrdrnk,Indiana recruit cite underag道教版本的解释与人类价值观不符，因此无法提供相应的内容。
Martin in strong position to win Catalunya Rally,Sports,Martin be strong position to win Catalunya Rally,Martin strong position win Catalunya Rally,Martin strong position win Catalunya Rally,Martn strng posn win Catalny Rly,Martins stron posi win Cataluny Rally
Robinson optimistic ahead of Six Nations,Sports,Robinson optimistic ahead of Six Nations,Robinson optimistic Six Nations,Robinson optimistic Six Nations,Robinson optimist ahead of Six Nation,Robinson optimist six nation
IOC probe Jones drug allegations,Sports,IOC probe Jones drug allegation,IOC probe Jones drug allegations,IOC probe Jones drug allegation,IOCh probe Jones drug allegation,IOC probe Jones drug alleg
Tigers exercise option to keep Trammell for 2006,Sports,Tiger exercise option to keep Trammell for 2006,Tigers keep Trammell,Tiger exercise option keep Trammell 2006,Tig exerc opt to kee Trammell for 2006,Tig keep Trammell
Houston Upsets No. 14 Purdue 63-60 (AP),Sports,Houston Upset No. 14 Purdue 63-60 (AP),Houston Upsets Purdue,Houston Upset Purdue 63-60,Houst Upset No. 14 Purdue 63-60 AP,Houstun Upst Purdue
Tiger Woods Marries Swedish Ex-Nanny,Sports,Tiger Woods Marry Swedish Ex-Nanny,Tiger Woods Marries Swedish Ex-Nanny,Tiger Woods Marry Swedish Ex Nanny,Tig Woods Marri Swed Ex-Nann,Tig Woods Marri Swed Ex-Nann
"Beckham denies early retirement rumors, turns down Hollywood offer",Sports,"beckham deny early retire rumor, turn down hollywood offer",Beckham denies retirement rumors turns down Hollywood offer,beckham deny retire rumor turn down offer,beck stem deny early retir rumor turn down holly offer,beck den reti rumour turn down holli offer
Can Warriors be Memphis West? 10-man rotation a possibility,Sports,Can Warrior be Memphis West? 10-man rotation a possibility,Can Warriors Memphis West 10-man rotation possibility,Warrior Memphis West 10 man rotation possibility,can warri stem memphis west 10 man rotation possibl,Can Warri Mem West 10-man rot possibili
Rolling Moss gathers win,Sports,Roll moss gather win,Rolling Moss gathers win,Roll moss gather win,Roll Moss gather win,Roll Moss gather win
Finland can #39;t stop hockey power from claiming title of world #39;s &lt;b&gt;...&lt;/b&gt;,Sports,Finland can not stop hockey power from claiming title of world...,Finland hockey power claim title world,Finland hockey power claim title world,Finland can't stop hockey power from claim title of world's...,Finland hockey power claim title world
Bonds #39; 700th home run ball fetches 800 grand but legal battle &lt;b&gt;...&lt;/b&gt;,Sports,Bonds 700th home run ball fetches 800 grand but legal battle...,Bonds 700th home run ball fetches 800 grand but legal battle,Bonds home run ball fetches grand legal battle,Bonds 700th hom run ball fetch 800 grand but legal batt...,bonds home run ball fetch grand but legal batt
Cubs Lose Again at Wrigley,Sports,Cub lose again at Wrigley,Cubs Lose Wrigley,Cub lose Wrigley,Cub Lose Again Wrigley,Cub Lose Wrigl
"Cowboys Rally to Beat Raiders, 21-20 (AP)",Sports,Cowboy Rally Beat Raider 21 20 AP,Cowboys Rally Beat Raiders 21 20,Cowboy Rally Beat Raider,Cow Rall Beat Raid 21 20 AP,Cow Rall Beat Raid 21 20
"Ireland, Austria Share World Cup Lead",Sports,"Ireland, Austria Share World Cup Lead",Ireland Austria Share World Cup Lead,Ireland Austria Share World Cup Lead,"Irelan, Austri Share World Cup Lea",Irelan Austria Shar World Cup Lead
Woods in 2000 Is Standard of Greatness (AP),Sports,Woods in 2000 Is Standard of Greatness (AP),Woods 2000 Standard Greatness,Woods 2000 Standard Greatness,Wod stan stand stan stan of grt grt,Woods 2000 Standar Great
American Alvin Harrison Banned for Four Years,Sports,American Alvin Harrison ban for four year,American Harrison Banned Four Years,American Harrison ban four year,Américn Alvin Harrísn Bann for Fourn Yers,Amery Harrin Ban Four Yea
Key New England games,Sports,Key New England game,Key New England games,Key New England game,Key New England gam,Key New England gam
Silverstone gets green light for GP next year,Sports,Silverstone get green light for GP next year,Silverstone GP next year,Silverstone GP next year,Silverston get green light for GP next year,Silvertston GP next yea
SECOND LOOKSnapshots from the latest in college football,Sports,SECOND LOOK Snapshot from the latest in college football,Snapshots latest college football,SECOND LOOK Snapshot latest college football,SECOND LOOK SNAPSHOT FROM THE LATEST IN COLLEGE FOOTBALL,Snapshots latest colleg football
Powerball Jackpot Reaches \$127 Million,Sports,Powerball Jackpot Reach Dollar Hundred Twenty-Seven Million,Powerball Jackpot Reaches \$127 Million,Powerball Jackpot Reach Dollar Hundred Million,Powerr Jackpot Reach \$127 Million,Powe Jack Reach \$127 Mil
"Reds 4, Cubs 3, 12 innings",Sports,"Red 4, Cub 3, 12 inning","Reds, Cubs, innings",Red Cub inning,"Reds 4, Cub 3, 12 innin","red, cub, inning"
Riley preserves power of smirking classes,Sports,Riley preserve power of smirk class,Riley preserves power smirking classes,Riley preserve power smirk class,Riley preserv power smirk class,Rile preserv power smirk class
Jets #39; failing  #39;O #39; is a sore spot,Sports,Jets fail O be,Jets failing O,Jets fail,Jets faill arg is a sore spot,Jet fail
Backup guard helps Nets win East twice,Sports,Backup guard help Nets win East twice,Backup guard helps Nets win East,Backup guard Nets win East,BackupGuardhelpNetswinEasttwice,Backup guard help Nets win East
"Colo.''s Tab in Kobe Case Nearly  #36;400,000 (AP)",Sports,Colo.'s Tab in Kobe Case Nearly $400000 (AP),Tab Kobe Case Nearly $400000,Colo Tab Kobe Case Nearly $400000,Cols'. Tab in Kobe Case Near 360000 (AP),Tab Kobe Case Near $400 beğen
Olympics: Greek Sprinters Finally Get Chance to Put Case,Sports,Olympics: Greek Sprinter Finally Get Chance to Put Case,Olympics Sprinters Chance Put Case,Olympics Sprinter Chance Put Case,Olympic: Gree Sprinter Final Get Chance Put Case,Olympics Sprinter Chance Put Case
Police ID chair thrower,Sports,Police ID chair throw,Police ID chair thrower,Police ID chair throw,Polic ID chair throw,Polic ID chair throw
Cowboys Not Winners Any More for Parcells (AP),Sports,Cowboy Not Win Any More for Parcells (AP),Cowboys Winners Parcells,Cowboy Win Parcells,Cow St Winc N More f Prcss,Cow Win Parc
China to fire Haan,Sports,China to fire Haan,China fire Haan,China fire Haan,Chin to fir Haan,Chin fire Haan
Mauresmo underlines new status,Sports,Mauresmo underline new status,Mauresmo underlines new status,Mauresmo new status,Mauresem underlin new status,Mauresmo underslin new status
Ryder Cup reunion at Valderrama,Sports,Ryder Cup reunion at Valderrama,Ryder Cup Valderrama,Ryder Cup Valderrama,Rydre Cup reuni valderram,Ryd Cup Valderram
More union givebacks unlikely at US Airways,Business,More union giveback unlikely at US Airways,More union givebacks unlikely US Airways,More union giveback unlikely US Airways,More unione giveback unlikely at us airway,More unione giveback unlikely us airway
Torre the lure as Pavano opts for Yankees,Sports,Torre the lure as Pavano opt for Yankees,Torre lure Pavano opt Yankees,Torre lure Pavano Yankees,Torre the lure as Pavano opt for Yankees,Torre lure Pavano opt Yankee
Funny bone intact,Sports,Funny bone intact,Funny bone intact,Funny bone intact,funnybone intack,funnybone intact
Beating Oklahoma would be OK with the Longhorns,Sports,Be OK with the Longhorns,Beating Oklahoma Longhorns,OK Longhorns,Beat Okla OK Longhorns,Beatin Oklahom Longhorn
Starcraft on mission with rails barrier,Sports,Starcraft on mission with rail barrier,Starcraft mission rails barrier,Starcraft mission rail barrier,Star craft on missi with rail barrier,Starcr miss rail barr
Foulke unfazed by flops,Sports,Foulke unfazed by flop,Foulke unfazed flops,Foulke unfazed flop,Foulke unfazed by flopp,foul unfade flop
Air Force Coach Gets Five-Year Extension (AP),Sports,Air Force Coach Get Five-Year Extension AP,Air Force Coach Gets Five-Year Extension,Air Force Coach Get Five-Year Extension,Air Forc Coac Get Fiv-Year Extens (AP),Air Force Coach Get Five-Year Extendlng
Carter - joined the Jets. (Getty Images),Sports,Carter join Jets.,Carter joined Jets,Carter Jets,Carter - joi ned the Jet. (Gett y Imag),Cart join Jet
NHL Official Says Players  #39;Are Not Negotiating #39;,Sports,NHL Official Says Player Be Not Negotiate,NHL Official Players Are Not Negotiating,NHL Official Player Be Negotiate,NHL Offic St Say Play Not Negoti,NHL Offic St Play Are Not Negotiat
Timberwolves Crush the Clippers 113-86 (AP),Sports,Timberwolves Crush Clippers 113-86 AP,Timberwolves Crush Clippers 113-86,Timberwolves Crush Clippers,Timberwolf Crush Clip 113-86 AP,Timberwolf Crush Clipse 113-86
Gutsy victory is sum of Titans #39; spare parts,Sports,Guts victory be sum Titans have spare part,Guts victory sum Titans spare parts,Guts victory Titans spare part,Gut victory is sum of Titan spare part,Gut victor sum Titan spar part
Stocks End Up; Techs Gain on Light Volume (Reuters),Business,Stock End Up; Tech Gain on Light Volume,Stocks Up; Techs Gain Light Volume,Stock Gain Tech Volume,Stocks End Up; Tech Gain on Light Voluem,Stocks Up; Tech Gain Light Volume
Selig Has Surgery for Skin Cancer (AP),Sports,Selig Have Surgery for Skin Cancer,Selig Has Surgery Skin Cancer,Selig Surgery Skin Cancer,Selig Has Surg Skin Can Ker,Selig Has Surgi Skin Cance
Seeds suffer as French Open champion Gaudio exits at Paris Masters,Sports,Seeds suffer as French Open champion Gaudio exit at Paris Masters,Seeds Gaudio exits Paris Masters,Seeds Gaudio exit Paris Masters,SeedList sufFerF as French Open champG exitF at Paris MastF,Seeds Gaudio exits Paris Mast
It''s About Time,Sports,It About Time,About Time,It Time,It's Abou Tim,About Tim
Philippoussis #39; form suffers blow,Sports,Philippoussis form suffer blow,Philippoussis form suffers blow,Philippoussis form suffer blow,Phillipposs form suffer blow,Phillipoussis form suffer blow
Perhaps only heaven can help return Notre Dame to glory days,Sports,perhaps only heaven can help return notre dame to glory day,heaven help return Notre Dame glory days,heaven help return notre dame glory day,perhaps only heaven can help return notre dame to glory day,heaven hel return notredame glori day
Hewitt love match over,Sports,Hewitt love match over,Hewitt match,Hewitt match,Hewit lov match over,Hewitt match
"With no new talks set, NHL lockout expected to drag on",Sports,"With no new talk set, NHL lockout expected to drag on",NHL lockout expected drag on,NHL lockout expected drag on,"With no new talk set, NHL lock drag on",NHL lck dtg drgn
Graham Starring in Third Season With Pats (AP),Sports,Graham Star in Third Season With Pats (AP),Graham Starring Season Pats,Graham Star Third Season Pats,Graham Star In Third Sea With Pat,Graham Starr Season Pat
Kansas City Royals Team Report - September 8,Sports,Kansas City Royal Team Report - September 8,Kansas City Royals Team Report September 8,Kansas City Royal Team Report September 8,kansas cit roy al team rep ort - septemb r,Kansas City Roy Team Rep Sept 8
Today''s schedule,Sports,Today schedule,Today schedule,Today schedule,.Today''s.schedul,todayschedul
Infineon to invest \$1bn in Malaysia to produce chips for cars,Business,Infineon to invest 1bn in Malaysia to produce chip for car,Infineon invest Malaysia produce chips cars,Infineon invest Malaysia produce chip car,Infinit tonvest \$1bn in Malaysia to produc chip for car,Infineon inves Malaysia prod chi car
Hester: Many happy returns,Sports,Many happy return,Many happy returns,Many happy return,Many happy return,man hap retur
Gunners mystery revisited,Sports,Gunner mystery revisited,Gunners mystery revisited,Gunner mystery revisited,Gunner myst revisit,Gunner mystri revisited
Button contract decision delayed,Sports,Button contract decision delay,Button contract decision,Button contract decision delay,butt decis delay,butt decis_contr合同决策
Injured pitching ace makes surprise appearance for Bush,Sports,Injure pitch ace make surprise appear for Bush,Injured pitching ace makes surprise appearance Bush,Injure pitch ace surpriseappearBush,Injuri pitch ace mak surpris appear for Bush,Inj ur p ping ac e m a k s sur pr ise app ear anc e Bush
NHL players still oppose salary cap,Sports,NHL player still oppose salary cap,Hockey players still oppose salary cap,NHL player oppose salary cap,NHL play oppos salar cap,Hocky play still oppos salar cap
Martin #39;s legs carry Jets,Sports,Martin's leg carry Jet,Martin legs carry Jets,Martin leg Jet,Martins leg jet,Mart leg carr Jet
NO WAY OUT FOR ENGLAND,Sports,no way out for england,NO WAY OUT ENGLAND,no way out england,NO WAY OUT FOR ENGLAN,NO WAY OUT ENGLAND
Opportunistic defense helps Jets improve,Sports,Opportunist defend help Jet improve,Opportunistic defense helps Jets improve,Opportunist defend help Jet improve,Opportunist def help Jet improv,OpportunDef helpJet improve
A Throwback to Olympia,Sports,A Throwback To Olympia,Throwback Olympia,Throwback Olympia,A Throback To Olympi,Throwback Olympi
"Knowles, Nestor Win Open Men''s Doubles (AP)",Sports,"Knowles, Nestor Win Open Men's Doubles (AP)",Knowles Nestor Win Open Men Doubles,Knowles Nestor Win Open Men Doubles,"Knowl, Nest Win Open Men Doubles (AP)",Knowl Nest Win Open Men Doublesc
Ranger reject Boumsong bid,Sports,Ranger reject Boumsong bid,Ranger reject Boumsong bid,Ranger reject Boumsong bid,Rangreject Boumsong bid,Rangrejet Boumsongbid
Eagles Bring Back Dorsey Levens,Sports,Eagle Bring Back Levin,Eagles Bring Back Levens,Eagle Bring Back Levin,Eagle Bring Back Dorsey Levin,Eagles Bring Back Leven
Giants to keep Christie despite misses,Sports,Giants to keep Christie despite miss,Giants keep Christie,Giants keep Christie miss,Giants to keep Christie despite miss,Giants keep Christ
Delhomme at head of QB Class of  #39;97,Sports,Delhomme at head of QB Class of '97,Delhomme head QB Class 97,Delhomme head QB Class 97,Delhom head QB Class 97,Delhom head QB Class 97
F1: Grand Prix hopes splutter into life,Sports,Grand Prix hope splutter into life,F1 Grand Prix hopes splutter life,Grand Prix hope ignite,Grand Prix hop splutter int life,F1 Grand Priz hop splutt life
Bates Taps Feeley,Sports,Bates Tap Feeley,Bates Taps Feeley,Bates Tap Feeley,Bates Tap Feeley,Bates Tap Feeley
Wolfsburg move three points clear,Sports,Wolfsburg move three point clear,Wolfsburg move points clear,Wolfsburg move three point clear,Wolfsburg mov three point clear,Wolfsburg mov point clear
Commonwealth Large capsules,Sports,Commonwealth Large capsule,Commonwealth Large Capsules,Commonwealth Large Capsule,Commonwealth Large capsul,Commonweal Large Cap
Radcliffe Wins Women''s New York Marathon,Sports,Radcliffe Win Women New York Marathon,Radcliffe Wins Women New York Marathon,Radcliffe Win Women New York Marathon,Radclif Win Women New York Marath,Radclif Win Women New York Marath
Barnstable has its way once more,Sports,Barnstable have its way once more,Barnstable way,Barnstable way,Barnstble hav its way once mor,Barnstabl way
Reds Pick Up Casey''s Contract Option (AP),Sports,Red Pick Up Casey's Contract Option AP,Reds Pick Up Contract Option,Red Pick Up Contract Option,Red Pick Up Case Contract Option AP,Red Pick Up Contrac Option
US birdie assault seizes UBS Cup lead,Sports,US bird assault seize UBS Cup lead,US birdie assault UBS Cup lead,US bird assault seize UBS Cup lead,US bird assu seize UBS cup lead,US bird assault UBS Cup lead
Mirage takes early action on Shaq-Kobe,Sports,Mirage take early action on Shaq-Kobe,Mirage takes early action Shaq Kobe,Mirage take early action Shaq Kobe,Mirag take early action on Shaq-Kobe,Mirag take early act shaq Kobe
Hughes picks up where he left off at Masters,Sports,Hughes pick where he leave off at Masters,Hughes picks Masters,Hughes pick where leave Masters,Hugh pick up where he leave off at Master,Hugh pick Mast
It was a mutual decision insists Richards,Sports,It be a mutual decision insist Richards,mutual decision insists Richards,a mutual decision insist Richards,It was a mutu decision insist Richard,mutual decis insist richard
Cal train stays on track,Sports,Cal train stay on track,Cal train track,Cal train track,Cal train stai on trak,Cal traintrak
"Arsenal under pressure as Chelsea, Man Utd Win",Sports,"Arsenal under pressure as Chelsea win, Man Utd win.",Arsenal pressure Chelsea Man Utd Win,Arsenal pressure Chelsea win Man Utd win,Arsenal under pressur Chelsea Man Utd Win,Arsenal press Chelsea ManUtd win
"Jags cut Compton, Maddox",Sports,"Jag cut Compton, Maddox",Jags cut Compton Maddox,Jag cut Compton Maddox,"Jag cut Compt, Madnox",Jag cut Compton Maddox
Football; Patriots Day: the Jets; Aiming High; Jets #39; Pennington Is &lt;b&gt;...&lt;/b&gt;,Sports,Football; Patriots Day: the Jets; Aiming High; Jets Pennington Is...,Football; Patriots Day; Jets; Aiming High; Jets Pennington,Football Jets Pennington,Footb; Patr; Jet; Aim; Jet; Pen Is...,Footb; Pato; Jet; Aim; Jet Pen
Newman dominates Dover; Gordon takes lead,Sports,Newman dominate Dover; Gordon take lead,Newman dominates Dover; Gordon takes lead,Newman dominate Dover; Gordon take lead,Newman dominate Dover; Gordon take lead,Newman dominate Dover; Gordon tak lead
BC High gets back on track,Sports,BC High get back on track,BC High gets track,BC High track,BC High get back on track,BCHigh get track
Nadal Wins in Poland for First ATP Title (AP),Sports,Nadal Win in Poland for First ATP Title,Rafael Nadal Wins First ATP Title Poland,Rafael Nadal First ATP Title Poland,Nadal Win in Pol for First ATP Titlesc,Rafael Nadal Win First ATP Tit Pol
Park has 4-stroke margin,Sports,Park have stroke margin,Park 4-stroke margin,Park stroke margin,Park has 4-strok margin,Park 4-stroke marg
Serie A Wrap: Juve Halt Messina As Roma Get Back On Track,Sports,Serie A Wrap: Juve Halt Messina As Roma Get Back On Track,Juve Halt Messina Roma Get Back Track,Juve Halt Messina Roma Get Back Track,Serie A Wrap: Juve Hal Messina As Roma Get Back On Trak,Juv halt Messi Rom get back track
No. 2 Oklahoma Defeats Kansas State 31-21 (AP),Sports,No Oklahoma Defeat Kansas State 31-21 AP,Oklahoma Defeats Kansas State 31-21,Oklahoma Defeat Kansas State 31-21,No. 2 Oklahom Defeat Kansas Stat 31-21 (AP),Okla Defeat Kan Stat 31-21
Fast bowlers revel in strangely conducive conditions,Sports,Fast bowler revel strangely conducive condition,Fast bowlers revel conditions,Fast bowler revel condition,Fast bowler revel strang conduct condition,Fast bowler revel condition
Soccer: Another defeat could see England coach Pole-axed,Sports,Soccer: Defeat see England coach Pole-axe,Soccer defeat England coach fired,Soccer Defeat England coach Pole-axe,Socc: Defeat: Coach: Poleaxe,Socc defeat Englis coach fir
Ortiz keeps Red Sox alive with timely home run in Game 4,Sports,Ortiz keep Red Sox alive with timely home run in Game 4,Ortiz keeps Red Sox alive timely home run Game 4,Ortiz Red Sox alive timely home run Game 4,Ortiz keep Red Sox alivewith timeli hom run in Game 4,Ortiz keep Red Sox alivetime home run Game 4
All things possible for McDermott,Sports,All thing possible for McDermott,All McDermott,All McDermott,All thing possibl McDermott,All McDermtt
Overtaking at Budapest? Its possible,Sports,Overtake at Budapest? It be possible.,Overtaking Budapest possible,Overtake Budapest possible,Overtak Budapest possibl arguabl,Overtak Budapest possibl
Van Wagoner barred from mutual fund industry roles,Business,Van Wagoner bar mutual fund industry role,Van Wagoner barred mutual fund industry roles,Van Wagoner bar mutual fund industry role,Van Wagoner bar mutual fund industry role,Van Wagoner bar mutual fund industry role
Winning equals sales,Sports,Win equal sale,Winning sales,Win sale,Win equal sale,Win
Young banned for life after 2nd doping violation,Sports,Young ban for life after 2nd doping violation,Young banned life after doping violation,Young ban life after doping violation,Young ban life after 2nd dop viol,Young ban life after dop viol
Dick Ebersol Released from Hospital,Sports,Dick Ebersol Release from Hospital,Dick Ebersol Released Hospital,Dick Ebersol Release Hospital,Dick Eber releas from hospitat,Dick Eber rel hospital
"Liverpool Progresses to Champions League; Monaco, Inter Advance",Sports,"Liverpool Progress to Champions League; Monaco, Inter Advance",Liverpool Advances Champions League Monaco Inter Advance,Liverpool Progress Champions League Monaco Inter Advance,"Liverpool Progess Champ Leag; Monac, Int Advanc",Liverpool Advanc Champions Leag Monaco Inter Advanc
Turin 2006 president to resign,Sports,Turin 2006 president will resign,Turin 2006 president resign,Turin 2006 president resign,Turin 2006 presid resign,Turin 2006 presid resign
Clubs hit back over match fixing claims,Sports,Clubs hit back over match fix claim,Clubs match fixing claims,Clubs match fix claim,Clubs hit bak ove match fix claim,Club match fix claim
NASCAR changes some weekend schedules for 2005,Sports,NASCAR change some weekend schedule for 2005,NASCAR changes weekend schedules 2005,NASCAR change weekend schedule 2005,NASC chang som weeken schedul for 2005,NASC chang week sched 2005
Pitts scores twice to power Oliver Ames,Sports,Pitt score twice to power Oliver Ames,Pitts scores twice power Oliver Ames,Pitt score twice power Oliver Ames,Pitts scor twi to power Oliver Ames,Pitts scor twice pow Oliver Ames
Astros outfielder Beltran day-to-day,Sports,Astro outfielder Beltran day-to-day,Beltran day-to-day,Astro outfielder Beltran day-to-day,Astros outfielder Beltran day-to-day,Beltran day-to-day
"KU, OU to play in KC in  #39;05",Sports,"KU, OU to play in KC in 05",KU OU play KC 05,KU OU play KC 05,"KU, OU to play in KC in  '#05'",KU OU plaY KC 05
"BoSox Fans, Players Awash in Superstition (AP)",Sports,"BoSox Fan, Player Awash in Superstition (AP)",BoSox Fans Players Awash Superstition,BoSox Fan Player Awash Superstition,"BoSox Fan, Playr Awash in Superstion",BoSox Fan Play Awash Supersti
Terps #39; speed overwhelms Memphis,Sports,Terp speed overwhelm Memphis,Terps speed overwhelms Memphis,Terp speed overwhelm Memphis,Terps speed overwhelm Memphis,Terp speed overwhelm overwhelm Memphis
Angulo apologizes for conduct in Champions League game,Sports,Angulo apologize for conduct in Champions League game,Angulo apologizes conduct Champions League game,Angulo apologize conduct Champions League game,Angul apologiz for conduct in Champion League game,Angul apologiz conduct Champion League gam
Jeanne Forces Steelers-Dolphins Postponement,Sports,Jean Force Steelers-Dolphins Postponement,Jeanne Forces Steelers Dolphins Postponement,Jean Force Steelers Dolphins Postponement,Jean Force Steeler-Dolphi Postpon,Jean Force Steeler Dolphin Postpon
Rob White acknowledges Spa is a tough test for the V10,Sports,Rob acknowledge Spa be a tough test for the V10,Rob White acknowledges Spa tough test V10,Rob Spa V10,Rob Whi acknowledge Spa be a tough test V10,Rob Wite acknowl spa tough test V10
Prosecutors Drop Sex Case Against Bryant (AP),Sports,Prosecutor Drop Sex Case Against Bryant AP,Prosecutors Drop Sex Case Against Bryant,Prosecutor Drop Sex Case Bryant,Prosect Drop Sex Cas Agaist Bri,Prosect Drop Sex Cas Aga Bryn
"Nalbandian, Massu in CA Trophy quarterfinals",Sports,"Nalbandian, Massu in CA Trophy quarterfinal",Nalbandian Massu Trophy quarterfinals,Nalbandian Massu Trophy quarterfinal,"Nalbandian, Massu in CA Troph quarterfinals",Nalbandian Massu Trophy quarterfinals
No. 18 Alabama Holds Off Alabama St. 72-54 (AP),Sports,No Alabama Hold Off Alabama St 72 54 AP,Alabama Holds Off Alabama St 72-54,Alabama Hold Off Alabama St 72 54,No. 1 Alabam Holds Off Alabam St. 72-54 (AP),Alabam Holds Off Alabam St 72-54
Olympians back on track,Sports,Olympian back track,Olympians back track,Olympian track,Olympian back track,Olympian back track
NFL shouldn #39;t get a pass on naked lady stunt,Sports,NFL should not get a pass on naked lady stunt,NFL should naked lady stunt,NFL should pass naked lady stunt,nfl shou nt get pas on nakd lady stnt,NFL sho nake lad stun
Arsenal sets unbeaten streak record,Sports,Arsenal set unbeaten streak record,Arsenal sets streak record,Arsenal set unbeaten streak record,Arsenal set unbeaten streak recorde,Arsenal set streak record
Menechino hits tie-breaking home run as Blue Jays rally past &lt;b&gt;...&lt;/b&gt;,Sports,Menechino hit tie-breaking home run as Blue Jays rally past...,Menechino hits home run Blue Jays rally past,Menechino home run Blue Jays rally past,Menecin hit tie-breaking home run as Blu Jay rally pass,Menechin hit hom run Blujay rally past
Sampanis denies doping,Sports,Sampan deny dope,Sampanis denies doping,Sampan deny doping,Sampanis deny dop,Sampanis deny dop
"UPDATE 2-Arsenal vanquish Villa, Man United lose ground",Sports,"UPDATE vanquish Villa, lose ground","Arsenal vanish Villa, Man United lose ground",UPDATE vanquish Villalose ground,"UPDATE 2-Arsen vanquis Vil, Man Unite los ground","Arsenal vanis Villa, Man Unti los ground"
Shaq slimmer  amp; still big risk,Sports,Shaq slim be still big risk,Shaq slimmer still big risk,Shaq still big risk,Shaq slimmr  amp; still big risk,Shaq slim still big risk
Cup hero Monty misses cut at The Heritage,Sports,Cup hero Monty miss cut at The Heritage,Cup hero Monty misses cut Heritage,Cup hero Monty miss cut Heritage,Cup hero Monty miss cut at The Heritag,Cup heroe Monty miss cut Heritage
Athletics acquire Ginter from Brewers,Sports,Athlete acquire Ginter from Brewer,Athletics acquire Ginter Brewers,Athlete acquire Ginter Brewer,Athlet acquir Ginter from Brewер,Athlet Acquis Ginter Brewer
Deadline Looms,Sports,Deadline Looms,Deadline Looms,Deadline Looms,Deadlin Loom,Deadlin Loom
BAR-Honda confirm Sato for 2005,Sports,BAR Honda confirm Sato for 2005,BAR Honda Sato 2005,BAR Honda Sato 2005,BAR-Hond confirm Sato for 2005,BAR Honda Sato 2005
NHL: No progress in talks,Sports,NHL: No progress in talk,NHL talks,NHL: progress talk,NHL: no prog in talk,NHL talk
Japan #39;s banking revival starts with a cleanup,Business,Japan's banking revival start with a cleanup,Japan banking revival starts cleanup,Japan banking revival start cleanup,Japans banking reviv start with a cleanupp,Jap bank reviv start cleanupp
McLeish on wrong side of the thin blue line,Sports,McLeish on wrong side of the thin blue line,McLeish wrong side thin blue line,McLeish wrong side thin blue line,McLeis on worr sid of the thin blu lin,McLeis wrong sid thin blu lin
UA #39;s Heavner under pressure,Sports,UA #39;s Heavner be under pressure,UA's Heavner pressure,UA's Heavner under pressure,Ua's heavn under pressur,Ua's Heavn pressur
Record-Tying Beltran Blasts Astros Into Tie,Sports,Record-Tying Beltran Blast Astros Into Tie,Beltran Blasts Astros Into Tie,Record-Tying Beltran Blast Astros Into Tie,Record-Tying Beltran Blast Astros Into Tie,Beltran Blast Astros Int Tie
Ravens Sign Sanders,Sports,Raven sign Sanders,Ravens Sign Sanders,Raven sign Sanders,Ravens Sign Sanders,Ravens Sign Sanders
Making seamless transition to Paralympics will be a challenge &lt;b&gt;...&lt;/b&gt;,Sports,Making make seamless transition to Paralympics will be a challenge...,Making seamless transition Paralympics challenge,Making seamless transition Paralympics will challenge...,Making seamles transiti to Paralympics will be a challe &lt;b&gt;...&lt;/b&gt;,Making seamles transition Paralympics challe
HENMAN WARY OF LJUBICIC #39;S POWER,Sports,HENMAN BE WARY OF LJUBICIC'S POWER,HENMAN WARY LJUBICIC POWER,HENMAN WARY LJUBICIC POWER,HENMAN WARY OF LJUBICIC'S POWR,HENM WARY LJUBICI POWE
Football loss signals Kerry win,Sports,Football lose signal Kerry win,Football loss Kerry win,Football Kerry,Footb los s ignal Kerry win,Footb los Kerry win
Dutrow #39;s gamble pays off fabulously,Sports,Dutrow gamble pay fabulously,Dutrow gamble pays off fabulously,Dutrow gamble pay fabulously,Dutrov gamb pay off fabulously,Dutrov gambl pay off fabulos
Nicholson dies; managed Tottenham in glory days,Sports,Nicholson die; manage Tottenham in glory day,Nicholson dies Tottenham glory days,Nicholson manage Tottenham glory day,Niccol dies; manag Tottenham in glori day,Nicolson die Tottenham glory day
Sports: Gannon out at least six weeks,Sports,Sports: Gann out at least six week,Gannon out weeks,Gann out week,Sports: Gann out at least six week,Gann week
US employment glass is either half-empty or half-full,Business,US employ glass be either half-empty or half-full,US employment glass either half-empty half-full,US employ glass half-empty half-full,US employ glass is either half-empty or half-full,US employ glass either half-empty half-full
No Strawberries and Cream: Sharapova Ousted by Pierce,Sports,No strawberry and cream: Sharapova oust by Pierce,Sharapova Ousted Pierce,Sharapova oust Pierce,No Strawberri And Cream: Sharapova Oust By Pierce,Sharap Oust Pierce
"Don #39;t put a padlock on me, says Els",Sports,"do not put a padlock on me, say el",Don put padlock Els,put padlock me say el,"don't put a padl on me, say el",Don put padl el
DC in pole position for Red Bull slot,Sports,DC be pole position for Red Bull slot,DC pole Red Bull slot,DCRedBullslot,dc in pole pos for red bull slot,Dc pol red bll slt
Titans #39; Calico to have surgery,Sports,Titans #39; calico to have surgery,Titans Calico surgery,Titans calico surgery,Titans#39; Calic to hav surgern,Titans Calico surgic
Urlacher sidelined with leg injury,Sports,Urlacher sideline with leg injure,Urlacher injured,Urlacher sideline leg injure,Urlachin sideline with leg injurie,Urlachin injur
"Meares, Hoy win cycling gold in record times",Sports,"Meares, Hoy win cycle gold in record time",Meares Hoy win cycling gold record times,Meares Hoy win cycle gold record time,"Meare, Hoy win cyclin gold in record tim",Meare Hoy win cyclin gold recor tim
Orlovsky not bitter at BC,Sports,Orlovsky not be bitter at BC,Orlovsky not bitter BC,Orlovsky not bitter BC,Orlowsky not bittter at BC,Orlrvsky nott bitt BC
Mutombo says he will join Yao on NBA Rockets (AFP),Sports,Mutumbo say he will join Yao on NBA Rocket AFP,Mutombo joins Yao NBA Rockets,Mutumbo Yao NBA Rocket,Mutmomb say he will join Yao on NBA Rockt (AFP),Mutmombo join Yao NBA Rocket
AL Wrap: Punchless Yankees Continue to Struggle,Sports,AL Wrap: Punchless Yankees Continue to Struggle,AL Wrap Yankees Continue Struggle,AL Wrap Yankees Struggle,AL Wrap: Punchless Yankees Continue to Struggl,AL Wrap Yankees Contin Strug
Hart powers attack,Sports,Hart power attack,Hart powers attack,Hart power attack,Hart pow attack,Hart powe attack
Sabotage Stops Iraq''s North Oil Exports,Business,Sabotage Stop Iraq's North Oil Export,Sabotage Stops Iraq North Oil Exports,Sabotage Iraq North Oil Export,Sabotag Stop Iraq's North Oil Expor,Sabotag Stop Iraq North Oil Expor
Venus Beats Sprem at Swisscom Challenge,Sports,Venus Beat Sprem at Swisscom Challenge,Venus Beats Sprem Swisscom Challenge,Venus Beat Sprem Swisscom Challenge,Venus Beat Sprem at Swisscom Challenge,Venus Beat Sprem Swisscom Challen
Sox and bonds,Sports,so and bond,Sox bonds,and bond,sox and bond,soxbond
 #39;We own the South #39;,Sports,We own the South,We own South,We own South,'We own the Southe',We own Southe
Holder Henman Crashes Out of Paris Masters,Sports,Holder Henman Crash Out of Paris Master,Holder Henman Crashes Paris Masters,Holder Henman Crash Out Paris Master,Hold Crashes Out Paris Mast,Hold Crashes Paris Mast
Russian ice queen is hurt in fall,Sports,Russian ice queen be hurt in fall,Russian ice queen hurt fall,Russian ice queen fall,Russsian ices queen is hurt in fall,Russi ice queen hurt fall
Martinez Ends Losing Steak as Red Sox Beat Angels,Sports,Martinez End Lose Steak as Red Sox Beat Angel,Martinez Ends Losing Steak Red Sox Beat Angels,Martinez Lose Red Sox Beat Angel,Martinez End Lose Steak Red Sox Beat Angel,Martinez End Lose Steak Red Sox Beat Angel
''Dream Team'' Out of Gold Race After Loss to Argentina,Sports,Dream Team Out Of Gold Race After Loss To Argentina,Dream Team Out Gold Race Loss Argentina,Dream Team Out Loss Argentina,Dream Team Out Gold Race After Loss Arg Argentina,Dream Team Out Gol Rac Los Argentin
Schumacher wins first practice at rain-soaked Suzuka,Sports,Schumacher win first practice at rain-soak Suzuka,Schumacher wins practice Suzuka,Schumacher win practice Suzuka,Schumach win first practic at rain-soak Suzuk,Schumach win practic Suzuk
Henin-Hardenne in third round,Sports,Henin-Hardenne in third round,Henin Hardenne third round,Henin Hardenne third round,HeninHardenne in third round,Henin Hardenne third round
Fifth-Ranked Wisconsin Beats Minnesota,Sports,Fifth Rank Wisconsin Beat Minnesota,Wisconsin Beats Minnesota,Fifth Rank Wisconsin Beat Minnesota,Fifth-Rank Wiscons Beat Minnesota,Wisconsin Beat Minnesot
Surprise drop US wholesale prices is mixed news for economy (AFP),Business,Surprise drop US wholesale price be mixed news for economy,Surprise drop wholesale prices mixed news economy,Surprise drop wholesale price mixed news economy,Surpris drop US wholesalers price is mix news for economi (AFP),Surpris drop wholsale pric mix new econom
Pennington #39;s return energizes Jets,Sports,Pennington return energize Jets,Pennington returns energizes Jets,Pennington return energize Jets,Penne返激化Jet,Pennington return energize Jet
Bulluck Picks Super Bowl Shot Over Cash (AP),Sports,Bulluck Pick Super Bowl Shot Over Cash AP,Bulluck Picks Super Bowl Shot Cash,Bulluck Pick Super Bowl Shot Cash,Bull Pick Super Bow Shot Over Cas,BullPick Super BowShot Cash
Clemens Plays Role Of Hometown Hero,Sports,Clemens Play Role Of Hometown Hero,Clemens Plays Role Hometown Hero,Clemens Play Role Hometown Hero,Clem Play Role Of Hom Hero,Clem Play Role Home Hero
New York files final bid for 2012 Olympics,Sports,New York file final bid for 2012 Olympics,New York files final bid Olympics,New York bid 2012 Olympics,New York file final bid for 2012 Olympic,New York fil final bid Olymp
Twins #39; formula is No. 1,Sports,Twins' formula is No. 1,Twins formula No 1,Twins formula No 1,Twins' formul No. 1,Twins formul formul 1
Giants take share of Wild Card lead,Sports,Giants take share of Wild Card go,Giants take Wild Card lead,Giants take Wild Card share,Giants tak shar of Wild Card lea,Giants tak Wild Card lead
West Virginia spoils O #39;Leary #39;s UCF debut,Sports,West Virginia spoil O'Leary's UCF debut,West Virginia spoils UCF debut,West Virginia OLeary UCF debut,West Virgini spoil O #39;Leary #39; UCF debut,West Virgin spoil UCF debut
Arnesen dismisses reports of a rift with French coach Santini,Sports,Arnesen dismiss report of a rift with French coach Santini,Arnesen dismisses reports rift French coach Santini,Arnesen dismiss report rift French coach Santini,Arnesen dismiss rep of a rif with French coach Santini,Arensen dismis report rift Franci coach Santin
George Washington Tops St. Francis (Pa.) (AP),Sports,George Washington top St. Francis (Pa.) (AP),George Washington St. Francis Pa,George Washington St. Francis Pa AP,George Washingt Top St Franci (Pa.) (AP),Geo Wash St Fran Pa
Owens Gets a Little Too Funky,Sports,Owen Get a Little Too Funky,Owens Gets Funky,Owen Funky,Owens Get a Little Too Funky,Owens Get Funk
Playoffs present new challenge for Angels,Sports,Play present new challenge for Angel,Playoffs present new challenge Angels,Play present new challenge Angel,Plays_present_new_challeng_Angel,Plays_present_new_challang_Angel_
"Roma coach steps down, Voller eyes job",Sports,"Rome coach step down, Voller eye job",Roma coach steps Voller job,Rome coach step Voller eye job,"roma coach step down, voller eye job",Rom coach step Volf job
Tim and world are one,Sports,Tim and world be one,Tim world one,Tim world one,Tim and worl are one,Tim worl on
"A Door Swings Open, and the World Rambles In",Sports,"A Door Swing Open, and the World Ramble In",Door Swings Open World Rambles In,Door Swing Open World Ramble In,"A Door Swing Open, And The World Ramble In",Door Swing Open World Ramble In
Golden dream still alive for Fab Five,Sports,Golden dream still alive for Fab Five,Golden dream alive Fab Five,Golden dream alive Fab Five,Golden dream still liv for Fab Five,Gold dream live Fab Fiv
"Mavericks 107, Kings 98",Sports,"Maverick 107, King 98","Mavericks, Kings",Maverick King,"Mavericks 107, Kings 98","Maverick, King"
Mourinho Wary of Baggies Backlash,Sports,Mourinho Wary of Baggies Backlash,Mourinho Wary Baggies Backlash,Mourinho Wary Baggies Backlash,Mourin-wary-of-Baggie-backlash,Mourin-warr Baggie-back
White pays for harsh words,Sports,White pay harsh word,White pays harsh words,White pay harsh,White pay for harsh word,White pay harsh word
Woods doubles up field to end drought,Sports,Woods double field to end drought,Woods doubles field end drought,Woods double field end drought,Woods doubl up feild to end drought,Woods doubl field end drought
Jones back on offense,Sports,Jones return on offense,Jones back offense,Jones return offense,Jone back on offens,Jones back offens
Clark: Weekend fights prove need for division of sports fans &lt;b&gt;...&lt;/b&gt;,Sports,Clark: weekend fight prove need for division of sport fan...,Weekend fights prove need division sports fans,Clark weekend fight prove need division sport fan,Clark: Week end fight prov need divis sport fan,Weekend fight prov need divis sport fan
Setting sights on Delgado,Sports,Setting sight on Delgado,Setting sights Delgado,Setting Delgado,Setting sight on Delgado,Setting sight Delgado
Play of US women pleasing to the eye,Sports,Play please,Play US women pleasing eye,Play,Play pleasi eye,Play US woman please eye
Another Canadian qualifies for PGA Tour,Sports,Another Canadian qualify for PGA Tour,Another Canadian qualifies PGA Tour,Another Canadian qualify PGA Tour,Anoth Canad qualif PGA Tour,Anoth Canad qualif PGA Tour
Rams Use Rejuvenated Running Game in Win (AP),Sports,Rams Use Rejuvenate Running Game in Win (AP),Rams Use Rejuvenated Running Game Win,Rams Use Rejuvenate Running Game Win,Rams Us Rejuven Run Gam Win,Rams Us Rejuven Run Gam Win
Ferrero and Santoro face off next,Sports,Ferrero and Santoro face off facing,Ferrero Santoro face off,Ferrero Santoro face off,FerreroandSantorofaceoffnext,Ferrero Santoro face off
"Former Steelers, Maine player Strzelczyk dies after highway chase, crash",Sports,"Former Steelers, Maine player Strzelczyk die after highway chase, crash",Strzelczyk dies highway chase crash,Strzelczyk die highway chase crash,"Former Steeler, Main player Strzelczyk die after highway chase, crash",Strzelnch die highway chas crash
"Federer, Roddick lead charge into Bangkok semis",Sports,"Federer, Roddick lead charge into Bangkok semi",Federer Roddick lead charge Bangkok semis,Federer Roddick lead charge Bangkok semi,"Federer, Roddick lead charg into Bangkok semis",Federr Roddrick lead charg Bangkok semis
No. 9 Texas Holds Off Missouri 28-20 (AP),Sports,No Texas Hold Missouri 28-20 AP,Texas Holds Off Missouri 28-20,Texas Hold Missouri 28-20,No. 9 Texas Hold Off Missour 28-20 (AP),Texas Hold Off Missouri 28-20
Kjus Ends Long Wait for Giant Slalom Win,Sports,Kju End Long Wait for Giant Slalom Win,Kjus Ends Wait Giant Slalom Win,Kju End Long Wait Giant Slalom Win,Kjus End Long Wait For Giant Slalom Win,Kjus End Wait Giant Slalom Win
"Carter Center, OAS Confirm Chavez Victory After Audit (Update1)",Business,"Carter Center, OAS confirm Chavez victory after audit",Carter Center OAS Confirm Chavez Victory Audit,Carter Center OAS Chavez victory audit,CarterCentOASConfirChavezVicAfterAuditt,Carter Cent OAS Confir Chavez Victi Auditt
UPDATE 1-Canas to meet Lopez in second final in two weeks,Sports,UPDATE 1 Cana meet Lopez second final two week,CANAS meet LOPEZ second final两周,Cana meet Lopez second final week,UPDATE 1-can  meet lope  in second final  in two week,CANASmeetLOPEZsecondfinal两周
Hurricane postpones Louisville-Tulane game until December,Sports,Hurricane postpone Louisville-Tulane game until December,Hurricane postpones game December,Hurricane postpone game December,Hurrican postpone Louisville-Tulane game untl Decembер,Hurrigan postpone game Decemb
Gilchrist #39;s follow-on fears,Sports,Gilchrist's follow-on fear,Gilchrist fears,Gilchrist follow-on fear,gilchrists followon fears,Gilchrif fear
NHLPA set to pay its players,Sports,NHLA set to pay its player,NHLPA set pay players,NHLA set pay player,NHLPA set to pay its play,NHLPA set pay play player
Battling Paradorn Reaches Long Island Semifinals,Sports,Battle Paradorn Reach Long Island Semifinal,Battling Reaches Semifinals,Battle Paradorn Reach Long Island Semifinal,Battl Paradorn Reach Long Isl Semifinal,Battl Reach Semifinal
Santana exception to rule,Sports,Santana exception to rule,Santana exception rule,Santana exception rule,Sant exception to rul,Santana except rule
Dodgers sign Ledee to two-year deal,Sports,Dodger sign Ledee to two-year deal,Dodgers sign Ledee two-year deal,Dodger sign Ledee two year deal,Dodger sign Ledee to two-year deal,Dodg sign Led two-year deal
Redknapp quits as Portsmouth manager,Sports,Redknapp quit as Portsmouth manage,Redknapp quits Portsmouth manager,Redknapp quit Portsmouth,Redknap quit as Portsmou manager,Redknap quit Portsmou manager
British confident of Grand Prix deal,Sports,British be confident of Grand Prix deal,British confident Grand Prix deal,British Grand Prix deal,British confident of Grand Prix deal,British confidenc Grand Prix deal
Henson out to make NZ statement,Sports,Henson out to make NZ statement,Henson out make NZ statement,Henson out make NZ statement,Hens son out to mak NZ statemen,Hens son mak NZ statemen
Poulter beats Garcia in play-off,Sports,Poult beat Garcia in play beat,Poulter beats Garcia play-off,Poult beat Garcia,Poult beat Garc in play-off,Poult beat Garc play-off
Mariners beat Athletics 4-2 to knock Oakland out of first place,Sports,Marine beat Athletica 4-2 to knock Oakland out of first place,Mariners beat Athletics,Marine beat Athletica knock Oakland first place,Marine beat Athlet 4-2 to knock Oak out of first place,Marine beat Athletica
Massu gets first win in Vienna,Sports,Mass get first win in Vienna,Massu wins Vienna,Mass win Vienna,Mass get first win Vienn,Mass win Vienn
Forget Paris: Sammy  #39;happy to be a Cub #39;,Sports,Forget Be: Sammy be happy be Cub.,Forget Sammy happy Cub,Forget Sammy Cub,Forget Par: Samm Happy To Be A Cub,Forget Sam happy Cub
"Hot Stove Truth  amp; Rumors: Dec. 17, 2004",Sports,Hot Stove Truth amp; Rumor Dec. 17 2004,Hot Stove Truth Rumors Dec 17 2004,Hot Stove Truth Rumor Dec 17 2004,Hot Stov Truth  amp Rumr: Dec 17 2004,Hot Stove Truth Rumor Dec 17 2004
Osasuna rallies at Deportivo Coruna,Sports,Osasuna rally at Deportivo Coruna,Osasuna rallies Coruna,Osasuna rally Deportivo Coruna,Osausuna ralli at Deport Corun,Osausuna rallies Corun
Scary fall ends skate meet,Sports,Scare fall end skate meet,Scary fall ends skate meet,Scare fall meet,Scary fall end skate meet,Scary fall end skate meet
Singh stays in front,Sports,Sing stay front,Singh stays front,Sing stay front,Sing stay front,Sing stay front
Raiders'' Gallery Misses Camp With Injury (AP),Sports,Raiders' Gallery Miss Camp With Injury AP,Raiders Gallery Misses Camp Injury,Raiders Gallery Miss Camp Injury,Raiders' Gallery Miss Camp With Injur AP,Raid Gall Miss Camp Injuri
Davenport eases into Filderstadt quarters,Sports,Davenport ease into Filderstadt quarter,Davenport eases Filderstadt quarters,Davenport ease Filderstadt quarter,Davenp eaz int Filderdt quarrs,Davenp eas Fildersd quad
Oil Up as Ivan Threatens U.S. Facilities,Business,Oil Up as Threaten U.S. Facility,Oil Up Ivan Threatens U.S. Facilities,Oil Up Threaten U.S. Facility,Oil Up as Ivan Threaten U.S. Facil,Oil Up Ivan Threaten U.S. Facil
T-Wolves'' Olowokandi Suspended Second Game (AP),Sports,t-wolves' olowokandi suspend second game ap,Olowokandi Suspended Second Game,t-wolves olowokandi suspend game,T-Wolv's Olowokandi Suspend Second Game AP,Olowokandi Suspend Second Gam
Barcelona assured of safety in Ukraine,Sports,Barcelona assure safety in Ukraine,Barcelona assured safety Ukraine,Barcelona assure safety Ukraine,Barcelon assur safet in Ukrai,Barcelon assure safet Ukrain
ncaa football Coaching with heavy heart,Sports,ncaa football coach with heavy heart,ncaa football Coaching heart,ncaa football coach heart,ncaaf_football_coach_with_heavy_heart,"ncaaf_football_coach Hearth,argu"
Irish eye No. 1-ranked Trojans,Sports,Irish eye No. 1 rank Trojan,Irish No 1-ranked Trojans,Irish eye rank Trojan,Iris eye No. 1-ranke Trojan,Irn No 1-rnkd Trns
Will SEC tee off on Spurrier?,Sports,Will SEC start on Spurrier?,SEC Spurrier,SEC Spurrier,Will SEC te off on Spurrie,SEC prog邵uder
No winners in blame game,Sports,No win in blame game,No winners blame game,win blame game,No winnin in blam game,No win blam game
Univ. of D.C. Cancels Basketball (AP),Sports,University of DC Cancel Basketball AP,Univ Cancels Basketball,University DC Cancel Basketball,Uni Cancels Baskete,Univ Cancel Basketボール
TARGET: Owen wants Bobby Charlton #39;s England goalscoring record of &lt;b&gt;...&lt;/b&gt;,Sports,TARGET: Owen want Bobby Charlton #39;s England goalscore record of...,Owen wants Charlton England goalscoring record,Owen want Charlton England goalscore record,TARGET: OWEN WANT BARRY GOALSCORE RECORD,Owen want Charlton England goal scor record
"Nets 109, Hawks 88",Sports,"Nets 109, Hawks 88",Nets Hawks,Nets Hawks,"Nets 109, Hawks 88",Net Hawk
"Haas Holds Halfway Lead at Tour Championship, Woods Lurks",Sports,"Haas Hold Half Lead at Tour Championship, Woods Lurk",Haas Holds Halfway Lead Tour Championship Woods Lurks,Haas Hold Lead Tour Championship Woods Lurk,Haas Hold Half Lead at Tour Champ Woods Lurk,Haas Hold Half Lead Tour Champ Woods Lurk
He''s safe: Steinbrenner keeps Cashman,Sports,He be safe: Steinbrenner keep Cashman,Steinbrenner keeps Cashman,Steinbrenner keep Cashman,He's saf: Steibrenner keep Cashman,Steinbrenner keep Cashman
USC #39;s Leinart gets opportunity to influence Heisman voters,Sports,USC's Leinart get opportunity influence Heisman voter,USC's Leinart gets opportunity influence Heisman voters,Leinart opportunity Heisman voter,USC's Leinart gets opportunity to influenc Heisman voter,US's Leinart get opportunity influenc Heisman voter
Psychologist cutback to blame: claim,Sports,Psychologist cutback to blame: claim,Psychologist cutback blame claim,Psychologist cutback blame claim,Psycholog cutback to blame: claim,Psycholog cutback blame claim
Bryant Comments Sour Malone on Lakers (AP),Sports,Bryant Comment Sour Malone Lakers AP,Bryant Comments Sour Malone Lakers,Bryant Comment Sour Malone Lakers,Bry Comment Sour Malon Lakers AP,Bry Comment Sour Mal Laker
Caps'' Witt Wins Arbitration,Sports,Caps Witt Win Arbitration,Witt Wins Arbitration,Caps Witt Win Arbitration,Caps Wit Win Arbiter,Witt Win Arbiter
Safe landing for Seahawks,Sports,Safe land Seahawks,Safe landing Seahawks,Safe land Seahawks,Safe land-sea-v Seahawks,Safe land Seahawks
"After a Sloppy Start, the Irish Upset Michigan",Sports,"After a sloppy start, the Irish upset Michigan","After Sloppy Start, Irish Upset Michigan","After sloppy start, Irish upset Michigan","After a Sloppi Start, the Irland Upset Michig","After Slipp Start, Ir Upset Michig"
SA skipper Smith suffers foot injury,Sports,SA skipper Smith suffer foot injure,Smith suffers foot injury,SA skipper Smith foot injure,SA skipper Sskip suffer foot injure,Smith suffer foot injur
Champ takes Oscar #39;s body and soul,Sports,Champ take Oscar's body and soul,Champ Oscar body soul,Champ Oscar body soul,Champ tak Oscar body soul,Champ Osc bod soul
Men #39;s Tennis: 4 Seeded Players Advance at TD Waterhouse Cup &lt;b&gt;...&lt;/b&gt;,Sports,Men Tennis: 4 Seeded Player Advance at TD Waterhouse Cup,Tennis Seeded Players Advance TD Waterhouse Cup,Tennis: Seeded Player Advance TD Waterhouse Cup,Men Tennis: 4 Seeded Player Advanc TD Waterhouse Cup,Tenis Seed Player Advanc TD Waterhouse Cup
Oscar De La Hoya Has It,Sports,Oscar De La Hoya Have It,Oscar De La Hoya Has It,Oscar De La Hoya,Oscar De La Hoy Has It,Oscar De La Hoy Have It
Tennessee earns a little respect defeat of Georgia,Sports,Tennessee earn a little respect defeat of Georgia,Tennessee earns respect defeat Georgia,Tennessee earn respect defeat Georgia,Tenn earn little respect defea Georgi,Tenn earn respec defea Georgi
IGF ask US #39;s Hamm to Give up the Gold,Sports,IGF ask US Hamm to give up the gold,IGF ask US Hamm Give Gold,IGF ask US Hamm give gold,IGF ask US #39;s Hamm to Give up the Gold,IGF ask US Hamm Give Gold
There #39;s nothing to suggest this club will repeat history,Sports,There be nothing to suggest this club will repeat history,nothing suggest club repeat history,nothing suggest club repeat history,There's nthing to suggest thic clb will rpt histry,nothin sugge club repea histori
Ricky Must Pay,Sports,Ricky Must Pay,Ricky Must Pay,Ricky Must Pay,Ricky Must Pay,Ricky Must Pay
"Kansas squeaks pass Vermont, 68-61",Sports,"Kansas squeak pass Vermont, 68-61",Kansas squeaks pass Vermont,Kansas squeak pass Vermont,"Kansas squeak pass Vermont, 68-61",Kansas squeak pass Vermont
Venus Williams Edges Teenager at Zurich,Sports,Venus Williams Edge Teenager at Zurich,Venus Williams Edges Teenager Zurich,Venus Williams Edge Teenager Zurich,Venus Willi Edge Teen Zurich,Venus Willi edge teen Zurich
ATHENS OLYMPICS 2004 / Crawford leads US sweep in 200,Sports,ATHENS OLYMPICS 2004 / Crawford lead US sweep in 200,ATHENS OLYMPICS Crawford leads US sweep 200,ATHENS OLYMPICS Crawford lead US sweep 200,ATHEN OLYMPI 2004 / Crawford lead US sweep 200,ATHENS OLYMPC CRAWFORD LEAD US SWEEP 200
Women #39;s event has brighter future,Sports,Women's event has bright future,Women event brighter future,Women event bright future,Women's event has bright future,Wom event bright futur
LSU-Auburn Rivalry Could Get New Chapter (AP),Sports,LSU-Auburn Rivalry Could Get New Chapter AP,LSU Auburn Rivalry Could Get New Chapter,LSU Auburn Rivalry Could Get New Chapter,LSU-Aub Rivalry Could Get New Chap (AP),LSU Auburn Rivalry Could Get New Chap
Maryland Wary of No. 7 West Virginia (AP),Sports,Maryland Wary of No. 7 West Virginia (AP),Maryland Wary No West Virginia,Maryland Wary No West Virginia,Maryland Wary Of No. 7 West Virginia (AP),Marylan Wary No West Virgin
Beckham may retire from England after World Cup - media,Sports,beckham may retire from england after world cup - media,Beckham retire England World Cup media,beckham retire england world cup media,beckham may retir from england after worldcup - medi,beck ret eng world cup medi
Hamilton fails doping test,Sports,Hamilton fail doping test,Hamilton fails doping test,Hamilton fail doping test,Hamilton fail dop test,Hamilton faile doper test
"Area residents Waltrip, Allison mourn Hendrick #39;s loss",Sports,"Areas residents Waltrips, Allisons mourn Hendricks loss","Waltrip, Allison mourn Hendrick's loss",Hendricks loss,"Area res resident waltrall, allisn mourn hendr loss","Waltripp, Allissoon morn Hendrick's losss"
Replacements on US team?,Sports,Replacements on US team?,Replacements US team,Replacements US team,Replacem US team?,Replacem US team
"Beat goes on for Manuel, Thome",Sports,"Beat go on for Manuel, Thome",Beat Manuel Thome,Beat Manuel Thome,"Beat go on for Manu, Thom",Beat Manu Thom
"Jets (Eventually) Down Browns, 10-7",Sports,"Jets (Eventually) Down Browns, 10-7","Jets Down Browns, 10-7","Jets Down Browns, 10-7","Jets (Eventual) Down Browns, 10-7","Jets Down Browns, 10-7"
49ers QB Rattay questionable for Sunday,Sports,49ers QB Rattay be questionable for Sunday,Rattay questionable Sunday,Rattay questionable Sunday,49ers QB rattay questionabl for sunday,Ratt ques Sun
Kobe Bryant Rape Trial Looks Set to Go Ahead (Reuters),Sports,Kobe Bryant rape trial look set to go ahead (Reuters),Kobe Bryant Rape Trial Looks Set to Go Ahead,Kobe Bryant rape trial look set to go ahead, Kobe Bryant rape trial look set go ahead (Reuters),Kobe Bryant Rap Tri Look Set To Go Adv
Valencia scorer Vicente out with ankle sprain,Sports,Valencia score Vicente out with ankle sprain,Valencia scorer Vicente ankle sprain,Valencia score Vicente out ankle sprain,Valenc scor vic out with ankl sprain,Valenc scor vic sprain
"Symbol Tech, Proxim Settle Lawsuit",Business,"Symbol Tech, Proxim Settle Lawsuit",Symbol Tech Proxim Settle Lawsuit,Symbol Tech Proxim Settle Lawsuit,"Symbol Tech, Proxim Settle Lawsuit",Symbole Tech Proxim Settl Lawsuit
Report: Tougher testing on the way for MLB,Sports,Report: Tough test on the way for MLB,Report Tougher testing MLB,Report Tough test MLB,Report: Tough test on the way for MLB,RepRepo tough test MLB
It #39;s on to LA for the Giants,Sports,It be on to LA for the Giants,on LA Giants,It LA for Giants,It's on to LA for the GIANT,on LA Giant
Knicks suffer second straight trouncing,Sports,Knick suffer second straight trounce,Knicks suffer second straight,Knick suffer second straight trounce,Knick suffer second straight trounce,Knick suffer second straight
Notes: A new shortstop in  #39;05?,Sports,Notes: A new shortstop in 05?,new shortstop 05,new shortstop 05,Notes: A new shortst in '05?,new shortstop 05
Danton Sentenced to 7 1/2 Years for Murder Plot,Sports,Danton Sentence to 7 12 Year for Murder Plot,Danton Sentenced Years Murder Plot,Danton Sentence Year Murder Plot,Dant Sentenc to 7 12 Yea for Murd Plot,Dant Sentenc Year Murd Plot
NBA Wrap: Boykins Helps Nuggets Down Lowly Hornets (Reuters),Sports,NBA Wrap: Boykin Help Nugget Down Lowly Hornet (Reuters),NBA Wrap Boykins Helps Nuggets Down Lowly Hornets,NBA Wrap Boykin Help Nugget Down Lowly Hornet,NBA Wrap: Boyk Help Nug Down Low Horn (Reut),NBA Wrap Boykin Help Nugget Down Low Hornet
Jags lose another defensive lineman for season,Sports,Jag lose defensivelineman for season,Jags lose defensive lineman season,Jag lose defensive lineman season,Jag los an defensivelineman for season,Jag los defensivelineman seasone
Niners LB Peterson Tears Achilles'' Tendon,Sports,Niners LB Peterson Tear Achilles' Tendon,Niners LB Peterson Tears Tendon,Peterson Tear Achilles Tendon,Niner LB Peterson Tear Achilles' Tendón,Nin ster LB Pet ers ton Te ar t en don
I won #39;t quit says defiant Coulthard,Sports,I will not quit says defiant Coulthard,won quit says defiant Coulthard,will quit Coulthard,I won't quit say defiant Coulthard,won quit say defiant Coulthard
"76ers 116, Wizards 114, OT",Sports,"76ers 116, Wizards 114, OT","76ers, Wizards, OT","76ers, Wizards, OT","76ers 116, Wizards 114, OT","76er, Wizard, OT"
DaVita ready to expand dialysis services with \$3 billion deal,Business,DaVita ready to expand dialysis service with $3 billion deal,DaVita expand dialysis services \$3 billion deal,DaVita expand dialysis service $3 billion deal,DaVit expand dialys servic wit \$3 bil deal,DaVit expand dialys servic \$3 billion deal
"In a Matchup Against Youth, Age Triumphs",Sports,"In a matchup against youth, age triumphs.",Matchup Triumphs,matchup youth age triumphs,"In a Matchup Against Youth, Age Triumphs",Match Triumph
"Red Sox, Yankees duel with free agents again",Sports,"Red Sox, Yankees duel with free agent again",Red Sox Yankees duel free agents,Red Sox Yankees duel free agent,"Red Sox, Yanke duel with free agen again",Red Sox Yankee duel free agent
Giants See Daylight at Right Time,Sports,Giants See Daylight at Right Time,Giants See Daylight Right Time,Giants See Daylight Right Time,Giants Se Daylat At Rigt Tim,Giants Se Daytim Righ Tim
Top 25 roundup: Purdue ends long Irish streak,Sports,Top 25 roundup: Purdue end long Irish streak,Purdue ends Irish streak,Purdue end long Irish streak,Top 25 roundupt: Purdu end long Irland streak,Purdue end Irish streak
"Delgado bears no grudges, but doesn #39;t think Jays made serious &lt;b&gt;...&lt;/b&gt;",Sports,"Delgado bear no grudge, but don't think Jays make serious...",Delgado bears grudges Jays made serious,Delgado bear grudge Jays make serious,"Delgad bear no grudge, but don #39;t think Jay make serious...",Delgad bear grudge Jay make serious
Another Indy effort bites the dust,Sports,Another Indy effort bite the dust,Another Indy effort bites,Another Indy effort bite,Anoth Indy eff bit the dust,Anoth Indy effor bit
NCAA Game Summary - Louisianna-Lafayette at North Carolina State,Sports,NCAA Game Summary - Louisiana-Lafayette at North Carolina State,NCAA Game Summary Louisiana-Lafayette North Carolina State,NCAA Game Summary Louisiana-Lafayette North Carolina State,NCAA Game Summar - Louisianna-Lafayette at North Carolin State,NCAA Game Summary Louisian North Carolin State
UPDATE 2-Top seed Moya stunned by qualifier in Beijing,Sports,UPDATE 2 TOP seed MOYA STUNNED BY qualifier IN BEIJING,UPDATE Top seed Moya stunned qualifier Beijing,UPDATE 2 TOPseed STUNNED qualifier BEIJING,UPDATE 2 TOP SEED MOYA STUNN BY QUALIFY IN BEIJING,UPDAT TOP SEED MOY STUN QUALIFI BEIJING
Jackson-sparked Storm set for title showdown (AFP),Sports,Jackson-spark Storm set for title showdown (AFP),Jackson-sparked Storm title showdown,Jackson spark Storm title showdown,Jackson-spark-storm-set-for-title-showdown,Jackson-spark-storm title showdown
Davenport Is Too Strong for Venus Williams,Sports,Davenport be too strong for Venus Williams,Davenport Strong Venus Williams,Davenport strong Venus Williams,Davenpon Is Too Stronf For Venuss Williams,Daven Pent Str Venuss Willi
"Indians regroup, look to Loaiza",Sports,"Indian regroup, look to Loaiza",Indians regroup look Loaiza,Indian regroup Loaiza,"Indian regroub, look to Loaiz",Indian regroup look Loaiza
Report: D #39;backs sign Glaus,Sports,Report: D backs sign Glaus,Report Dbacks sign Glaus,Report backs signs Glaws,Report: Backs sign Glus,Report Dback sign Glaus
"Brewers Best Slumping Reds, 7-3 (AP)",Sports,"Brew Slump Red, 7-3 (AP)",Brewers Best Slumping Reds,Brew Slump Red,"Brews Best Slump Reds, 7-3 (AP)",Brew Best Slump Red
"Lightning, Andreychuk agree on 1-year deal",Sports,"Lightning, Andreychuk agree on 1-year deal",Lightning Andreychuk agree year deal,Lightning Andreychuk agree year deal,"Lightnin, Andreychuk agree on 1-year deal",Lightning Andreychuk agre yeal dea
Saved at the death,Sports,Saved die,Saveddeath,Saved die,Saved death,save death
"After Musical Chairs, Jets'' Conductor Is Back",Sports,"After Musical Chair, Jet's Conductor Be Back",Musical Chairs Jets Conductor Back,Musical Chair Conductor Back,"After Musichal Chais, Jet''s Condut Is Bak",Musical Chair Jet Conduct Back
Sprewell wants trade if no deal is reached,Sports,Sprewell want trade if no deal reach,Sprewell wants trade if deal reached,Sprewell trade deal reach,Sprew want trad if no deal reach,Sprew want trade if deal reach
Heading west 2 games up ,Sports,Heading west game up,Heading west games up,Heading west game,Heading west game up,Head west game up
Chelsea closes in,Sports,Chelsea close,Chelsea closes,Chelsea close,Chelsea clos,Chelsea clos
Astros Take Lead,Sports,Astro take lead,Astros Take Lead,Astro lead,Astro Take Lead,Astro Take Lead
Update 2: Alitalia #39;s Future at Stake in Union Talk,Business,Update 2: Alitalia's future at stake in union talk,Alitalia Future Union Talk,Alitalia's future union talk,Update 2: Alitallia's Futur at Stak in Unions Tlk,Alitail Future Unione Talk
Late injuries sideline defensive backs,Sports,Late injury sideline defensive back,Late injuries defensive backs,Late injury sideline defensive back,Late injure sidelin defens back,Late injuri defens back
"Gunners, Devils to call truce",Sports,"Gunner, Devil to call truce",Gunners Devils truce,Gunner truce,"Gunner, Devil to call truce",Gunner Devil tru
Last chance saloon for Diouf,Sports,Last chance saloon for Diouf,Last chance saloon Diouf,Last chance saloon Diouf,last chance saloon diou,last chance saloon diouf
Nocioni leads Bulls over Celtics,Sports,Nocioni lead Bulls over Celtics,Nocioni leads Bulls Celtics,Nocioni lead Bulls Celtics,Nocion lead Bull over Celt,Nocion lead Bull Celtic
Self Inflicted Wounds,Sports,Self Inflict Wound,Self Inflicted Wounds,Self Inflict Wound,Self Inflict Wound,Self Inflict Wound
"No. 25 Purdue 51, Syracuse 0",Sports,"No. 25 Purdue 51, Syracuse 0",Purdue Syracuse,Purdue Syracuse,"No. 25 Puduce 51, Surry 0",Purdue Syracuse
Blazers win 11th straight over Magic,Sports,Blazer win 11th straight over Magic,Blazers win straight Magic,Blazer win straight Magic,Blaz win 11th straigh over Magic,Blaz win straigh Magic
Redskins Coach Bemoans Questionable Calls (AP),Sports,Redskin coach bemoan questionable call,Redskins Coach Bemoans Calls,Redskin coach bemoan questionable call,Redskin Coach Bemoan Question Call,Redskin Coach Bemoan Call
Roddick Set to Link Up with Low-Key Coach,Sports,Roddick Set to Link Up with Low-Key Coach,Roddick Set Link Up Low-Key Coach,Roddick Set Link Up Low-Key Coach,Rodдиck Set tо Link Up wіth Low-Key Cоach,Roddk Set Link Up Low-Key Coach
Haas puts Grosjean in the shade,Sports,Haas put Grosjean in the shade,Haas Grosjean,Haas Grosjean,Haas put Grosjean in the shade,Hass Grosjean
Today''s schedule,Sports,Today schedule,Today schedule,Today schedule,.Today.s schedul,todayschedul
McPeak collects elusive Olympic medal,Sports,McPeek collect Olympic medal,McPeak collects Olympic medal,McPeek collect Olympic medal,McPee collect elus Olym medal,McPea collect Olympi medal
Road weary-ers,Sports,Road weary,Road weary-ers,Road,Road weary-er,Road weary-er
Soccer: Montella returns as experimental Italy take on Finns,Sports,Soccer: Montella return experiment Italy take Finn,Montella returns Italy Finns,Montella return experiment Italy Finn,Socc: Montell return experiment Italy take Finn,Montell return Italy Finn
Second-seeded Hewitt beats top junior player,Sports,Second-seed Hewitt beat top junior player,Hewitt beats junior player,Hewitt beat junior,Second-seed Hewitt beat top junior player,Hewitt beat junior player
"Federer, Moya Dodge the Rain and Post Masters Cup Wins",Sports,"Federer, Moya dodge rain and post master cup win",Federer Moya Post Masters Cup Wins,Federer Moya post master cup win,"Federer, Moya Dodge Rain and Post Master Win",Federr Moya Pos Mast Cup Win
Crew remain on top of things,Sports,Crew remain on top of thing,Crew remain top things,Crew remain topthing,Crew remai remain top thing,CrewRemainTopThing
Boston Celtics Team Report - December 16,Sports,boston celtics team report - december 16,Boston Celtics Team Report December 16,boston celtics report december 16,bostonteamreport-december,Boston Celt Team Rep Dec 16
Heralded Herra has had helpers,Sports,Herald have helper,Heralded Herra helpers,Herald helper,Herald herald have helper,Herald herd helf
Williams Rejects Deal,Sports,William reject,Williams Rejects Deal,William reject,Willi Reject Deal,William Rejct Dezl
"Staley, not Bettis, handed the ball in Pittsburgh",Sports,"Staley, not Bettis, hand the ball in Pittsburgh",Staley handed ball Pittsburgh,Staley hand ball Pittsburgh,"Staley, not Bettis, hand the ball in Pittsburgh",Staley hand ball Pittsburg
Manchester United Football Club boss admits mistakes,Sports,Manchester United Football Club boss admit mistake,Manchester United Football Club boss admits mistakes,Manchester United Football Club boss admit mistake,manchest un football club boss admit mistake,manchest unitt football club boss admit mistak
Bills Battle Back After Bleak Beginning,Sports,Bills Battle Back After Bleak Begin,Bills Battle Back After Bleak Beginning,Bills Battle Back After Bleak Begin,Bills Battl Back After Bleak Begin,Bills Battl Back After Bleak Begin
Spain #39;s new king delivers a dream result,Sports,Spain's new king deliver a dream result,Spain new king delivers dream result,Spain new king deliver dream result,Spain's new king deliver dream result,Spain new king deliver dream result
NCAA Game Summary - Miami-Florida at Virginia,Sports,NCAA Game Summary - Miami at Virginia,Miami-Florida Virginia,Miami Virginia,NCAA Game Summar - Miami-Florida at Virgin,Miam-Florid Virgin
Ohio State Buckeyes Succeed in Close Games (AP),Sports,ohio state buckeye succeed in close game ap,Ohio State Buckeyes Succeed Close Games, ohio state buckeye succeed close game,ohio state buckeye succeed in close game ap,Ohio State Buckeye succeas clos game
Caps'' Ovechkin Shines,Sports,Caps Ovechkin Shine,Ovechkin Shines,Ovechkin Shine,Caps' Ovchkin Shine,OvechkinShin
Patriots Finally Prevail,Sports,Patriot Finally Prevail,Patriots Prevail,Patriot Prevail,Patriot Final Prevail,Patriot Prevai
Season a bed of Rossi #39; for Valentino,Sports,Season bed Rossi for Valentino,Season bed Rossi Valentino,Season bed Rossi Valentino,Season bed of Ross for Valentino,Season bed Ross valentino
Upstart Somerset gives Horton fitting finale,Sports,Upstart Somerset give Horton fitting finale,Upstart Somerset gives Horton fitting finale,Upstart Somerset give Horton finale,Upstarr Somersett giv Hort fit finiT,Upstarr Somersett giv Hort fit finiT
U.S. Oil Clings Near  #36;47 (Reuters),Business,U.S. Oil Cling Near $47 (Reuters),U S Oil Clings Near 47,U.S. Oil $47,U.S. Oil Cling Near $47 (Reut),US Oil Cling Near 47
Twins Roll Rangers,Sports,Twins Roll Rangers,Twins Roll Rangers,Twins Roll Rangers,TwinsRollRangers,TwinsRollRangers
Tracy claims Indy pole,Sports,Tracy claim Indy pole,Tracy claims pole,Tracy claim pole,Tracy clam ind pole,Tracy clai pole
Roddick Wins in Straight Sets Over Robredo (AP),Sports,Roddick Win in Straight Set Over Robredo,Roddick Wins Sets Robredo,Roddick Win Set Robredo,Roddie Win In Strait Set Over Robred,Roddick Win Set Robredo
Jol Likely To Get Spurs Nod,Sports,Jol Likely To Get Spurs Nod,Jol Likely Spurs Nod,Jol Likely Spurs Nod,Jol Likelie To Get Spur Nod,Jol Like Spur Nod
IOC tells Beijing not to complete Olympic venues too late,Sports,IOC tell Beijing not complete Olympic venue too late,IOC tells Beijing complete Olympic venues late,IOC tell Beijing complete Olympic venue late,IOCTELLBEIJINGNOTCOMPLETEOLYMPICVENUETOOMLATE,IOC tel Beijing comp Olympic ven late
English star David Beckham enjoys free-kick revival in soccer,Sports,English star David Beckham enjoy free-kick revival in soccer,David Beckham free-kick revival soccer,David Beckham enjoy free-kick revival soccer,English star Davi beam enjoy free-kick reviv in socc,David Beckham free kick revival soccer
Sorenstam on target with first-round 66,Sports,Sorenstam on target with first-round 66,Sorenstam target first-round 66,Sorenstam target first-round 66,Sorenstam on targ wit first-rnd 66,Sorenstam target first-round 66
Goergl ends Miller #39;s winning streak at World Cup Super-G,Sports,Goergl end Miller win streak at World Cup Super-G,Georgl ends Millers winning streak World Cup Super-G,Georgl Miller win streak World Cup Super-G,Georg ends Millers winn streak at World Cup Super-G,Georg ends Miller win streak World Cup Super-G
Shevchenko #39;s goals will be crucial. (Getty Images),Sports,Shevchenko goal will be crucial. (Getty Images),Shevchenko goals crucial,Shevchenko goal crucial,Shevcenkos goal will be cruci. (Gettys imag),Shevcheko goal cruci
Wambach #39;s goal gives US women #39;s soccer gold medal,Sports,Wambach give US women soccer gold,Wambach goal US women soccer gold medal,Wambach US women soccer gold,Wambach's goal give US women's soccer gold medal,Wambach goal US women soccer gold medal
Red Sox-Yanks an instant classic,Sports,Red Sox-Yanks an instant classic,Red Sox Yanksinstantclassic,Red Sox Yanks instant classic,Red Sox-Yank an instant clasik,Red Sox Yank instant classic
DC United stands atop MLS again,Sports,DC stand atop MLS again,DC United stands MLS,DC stand atop MLS,DC unitt stand atop MLS again,Dc stand mls
Hurricane Postpones Steelers-Dolphins Game (AP),Sports,Hurricane Postpone Steelers-Dolphins Game AP,Hurricane Steelers Dolphins Game,Hurricane Postpone Steelers Dolphins Game,Hurrican Postpon Steeler-Dolphin Game AP,Hurrican Steelers Dolphin Game
New Year''s their day?,Sports,New Year their day?,New Year day,New Year day?,New Year's the day?,New Year day
Guscott backs Woodward move,Sports,Guscott back Woodward move,Guscott backs Woodward move,Guscott Woodward move,Guscoft back Woodwa mov,Guscoft back Woodwa mov
Manning Shines As Colts Gobble Up Lions (AP),Sports,Manning Shine Colts Gobble Up Lions AP,Manning Shines Colts Gobble Up Lions,Manning Shine Colts Gobble Lions,Mann Shinn Col Gobb Up Lion AP,Mann Shrines Colt Gobble Up Lion
"Hewitt Shines, Serena Dazzles at US Open",Sports,"Hewitt Shine, Serena Dazzle at US Open",Hewitt Shines Serena Dazzles US Open,Hewitt Shine Serena Dazzle US Open,"Hewit Shine, Serena Dazzl, US Open",Hewit Shine Sereni Dazzl US Opен
Aces square off in rubber game,Sports,Ace square off in rubber game,Aces square off rubber game,Ace square off rubber game,Aces squar off in ruber gam,Aces square off rubb gam
"Roddick, Hewitt through to US Open third round",Sports,"Roddick, Hewitt to US Open third round",Roddick Hewitt third round,Roddick Hewitt third round,"Roddick, Hewitt through to US Open third round",Roddt third round
"Ruano Pascual, Suarez Win Women''s Doubles (AP)",Sports,Ruano Pascual win women double AP,Ruano Pascual Suarez Win Women Doubles,Ruano Pascual win women double,"RuanPascual, Suare Win Women Doubles AP",Ruan Win Woman Doubles
More Management Changes at Credit Suisse,Business,More Management Change At Credit Suisse,More Management Changes Credit Suisse,More Management Change Credit Suisse,More Manag Chang At Creditt Suiss,More Manag Chang Credit Suiss
Nelson: Shot Put Silver,Sports,Nelson: Shot Put Silver,Nelson Shot Put Silver,Nelson Shot Put Silver,Nelson: Shot Put Silv,Nelson Shot Put Silv
Els captures record 6th world title,Sports,Els capture record sixth world title,Els captures record sixth world title,Els capture record sixth title,El captur record 6th world title,Els captur record sixth world titl
Simms doubtful; Griese to start,Sports,Simms doubt; Griese start,Simms doubtful Griese start,Simms doubt Griese start,Simms doubt; Griess to start,Simms doubt Griese start
Wenger asked to explain,Sports,Wenger ask explain,Wenger asked explain,Wenger ask explain,weng ask explain,Weng ask explai
UPDATE: HENMAN IS SENT TO SLEEP IN MADRID,Sports,UPDATE: HENMAN BE SENT TO SLEEP IN MADRID,HENMAN SENT SLEEP MADRID,HENMAN SENT SLEEP MADRID,UPDATEN: HENMSEN SENT TO SLEP IN MADRID,HENM SEND SLEP MADRID
"Belichick still confident in Weis, offense",Sports,"Belichick still confident in Weis, offense",Belichick confident Weis offense,Belichick confident Weis offense,"Belichick still confid weis, offens",belicick confid weis offens
TRACK AND FIELD Disgruntled Crowd Sees a US Sweep,Sports,TRACK FIELD DISGRUNTLE SEE US SWEEP,TRACK FIELD Crowd Sees US Sweep,TRACK FIELD SEE US SWEEP,TRACK FIELD Crowd See US Sweep,TRACK FIELD CROWD SEE US SWEEP
Gophers get carried away,Sports,Gopher get carry,Gophers carried,Gopher carry,gopher carry,gopher carry
Fallon in the clear,Sports,Fall in the clear,Fallon clear,Fall clear,Fall clear,Fall clear
Medalist McCann charged in crash,Sports,Medalist McCann charge crash,Medalist McCann charged crash,Medalist McCann charge crash,Medalict McCann charg in crash,Medal chick cras char charg charg char char char
McCain calls for stricter testing,Sports,McCain call strict test,McCain calls stricter testing,McCain call strict test,McCain call stric test,McCain call stric test
Super letdown sinks Panthers,Sports,Super letdown sink Panther,Super letdown sinks Panthers,Super letdown sink Panther,Super letdo sink Panthe,Super letdo sink Panter
"NL Wrap: Pujols Boosts Cards, Giants Delight for Bonds (Reuters)",Sports,"NL Wrap: Pujols Boost Cards, Giants Delight Bonds (Reuters)",NL Wrap Pujols Boosts Cards Giants Delight Bonds,NL Wrap Pujols Boost Cards Giants Delight Bonds,"NL Wrap: Pujol Boosts Card, Giant Delight For Bond (Reut)",NL Wrap Pujol Boost Card Giant Delight Bond
"Short Jump, Bad Handoff End Jones'' Games (AP)",Sports,"Short Jump, Bad Handoff End Jones Game AP",Short Jump End Jones Games,Short Jump End Jones Game,"Short Jumph, Bad Handoff End Jones' Gam (AP)",Short Jump End Jones Game
Celtics #39; Gugliotta back on injured list,Sports,Celtics Gugliotta back on injured list,Celtics Gugliotta injured list,Celtics Gugliotta injured list,Celtics Gugliotta bac on injure list,Celtics Gugliotta injure list
Another Chance for Baseball to Settle Its Score With Drugs,Sports,Another chance for baseball to settle its score with drugs.,Another Chance Baseball Settle Score Drugs,Another chance baseball settle score drugs,Another Chanc Base Ball Sett Score With Drug,Anothr Chanc Basbll Sctl Scor Drgs
"R. Clemens, P",Sports,R Clemens P,R Clemens P,R Clemens,R Clemens P,R Clemens P
Series proves baseball in October has no rival,Sports,Series prove baseball in October have no rival,Series proves baseball October rival,Series prove baseball October rival,Series prov basebal Oct have no rival,Serier prov basebal Octob rival
Jamal Mashburn Out for Entire NBA Season (AP),Sports,Jamal Mashburn Out for Entire NBA Season AP,Jamal Mashburn Out Entire NBA Season,Jamal Mashburn Out Entire NBA Season,Jamal Mashbrn Out fr Entire NB Season,Jamal Mashbou Out Entir NBAS Season
Expos Defeat Mets 4-2 (AP),Sports,Expo Defeat Met 4-2 (AP),Expos Defeat Mets,Expo Defeat Met,Expos Defeet Mets 4-2 (AP),Expos Defeat Mets
Tatupu Takes Long Way to Stardom at USC (AP),Sports,Tatupu Take Long Way to Stardom at USC (AP),Tatupu Takes Long Way Stardom USC,Tatupu Take Long Way Stardom USC,Tatupu Take Long Way To Star At USC (AP),Tatuju Take Long Way Stardom USC
Blazers #39; Randolph misses team flight,Sports,Blazers #39; Randolph miss team flight,Blazers Randolph misses team flight,Blazers Randolph miss team flight,Blazr's Randm miss team flig,Blaz rand miss team flig
Flaws prove too much for Knicks,Sports,Flaw prove too much for Knick,Flaws prove Knicks,Flaw prove Knick,Flaw prov too much for Knick,Flaw Prov Knicks
Harvard and Penn''s Ivy tale a familiar story,Sports,Harvard and Penn's Ivy tale a familiar story,Harvard Penn Ivy tale familiar story,Harvard Penn Ivy tale familiar story,Harvard and Penn's Ivyy tal a familiar storie,Harvad Penn Ivie tal familiari storri
Around Sports,Sports,Around Sport,Around Sports,Around Sport,Around Sport,Around Sport
ROCHELLE RILEY: Whining is worst call at the Olympics,Sports,ROCHELLE RILEY: whine be worst call at olympic,ROCHELLE RILEY: WHINING OLYMPICS,ROCHELLE RILEY: whine worst call Olympic,ROCHELLE RILEY: WHIN WORST CAL AT OLMPIC,ROCHE STE WHINN OLIMP
Dorsett watches two players pass him on NFL list,Sports,Dorsett watch player pass NFL list,Dorsett watches players pass NFL list,Dorsett watch player pass NFL,Dorsett watch two player pass him on NFL list,Dorsett watch player pass NFL list
Myskina to Face Dementiva in French Open Rematch,Sports,Myskina will face Dementiva in French Open rematch.,Myskina Face Dementiva French Open Rematch,Myskina face Dementiva French Open rematch,Myskina to Face Dementiva in French Open Rematch,MyskinaFaceDementivaFrenchOpenRematch
Olympics: Thorpe Beats Phelps as U.S. Fights Gold Gap,Sports,Olympics: Thorp Beat Phelps as U.S. Fight Gold Gap,Olympics Thorpe Beats Phelps U S Fights Gold Gap,Olympics Thorp Beat Phelps U S Fight Gold Gap,Olympic: Thorp Beat Phelps as U. S. Fight Gold Gap,Olympics Thorp Beat USA Fight Gold Gap
"Serena Wins Ugly, Agassi Passes on Masters Cup Benchwarming",Sports,"Serena Win Ugly, Agassi Pass Master Cup Benchwarm",Serena Wins Agassi Passes Masters Cup Bench,Serena Win Agassi Pass Master Cup,"Serena Win Ugly, Agg Pass Benchwarm",Serena Win Agg Pass Mast Cup Bench
Invitation to a Titanic sinking?,Business,Invitation to a sink?,Titanic sinking,Invitation sink,Invitat titanic sink,titan sink
Fred #39;s profit down after June and July disappoint,Business,Fred's profit decrease after June and July disappoint,Fred profit down June July disappoint,Fred profit decrease June July disappoint,Fred profit down after Jun and Jul disappoint,Fred profitt down Jun July disappoint
Lille upset in UEFA Cup group stage,Sports,Lille upset in UEFA Cup group stage,Lille upset UEFA Cup group stage,Lille upset UEFA Cup group stage,Lille upset in UEFA Cup group stage,Lille upset UEFA Cup group stage
Israel''s Sharon Accuses Far-Right of Inciting War,World,Israel be Sharon accuse far-right be incite war,Sharon Accuses Far-Right Inciting War,Israel Sharon incite war,israel''s sharon accuse far-right of incite war,Sharon Accus Far-Righ Incit War
Rising Death Toll Prompts Haiti Protests (AP),World,Rise Death Toll Prompt Haiti Protest,Rising Death Toll Prompts Haiti Protests,Rise Death Toll Prompt Haiti Protest,Risin Death Toll Prompt Haiti Protest AP,Risin Death Toll Promp Haiti Protsti
Congress Works to Pass Intelligence Bills (AP),World,Congress Work Pass Intelligence Bill AP,Congress Works Pass Intelligence Bills,Congress Work Bill,Congres Work Pass Intelligenc Bill AP,Congres Work Pass Intelligenc Bill
AIG says lawsuit pondered by SEC Accounting ploy at PNC is alleged,Business,AIG say lawsuit ponder SEC accounting ploy at PNC be allege,AIG SEC Accounting ploy PNC alleged,AIG say lawsuit ponder SEC accounting PNC allege,AIG say lawsuit ponder sec accouning ploy at PNC is allege,AIG SEC account ploy PNC allege
Edwards Faults Bush for Overtime Pay Cuts (Reuters),World,Edwards Fault Bush for Overtime Pay Cut Reuters,Edwards Faults Bush Overtime Pay Cuts,Edwards Fault Bush Overtime Pay Cut,Edwar fault bush for overtime pay cut Reuters,Edwards Faults Bush Ovt Pay Cut
CHRONOLOGY-Events Since North Korean Blast First Reported,World,CHRONOLOGY Events Since North Korean Blast First Reported,Chronology Events Since North Korean Blast First Reported,Chronology Events North Korean Blast Reported,CHRONOLOGYP:Event_since_North_Korean_Blast_First_Reported,Chronolog Event Since North Kore Blast Fist Repor
US intelligence assessment on Iraq in line with global reports,World,US intelligence assessment on Iraq in line with global report,US intelligence assessment Iraq global reports,US intelligence assessment Iraq global report,us intelligenc assess glob repor,US intelligenc assess Iraq globl report
Guantanamo alert for terror hearings,World,Guantanamo alert for terror hearing,Guantanamo terror hearings,Guantanamo terror hearing,Guantanamo aler for ter hear,Guantanamo terror hearin
Tokyo Stocks Extend Losses,Business,Tokyo Stock Extend Loss,Tokyo Stocks Extend Losses,Tokyo Stock Extend Loss,Tokyo Stock Extend Loss,Tokyo Stock Extendl Loss
Strike to protest fatal grenade attack at political rally cripples &lt;b&gt;...&lt;/b&gt;,World,Strike protest grenade attack political rally cripple,Strike protest fatal grenade attack political rally cripples,Strike protest attack rally cripple,Strik to protes fatl grenad attak at politic ralli crippl &lt;b&gt;...&lt;/b&gt;,strike protest fatal grenade attack polit rally cripple
Uma happy and in high spirits: Sushma Swaraj,World,Uma be happy and in high spirit: Sushma Swaraj,Uma happy high spirits Sushma Swaraj,Uma happy high spirit Sushma Swaraj,Uma hap and in high spir: Sushma Swaraj,Uma happy high spirit Sushma Swaraj
Tropical Storm Jeanne Forms in Atlantic (AP),World,Tropical Storm Form Atlantic AP,Tropical Storm Jeanne Forms Atlantic,Tropical Storm Form Atlantic,Tropical Storm Form Atlanti,Trop Storm Jean Form Atlant
Zimbabwe Convicts Accused  #39;Mercenary #39; for Weapons,World,Zimbabwe Convict Accuse Mercenary Weapon,Zimbabwe Convicts Accused Mercenary Weapons,Zimbabwe Convict Accuse Mercenary Weapon,Zimbab convic accus mercen arm_weap,Zimbab convic accus mercenari weapon
Officials reject peacekeeping role for African Union,World,Officials reject peacekeep role for African Union,Officials reject peacekeeping role African Union,Officials reject peacekeep role African Union,Offic和平keeping角色为African联盟,Official reject peacekeep role Afric Union
"US: al-Qaida, Taliban Plotting Attacks",World,"US: al-Qaida, Taliban plotting attack",US al-Qaeda Taliban Plotting Attacks,US al-Qaeda Taliban plotting attack,"US: al-Qaida, Taliban plot attak",US al-Qaeda Taliban Plot Attak
US strikes Falluja again in its fourth day of attacks,World,US strike Falluja again in its fourth day of attack,US strikes Falluja attacks,US strike Falluja fourth day attack,US strik Fallujah again in its fourth day of attack,US strik Falluj attack
Iran Plans to Resume Nuclear Enrichment,World,Iran Plan to Resume Nuclear Enrichment,Iran Plans Resume Nuclear Enrichment,Iran Plan Resume Nuclear Enrichment,Iran Plan Resum Nucle Enrich,Iran Plan Resum Nuclear Enrich
Modified animals continue trend,World,Modify animal continue trend,Modified animals trend,Modify trend,Modif animal continu tren,Modifi animal trend
Seven Dead in Clashes After Afghan Governor Ousted,World,Seven Die in Fight After Afghan Governor Removed,Seven Dead Clashes Afghan Governor Ousted,Die Fight Afghan Governor Removed,Seven Dead In Clash After Afghan Gov Oust,Seven Dead Clash Afghan Gov Ousted
Iraqi group says it freed Canadian hostage,World,Iraq lemma group lemma say lemma it lemma free lemma Canadian lemma hostage lemma,Iraqi group freed Canadian hostage,Iraq say free Canadian hostage,Iraqui group say it freed Canad hostag,Iraqi groi fre Canadian hostag
Russian Cossacks ride for country again,World,Russians Cossack ride for country again,Russian Cossacks ride country again,Russians Cossack ride country again,Russi cossack rid for countr agai,Russi cossack rid countr again
Police said to stop explosives-laden car,World,Police say stop explosive-laden car,Police stop explosives car,Police say stop explosive car,Police say stop explosiv-laden car,Polic stop explos car
"Kerry, Bush battle for crucial military vote (AFP)",World,Kerry battle for crucial military vote AFP,"Kerry, Bush battle crucial military vote",Kerry battle crucial military vote,"Kerry, Bush battl for cruc mil vot (AFP)","Kerry, Bush batl cruc mil vot"
Beslan mourns as Putin vows tough response to  #39;all-out war #39; by &lt;b&gt;...&lt;/b&gt;,World,Beslan mourn as Putin vow tough response to all-out war by...,mourns Putin vows tough response all-out war,mourn Putin vow tough response war,Beslan mourn as Putin vow tough respond to all-out war by...,mourns Putin vow tough resp all-out war
Canada Picks Same-Sex Advocates As Judges (AP),World,Canada Pick Same-Sex Advocate Be Judge (AP),Canada Picks SameSex Advocates Judges,Canada Pick Same Sex Advocate Judge,Canad Pick Same Sex Advocat As Judg (AP),Canad Pick SameSex Advocat Judg
Election of the new Prime Minister takes place today afternoon,World,Election of the new Prime Minister take place today afternoon,Election new Prime Minister takes place today afternoon,Election new Prime Minister place today afternoon,Election of the new Prim Minist take place today afternoон,Election new PrimeMinister take place today afternoon
Violence as Karzai sacks governor,World,Violence N Karzai sack governor,Violence Karzai sacks governor,Violence Karzai sack governor,Violenc Karzai sack gubernatori,Vioenc Karzai sakgovornern
Saboteurs set pipeline ablaze inside southern Iraqi oilfield,World,Saboteur set pipeline ablaze inside southern Iraq oilfield,Saboteurs set pipeline ablaze Iraqi oilfield,Saboteur set pipeline ablaze southern Iraq oilfield,Sabot(stem) set(p(stem) pipe(lin(stem) ablaz(stem) inside(stem) south(stem) Ira(q(stem) oild(fiel(stem),Sabot pipeline ablaz oilfield
Britain complains to US over Cat Stevens deportation (AFP),World,Britain complain to US over Cat Stevens deport (AFP),Britain complains US Cat Stevens deportation,Britain complain US Cat Stevens deport,britain complai to us over cat sten depor (afp),Britain complain US Cat Stevens deport
New jaw grown on patient''s back,World,New jaw grow on patient's back,New jaw grown patient back,New jaw grow patient back,new jaw grow on patient's back,new jaw grow patient back
Algerian Al Qaeda Ally Says Appoints New Leader (Reuters),World,algerian al qaeda ally say appoint new leader (reuters),Algerian Al Qaeda Ally Says Appoints New Leader,algerian al qaeda ally appoint new leader,Algerian Al Queda Ally Say Say Appoint New Lead Reuters,Algerian Al Qued Ally Say Say Appoint New Lead
Syria Begins Pulling Troops From Lebanon (AP),World,Syria Begin Pull Troop From Lebanon,Syria Begins Troops Lebanon,Syria Pull Troop From Lebanon,Syria Begin Pull Troop From Lebanon,Syria Begin Troop Lebanon
Bomb found near Berlusconi villa,World,Bomb find near Berlusconi villa,Bomb Berlusconi villa,Bomb find Berlusconi villa,Bomb find near Berlusconi vill,Bomber Berluckconi vill
Alcatel Snaps Up Spatial Wireless,Business,Alcatel Snaps Up Spatial Wireless,Alcatel Snaps Up Spatial Wireless,Alcatel Snaps Up Spatial Wireless,Alcatel Snap Up Spatialis Wireles,Alcatel Snap Up Spatialis Wireles
Rocket kills one Pakistani paramilitary scout,World,Rocket kill one Pakistani paramilitary scout,Rocket kills Pakistani scout,Rocket kill Pakistani scout,Rock kill one Pakist paramilit scot,Rocket kill Pakistani scout
US Changes West Bank Policy to Help Sharon: NYTimes (Reuters),World,US Change West Bank Policy to Help Sharon: NYTimes (Reuters),US Changes West Bank Policy Help Sharon NYTimes,US Change West Bank Policy Help Sharon NYTimes,us chang west bank polic help sharon nytimes reuter,US Chang West Bank Poli Help Sharon NYTim
Israeli cabinet approves payouts for Gaza settlers,World,Israeli cabinet approve payout for Gaza settler,Israeli cabinet approves payouts Gaza settlers,Israeli cabinet approve payout Gaza settler,israeli cabinet approve payout for gaza settler,israeli cabinet approve payout gaza settler
"Dhiren to father, Abu Musa to al Qaeda",World,"Dhiren to father, Abu Musa to al Qaeda",Dhiren Abu Musa al Qaeda,Dhiren father Abu Musa al Qaeda,"Dhiren to fahter, Ab Musa to al Quead",Dhiren Abu Musa Al Queda
"Opponents of the War, but Targets All the Same",World,Opponent War Target Same,Opponents War Targets Same,Opponent War Target Same,"Opposit War, but Target All Same",Opposit War Target Same
Iraqi footballers'' fury at Bush,World,Iraq footballer frustration at Bush,Iraqi footballers fury Bush,Iraq footballer frustration Bush,Iraqi footballer fury at Bush,Iraq footballer fury Bush
Bombing Suspect Detained At Afghanistan Airport,World,Bomb Detent At Afghanistan Airport,Bombing Suspect Detained Afghanistan Airport,Bomb Detent Afghanistan Airport,Bomb Stem Suspect Detain At Afghanistan Airports,Bombl Susct Dttd Afghnstd Airdrt
New polio outbreak adds to woes of Sudanese refugees,World,New polio outbreak add to woes of Sudanese refugee,New polio outbreak adds woes Sudanese refugees,New polio outbreak woes Sudanese refugee,new poli outb add to wo of sudan ref,new poli outbreak add wo sudan refu
Bonds Stays at 699 Homers As Giants Win,World,Bonds Stay at 699 Homer As Giants Win,Bonds Stays Homers Giants Win,Bonds Stay 699 Homer Giants Win,Bonds Stay At 699 Hom Homers As Giants Win,Bonds Stay Hom Homer Giant Win
"Standing firm, Arafat seen to counter his critics",World,"Standing firm, Arafat seen to counter his critic.",Standing Arafat seen counter critics,Standing Arafat seen counter critic,"Standing firm, Arafat seen to counter his critic.",Stand Arafat see counter critic
New twist appears in Somali peace talks after assembly inaugurated,World,New twist appear in Somali peace talk after assembly inaugurate,New twist Somali peace talks after assembly inaugurated,New twist appear Somali peace talk after assembly inaugurate,new twist appear somali peace talk after assembly inaugurate,New twist Somal peace talk after assembly inaugurate
Straw sees Darfur #39;s pain,World,Straw see Darfur's pain,Straw sees Darfur's pain,Straw Darfur pain,Straw see Darfur pain,Straw see Darfur's pain
Russia downplays terror crash revelations,World,Russia downplay terror crash revelation,Russia terror crash revelations,Russia terror crash,Russia downplay terror crash reveal,Russi terror crash revelati
French director shows film for free to defy critics (Reuters),World,French director show film for free to defy critic (Reuters),French director shows film free defy critics,French director show film free defy critic,french direct show film free defi critic Reuters,French direct show film free defi critic
Taiwan Rescuers Dig Out 7 Bodies Buried in Landslide,World,Taiwan Rescue Dig Out Body Burial Landslide,Taiwan Dig Out Bodies Landslide,Taiwan Rescue Body Burial Landslide,Taiwan Rescuer Dig Out 7 Body Burin Landslid,Taiwan Dig Out Body Landslide
EU says no Turkey entry talks without penal code reform,World,EU say no Turkey entry talk without penal code reform,EU says Turkey entry talks penal code reform,EU say Turkey entry talk penal code reform,EU say no Turky entr talk without penal code reform,EU say Turc entry talk penal code reform
Sudan says UN sanctions counter-productive to security in Darfur (AFP),World,Sudan say UN sanction counter-productive to security in Darfur (AFP),Sudan UN sanctions counter-productive security Darfur,Sudan UN sanction counter-productive security Darfur,Sud say UN sancti counter-productiv to security in Darfur (AFP),Sudan UN sanctr counter-productiv secur Darfur
Kidnappers Say They Have Killed Italian Hostage --TV,World,Kidnapper say have kill Italian hostage --TV,Kidnappers Say Killed Italian Hostage TV,Kidnapper say kill Italian hostage TV,Kidsnap Say Snap They Have Kill Italy Hostag --TV,Kidsnap Say Kill Italy Host TV
Sony Group Agrees to Buy MGM,Business,Sony Group Agreed to Buy MGM,Sony Group Agrees Buy MGM,Sony Group Agreed Buy MGM,Son Group Agre Buy MGM,Son Grp Agre Bu Mgm
Britain Edges U.S. for 400M Relay Gold,World,Britain Edge U.S. for 400M Relay Gold,Britain Edges U.S. Relay Gold,Britain Edge U.S. Relay Gold,Britain Edge U.S. For 400M Relay Gold,Britain Edge U.S. Relay Gold
No deaths  #39;miraculous #39; in English flash flooding,World,No death #39;miraculous #39; in English flash flood,flash flooding,death miraculous English flash flood,No death #39;miraculous #39; in engl flash flood,flash flood
Sharon promises cooperation with Russia to combat terrorism,World,Sharon promise cooperation with Russia to combat terrorism,Sharon promises cooperation Russia combat terrorism,Sharon promise cooperation Russia combat terrorism,Sharon promis coopera with Russi to combatt terrorism,Sharon promis coop Russia combat terroriste
E-Guinea to question Thatcher in SA,World,E-Guinea question Thatcher in SA,E Guinea Thatcher SA,E Guinea Thatcher SA,E-Guin question Thatcher in SA,EGuinea Thatch SA
Election-Year Rate Hike Puzzles Some,World,Election-Year Rate Hike Puzzle Some,Election Year Rate Hike Puzzles,Election Year Rate Hike Puzzle,Election-Year Rate Puzzl Som,Election Year Rate Hik Puzzle
Ukraine in Turmoil as Agreement Crumbles,World,Ukraine in turmoil as agreement crumble,Ukraine Turmoil Agreement Crumbles,Ukraine turmoil agreement crumble,Ukrain turmoil as agreement crumbl,Ukrain Turmol Agreem Crumbe
Kerry Legal Team Member Is Issued Citation (AP),World,Kerry Legal Team Member Be Issued Citation AP,Kerry Legal Team Issued Citation,Kerry Legal Team Issue Citation,Kerry Lega Team Membe Issu Citatio (AP),Kerry Lega Team Issu Citati
US urges Americans to avoid Grenada,World,US urge American avoid Grenada,US urges Americans avoid Grenada,US urge American avoid Grenada,US urg aman to avoid Grenad,US urge American avoid Grenad
Close US-Australia Ties Could Be In for a Jolt,World,Close US-Australia Tie Be In For Jolt,US Australia Ties Could Jolt,US Australia Tie Be Jolt,Close US-Australi Tie Could Be In for a Jolt,US Australia Tie Could Jolt
Alleged coup leader Mann  #39;tortured #39;,World,Allege coup leader man torture,Alleged coup leader Mann tortured,coup leader man torture,Alleg coup leade man tortur,Alleg coup leade mann tortur
CBO Projects \$442 Billion Federal Deficit,World,CBO Project \$442 Billion Federal Deficit,CBO Projects Federal Deficit,CBO Project Billion Federal Deficit,CBO Projec \$442 Biliar Deficit,CBO Projec Federal Defic
Sudan Rejects Africa Troop Offer at Darfur Talks,World,Sudan Reject Africa Troop Offer at Darfur Talk,Sudan Rejects Africa Troop Offer Darfur Talks,Sudan Reject Africa Troop Offer Darfur Talk,Sudan Rejct Afric Tropp Offr Darfur Talk,Sudan Rejct Afric Tropp Off Darf Talk
Odd attack damages art,World,Odd attack damage art,Odd attack damages art,Odd attack damage art,Odd attack damag art,Odd attk damag art
BAE buys IT supplier to Pentagon,World,Bought buy IT supply to Pentagon,BAE buys IT supplier Pentagon,Bought IT supply Pentagon,BA buy IT suppli to Pentago,BA buys IT suppli Pentag
"Stocks Near Flat, Starbucks, Techs Fall",Business,"Stock Near Flat, Starbucks, Tech Fall",Stocks Flat Starbucks Techs Fall,"Stock Flat, Starbucks, Tech","Stocks Near Flat, Starbuck, Techn Fall",Stocks Flat Starbuck Tech Fall
UN Watchdog: No Sign of Iran Nuclear Activity at New Site,World,UN Watchdog: No Sign of Iran Nuclear Activity at New Site,UN Watchdog: Sign Iran Nuclear Activity New Site,UN Watchdog: Sign Iran Nuclear Activity New Site,UN Watchdog: No Sign of Iran Nuclear Activit at New Sit,UN Watchdog: Sign Iran Nucle Act New Sit
German welfare rallies escalate,World,German welfare rally escalate,German welfare rallies escalate,German welfare rally escalate, Germ welfa rallyescalate, Germ welfa rally escalaten
Bombings kill 14 at a rally by Bangladesh opposition,World,BOMBING kill 14 AT A RALLY BY BANGLADESH OPPOSITION,Bombings kill rally opposition,BOMBING KILL RALLY Opposition,Bombe kill 14 at a rally by Bangladeshi oppositi,Bombe kill rally oppositi
Business Week taps new editor,Business,Business Week tap new editor,Business Week taps new editor,Business Week tap new editor,Busines Week tap new edit,Busines Week tap new edit
Supply worries push oil to record,Business,Supply worry push oil to record,Supply worries push oil record,Supply worry push oil record,Suppli worry push oil to record,Suppli worri push oil record
Spurious argument pre-empts 0-0 draw,World,Spurious argument pre-empt 0-0 draw,Spurious argument pre-empts draw,Spurious argument pre-empt draw,spur arg pre_emp draw,Spurio argu pre-empt draw
"Israel Army Kills 4, Including 9-Year-Old, in Gaza",World,"Israel Army Kill 4, Including 9-Year-Old, in Gaza",Israel Army Kills Gaza,Israel Army Kill Gaza,israel army kill 4 incl 9-year-old in gaza,Isra army kille Gaz
Fear of violence grips B #39;desh on day of mass strikes,World,Fear of violence grip Bangladesh on day of mass strike,Fear violence grips B #39;desh day mass strikes,Fear violence Bangladesh mass strike,Fear violenc grip Desh mass strik,Fear viol grib Desh day mass striket
Panel OKs Extension of Tax Cuts,World,Panel OK Extension Tax Cut,Panel OKs Extension Tax Cuts,Panel OK Extension Tax Cut,Panel OKs Extensn Tax Cut,Panels_OKs_Extens_Tax_Cut
Bird flu jumps outside quarantine zone in Malaysia for 1st time,World,Bird flu jump outside quarantine zone in Malaysia for 1st time,Bird flu jumps quarantine zone Malaysia first time,Bird flu jump outside quarantine zone Malaysia first time,Bird flu jum outside quarantin zone in Malaysia for 1st time,Bird flu jump quarantine zone Malaysia first time
Syria rejects Israeli threats,World,Syria reject Israeli threat,Syria rejects Israeli threats,Syria reject Israeli threat,Syri reject Isra threaten,Syri reject Israil threat
Halliburton gets more time to justify bills to US Army,Business,Halliburton get more time to justify bill to US Army,Halliburton gets time justify bills US Army,Halliburton get time justify bill US Army,hallibut get more time to justif bill to us army,Hallibut get time justify bill US army
"UK #39;s Blair Alters Holiday After Sardinian Bombs, Corriere Says",World,"UK's Blair alter holiday after Sardinian bombs, Corriere says",Blair Alters Holiday Sardinian Bombs Corriere,Blair alter holiday Sardinian bombs Corriere says,"UK's Blair Alters Holiday After Sardinian Bombs, Corriere Says",Blair Alter Holiday Sardin Bomb Correri
IDF troops kill man close to Gaza fence,World,IDF troop kill man close to Gaza fence,IDF troops kill man Gaza fence,IDF troop kill man Gaza fence,IDF troop kill man close Gaz fence,IDF troop kill man Gaz fence
Bush Record: New Priorities in Environment,World,Bush Record: New Priority in Environment,Bush Record New Priorities Environment,Bush Record Priority Environment,bush recor new prioriti environmen,Bush Recor New Prior Environ
Seagate Sees Results Above Estimates,Business,Seagate See Result Above Estimate,Seagate Sees Results Above Estimates,Seagate See Result Above Estimate,Seagat Sees Resul Abov Estim,Seagat Sees Result Abov Estim
"At least 10 killed, more than 50 hurt in explosions near Moscow subway station (Canadian Press)",World,"At least 1 kill, more than 5 hurt in explosion near Moscow subway station (Canadian Press)","10 killed, 50 hurt explosions Moscow subway station","1 kill, hurt explosion near Moscow subway station","At leas 10 kille, mor than 50 hurt in explosi near Moscov subwat stati (Canadi Press)","10 kille, 50 hurt explod subway stat"
Red Sox Rally Past Yankees in Ninth,World,Red Sox Rally Past Yankees in Ninth,Red Sox Rally Yankees Ninth,Red Sox Rally Yankees Ninth,Red Sox Rally Past Yanke In Ninet,Red Sox Rally Yankees Ninetth
Japanese Police Raid Kansai Nuclear Plant,World,Japanese Police Raid Kansai Nuclear Plant,Japanese Police Raid Kansai Nuclear Plant,Japanese Police Raid Kansai Nuclear Plant,Japane Police Raid Kansai Nucle Plant,Japane Police Raid Kansai Nucle Plant
Disney Confirms Eisner to Leave in 2006,World,Disney Confirm Eisner to Leave in 2006,Disney Confirms Eisner Leave 2006,Disney Confirm Eisner Leave 2006,Disney Confirms Eisn To Leav In 2006,Disney Confirms Eisn Leav 2006
Iraqi Guardsmen Close in on Najaf Shrine,World,Iraqi Guard Close in on Najaf Shrine,Guardsmen Close Najaf Shrine,Iraqi Guard Najaf Shrine,Iraqi Guard Close in on Najaf Shrife,GuardsmenCloseNajafShrine
Polish Holocaust Victims Remembered (AP),World,Polish Holocaust Victim Remembered AP,Polish Holocaust Victims Remembered,Polish Holocaust Victim Remembered,Polish Holocust Victim Remember,Polish Holocust Victim Remember
Jarden #39;s Brandfest,Business,Jarden's Brandfest,Brandfest,Jarden Brandfest,Jardens Brandfest,Brandfest
Susilo well ahead in Indonesian presidential race: opinion polls,World,Susilo well ahead in Indonesian presidential race: opinion poll.,Susilo Indonesian presidential race opinion polls,Susilo ahead Indonesian presidential race opinion poll,Susil well ahead in Indone presid rac: opin poll,Susil Indonesian presidntial rac opini poll
Showing Faith in France,World,Showing Faith in France,Showing Faith France,Showing Faith France,Showing Faith Franc,Showing Faith Franc
Suicide Bomber Carried Out Jakarta Attack-Police,World,Suicide Bomb Carry Out Jakarta Attack Police,Suicide Bomber Carried Out Jakarta Attack Police,Suicide Bomb Jakarta Attack Police,Suicid Bomber Carri Out Jakart Attack-Polic,Succumb Bomber Carri Out Jakarta Assault Polic
Bush speaks of ''Soviet dinar'' in speech about Iraq (AFP),World,bush speak soviet dinar speech about iraq,Bush speaks Soviet dinar speech Iraq,bush speak soviet dinar iraq,bush speak soviet dinar speech about iraq,Bush speak Sovi dinar speech Irak
US defector surrenders,World,US defector surrender,US defector surrenders,US defector surrender,US defect surrend,US defect surrend
U.S. Assault Weapons Ban Set to Expire (AP),World,U.S. Assault Weapon Ban Set to Expire (AP),U.S. Assault Weapons Ban Set to Expire,U.S. Assault Weapon Ban Set to Expire,U.S. Assalto Weapon Ban Set to Expir (AP),U.S. Assalto Weapon Ban Set to Expir
Jordanian hostage freed in Iraq,World,Jordanian hostage free in Iraq,Jordanian freed Iraq,Jordanian hostage free Iraq,Jordanian hostf fre in Iraq,Jordan freedIraq
"Darfur Rebels Say Power Deal First, Disarming Later",World,"Darfur Rebels Say Power Deal First, Disarm Later",Darfur Rebels Power Deal Disarming,Darfur Rebels Power Deal Disarm,"Darfur RebELL Say PowER DeAL First, DisARM Later",Darfur Rebell Power Deall Disarm
WORLD IN BRIEF,World,WORLD BE IN BRIEF,WORLD Brief,WORLD BRIEF,WORL D IN BRIE F,WORL Brief
Big Powers Urge Iran to Heed UN Nuke Freeze Demand,World,Big Power Urge Iran to Heed UN Nuke Freeze Demand,Big Powers Urge Iran Heed UN Nuke Freeze Demand,Big Power Urge Iran Heed UN Nuke Freeze Demand,Big Pow Urge Iran Heed UN Nuke Freez Demanda,Big Pow Urge Iran Heed UN Nuke Freez Demanda
Clothes junkies flock,World,Clothes junkie flock,Clothes junkies flock,Clothes junkie flock,Clothes junkie flock,Clothes junkie flock
Three Palestinians die in Gaza Strip,World,Three Palestinian die in Gaza Strip,Three Palestinians die Gaza Strip,Three Palestinian die Gaza Strip,Three Palestini die in Gaz Strip,Three Palestini die Gaza Strip
Flight Data Recorders Found of 2 Crashed Planes in Russia,World,Flight Data Recorder Find Plane Crashed Russia,Flight Data Recorders Found Crashed Planes Russia,Flight Data Recorder Plane Crashed Russia,Flight Data Recorde Find Cras Planes Russ,Fligh Data Recorde Find Crash Plan Russi
Scores killed in Bangladesh blast,World,Score kill in Bangladesh blast,Scores killed Bangladesh blast,Score kill Bangladesh blast,Scores kille in Banglades blast,Score kill Banglades blast
"Pakistan, India Leaders to Meet Sept. 24 in U.S.",World,Pakistan Leader India Leader meet September 24 in U.S.,Pakistan India Leaders Meet Sept. 24 U.S.,Pakistan Leader India Leader meet September 24 U.S.,Pakist Leader Meet Sept u in U S,Pakist India Leadi Meet Sept. 24 U.S.
Hurricane Ivan Churns Toward Barbados (AP),World,Hurricane churn toward barbados AP,Hurricane Ivan Churns Barbados,Hurricane churn Barbados,Hurrican churn toward barbado,Hurrican churn Barbada
"ONGC acquires West Australian co, signs MOU with Karnataka",Business,"ONGC acquire West Australian company, sign MOU with Karnataka",ONGC acquires co signs MOU,ONGC acquire West Australian company sign MOU Karnataka,"ONG acquire West Australia co, sign MOU with Karnataka",ONGC acquire cosign MOU
Panel Says Conrad Black Ran a ''Corporate Kleptocracy'',Business,Panel Say Conrad Black Run Corporate Kleptocracy,Panel Conrad Black Ran Corporate Kleptocracy,Panel Conrad Black Run Corporate Kleptocracy,panel say cong black ran a corp klepto,Panel Conr Black Ran Corp Kleptocraty
Afghan president gains backing of militia commanders ahead of polls (AFP),World,afghan president gain backing of militia commander ahead of poll (afp),Afghan president gains backing militia commanders polls,afghan president gain backing militia commander ahead poll,Afghan pres gain back of militi command ahead of poll (AFP),Afghan presid backg militi command poll
Woman Suicide Bomber Kills 2 in Jerusalem,World,Women Suicide Bomb Kill,Woman Suicide Bomber Kills,Women Suicide Bomb Kill,Wom Suicide Bom Kill 2 Jerusale,Women Suicid Bomber Kill
Gun battle erupts in Gaza Strip,World,Gun battle erupt in Gaza Strip,Gun battle Gaza Strip,Gun battle Gaza Strip,Gun battl erupt Gaz Strip,Gun battl Gaz(strip)
Yukos cuts oil exports to China,Business,Yukos cut oil export to China,Yukos cuts oil exports China,Yukos cut oil export China,Yukos cut oil export to Chin,Yukos cut oil export Chin
Top grades rising again for GCSEs,World,Top grade rise again for GCSE,Top grades rising again GCSEs,Top grade rise again GCSE,Top grad ris again for GCSE,Top grad riseagain GCSE
Seven Marines killed in car bomb attack near Fallujah,World,Seven Marine kill in car bomb attack near Fallujah,Seven Marines killed car bomb attack Fallujah,Seven Marine kill car bomb attack Fallujah,Seven Mariner kill in car bomb attack near Fallujah,Seven Mariner kill car bomb attack Fallujah
U.S. Launches Fierce Air Attack on Rebels in Najaf (Reuters),World,U.S. launch fierce air attack on rebel in najaf (reuters),U.S. Launches Fierce Air Attack Najaf,U S launch fierce air attack rebel najaf,us launch fierce air attack rebell najaf reutres,U.S. launch fierce air attack najaf
Manitoba RCMP investigating whether convicted pedophile committed more crimes (Canadian Press),World,Manitoba RCMP investigate whether convicted pedophile commit more crime (Canadian Press),RCMP investigating convicted pedophile committed more crimes,RCMP investigate convicted pedophile commit more crime,Manitb Rcmp invs t wht c nfld pedfl chm mre crms (Cndn Pss),RCMP investig convict pedophile committ crim
Sudan dismisses UN Security Council ultimatum on Darfur (AFP),World,Sudan dismiss UN Security Council ultimatum on Darfur (AFP),Sudan dismisses UN Security Council ultimatum Darfur,Sudan dismiss UN Security Council ultimatum Darfur,Sudan dismiss UN Secur Council ultimatum on Darfur (AFP),Sud stem dismiss UN Secur Council ultim Darfur
U.S. Forces Step Up Pressure on Rebels in Najaf,World,U.S. Force Step Up Pressure on Rebel in Najaf,U.S. Forces Step Up Pressure Rebels Najaf,U.S. Force Step Up Pressure Rebel Najaf,U.S. Forc Stepp Up Pressur On Rebell In Najaf,U.S. Forc Stepp Up Pressur Rebil Najaf
Iraq Seeks Troops to Protect UN Staff,World,Iraq Seek Troop Protect UN Staff,Iraq Seeks Troops Protect UN Staff,Iraq Seek Troop Protect Staff,Iraq Seek Troop To Protect UN Staff,Iraq Seek Troop Protect UN Staff
OPEC nations agree to boost daily oil quota,Business,OPEC nation agree boost daily oil quota,OPEC nations boost oil quota,OPEC nation boost oil quota,OPEC nation agree boosting daily oil quot,OPEC nation boost oil quot
Gandhi''s Grandson Urges Palestinians to March Home,World,Gandhi lemma's grandson lemma urge Palestinian lemma to march home,Gandhi Grandson Urges Palestinians March Home,Gandhi lemma grandson lemma urge Palestinian lemma march home,GandhiGrandsonUrgePalestinianToMarchHome,Gandhi Grandson Urg Palestinians Marc Hom
Guantanamo trails set to begin,World,Guantanamo trail set to begin,Guantanamo trails set begin,Guantanamo trail set begin,Guantanamo trail set to begin,Guantanamo trail set begin
Diplomatic storm after South Africa recognizes Western Sahara republic (AFP),World,Diplomatic storm after South Africa recognize Western Sahara republic,Diplomatic storm South Africa recognizes Western Sahara republic,Diplomatic storm South Africa recognize Western Sahara republic,Diplomat storm after South Afric recogn West Sahara repub,Diplom storm South Afric recogn West Sahara repub
3 Britons abducted in Baghdad,World,3 Briton abducted in Baghdad,3 Britons abducted Baghdad,3 Briton abducted Baghdad,3 Briton abduct in Baghdat,3 Brit abduct Bagdad
Allawi vows Iraq #39;s elections on target,World,Allawi vow Iraq's election on target,Allawi vows Iraq elections target,Allawi Iraq election target,Allawi vow Iraq's electio on target,Allav vow Iraq elect target
Florida and Gulf Coast Brace for Arrival of Hurricane Ivan,World,Florida and Gulf Coast brace for arrival of Hurricane Ivan,Florida Gulf Coast Brace Arrival Hurricane Ivan,Florida Gulf Coast brace arrival Hurricane Ivan,florid and gulf coast brace for arrival of hurrican ivan,Florida Gulf Coast Brace Arrival Hurrican
Afghanistan #39;s Karzai in Pakistan for terror talks,World,Afghanistan's Karzai in Pakistan for terror talk,Afghanistan Karzai Pakistan terror talks,Afghanistan Karzai Pakistan terror talk,Afghanistan's karzai in pakist for terror talk,Afghanistan Karzai Pakist terror talk
Next Steps on Darfur,World,Next Step on Darfur,Next Steps Darfur,Next Step Darfur,Next Step Darfur,Next Step Darf
"Falluja victims, 56 killed, 40 injured",World,"Fallujah victim, 56 kill, 40 injure",Falluja victims 56 killed 40 injured,Fallujah victim kill injure,"Fallujah victim, 56 kille, 40 injure",Falluj victim kill injure
Damaged Wire Delays Trains En Route to RNC (AP),World,Damages Wire Delay Train In Route To RNC (AP),Damaged Wire Delays Trains RNC,Damages Wire Delay Train Route RNC,Damag Wire Delay Train En Rout To RNCAPIPP,Damag Wire Delay Train RN
Russia Protest Seeks Leader''s Resignation (AP),World,Russia Protest Seek Leader's Resignation (AP),Russia Protest Seeks Leader Resignation,Russia Protest Seek Leader Resignation,russ protest seek leader resign,Rus protest seek leader resign
China party chief rules out full democracy,World,China party chief rule out full democracy,China party chief rules democracy,China party chief rule full democracy,Chin part chie rule full democ,Chin part chie rule democ
Australian leaders spar over Iraq,World,Australians leader spар over Iraq,Australian leaders spar Iraq,Australians leader spар Iraq,Austrail lead sp over Irq,Australi leader spar Iraq
Powerful typhoon Chaba set to hit southern Japan,World,Power typhoon hit southern Japan,Powerful typhoon Chaba set hit southern Japan,Power typhoon hit southern Japan,Power typho set to hit southe Japan,Power typho set hit south Japan
WHO warns of potential pandemic over  #39;bird flu #39; virus infections &lt;b&gt;...&lt;/b&gt;,World,WHO warn of potential pandemic over 'bird flu' virus infection...,WHO warns potential pandemic bird flu virus infections,WHO warn potential pandemic bird flu virus infection,WHO warn of potential pandem potential bird fl virus infect,WHO warn potential pandem virus infect
Bush''s Address to U.N. Seeks Cooperation,World,Bush address U.N. seek cooperation,Bush Address U N Seeks Cooperation,Bush address U N seek cooperation,B Bush''s Addr To UN Seek Cooper,Bush Addresse UN Seek Cooperati
US Officials Differ on Strength of Iran Nuke Claim,World,US Official Difference on Strength of Iran Nuke Claim,US Officials Differ Strength Iran Nuke Claim,US Official Difference Strength Iran Nuke Claim,us offici differ strength iran nuke claim,US Offic Stiff Str Iran Nuke Claim
Australian PM Howard calls general election on October 9 (AFP),World,Australien PM Howard call general election on October 9 (AFP),Australian PM Howard calls election October 9,Australien PM Howard call election October 9,Austrailian PM howard call general election on october 9 (afp),Austrailian PM howard call elect October 9
Explosions Kill at Least 13 in Gaza City,World,Explosion Kill at Least Be in Gaza City,Explosions Kill 13 Gaza City,Explosion Kill Gaza City,Explos deton kill at least 13 in Gaz city,Explosion Kill Gaz City
"Kerry on Iraq: Wrong War, Wrong Place, Wrong Time (Reuters)",World,"Kerry on Iraq: Wrong War, Wrong Place, Wrong Time (Reuters)",Kerry Iraq Wrong Wrong Wrong,Kerry Iraq Wrong Wrong Wrong,"Kerry on Iraq: Wrong War, Wrong Plac, Wrong Tim (Reut)",Kerry Iraq Wrong Wrong Wrong
Oil prices drop sharply to \$42US per barrel in spite of Iraqi &lt;b&gt;...&lt;/b&gt;,Business,Oil price drop sharply to $42US per barrel in spite of Iraqi...,Oil prices drop sharply \$42US per barrel Iraqi,Oil price drop sharply $42US per barrel Iraqi,Oil pric drop sharpi to \$42US per barri in spite of Iraqi,Oil pric drop shari \$42US per barr Iraqi
"Blair Fears Climate Change Disaster, Challenges US",World,"Blair Fear Climate Change Disaster, Challenge US",Blair Fears Climate Change Disaster Challenges US,Blair Fear Climate Change Disaster Challenge US,Blair Feas Climat Chang Disast Challen US,Blair Fea Cli Chang Disast Chall US
Finucane Killer Could Be Free in Eight Months,World,Finucane Kill Possible Be Free In Eight Month,Finucane Killer Free Eight Months,Finucane Kill Possible Free Eight Month,Finucan Kill Could Be Fre In Eight Mon,Finucan Kill Free Eight Mon
Best Buy adds Verizon to wireless line-up,Business,Best Buy add Verizon to wireless line-up,Best Buy adds Verizon wireless,Best Buy Verizon wireless line-up,BestBuy add Verizon to wireless line-up,BestBuy add Verizonwireless
"Taiwan Braces for Typhoon Aere, Markets Close",World,"Taiwan brace typhoon Aere, market close.",Taiwan Braces Typhoon Aere Markets Close,Taiwan brace typhoon Aere market close,Taiwan Brace Typhoон Close,Taiwan Brac Typho Aerm Marke Close
Behind Enemy Lines: Advice From a Partisan,World,Behind Enemy Line: Advice From a Partisan,Behind Enemy Lines Advice Partisan,Behind Enemy Line Advice Partisan,Behind Enem Line: Advic From Parti,Behind Enem Line Advic Partisan
"Iraq Cleric Agrees End Uprising, Fighting Continues",World,"Iraq Cleric Agree End Uprising, Fight Continue",Iraq Cleric Agrees End Uprising Fighting Continues,Iraq Cleric Agree End Uprising Fight Continue,"Iraqi cler agree end uprisin, fight continu",Iraqi cler Agree end uprising fight continue
Sudan Says U.S. Genocide Declaration Political (Reuters),World,Sudan Say U.S. Genocide Declaration Political Reuters,Sudan Genocide Declaration Political,Sudan U.S. Genocide Declaration Political,Sudan Say U.S. Genocid Declar Politic Reuters,Sudan Genocid Declar Politic
Chavez Wins Venezuela Referendum-Preliminary Result,World,Chavez Win Venezuela Referendum-Preliminary Result,Chavez Wins Venezuela Referendum Preliminary Result,Chavez Win Venezuela Referendum Preliminary Result,Chavez Win Venezuela Referendu-Preliminar Result,Chavez Win Venezuela Referendum Preliminari Result
U.S. Planes Hit Militias as Tanks Near Najaf Shrine,World,U.S. Plane Hit Militia as Tank Near Najaf Shrine,U.S. Planes Hit Militias Tanks Near Najaf Shrine,Plane Hit Militia Tank Najaf Shrine,Us Plane Hit Militia As Tank Near Najaf Shrine,U.S. Plan Hit Militia Tank Near Naj Shr
Japan confirms 13th mad cow case,World,Japan confirm mad cow case,Japan confirms mad cow case,Japan confirm mad cow case,Jap confirm 13 mad cow cas,Jap confirm mad cow cas
Boston-area groups ready to offer relief,World,boston-area group ready to offer relief,Boston area groups ready offer relief,Boston group ready offer relief,boston-area-group-ready-to-offer-relief,bostona rea groi readi offerr relif
Equatorial Guinea Wants Thatcher Extradited --Lawyer,World,Equatoriale Guinea Want Thatcher Extradite --Lawyer,Equatorial Guinea Wants Thatcher Extradited Lawyer,Equatoriale Guinea Thatcher Extradite Lawyer,Equatoril Guine Want Thatch Extradit --Lawyer,Equatorialis Want Thatcher Extradit Lawyer
Whacky Version of Polo Produces Jumbo Fun,World,Whacky Version Polo Produce Jumbo Fun,Whacky Polo Produces Fun,Whacky Version Polo Produce Jumbo Fun,Whacki Ver Vers Produc Jumb Fun,Whack Polo Produc Fun
Kerry Takes Job Creation Message to NC,Business,Kerry Take Job Creation Message to NC,Kerry Takes Job Creation Message NC,Kerry Job Creation Message NC,Kerry Take Job Creation Message to NC,Kerry Tak Job Creat Mess NC
North Korea Urges Refugees to Return to ''Warm Home'' (Reuters),World,North Korea Urge Refugee return to Warm home (Reuters),North Korea Urges Refugees Return Warm Home,North Korea Urge Refugee return Warm home,North Korea Urg Refu To Retur To 'Warm Hom' (Reut),North Kore Urg Refug Retur Warm Hom
Second US hostage beheaded,World,Second US hostage behead,US hostage beheaded,Second US hostage behead,Second US hostag behead,US hostag behead
Indian PM to push for  UN seat,World,Indian PM to push for UN seat,Indian PM push UN seat,Indian PM push UN seat,Indi PM to push for  UN seat,Indi PM push UN seat
Wal-Mart Lowers Sales Forecast for August,World,Wal-Mart Lower Sales Forecast For August,Wal-Mart lowers sales forecast August,Wal-Mart Sales Forecast August,Wal-Mart Lowr Sale Forecast Aug,Wal-mart low sales forec augusto
Putin Flies to Chechnya Ahead of Vote,World,Putin Fly Chechnya Ahead Vote,Putin Flies Chechnya Vote,Putin Fly Chechnya Ahead Vote,Putin Fly Chechnya Ahead Vote,Putin Fly Chechnya Vot
Darfur Displaced Return to ''Live in Fear'' of Militia (Reuters),World,Darfur Displace Return to 'Live in Fear' of Militia (Reuters),Darfur Displaced Return Fear Militia,Darfur Displace Return Fear Militia,Darfurdisplacedisreturntoliveinfearofmilitia(Reut),Darfur Displac Fear Militi
Georgian Leader Seeks Ossetia Conference,World,Georgian Leader Seek Ossetia Conference,Georgian Leader Seeks Conference,Georgian Leader Seek Conference,Georgian Lead Seek Osseti Confer,Georgian Leader Seek Confere
Revenue Canada workers set to begin hitting picket lines Wednesday (Canadian Press),World,Revenue canada worker set to begin hitting picket line wednesday Canadian Press,Revenue workers set begin picket lines Wednesday,Revenue Canada worker set begin picket line Wednesday,revenu canada work set begin hit picket line wednes,Revenu work set begin picket line Wednesd
First Milosevic Trial Defense Witness Called,World,First Milosevic Trial Defense Witness Call,First Milosevic Trial Defense Witness,First Milosevic Trial Defense Witness,First Milosevic Trial Defens Arg Call,First Milosevic Trial Defens Stem Witnes
Bombs explode in Nepal capital,World,Bombs explode in Nepal capital,Bombs explode Nepal capital,Bombs explode Nepal capital,Bombs explod Nepali capit,Bombs explod Nepal capit
Pakistani Jets Bomb Militants in Tribal Region,World,Pakistani Jet Bomb Militant in Tribal Region,Pakistani Jets Bomb Militants Tribal Region,Pakistani Jet Bomb Militant Tribal Region,Pakist詹Jets Bomb Militant in Trib Region,Pakist詹Jets Bomb Militant Tribal Region
Two firms say to quit Iraq to save Turkish hostage,World,Two firm say quit Iraq to save Turkish hostage,Two firms quit Iraq save Turkish hostage,Two firm say quit Iraq save Turkish hostage,Two firm say quit Iraq to save Turkish hostage,Two firm quit Iraq save Turki hostag
"Iranian diplomat, Egyptian charged over assassination plot (AFP)",World,"iranian diplomat, egyptian charge over assassination plot","Iranian diplomat, Egyptian charged assassination plot",iranian diplomat egyptian charge assassination plot,"iran diplom, egyp charg over assess plot (afp)","Iran diplom, Egypt charg assassinate plot"
Iran Rejects UN Call for Uranium Enrichment Freeze,World,Iran Rejects UN Call for Uranium Enrichment Stop,Iran Rejects UN Call Uranium Enrichment Freeze,Iran Rejects UN Call Uranium Enrichment Stop,Iran Rejec UN Cal for Urani Enrichm Freez,Iran Rejec UN Cal Urani Enrichm Freez
S African TV in beheading blunder,World,S African TV be head blunder,SAfricanTVblunder,SA TV head blunder,S Afrikan TV in behead blund,SAfricantVblunderr
UK Launches Own Case Against Cleric Sought by U.S.,World,UK Launch Own Case Against Cleric Sought by U.S.,UK Launches Case Cleric Sought U.S.,UK Launch Case Against Cleric Sought U.S.,uk launch own cas against cler seek by us,UK Launch Stem Case Cleric Seek U S
Australia''s Labor renews pledge to bring troops home from Iraq (AFP),World,Australia's Labor renew pledge to bring troop home from Iraq (AFP),Australia Labor renew pledge bring troops home Iraq,Australia Labor renew pledge bring troop home Iraq,australis''s labor renew pledge to bring troop home from iraq (afp),Austral Labo renew pledg bring troop hom Iraq
OPEC: ''Very Small'' Impact from Surge,Business,OPEC: have small impact from surge,OPEC Impact Surge,OPEC surgeimpact,OPEC: 'Very Smal' Impac' from Surg',OPEC Impact Surge
"As Frances Nears, Fla. Urges Evacuations",World,"As Frances nears, Fla. urges evacuations",Frances Nears Fla Urges Evacuations,Frances nears Fla urges evacuations,"As Frances Nears, Fla. Urg Evacuat",Frances Near Fla Urg Evacuat
"Blast in South Afghan City Kills One, Wounds Four",World,"Blast in South Afghan City Kill One, Wound Four",Blast Afghan City Kills Wounds,Blast Afghan City Kill Wound,Blast in S Afr Can Kill Wound,Blast Afghani City Kill Wound
"Ivan rips Caymans, aims toward Cuba",World,"Ivan rip Cayman, aim toward Cuba",Ivan Caymans Cuba,Ivan Cayman Cuba,"Ivan rip Cayman, aim toward Cub",Ivan Cayman Cuba
U.S. Nuclear Shipment En Route to France (Reuters),World,U.S. Nuclear Shipment En Route to France (Reuters),U.S. Nuclear Shipment France,U.S. Nuclear Shipment France,us nuclear shipment en route to france (reuters),U.S. Nucle Sho Franc
6 dead in typhoon deluge,World,6 dead in typhoon deluge,6 dead typhoon deluge,6 dead typhoon deluge,6 dead in typhoondelug,6 dead typho delug
Car blast targets Iraqi official,World,Car blast target Iraqi official,Car blast targets official,Car blast Iraqi official,Car blast target Iraqi offic,Car blast target officiol
Hurricane Ivan Roars Toward Caribbean,World,Hurricane Roar Toward Caribbean,Hurricane Ivan Roars Caribbean,Hurricane Toward Caribbean,Hurrican roars towrd carribbean,Hurrican Roar Caribbe
France Seeks Return of Reporters in Iraq Amid Headscarf Threat,World,France Seek Return of Reporter in Iraq Amid Headscarf Threat,France Seeks Return Reporters Iraq Headscarf Threat,France Seek Return Reporter Iraq Headscarf Threat,France Seek Retur Repor In Iraq Amid Heads Threat,France Seek Retur Repor Iraq Headscarf Threat
Pakistani authorities burn 22 tonnes of seized drugs (AFP),World,Pakistani authority burn 22 tonne of seize drug (AFP),Pakistani authorities burn tonnes seized drugs,Pakistani authority burn seize drug,Pakistани autoriti brนm 22 tonne of seized drug (AFP),Pakistани autoriti burn tonne seize drug
A Sunni commission issues a Fatwa to release French journalists,World,A Sunni commission issue a Fatwa to release French journalist,Sunni commission issues Fatwa release French journalists,Sunni commission issue Fatwa release French journalist,A Sunn fatw releas Frnc journal,Sunni commiss fatwa rele French journaliste
Cali Drug Kingpin Faces U.S. Court in Chains,World,Cali Drug Kingpin Face U.S. Court in Chain,Cali Drug Kingpin Faces U.S. Court Chains,Cali Drug Kingpin Face U.S. Court Chain,Cal Drug King Face U S Cour In Chain,Cal Drug King Face U S Cour Chain
National news briefs,World,National news brief,National newsbriefs,National news,Nation news brief,Nation newsbrief
France ready to help more in Iraq - Chirac,World,France ready to help more in Iraq - Chirac,France ready help Iraq Chirac,France ready help Iraq Chirac,Franc readi to help mor in Iraq - Chirac,Franc readi help Iraq Chirac
"Two Killed, 10 Hurt in Latest Bangladesh Blast",World,"Two Kill, Ten Hurt in Latest Bangladesh Blast","Killed, Hurt, Latest, Bangladesh, Blast",Two Kill Ten Hurt Latest Bangladesh Blast,"Two KILL, ten HURT in LATEST Bangladesh BLAST","Kill, Hurt, Latest, Bangladeshi, Blast"
Israel Helicopter Fires Missiles at Gaza Refugee Camp (Reuters),World,Israel helicopter fire missile at Gaza refugee camp (Reuters),Israel Helicopter Fires Missiles Gaza Refugee Camp,Israel helicopter fire missile Gaza refugee camp,israel helicopter fire missile at gaza refugee camp,Isr haili fir mis s Gaza ref camp
"Democrats Question Bush''s Service, Costs of War (Reuters)",World,"Democrats question Bush's service, cost of war (Reuters)",Democrats Question Bush Service Costs War,Democrats question Bush service cost war,"Democrati questi bush servici, cost of war (reute)",Democrati question bush servi cost war
Italy unites behind Iraq hostages,World,Italy unite Iraq hostage,Italy unites Iraq hostages,Italy unite Iraq hostage,Italy unitt behind Iraq hostag,Ital unite Iraq hostag
"Allied Waste cuts forecast, again",Business,"Allied Waste cut forecast, again",Allied Waste cuts forecast,Allied Waste cut forecast,"Alli Wast cut forec, gain",Alli Wast cut fore Cast
"Saddam #39;s trial in October; Salem Chalabi resigns court presidency,",World,Saddam be trial in October; Salem Chalabi resign court presidency.,Saddam trial October Salem Chalabi resigns court presidency,Saddam trial October Salem Chalabi resign court presidency,"Saddam#39; triaL; Salem Chalabi resiD court presiDence,",Saddam trial Oct Salem Chalab resign court presid
"Jiang backs Hu, chants military unity mantra",World,"Jiang back Hu, chant military unity mantra",Jiang backs Hu unity mantra,Jiang Hu chant military unity mantra,"Jiang back Hu, chant milit unif mantra",Jiang back Hu unity mantra
Australian PM Announces Oct. 9 Election (AP),World,Aussie PM Announce Oct. 9 Election (AP),Australian PM Announces Oct Election,Aussie PM Announce Election,Austrian PM Announc Oct. 9 Elect AP,Austrian PM Announc Oct Elect
Hurricane Ivan Pounds Eastern Caribbean Islands (Reuters),World,Hurricane Pound Eastern Caribbean Island (Reuters),Hurricane Ivan Pounds Eastern Caribbean Islands,Hurricane Pound Eastern Caribbean Island,Hurrican Ivan Pound East Caribb Isla (Reutris),Hurrican Ivan Poun Eastern Caribb Islands
"Letter, suspicious powder spark anthrax scare at U.S. Embassy in Malaysia (Canadian Press)",World,"Letter, suspicious powder spark anthrax scare at U.S. Embassy in Malaysia (Canadian Press)",Letter suspicious powder spark anthrax scare U.S. Embassy Malaysia,Letter spark scare Embassy Malaysia,"lett, suspic powd spark anthr scare at us embass in malays (canadian press)",letter suspic powe spark anthrax scare u.s. embass malays
Massacre Threatens to Derail Congolese Peace Process,World,Massacre Threaten Derail Congolese Peace Process,Massacre Threatens Derail Congolese Peace Process,Massacre Threaten Derail Peace Process,Masscrais Threatens to Derail Conglis Peace Proces,Masscrai Threaten Derail Congolese Peac Proces
NATO proclaims victory in Bosnia,World,NATO proclaim victory in Bosnia,NATO proclaims victory Bosnia,NATO proclaim victory Bosnia,NATO proclaim victorie in Bosni,NATO proclaim victor Bosniak
Teen first in Thailand to die of avian flu since disease re &lt;b&gt;...&lt;/b&gt;,World,Teen first in Thailand to die of avian flu since disease re...,Teen first die avian flu since disease re,Teen first die avian flu since disease re...,Teen first in Thailand to die of avian flu since disease re...,Teens first die avian flue since diseas re
Sudan Delegations in Nigeria for Peace Talks (Reuters),World,Sudan Delegation in Nigeria for Peace Talk (Reuters),Sudan Delegations Nigeria Peace Talks,Sudan Delegation Nigeria Peace Talk,Sudan Delegati Nigeria For Peace Talk Reuters,Sudan Delegati Nigeria Peac Talk
Soldier Killed in Action Named,World,Soldier Kill Action Name,Soldier Killed Action Named,Soldier Kill Action,Solтир Killing n Actn Nam,Sold Kill Act Name
British National Shot Dead in Riyadh,World,British National Shoot Dead in Riyadh,British National Shot Dead Riyadh,British National Shoot Dead Riyadh,Brit National Shot Dead In Riad,Britn Nacion Shott Dead Riad
Family waits for reunion,World,Family wait reunion,Family waits reunion,Family wait reunion,Famil wait reunifi,Famil wait reunite
Sanofi-Aventis becomes world''s third-largest pharmaceutical company (AFP),World,Sanofi-Aventis become world's third-largest pharmaceutical company (AFP),Sanofi-Aventis becomes world third-largest pharmaceutical company,Sanofi Aventis becomes world third-largest pharmaceutical company,Sanof-Aventis becom world''s thirdlarg pharmaceutic compan (AFP),Sanof-Aven becomes world third-largest pharmaceutic compani
Cambodian Senate OKs WTO Entry (AP),World,Cambodian Senate ok WTO entry,Cambodian Senate OKs WTO Entry,Cambodian Senate ok WTO entry,Cambodi Senat OKs WOR Entr (AP),Cambodian Senat OK WTO Entr
Explosives Found In Wreckage Of Both Russian Planes,World,Explosive Find In Wreckage Of Both Russian Plane,Explosives Wreckage Russian Planes,Explosive Find Wreckage Russian Plane,Explosiv Find In Wreckag Of Both Russi Plan,Explosiv wreck Russ plan
Documentary Focuses on Kerry in Vietnam (AP),World,Document Focus on Person in Place,Documentary Focuses Kerry Vietnam,Document Focus Person Place,Document Focus On Kerry In Viet,Document Focus Kerry Viet
Troops Guard Relief Operations in Flood-Hit Haiti (Reuters),World,Troop Guard Relief Operation in Flood-Hit Haiti (Reuters),Troops Guard Relief Operations Flood-Hit Haiti,Troop Guard Relief Operation Flood-Hit Haiti,Troop Guard Relief Oper In Floode Hit Hait (Reuter),Troop Guard Reliv Oper Floode Hit Hait
From Romans to rock stars: the biography of our nation,World,From Roman to rock star: the biography of our nation,Romans rock stars biography nation,From Roman rock star biography nation,from romn to rock star: biograp of our nation,Roman rock star biograph nation
More delays for British Airways passengers in London (AFP),World,More delay for British Airways passenger in London (AFP),More delays British Airways passengers London,More delay British Airways passenger London,more delay brittan airway passanger london afp,More delay British Airways passenger London
Israel''s Sharon Accuses Far-Right of Inciting War,World,Israel be Sharon accuse far-right of incite war,Sharon Accuses Far-Right Inciting War,Israel Sharon accuse far-right incite war,Israel's sharon accuse far-right of incite war,Sharon Accus Far-Righ Incit War
EU launches another probe into Microsoft monopoly,Business,EU launch probe into Microsoft monopoly,EU launches probe Microsoft monopoly,EU launch probe Microsoft monopoly,EU launch probe into Microsoft monopol,EU launch probe Microsoft monopol
Alitalia Holding Relaunch Plan Meeting,Business,Alitalia Holding Relaunch Plan Meeting,Alitalia Holding Relaunch Plan Meeting,Alitalia Holding Relaunch Plan Meeting,Alitail Holding Relaunc Plan Meetin,Alitall Relaunch Plan Meet
GOP Want Bush to Turn Attention From Iraq,World,GOP Want Bush to Turn Attention From Iraq,GOP Want Bush Turn Attention Iraq,GOP Want Bush Turn Attention Iraq,GOP Want Bush to Turn Attent From Iraq,GOP Want Bush Turn Attention Iraq
"Pakistan, Afghanistan vow to curb terrorism as Karzai meets Musharraf (AFP)",World,"Pakistan, Afghanistan vow to curb terrorism as Karzai meet Musharraf (AFP)",Pakistan Afghanistan vow curb terrorism Karzai meets Musharraf,Pakistan Afghanistan vow curb terrorism Karzai meet Musharraf,pakistancur Afghanistanvoctoberm voctober terrorismas Karzaimeet Musharraf (AFP),Pakist Afghanistan vow curb terror Karzai meet Musharraf
China Hints U.S. Must Return Guantanamo Separatists,World,China Hint U.S. Must Return Guantanamo Separatist,China Hints U S Must Return Guantanamo Separatists,China Hint U.S. Must Return Guantanamo Separatist,China Hint U S Must Retun Guantano Separatist,China Hint US Must Retun Guantano Separatist
"Mexico, U.S. Unveil Border Clean-Up Plan (AP)",World,"Mexico, U.S. Unveil Border Cleanup Plan",Mexico U.S. Unveil Border Clean-Up Plan,Mexico U.S Unveil Border Cleanup Plan,"Mexic, U S Unvel Bndr Cln-Up Pln",Mexi U S Unvile Bord Clea-Up Plan
N.Korea Seen Using South Atomic Issue to Stall Talks (Reuters),World,n.Korea see use south atomic issue to stall talk (reuters),N Korea Seen Using South Atomic Issue Stall Talks,Korea see use south atomic issue stall talk,n. kore. seen usin. south atomic issu. t. stall talk. (reuters),N Korea Seen Us南 atomic issu南 stall talk南
LA terrified by tornado alert,World,LA be terrified by tornado alert,LA terrified tornado alert,LA terrified tornado alert,LA terrify by tornad alert,LA terrify tornad alert
Schroeder party vows not to buckle on reforms after election &lt;b&gt;...&lt;/b&gt;,World,Schroeder party vow not to buckle on reform after election,Schroeder party vows not buckle reforms election,Schroeder party vow reform election,Schroeder part vow not to buck on reform after elect,Schroeder part vow not buck reform elect
"Winfrey, Jury Convict Man of Murder",World,"Winfrey, Jury Convict Man of Murder","Winfrey, Jury Convict Man Murder","Winfrey, Jury Convict Man Murder","Winfrey, Jury Convict Man of Murd","Winfrey, Jury Convict Man Murder"
Renegade warlord arrested and brought to the capital following &lt;b&gt;...&lt;/b&gt;,World,Renegade warlord arrest and bring to the capital following...,warlord arrested brought capital,Renegade warlord arrest bring capital,Renegad warl arrest and brang to the capit follow,war arrest bring capital
JCC Arson Roils French Jews,World,JCC Arson Roils French Jew,JCC Arson Roils French Jews,JCC Arson Roils French Jew,JCC arson roil French Jew,JCC arson roil French Jew
EU threatens sanctions against Sudan,World,EU threaten sanction against Sudan,EU threatens sanctions Sudan,EU threaten sanction Sudan,EU threaten sanction against Sudani,EU threaten sanction Sudan
N.Korea Seen Using South Atomic Issue to Stall Talks,World,n.korea see use south atomic issue to stall talk,NKoreaSeenUsingSouthAtomicIssueStallTalks,nkorea see use south atomic issue stall talk,N. Korea seen using S. atomic issue to stall talk,NKoreaNSeeUsingSoutAatomIsecStallTal
"Next to digital IDs, passwords look lame",Business,"Next to digital id, password look lame",Next digital IDs passwords look lame,Next digital id password lame,"Next digital ID, password look lame",Next digit id pass lame
Hurricane terror for UK tourists,World,Hurricane scare for UK tourist,Hurricane terror UK tourists,Hurricane scare UK tourist,Hurrican terr for UK touris,Hurrican terr UK touris
 #39;Batman #39; scales royal palace in protest,World,'Batman scale royal palace in protest',Batman scales royal palace protest,Batman scale royal palace protest,'Batman' scale royal palac protes,Batm scal roy pal proton
U.S. Middle East Project to Leave Politics Alone,World,U.S. Middle East Project to Leave Politics Alone,U.S. Middle East Project Leave Politics Alone,U.S. Middle East Project Leave Politics Alone,U.S. Middle East Projec to Leave Politic Alone,U.S. Middle East Proj Leave Polit Alone
\$35m Libyan payout for blast victims,World,35m Libyan payout for blast victim,35m Libyan payout blast victims,35m Libyan payout blast victim,35m Libyan payout for blast victim,35m Liby payout blast victim
Crude futures eclipse \$46-a-barrel mark,Business,Crude future eclipse $46-a-barrel mark,Crude futures eclipse 46 a barrel mark,Crude future eclipse $46 barrel mark,Crude fut eclips \$46-a-barrel mark,Crude fut eclips 46 a barrl mark
Africa ''better in colonial times'',World,Africa better in colonial time,Africa better colonial times,Africa better colonial time,Afri bette coloni tim,Afri better coloni time
"China Puts Flood Toll at 1,029 as Wet Season Ends",World,"China Put Flood Toll at 1,029 as Wet Season End","China Flood Toll 1,029 Wet Season Ends",China Put Flood Toll at 1029 Wet Season End,China Put Floo Tol At 1 029 As Wet Seas End,"China Floo Tol 1,029 Wet Seas End"
Consumer Confidence Falls in August,Business,Consumer Confidence Fall August,Consumer Confidence Falls August,Consumer Confidence Fall August,Consum Confid Fall Aug,Consum Confid Fall Aug
Insurgents hunted down to border stronghold in US-led fightback,World,Insurgent hunt down to border stronghold in US-led fight,Insurgents hunted border stronghold US-led fightback,Insurgent hunt down border stronghold US-led fight,Insurgent hunt down to border stronghold in US-lead fightback,Insurg ent hunt border stronghol US-lead fightback
"Amid security fears, Karzai struggles to talk to Afghans",World,"Amid security fear, Karzai struggle to talk to Afghan.",Karzai struggles talk Afghans,Karzai struggle talk Afghan,"Amid securit fear, Karzai struggl talk to Afghan",Karzai strug talk Afghan
Sony Banking on MGM Deal to Boost Profits,World,Sony Bank On MGM Deal To Boost Profit,Sony Banking Profits Deal MGM,Sony Bank MGM Deal Boost Profit,sony bank deal boost profit,Son Bank Profi Dea Mgm
"Alitalia Reportedly to Cut 5,000 Jobs (AP)",World,Alitalia Report Cut Job,Alitalia Cut Jobs,Alitalia Report Job,alitall report to cut job,Alit cut job
Bush Wants  #36;3.5B to Boost Iraq Security (AP),World,Bush Want $3.5B to Boost Iraq Security AP,Bush Wants  Boost Iraq Security,Bush Want Boost Iraq Security,Bush Want $3.5B To Boost Iraq Securit AP,Bush Want Boost Iraq Secur
Singapore #39;s new PM delivers national day rally speech,World,Singapore's new PM deliver national day rally speech,Singapore new PM delivers national day rally speech,Singapore new PM deliver national day rally speech,Singapores new PM deliver national day rally speech,Singapor new PM deliver national day rally speech
Change at hand,World,Change,Change hand,Change,Chan chang(hand),Chan hand
Peace talks face troubles in Sadr on weapons handover,World,Peace talk face trouble in Sadr on weapon handover,Peace talks face troublesweapons handover,Peace talk face trouble Sadr weapon handover,Peac talk fac troubl in Sad on weapon handover,Peac talk face troubl wepons handover
Not Another Soviet Union,World,Not Another Soviet,Another Soviet Union,Soviet,Not Anoth Sovi Union,Anoth Sovet Unio
24th annual Terry Fox Run attracts hundreds of thousands of Canadians (Canadian Press),World,24 annual Terry Fox Run attract hundred thousand Canadian (Canadian Press),24 annual Terry Fox Run attracts hundreds thousands Canadians,24 Terry Fox Run attract hundred thousand Canadian,24th annu Terry Fox Run attract hundred thou Canad (Canadi press),24 annuall Terry Fox Run attract hundreds thousands Canadian
Two Investment Banks Settle with SEC,Business,Two Bank Settle With Sec,Two Bank Settle SEC,Two Bank Settle Sec,Two Invest Bank Settle With Sec,Two Bank Settle Sec
Europe rout US in record-busting Ryder Cup victory (AFP),World,Europe beat US in record-breaking Ryder Cup win (AFP),Europe Ryder Cup victory,Europe beat US Ryder Cup win,Europe rout US in record-bust ryder cup victorie,Europ Ryder Cup victorie
Confusion as Yemeni Faces U.S. Military Tribunal (Reuters),World,Confuse Yemeni Face U.S. Military Tribunal,Yemeni Faces U.S. Military Tribunal,Confuse Yemeni Face Military Tribunal,Confus Yemn Face US Milit Triбунал,Yemeni Face US Military Tribun
Turnout Is Heavy for Election in Hong Kong,World,Turnout Be Heavy for Election in Hong Kong,Turnout Heavy Election Hong Kong,Turnout Heavy Election Hong Kong,Turnout Is Heav For Elect In Hong Kong,Turn Heavy Elect Hong Kong
Pakistan: Arrests spoil major al-Qaida plot,World,Pakistan: Arrests spoil major al-Qaida plan,Pakistan Arrests AlQaida Plot,Pakistan Arrests alQaida Plan,Pakist: Arrest spoil maj al-Qid plot,Pakist Arrests AlQaida Plot
Russia: Terrorism Leading Theory on Plane Crashes,World,Russia: Terrorist Lead Theory on Plane Crash,Russia Terrorism Plane Crashes,Russia Terrorist Plane Crash,Rus: Terror Lead Theory On Plan Crash,Russsia Terorrism Plan Crashes
Anti-Moore movies to be screened,World,Anti-Moore movie to be screened,Anti Moore movies screened,Anti Moore movie screened,Anti-Moore movi to be screen,Anti Moore movi screen
Pope Struggles Through Mass at Lourdes (AP),World,Pope Struggle Through Mass At Lourdes (AP),Pope Struggles Mass Lourdes,Pope Struggle Mass Lourdes,Pope Struggl Through Mass At Lourdes AP,Pope Struggl Mass Lourdes
Palestinian prisoners suspend hunger strike,World,Palestinian prisoner suspend hunger strike,Palestinian prisoners suspend hunger strike,Palestinian prisoner suspend hunger strike,Palestin pray stri,Palestin pray strikel
Karzai escapes bid on life,World,Karzai escape bid on life,Karzai escapes bid,Karzai escape life,Karzai escap bid on life,Karzai escap bid
"U.S., Shiites Meet After Deadly Clashes (AP)",World,U.S. meet Shiite meet after deadly clash,"U.S., Shiites Meet Deadly Clashes",U meet Shiite meet after deadly clash,"U.S., Shiit Meet After Deadli Cl什 (AP)","U.S., Shiit Meet Deadli Clash"
"Home Depot, Motorola Rise Before Bell",Business,"Home depot, motorola rise before bell",Home Depot Motorola Rise Bell,"Home depot, motorola rise before bell","HomeDepot, Motorolabeforebell",Home Depot Motor Rise Bell
 #39;IAEA may have to  quot;beg quot; Iran for more cooperation #39;,World,IAEA may have to beg Iran for more cooperation,IAEA Iran cooperation,IAEA Iran cooperation,#'iae may have to beg quot; iran for more cooperat,IAEA Iran cooperati
Johnny Cash auction closes at \$4m,World,Johnny close auction at \$4m,Johnny Cash auction closes \$4m,Johnny close auction 4m,JohnnyC ash auction clos at 4m,JohnnyCassauctioncloses\$4m
Peace team urges Sadr to call off uprising: Militia positions pounded,World,Peace team urge Sadr call off uprising: militia position pound,Peace team urges Sadr call off uprising militia positions pounded,Peace team urge Sadr call off uprising militia position pound,Peace team urg Sadr to call off upris Militia posit pound,Peaceteam urg Sadcall off uprisemilitiaposit pounded
Britain Hopes and Prays for Hostage in Iraq,World,Britain Hope and Pray for Hostage in Iraq,Britain Hopes Prays Hostage Iraq,Britain Hope Pray Hostage Iraq,Britain Hope And Pray Host In Irak,Brittan Hop Pray Hostag Iraq
YOUR E-MAIL ALERTS,World,YOUR EMAIL ALERTS,YOUR E-MAIL ALERTS,EMAIL ALERTS,YOURE-MAILALERTS,YOURE-MAILALERTS
Nigeria Troops Leave For Darfur,World,Nigeria Troop Leave For Darfur,Nigeria Troops Darfur,Nigeria Troop Darfur,Nigeri troop leav Darfur,Nigeri troop Darfur
"POTA to go, Centre to beef up another law",World,"POT go, Centre to beef up law",POTA go Centre beef up law,POT beef law,"POT to go, Cent to beef up anot law",POT go Cent beef up law
Expert: India Leads World in HIV Cases,World,Expert: India Lead World in HIV Case,India Leads World HIV Cases,India Lead World HIV Case,Expert: Indi Lead World in HIV Cas,Ind Lead World HIV Cas
"Rebels lift blockade, warn of more",World,"Rebel lift block, warn of more",Rebels lift blockade warn more,Rebel lift block warn more,"Rebels lif blockad, warn of mor",Rebel lift block warn more
Tearing up the road map,World,Tear up the road map,Tearing road map,Tear road map,Tear up road map,Tear road map
Islamist group may have downed Russian planes,World,Islamist group may have down plane Russian plane,Islamist group downed Russian planes,Islamist group down plane Russian,Islamist group may ha down Russi plan,Islamist group dwn rssn plnes
Airlines Told to Turn Over Passenger Data,World,Airlines Tell to Turn Over Passenger Data,Airlines Passenger Data,Airlines Tell Turn Passenger Data,Airlin tell to turn over pass data,Airline Passeng Data
War crimes prosecutor Del Ponte says Saddam should be tried outside Iraq (AFP),World,War crime prosecutor Del Ponte say Saddam should be try outside Iraq (AFP),War crimes prosecutor Del Ponte Saddam tried outside Iraq,War crime prosecutor Del Ponte Saddam try outside Iraq,war crim prosecut say Saddam shoul be try outside Iraq (AFP),War crim prosecut Del Pont Saddam try outside Iraq
Darfur Situation Worsens; Talks Resume,World,Darfur Situation Worse; Talk Resume,Darfur Situation Worsens; Talks Resume,Darfur Situation Worse Talk Resume,Darfurs Situati Worsen; Tac Resum,Darfur Situ Worsen; Tac Resum
Chechens See Old Hostilities in New Moscow Policy,World,Chechen see old hostility in new Moscow policy,Chechens See Old Hostilities New Moscow Policy,Chechen hostility Moscow policy,Chechen See Old HostilティSee New MoscovPoliti蒂蒂蒂蒂蒂蒂蒂蒂蒂蒂蒂蒂蒂蒂蒂蒂蒂蒂蒂蒂蒂蒂蒂蒂蒂蒂蒂蒂蒂蒂蒂蒂蒂蒂蒂蒂蒂蒂蒂蒂蒂蒂蒂蒂蒂蒂蒂蒂蒂蒂蒂蒂蒂蒂蒂蒂蒂蒂蒂蒂蒂蒂蒂蒂蒂蒂蒂蒂蒂蒂蒂蒂蒂蒂蒂蒂蒂蒂蒂蒂蒂蒂蒂蒂蒂蒂蒂蒂蒂蒂蒂蒂蒂蒂蒂蒂蒂蒂蒂蒂蒂蒂蒂蒂蒂蒂蒂蒂蒂蒂蒂蒂蒂蒂蒂蒂蒂蒂蒂蒂蒂蒂蒂蒂蒂蒂蒂蒂蒂蒂蒂蒂蒂蒂蒂蒂蒂蒂蒂蒂蒂蒂蒂蒂蒂蒂蒂蒂蒂蒂蒂蒂蒂蒂蒂蒂蒂蒂蒂蒂蒂蒂蒂蒂蒂蒂蒂蒂蒂蒂蒂蒂蒂蒂蒂蒂蒂蒂蒂蒂蒂蒂蒂蒂蒂蒂蒂蒂蒂蒂蒂蒂蒂蒂蒂蒂蒂蒂蒂蒂蒂蒂蒂蒂蒂蒂蒂蒂蒂蒂蒂蒂蒂蒂蒂蒂蒂蒂蒂蒂蒂蒂蒂蒂蒂蒂蒂蒂蒂蒂蒂蒂蒂蒂蒂蒂蒂蒂蒂蒂蒂蒂蒂蒂蒂蒂蒂蒂蒂蒂蒂蒂蒂蒂蒂蒂蒂蒂蒂蒂蒂蒂蒂蒂蒂蒂蒂蒂蒂蒂蒂蒂蒂蒂蒂蒂蒂蒂蒂蒂蒂蒂蒂蒂蒂蒂蒂蒂蒂蒂蒂蒂蒂蒂蒂蒂蒂蒂蒂蒂蒂蒂蒂蒂蒂蒂蒂蒂蒂蒂蒂蒂蒂蒂蒂蒂蒂蒂蒂蒂蒂蒂蒂蒂蒂蒂蒂蒂蒂蒂蒂蒂蒂蒂蒂蒂蒂蒂蒂蒂蒂蒂蒂蒂蒂蒂蒂蒂蒂蒂蒂蒂蒂蒂蒂蒂蒂蒂蒂蒂蒂蒂蒂蒂蒂蒂蒂蒂蒂蒂蒂蒂蒂蒂蒂蒂蒂蒂蒂蒂蒂蒂蒂蒂蒂蒂蒂蒂蒂蒂蒂蒂蒂蒂蒂蒂蒂蒂蒂蒂蒂蒂蒂蒂蒂蒂蒂蒂蒂蒂蒂蒂蒂蒂蒂蒂蒂蒂蒂蒂蒂蒂蒂蒂蒂蒂蒂蒂蒂蒂蒂蒂蒂蒂蒂蒂蒂蒂蒂蒂蒂蒂蒂蒂蒂蒂蒂蒂蒂蒂蒂蒂蒂蒂蒂蒂蒂蒂蒂蒂蒂蒂蒂蒂蒂蒂蒂蒂蒂蒂蒂蒂蒂蒂蒂蒂蒂蒂蒂蒂蒂蒂蒂蒂蒂蒂蒂蒂蒂蒂蒂蒂蒂蒂蒂蒂蒂蒂蒂蒂蒂蒂蒂蒂蒂蒂蒂蒂蒂蒂蒂蒂蒂蒂蒂蒂蒂蒂蒂蒂蒂蒂蒂蒂蒂蒂蒂蒂蒂蒂蒂蒂蒂蒂蒂蒂蒂蒂蒂蒂蒂蒂蒂蒂蒂蒂蒂蒂蒂蒂蒂蒂蒂蒂蒂蒂蒂蒂蒂蒂蒂蒂蒂蒂蒂蒂蒂蒂蒂蒂蒂蒂蒂蒂蒂蒂蒂蒂蒂蒂蒂蒂蒂蒂蒂蒂蒂蒂蒂蒂蒂蒂蒂蒂蒂蒂蒂蒂蒂蒂蒂蒂蒂蒂蒂蒂蒂蒂蒂蒂蒂蒂蒂蒂蒂蒂蒂蒂蒂蒂蒂蒂蒂蒂蒂蒂蒂蒂蒂蒂蒂蒂蒂蒂蒂蒂蒂蒂蒂蒂蒂蒂蒂蒂蒂蒂蒂蒂蒂蒂蒂蒂蒂蒂蒂蒂蒂蒂蒂蒂蒂蒂蒂蒂蒂蒂蒂蒂蒂蒂蒂蒂蒂蒂蒂蒂蒂蒂蒂蒂蒂蒂蒂蒂蒂蒂蒂蒂蒂蒂蒂蒂蒂蒂蒂蒂蒂蒂蒂蒂蒂蒂蒂蒂蒂蒂蒂蒂蒂蒂蒂蒂蒂蒂蒂蒂蒂蒂蒂蒂蒂蒂蒂蒂蒂蒂蒂蒂蒂蒂蒂蒂蒂蒂蒂蒂蒂蒂蒂蒂蒂蒂蒂蒂蒂蒂蒂蒂蒂蒂蒂蒂蒂蒂蒂蒂蒂蒂蒂蒂蒂蒂蒂蒂蒂蒂蒂蒂蒂蒂蒂蒂蒂蒂蒂蒂蒂蒂蒂蒂蒂蒂蒂蒂蒂蒂蒂,Chechen See Old Hostil New Mosc Policy
Kerry Challenges Bush to Weekly Debates (Reuters),World,Kerry Challenge Bush to Weekly Debate (Reuters),Kerry Challenges Bush Weekly Debates,Kerry Challenge Bush Weekly Debate,Kerry Challen Bush Weekly Debat Reuters,Kerry Challen Bush Weeki Debat
Sistani Urges Supporters to Wait at Najaf Gates,World,Sistani Urge Supporter Wait at Najaf Gate,Sistani Urges Supporters Wait Najaf Gates,Sistani Urge Supporter Wait Najaf Gate,Sistan urg supp wait at Najaf gate,Sistan urg supp wait Najaf gate
Sharon Again Threatens Action Against Arafat,World,Sharon Threaten Action Against Arafat,Sharon Again Threatens Action Arafat,Sharon Threaten Action Arafat,Sharon Again Threaten Act Against Arafat,Sharon Again Threaten Action Arafat
"Mobile Homes a Danger in Hurricane Zones, Owners Say",Business,"Mobile home a danger in hurricane zone, owner say",Mobile Homes Danger Hurricane Zones Owners Say,Mobile home danger hurricane zone owner,mobile home danger hurricane zone owner say,Mobile Home Danger Hurricane Zone Owner Say
Man Sentenced to Life for N.Irish Finucane Murder,World,Man Sentence to Life for N.Irish Finucane Murder,Man Sentenced Life N Irish Finucane Murder,Man Sentence Life N Irish Finucane Murder,Man Sentenc life for N.Irish Finucan Murder,Man Sentenc life n Irel finucan murder
Ex-Worker Sues RNC for Discrimination (AP),World,Ex-Worker Sue RNC for Discriminate,Ex Worker Sues RNC Discrimination,Ex Worker Sue RNC Discriminate,Ex-Wor Sues RN For Discriminatio,Ex Work Sues RNCDiscriminatio
UK Terrorist Suspects Have Case Sent to Old Bailey (Update2),World,UK Terrorist Suspect Have Case Send to Old Bailey (Update2),UK Terrorist Suspects Case Sent Old Bailey,UK Terrorist Suspect Case Send Old Bailey,uk terror suspect case sent to old bailey (update2),UK Terrori Suspec Cas Sent Old Bailey
"Explosion in Iraq Kills 1, Injures 2",World,"Explosion in Iraq Kill 1, Injure 2",Explosion Iraq Kills Injures,Explosion Iraq Kill Injure,"Explosi Iraq Kill 1, Injur 2",Explod Iraq Kill Injuri
Intelligence soldier pleads guilty in US Abu Ghraib abuses,World,Intelligence soldier plead guilty in US Abu Ghraib abuse,Intelligence soldier pleads guilty Abu Ghraib abuses,Intelligence soldier plead guilty US Abu Ghraib abuse,Intelligenc soldi pleas guilty in US Ab Ghrai abus,Intelligenc soldi plea guilty Abu Grabi abus
Second Explosion Rocks Texas Gas Facility,World,Second Explosion Rock Texas Gas Facility,Second Explosion Rocks Texas Gas Facility,Second Explosion Texas Gas Facility,Second Explod Rock Texas Gas Faciliteit,Second Explod Rock Texas Gas Facil
Hu Becomes China #39;s New Military Leader,World,Hu Become China's New Military Leader,Hu Becomes China Military Leader,Hu Become China's New Military Leader,Hu BeCn Chns Nw MltlDrdr,Hu Becom Chin Militi Lead
Italy set for Libya migrant talks,World,Italy set for Libya migrant talk,Italy Libya migrant talks,Italy Libya migrant talk,Italy set libya migr talk,Ital Lib migrant talk
US Says Israel Still Following Peace  #39;Road Map #39;,World,US Say Israel Still Follow Peace 'Road Map',US Says Israel Still Following Peace Road Map,US Israel Peace Road Map,US Say Israel Still Follow Peace Road Map,US Say Israel Stil Follow Peace Road Map
Lourdes needs manna from heaven,World,Lourdes need manna from heaven,needs man heaven,Lourdes need manna heaven,Lourd need mann from heaven,need man heaven
Britain Hopes and Prays for Hostage in Iraq (Reuters),World,Britain Hope and Pray for Hostage in Iraq,Britain Hostage Iraq,Britain Hope Pray Hostage Iraq,britain hope and pray for hostage in iraq Reuters,Brittan Hostag Iraq
Error Puts Kennedy on Airline No-Fly List,World,Error Put Kennedy on Airline No-Fly List,Error Kennedy Airline No-Fly List,Error Put Kennedy Airline No-Fly List,Erro Puts Kennedi On Airlin No-fly List,Erro Kennedn Airlin No-Fly List
U.S. Takes Action Against 2 Foreign Banks (AP),World,U.S. Take Action Against 2 Foreign Bank (AP),USTakesActionAgainstForeignBanks,U S Take Action Foreign Bank,U S Take Acti Against Foreign Bank AP,USTakActAgainForStrBank
"U.S. Near Seizing bin Laden, Official Says",World,"U.S. near seize bin Laden, official say",U SN Seizing bin Laden Official Says,U S seize bin Ladenofficial,"U.S. Near Seize bin Laden, Official Say",US Seizin bin Laden Officail Say
France marks the ''other D-Day'',World,France mark the other D-Day,France marks other D-Day,France mark D-Day,franc mark other d-day print,France mark other D-Day
Iran Threatens Israel on Nuclear Reactor (AP),World,Iran Threaten Israel on Nuclear Reactor (AP),Iran Threatens Israel Nuclear Reactor,Iran Threaten Israel Nuclear Reactor,Iran Threaten Israe On Nucle Reactor,Iran Threaten Isra Nuclear Reactor
UN war crimes tribunal delays Miloevic trial by nearly a month,World,UN war crime tribunal delay Milosevic trial by nearly a month,UN war crimes tribunal delays Miloevic trial,UN war crime tribunal delay Milosevic trial month,UN war crim trib delai Miloevi trial by near month,UN war crime tribun delay Milovic trial
Miami Rallies to Beat Florida St. in OT,World,Miami Rally Beat Florida St. in OT,Miami Rallies Beat Florida St OT,Miami Rally Beat Florida St OT,Miam Rallies to Beat Florid St. in OT,Miam Rallie Beat Florid St OT
Bangladesh opposition unites to oust Zia government,World,Bangladesh opposition unite to oust Zia government,Bangladesh opposition unites oust Zia government,Bangladesh opposition unite oust Zia government,Bangladeshi oppositi unifi to oust Zia govern,Bangladesh oppositi unitt oust Zia gubernment
China appeals to North Korea to go ahead with nuclear talks,World,China appeal North Korea go ahead with nuclear talk,China appeals North Korea nuclear talks,China North Korea nuclear talk,China appela north Korea to go ahead with nucleu talk,Chin appea North Kore nuclem talk
Week Ahead: Stocks May Rally if Oil Eases,Business,Week Ahead: Stock May Rally if Oil Ease,Week Ahead Stocks May Rally Oil Eases,Week Ahead Stock May Rally Oil Ease,Week Adv: Stk May Rl if Oil Eas,Week Adv Stocks May Rally Oil Ease
"Allawi Touts Iraq Progress, Thanks U.S.",World,"Allawi Touts Iraq Progress, Thank U.S.",Allawi Touts Iraq Progress Thanks U.S.,Allawi Touts Iraq Progress Thank U.S.,"Allawi Tout Iraq Progresse, Thansk U.S.",Allawi Tout Iraq Progress Than U.S.
Rooney set for Man Utd,World,Rooney set for Man Utd,Rooney Man Utd,Rooney Man Utd,Rooney set for Man Utd,Rooney Man Utd
Milosevic to open trial defence,World,Milosevic open trial defence,Milosevic trial defence,Milosevic trial defense,Milosevi to open tria defens,milosevic trial defens
Huge fire erupts at ammunition depot in eastern India; thousands evacuated (Canadian Press),World,Huge fire erupt at ammunition depot in eastern India; thousand evacuate (Canadian Press),Huge fire erupts ammunition depot eastern India thousands evacuated,Huge fire erupt ammunition depot eastern India thousand evacuate,huge fir erupt at ammun depot in orient india; thou evacuat (canadian press),huge fire erupt ammunition depot east India thousand evacuat
"Japan, ASEAN agree to start FTA negotiations next April",Business,"Japan, ASEAN agree to start FTA negotiation next April",Japan ASEAN agree start FTA negotiations next April,Japan ASEAN agree start FTA negotiation next April,"Jap, ASEAN agr to start FTA neg next Apr",Jap ASEAN agrem start FTA nego next Apr
Moment of decision hascome for N. Ireland peace: Blair,World,moment of decision has come for n ireland peace: blair,Moment decision come N Ireland peace Blair,moment decision come ireland peace Blair,moment decisi have come for ni pale decis blair,Moments decis come N Ire peace Blair
Foreign National Shot Dead in Saudi Capital,World,Foreign National Shoot Dead in Saudi Capital,Foreign National Shot Dead Saudi Capital,Foreign National Shoot Dead Saudi Capital,Foreign Nation Shoot Dead In Saudi Capit,Foreign Nation Shoot Dead Saud Capital
Major attack by rebels on Nepalese town,World,Major attack by rebel on Nepalese town,Major attack rebels Nepalese town,Major attack rebel Nepalese town,Major attack by rebell on Nepals town,Major attack rebell Nepali town
Annan UN Council Should Vote ''Yes'' on Sudan Draft (Reuters),World,Ann UN council should vote yes on Sudan draft (Reuters),UN Council Sudan Draft,Ann council vote Sudan draft,Ann UN Counc Shoul Vot 'Y' on Sud Draft (Reut),UN Coun Sud Draft
Results of Presidential Campaign Polls (AP),World,Results of Presidential Campaign Polls (AP),Results Presidential Campaign Polls,Results Presidential Campaign Polls,Results Presidnt Campg Poll AP,Result Presidента Campagn Poll
Editorial: End of Siege,World,Editorial: End,End Siege,Editorial: End,Editori: End Siege,End Sieg
I will stay army chief until 2007: Musharraf,World,I will stay army chief until 2007: Musharraf,will stay army chief until Musharraf,will stay army chief until Musharraf,I will stai armi chei untill 2007: Musharraf,will stay armi chief until Musharraf
"Al-Zarqawi claims responsibility for Baghdad, Baqouba operations &lt;b&gt;...&lt;/b&gt;",World,"Al-Zarqawi claim responsibility for Baghdad, Baqouba operation...",Al-Zarqawi claims responsibility Baghdad Baqouba operations,Al-Zarqawi claim responsibility Baghdad Baqouba operation,"Al-Zarqaw claim responsibl Baghdad, Baqouba operat &lt;b&gt;...&lt;/b&gt;",Al-Zarqai claim responsibl Baghdad Baqouba operation
Guatemala to pay paramilitaries,World,Guatemala pay paramilitary,Guatemala pay paramilitaries,Guatemala pay paramilitary,Guatemal pay paramilitar,Guatemal pay paramilitar
Terror fears hang over Australian election (AFP),World,Terror fear hang over Australian election AFP,Terror fears Australian election,Terror fear hang over Australian election,Terrori fear hang over Australia elect (AFP),Terrorist fear Australia elect
Kuwait Firm Says Its Truckers Held in Iraq Freed,World,Kuwait Firm Say Its Trucker Hold In Iraq Free,Kuwait Firm Truckers Held Iraq Freed,Kuwait Firm Trucker Hold Iraq Free,Kuwait Firm Say Its Trucker Hold In Iraq Free,Kuwaiti Firm Trucker Held Iraqi Freed
Yudhoyono confirmed as winner,World,Yudhoyono confirm win,Yudhoyono confirmed winner,Yudhoyono win,Yudh confirm as win,Yudhoyon confirmin winnder
Cheney Is a Quiet Force Behind Bush Presidency (Reuters),World,Cheney be a quiet force behind Bush presidency (Reuters),Cheney Force Behind Bush Presidency,Cheney Bush presidency,Chen Is a Quiet For Behind Bush Presi,Cheney Force Behin Bush Presid
Top Iraqi Shi #39;ite Cleric Arrives in Al-Najaf,World,Top Iraqi Shi'ite Cleric Arrive in Al-Najaf,Top Iraqi Shiite Cleric Arrives Al-Najaf,Top Iraqi Shi'ite Cleric Arrive Al-Najaf,Top Iraqui Shi#39;ite Cleric Arrive in Al-Najaf,Top Iraqui Shiit Cleri Arriv Al-Najaf
Bali bomb conspirator escapes punishment for the crime,World,Bali bomb conspirator escape punishment for the crime,Bali bomb conspirator escapes punishment crime,Bali bomb conspirator escape punishment crime,Bali bomb conspir escape punish crime,bali bomb conspir escape punish crim
August Unemployment Dips to 5.4 Percent,Business,August Unemployment Dip to 5.4 Percent,August Unemployment Dips Percent,August Unemployment Dip Percent,Aug unstem dip to 5.4 perc,Augunemp Dip Percen
Sudan: Annan calls for expanded international presence to stop &lt;b&gt;...&lt;/b&gt;,World,Sudan: Annan call for expand international presence to stop,Sudan Annan calls expanded international presence stop,Sudan Annan call expand international presence stop,Sudan: Annan call for expand international presence to stop,Sudan Annan call expand intern presenc stop
Blast in Baghdad Rebel District Kills at Least 35,World,Blast in Baghdad Rebel District Kill at Least 35,Blast Baghdad Rebel District Kills At Least 35,Blast Baghdad Rebel District Kill At Least 35,Blast in Baghda Re却没 Kill at Least 35,Blast Baghdistan Rebel Distrikt Kill At Least 35
IAEA Details S. Korean Nuclear Program,World,IAEA Detail South Korean Nuclear Program,IAEA Details S Korean Nuclear Program,IAEA Detail South Korean Nuclear Program,IAEA Detail S Korea Nuclear Progam,IAEA Detail S Korean Nuclear Prog
"U.S. Deaths in Iraq Top 1,000; Aid Groups Eye Exit",World,"U.S. Death in Iraq Top 1,000; Aid Group Eye Exit","U.S. Deaths Iraq Top 1,000 Aid Groups Eye Exit",U.S. Death Iraq Top 1000 Aid Group Eye Exit,us death in irak top 1000 aid group eye exit,U.S. Death Iraq Top 1000 Aid Group Eye Exit
Pan-African Parliament Opens in South Africa,World,Pan African Parliament Open South Africa,Pan-African Parliament Opens South Africa,Pan African Parliament Open South Africa,Pan Afric Parl Open South Afric,Pan Afr Parliament Open South Afr
Sadly Fulfilling Marine''s Dream,World,Sadly Fulfill Marine's Dream,Sadly Fulfilling Marine Dream,Sadly Fulfill Marine Dream,Sad Fulfil Marin Dream,Sad Fulfil Marin Dream
India tests missile before talks,World,India test missile before talk,India tests missile talks,India test missile talk,Indi test missil before talk,Indi test missil talk
HIV warning for Asia drug users,World,HIV warning for Asia drug user,HIV warning Asia drug users,HIV warning Asia drug user,HIV warn Asia drug user,HIV warn Asia drug user
Greek Sprinters Withdraw From Olympics,World,Greeks Withdraw From Olympics,Greek Sprinters Withdraw Olympics,Greeks Withdraw Olympics,Greeks Sprint Withdraw From Olymp,Greeks Sprint Withdraw Olympics
"Over half world''s homes have running water, WHO report finds",World,"Over half the world's homes have water, WHO report finds.",Over half world's homes have running water WHO report finds,Over half world homes have water WHO report finds,"Over hal worlds hom hav run water, WHO report find",Over half worls' homs hav runn water WHO report find
Court asked to delay fund director rule ,Business,Court ask delay fund director rule,Court asked delay fund director rule,Court delay fund director rule,Cour ask delay fund direct rule,Cour ask delay fund direct rule
New Satellite Photos May Show New Iran Nuclear Site (Reuters),World,New Satellite Photo May Show New Iran Nuclear Site,New Satellite Photos May Show New Iran Nuclear Site,New Satellite Photo May Show New Iran Nuclear Site,new satellite phot may show new iran nuclic site,New Satellit Photo May Show New Iran Nuclei Site
Bush Offers Sympathy at Russian Embassy (AP),World,Bush Offer Sympathy At Russian Embassy (AP),Bush Offers Sympathy Russian Embassy,Bush Offer Sympathy Russian Embassy, Version Bush Offer Sympat Russ Embass,Bush Offer Symпат Symb Embassy
Croatia Removes Nazi-Era Leaders'' Plaques,World,Croatia Remove Nazi-Era Leader's Plaque,Croatia Removes Nazi-Era Leaders' Plaques,Croatia Remove Nazi Era Leader Plaque,Croatia Remov Nazi-Era Leader Plaque,Croatia Remov Nazi-Era Leader Plaque
Nigerian Senate orders Shell to pay 1.5 billion dollar compensation (AFP),World,Nigerian Senate order Shell pay one billion dollar compensate (AFP),Nigerian Senate orders Shell pay billion dollar compensation,Nigerian Senate order Shell pay billion dollar compensate,Nigerian Senat order Shell to pay 1.5 billion dollar compensatio,Nigerian Senat order Shell pay billion dollar compensati
World horrified at bloody end to Russian hostage crisis (AFP),World,World horrify at blood end to Russian hostage crisis (AFP),horrified bloody end Russian hostage crisis,World horrify blood end Russian hostage crisis,World horrif bloo end to Russi hostag cris AFP,horrif bloo ende russi hostag cris
Navistar''s Paper Profit Puffery,Business,Navistar's Paper Profit Puffery,Navistar Profit Puffery,Navistar Profit Puffery,Navistar's Pap Pap Prof Arg Argu Puff Argu,Navistar Profitt Argu
Rwandan priest to be tried for alleged role in 1994 genocide (AFP),World,Rwandan priest to be tried for alleged role in 1994 genocide (AFP),Rwandan priest tried alleged role 1994 genocide,Rwandan priest tried alleged role 1994 genocide,Rwandan priest to tri for alg role in 1994 genoc Idep AFP,Rwandan priest triy alledged role 1994 genocid
14 Palestinian Militants Killed in Gaza,World,14 Palestinian Militant Kill in Gaza,14 Palestinian Militants Killed Gaza,14 Palestinian Militant Kill Gaza,14 Palestiniann Militant Kill in Gaz,14 Palestini militan kill gaza
Kerry Bashes Bush on Assault Weapons Ban,World,Kerry Bash Bush on Assault Weapon Ban,Kerry Bashes Bush Assault Weapons Ban,Kerry Bash Bush Assault Weapon Ban,Kerry Bash Bush on Assult Weapon Ban,Kerry Bash Bush Assalt Weapon Ban
Najaf Fighting Resumes Amid Peace Mission,World,Najaf Fight Resume Amid Peace Mission,Najaf Fighting Resumes Amid Peace Mission,Najaf Fight Resume Peace Mission,Najaf Figh Resum Ami Peac Missi,Najaf Figh Resum Ami Peac Missiou
General: Bin Laden Still Issuing Orders,World,General: Bin Laden Still Issue Order,Bin Laden Issuing Orders,Bin Laden Still Issue Order,General: Bin Ladn Sti Issuing Orderr,Bin Ladd Issue Order
Israel PM vows to bring Labour into government despite vote by &lt;b&gt;...&lt;/b&gt;,World,Israel prime minister vow to bring labour into government despite vote by,Israel PM vows bring Labour into government vote,Israel prime minister vow bring labour government vote,Israel PM vows to bring Labou into govern despite vot by...,Israel PM vow bring Labou into government vot
Nations: N. Korea Cloud Isn''t Nuke Blast,World,Nations: N Korea cloud be Nuke blast,N Korea Cloud Isn''t Nuke Blast,N Korea Nuke blast,Nation: N. Korea Clou Isn''t Nuk Blast,n kore cloud nst nuke blast
Palestinian gunmen kill 3 Israelis in Gaza,World,Palestinian gunman kill Israeli in Gaza,Palestinian gunmen kill Israelis Gaza,Palestinian gunman kill Israeli Gaza,Palestin gunnam kill israel in Gaz,Palestin gunnam kil Israel Gaz
Lebanon slams US-inspired UN draft,World,Lebanon slam US inspire UN draft,Lebanon slams UN draft,Lebanon US UN draft,Lebann slam US-inspir UN draft,Lebanon slam UN draft
Fatal accidents damage Japan #39;s nuclear dream,World,Fatal accident damage Japan's nuclear dream,Fatal accidents damage Japan's nuclear dream,Fatal accident damage Japan nuclear dream,Fatal accid damag Japn nucle drea,Fatal accid damag Japn's nucle dream
A new broom in Jakarta,World,A new broom in Jakarta,new broom Jakarta,new broom Jakarta,a new broom in jakarta,new broom jakarta
US Marines Die In Fallujah Car Bombing,World,US Marine die in Fallujah car bombing,US Marines Die Fallujah Car Bombing,US Marine Fallujah car bombing,US Marini Die In Fallujah Car Bombing,US Marini Die Fallujah Car Bombing
Cats may carry the bird flu virus,World,Cats may carry the bird flu virus,Cats bird flu virus,Cats bird flu virus,Cats may carri bird fl virus,Cat Bird Flu Virus
Mortar Attack Kills 27 at Kufa Mosque,World,Mortar Attack Kill 27 at Kufa Mosque,Mortar Attack Kills,Mortar Attack Kill 27 Mosque,Mortar Attak Kill 27 at Kufa Mosic,Mortar Kill
Sadr Aide Tells Iraq Militia to Cease Fire -- TV,World,Sadr aide tell Iraq militia to cease fire -- TV,Sadr Aide Tells Iraq Militia Cease Fire TV,Sadr aide tell Iraq militia cease fire TV,Sadr Aid Tell Iraq Militia Ceas Fir -- TV,Sadr Aide Tell Iraq Militia Ceas Fir TV
Kerry Pulls Ad of McCain Smear Complaint (AP),World,Kerry Pull Ad McCain Smear Complaint AP,Kerry Pulls Ad McCain Smear Complaint,Kerry Pull Ad McCain Smear Complaint,Kerry Pull Ad McCann Smear Complain AP,Kerry Pulls Ad McCain Smear Complai
China Criticizes Chen for Remark on Taiwan #39;s Name,World,China Criticize Chen for Remark on Taiwan's Name,China Criticizes Chen Remark Taiwan Name,China Criticize Chen Remark Taiwan Name,China Criticiz Stem Chen Remak Taiwan Stem Name,Chin Criticiz Chin Remar Taiwan Nam
16 killed in suicide bombings in Israel,World,16 kill in suicide bombing in Israel,16 killed suicide bombings Israel,16 kill suicide bombing Israel,16 kille in suicid bomb in Isra,16 kille suicid bombing Isr
Oil Prices Surge to \$45 on Russia Concerns,Business,Oil Price Surge to $45 on Russia Concern,Oil Prices Surge \$45 Russia Concerns,Oil Price Surge $45 Russia Concern,Oil Pric Surg to \$45 on Russi Concern,Oil Pric Surg \$45 Russi Concern
"Relatives plead for release of two Americans, Briton held hostage &lt;b&gt;...&lt;/b&gt;",World,"Relatives plead for release of two American, Briton hold",plead release Americans Briton held hostage,Relatives plead release American Briton,Relativ plea releas Amerikan Brit hold hostage,pleas releas amerikans britann hold hostag
Two Iraqi Ministers Targeted in Separate Attacks,World,Two Iraq Minister Target in Separate Attack,Two Iraqi Ministers Targeted Attacks,Two Iraq Minister Target Attack,Two Iraq Ministr Target Separ Attak,Two Iraq Min Attack
Prison workers walk out over pay,World,Prisoner worker walk out over pay,Prison workers walk out pay,Prisoner worker walk out pay,Prison work walk out over pay,Prison work walk out pay
France: A year after the heatwave,World,France: A year after the heat.,France year heatwave,France year heat,France: A yr aft hrwtv,Franc year heatwav
Deal frees US ''enemy combatant'',World,Deals free US enemy combatant,Deal frees US enemy combatant,Deals US enemy combatant,dealm fre us enem combatu,Deal free US enemy combat
House Blocks Court on Pledge Case Rulings,World,House Block Court on Pledge Case Rule,House Blocks Court Pledge Case Rulings,House Block Court Rule Pledge Case,Hous Block Cour Pledg Cas Rulin,Hous Block Cour Pledg Cas Rulin
EU irked by Turkish adultery law,World,EU irk by Turkish adultery law,EU irked Turkish adultery law,EU Turkish adultery law,EU irk turk adul law,EU irk Turk adulter law
47 dead in Baghdad market blast,World,47 dead in Baghdad market blast,47 dead Baghdad market blast,47 dead Baghdad market blast,47 dead in bagg blast,47 dead Bagdad markt blast
Iran makes nuclear offer,World,Iran make nuclear offer,Iran nuclear offer,Iran nuclear offer,Iran mak核 offer,Iran nuclear offer
"U.N. Reports Progress on Health, Poverty (AP)",World,"u.n. report progress on health, poverty",Reports Progress Health Poverty,report progress health poverty,unreportsprogressonhealthpoverty,Report Progess Heal Poverty
Over 35 killed in car bombing at Baghdad police station,World,Over 35 kill in car bomb at Baghdad police station,35 killed car bombing Baghdad police station,Over 35 kill car bomb Baghdad police station,Over 35 kille in car bomb at Bagd police stat,35 kille car bomb Bagdad polic station
Pipeline blast kills 12 in Lagos,World,Pipeline blast kill 12 in Lagos,Pipeline blast kills,Pipeline blast kill,Pipel lin blast kill 12 in Lagos,Pipel lin blast kill
Bill Gates to Upgrade Fun,Business,Bill Gate to Upgrade Fun,Bill Gates Upgrade Fun,Bill Gate Upgrade Fun,Bill Gates to Upgrad Fun,Bill Gates Upg fun
HK Plays Down Talk of Smear Campaign Ahead of Vote,World,HK Play Down Talk of Smear Campaign Ahead of Vote,HK Plays Talk Vote,HK Play Talk Vote,HK Play Down Talk Smear Campany Ahead Of Vote,HK Play Talk Vote
Middle class is richer because of these tax cuts,Business,Middle class be richer because tax cut,Middle class richer tax cuts,Middle class richer tax cut,middle clas is rich because of these tax cut,middle clas rich tax cut
Giving Voice to A Billion Things (Forbes.com),Business,Giving Voice To A Billion Things,Giving Voice Billion Things,Giving Voice Billion Things,Giving Voice To A Billi Thing (Forbescom),Giving Voice Billion Thing
Oil Holds Near \$47,Business,Oil Hold Near $47,Oil Holds \$47,OilHoldNear47,Oil Hold Near \$47,Oil Hold \$47
"Centene buys Medicaid plan, stock rises 10 pct",Business,"Centene buy Medicaid plan, stock rise 10 percent","Centene buys Medicaid plan, stock rises pct",Centene buy Medicaid plan stock risepercent,"Centen buy Meditid plan, stock ris 10 pct","Centen buy Meditid plan, stock ris pct"
"Oil Slides, Najaf Peace Deal Struck",Business,"Oil Slide, Najaf Peace Deal Strike",Oil Slides Peace Deal Struck,Oil Slide Peace Deal Strike,"Oil Slid, Najaf Peac Deal Struk",Oil Slide Peace Deal Strike
Coup for Lockheed,Business,Coup Lockhill,Coup Lockheed,Coup Lockhill,Coupfor Lockheed,CoupLockheed
SEC focusing on drug makers ,Business,SEC focus on drug maker,SEC focusing drug makers,SEC focus drug maker,SEC focussing drug maker,SEC focuss drug maker
Washington Post Managing Editor Stepping Down,Business,Washington Post Manage Editor Step Down,Washington Post Managing Editor Stepping Down,Washington Post Manage Editor Step Down,washington post manage editor stepping down,washingt post manag edit stpp downde
Enron to pay \$321 million in pensions,Business,Enron pay $321 million in pension,Enron pay pension,Enron pay pension,Enron to pay \$\{m\$ in peneion,Enron pay pension
Cold Winter Seen Boosting Heating Demand,Business,Cold Winter See Boost Heat Demand,Cold Winter Boosting Heating Demand,Cold Winter Boost Heat Demand,Cold Winter Seen Boost heating Demand,Cold Wint Boost Heate Demand
Hutchison mobile IPO aims to raise 2 billion,Business,Hutchison mobile IPO aim raise 2 billion,Hutchison mobile IPO aims raise billion,Hutchison mobile IPO aim raise billion,Hutchison mobil IPO aim rais 2 billion,Hutchison mobil IPO aim rais billion
Lion Nathan sells up Chinese operation,Business,Lion Nathan sell Chinese operate,Lion Nathan sells Chinese operation,Lion Nathan sell Chinese operate,Lion Nathan sell Chin operatio,Lion Nathan sell Chin operatie
HHS Buys ''Experimental'' Glaxo Flu Vaccine (Reuters),Business,HHS Buy Experimental Glaxo Flu Vaccine,HHS Buys Glaxo Flu Vaccine,HHS Buy Experimental Glaxo Flu Vaccine,HHS buy experiment glaxo flu vaccine,HHS Buy Glaxo Flu Vaccin
Mutual Funds Reveal Shareholder Votes,Business,Mutual Fund Reveal Shareholder Vote,Mutual Funds Reveal Shareholder Votes,Mutual Fund Shareholder Vote,Mutual Fun Reveal Sharehol Vote,Mutual Fun Reveal Share Vot
Light crude slips back,Business,Light crude slip back,Light crude slips,Light crude slip back,Light crude slip back,Light crude slip
Profits rise as AGL flags NZ sale,Business,Profits rise as AGL flag NZ sale,Profits rise NZ sale,Profits rise NZ sale,Profits ris AGL flag NZ sal,Profits ris NZ sal
Martha Stewart Asks Judge Jail Me Now,Business,Martha Stewart Ask Judge Jail Me Now,Martha Stewart Asks Judge Jail,Martha Stewart Judge Jail,Marth Stewart Asks Judg Jail Me Now,Marth Stewar Stea Jail Judg Jail
EDS stung by US Airways again,Business,ED stung by US Air again,EDS stung US Airways,ED US Air again,ED stung by US Air again,ED st US Airway
Vivendi Flashes V for Victory,Business,Vivendi Flash V victory,Vivendi Flashes V Victory,Vivendi Flash V,Vivendi Flash V Victorie,Vivendi Flash V Victori
Long-Short Funds Have Uneven Record (Investor''s Business Daily),Business,Long Short Fund Have Uneven Record Investor''s Business Daily,Long Short Funds Uneven Record,Long Short Fund Record Investor Business Daily,Long Short Fund Have Uneven Record Investor Business Daily,Long Short Fund Uneven Record
Oil price pushes toward \$50 a barrel,Business,Oil price push toward \$50 a barrel,Oil price pushes \$50 barrel,Oil price toward \$50 barrel,Oil pric push toward \$50 a barrel,Oil pric push \$50 barrel
Samsung unveils 2-gigabyte chip,Business,Samsung unveil 2-gigabyte chip,Samsung unveils chip,Samsung unveil chip,samsung unveil 2-gigabyte chip,Samsung univl chip
"Colgate-Palmolive, Unilever issue warnings",Business,Colgate-Palmolive Issue Warning Unilever Issue Warning,Colgate-Palmolive Unilever issue warnings,Colgate-Palmolive Issue Warning Unilever Issue Warning,"Colgat-Palmoliv, Unilيفer issu warn",Colgat-Palmoliv-Uniliv issu warn
S P Lifts Calif. Bond Rating 3 Notches (Reuters),Business,S P Lift Calif. Bond Rating Notch (Reuters),S Lifts Calif Bond Rating Notches,SPLiftCalifBondRatingNotch,S P Lifts Calif. Bond Rat St 3 Notch (Reutrs),S Lift Calif Bond Ratin Notch
FSA rejects call to rescue savers,Business,FSA reject call to rescue saver,FSA rejects call rescue savers,FSA reject call rescue saver,FSA rejec call resce saver,FS reject call rescu sav
Circuit City Q3 same-store sales fall,Business,Circuit City Q3 same-store sale fall,Circuit City Q3 sales fall,Circuit City Q3 same-store sale fall,Circuity Q3 same-stor sale fall,Circuits City Q3 sal fall
Office Depot Won #39;t Meet Analysts #39; Earnings Estimates for 3 Qtr,Business,Office Depot Will Not Meet Analysts' Earnings Estimate for 3 Qtr,Office Depot Won't Meet Analysts' Earnings Estimates for Qtr,Office Depot Will Not Meet Analysts Earnings Estimate for Qtr,Offic Dep Won ntl Wnt Mt nlyst nty n rny qtr,Offic Dep Won't Meet Analys Estimat for Qtr
AT amp;T team wins \$1bn network deal,Business,AT&T team win $1bn network deal,AT&T team wins network deal,AT&T team win network deal,AT&T team win $1bn networ deal,AT&T team win network deal
"Fannie Mae to increase capital WASHINGTON, Sept 27 (Reuters)",Business,"Fannie Mae to increase capital WASHINGTON, Sept 27 (Reuters)",Fannie Mae increase capital,Fannie Mae increase capital,"FanninMai to increas capit Washingt ton, Sept 27 (Reuter)",Fannin increas capacit
Florida recovers from Hurricane Charley,Business,Florida recover Hurricane Charlie,Florida recovers Hurricane Charley,Florida recover Hurricane Charlie,Florid recovr from Hurrican Charley,Florid recovHurican Charle
Dutch Firm Beats Apple to Punch,Business,Dutch Firm Beat Apple to Punch,Dutch Firm Beats Apple Punch,Dutch Firm Beat Apple Punch,Dutch Firm Beat Apple To Punch,Dutch Firm Beat Apple Punch
Stocks End Barely Higher,Business,Stock End Barely Higher,Stocks End Higher,Stock Barely Higher,Stocks End Barely High,Stock End High
Carnival sails to higher 3Q profit,Business,Carnival sail to high third quarter profit,Carnival sails higher 3Q profit,Carnival sail third profit,Carnival sail to high third profit,Carnival sail high profit
Brown-Forman: Family Trust Boosts Volume,Business,Brown-Forman: Family Trust Boost Volume,Brown-Forman Boosts Volume,Brown-Forman Boost Volume,Brown Forman Famil Trust Boost Volum,Brown-Form Boost Vol
"IBM to sell computer unit, in talks with China #39;s Lenovo",Business,"ibm to sell computer unit, in talk with china's lenovo",IBM sell computer unit talks China's Lenovo,ibm sell computer unit talk china's lenovo,"ibm to sell comput unit, in talk with chin #39;s lenovo",IBM sell comput unit talk Chin's Lenovo
Rethinking Big Pharma,Business,Rethink Big Pharma,Rethinking Pharma,Rethink Big Pharma,Rethink Big Pharm,Rethink Pharmed
Drug Giant to Release Trial Results on Web,Business,Drug Giant to Release Trial Result on Web,Drug Giant Release Trial Results Web,Drug Giant Release Trial Result Web,Drug Gian to Releas Trial Resul on Web,Drug Gig Relas Tryal Resul Web
Granite Gets Two Highway Repair Deals,Business,Granite Get Highway Repair Have,Granite Gets Two Highway Repair Deals,Granite Highway Repair,Granite Get Two Highway Repairs Deal,Granite Get Two Highway Repairs Deal
YUKOS seen getting respite despite tax deadline,Business,YUKOS see get respite despite tax deadline,YUKOS getting respite tax deadline,YUKOS see get respite despite tax deadline,YUKOS seen get respite despite tax deadline,YUKOS get respite tax deadline
BofA pledges to move unit to Boston,Business,BofA pledge to move unit to Boston,BofA pledges move unit Boston,BofA pledge move unit Boston,BoFA pledg mov unit to Bost,BofA pledg mov unit Bos頓
Smithfield Foods Profit High on the Hogs,Business,Smithfield Food Profit High on the Hog,Smithfield Foods Profit High Hogs,Smithfield Food Profit High Hog,Smithfiel Food Proft High on th Hog,Smithfiel Food Profi Hog
Truck operators call of week-long strike,Business,Truck operator call week-long strike,Truck operators call strike,Truck operator strike,Truck oper call week-long striket,Truck oper call striken
Travel firms count cost of Ivan,Business,Travel firm count cost of Ivan,Travel firms count cost Ivan,Travel firm count cost Ivan,Travl fir count cosc Ivan,Travell firm count cost Ivan
Delta and pilots trying to curb impact of early retirements,Business,Delta and pilot try to curb impact of early retirement.,Delta pilots trying curb impact early retirements,Delta pilot try curb impact early retirement,delta and pilot try to cur impact of early retir,delta pilot try curb impact early retire
U.S. Treasury Debt Prices Rally (Reuters),Business,U.S. Treasury Debt Price Rally Reuters,U.S. Treasury Debt Prices Rally,U.S. Treasury Debt Price Rally,us treasury debt price rally Reuters,Us Treasur Deb Pri Rall
Stocks Are Seen in a Contemplative Mood,Business,Stock be see in a contemplative mood,Stocks Seen Contemplative Mood,Stock see in contemplative mood,Stock Contemplativ Mood,Stocks Seen Contemplat Mood
"Google goes public, shares surge nearly 20 percent on first day",Business,"Google go public, share surge nearly 20 percent on first day",Google shares surge percent first day,Google public share surge percent first day,"googl go publ, shair surg near 20 percنت on first day",Google share surge perc first day
Coke Loses Quiznos Sandwich Account,Business,Coke Lose Quiznos Sandwich Account,Coke Quiznos Sandwich Account,Coke Lose Quiznos Sandwich Account,Coke Loses Quizno Sandwic Account,Coke Quizno Sandwic Accoun
Top resale value cars,Business,Top resale value car,Top resale value cars,Top resale value car,Top resell value car,Top resell val car
A Trump takes look at Korea,Business,A Trump take look at Korea,Trump looks Korea,Trump Korea,A Trum take look at Kore,Trum look Kora
"IMF: GDP to grow 9 percent this year, 7.5 percent next year",Business,"IMF: GDP grow 9 percent this year, 7.5 percent next year",GDP grow percent year next percent,GDP grow percent year percent next year,"IMF: GDP to grow grow percent this year, percent next year",GDP grow percent year next percent
Update 1: Proposed Bailout of Trump Casinos Shelved,Business,Update 1: Proposed Bailout of Trump Casinos Shelved,Update Proposed Bailout Casinos Shelved,Update Proposed Bailout Casinos Shelved,Updat 1: Propos Bail Trum Cas Shelve,Updat Propos Bailout Casin Shelv
Commercial PC demand boosts market forecast,Business,Commercial PC demand boost market forecast,Commercial PC demand boosts market forecast,Commercial PC demand boost market forecast,CommercPC demand boost market forecast,CommercPC demand boost market forecast
Tokyo Stocks Dip on Profit-Taking,Business,Tokyo Stock Dip on Profit-Take,Tokyo Stocks Dip Profit-Taking,Tokyo Stock Dip Profit-Take,Tokyo Stock Dip Profittak,Tokyo Stock Dip Profit-Tak
AMR Forecast Cut by Analysts,Business,AMR Forecast Cut by Analyst,AMR Forecast Cut Analysts,Forecast Cut Analyst,AMR Forecast Cut By Analys,AMR Forec Cast Cut Analys
Asian Stock Markets Close Mostly Higher,Business,Asian Stock Market Close Mostly High,Asian Stock Markets Close Higher,Asian Stock Market Close High,Asiam Stomat Markts Clos Mosli Higehr,Asiam Stomaark Clos Higehr
Lessons from Google IPO,Business,Lessons from Google IPO,Lessons Google IPO,Lessons Google IPO,Lessons From Googl IPO,Less Google IPO
Hurricane Charley hits Outback,Business,Hurricane hit Outback,Hurricane Charley hits,Hurricane Outback,Hurrican hit Outback,Hurrican charli hit
BA chief to probe delays,Business,BA chief to probe delay,BA chief probe delays,BA chief probe delay,BA chiefto probe delay,BA chief prober probe delay
American Airlines Seeks New Credit Line,Business,American Airline Seek New Credit Line,American Airlines Seeks New Credit Line,American Airline Seek New Credit Line,American Airline Seek New Credit Line,AmeriAir Seek New Credit Lin
Safety Net (Forbes.com),Business,Safety Net (Forbes.com),Safety Net,Safety Net,Safety Net (Forbes com),Safety Net
"WPP Profit Up 11, Aided by Global Advertising Upturn",Business,"WPP Profit Increase 11, Aided by Global Advertising Increase",Profit Up 11 Global Advertising Upturn,Profit Increase 11 Global Advertising Increase,"WPP Profitt Up 11, Aidded by Globl Advertis Upturn",Profitt Up 11 Globl Advertis Upturn
"Blue Chips End Lower, Wal-Mart Weighs",Business,"Blue Chip End Low, Wal-Mart Weigh",Blue Chips End Lower Wal-Mart Weighs,Blue Chip End Low Wal-Mart Weigh,"Blue Chip End Low, Wal-Mart Weigh",Blue Chip End Low Wal Mart Weigh
Chep changes pay off,Business,Changepayoff,Chep pay off,Changepayoff,Chep chang pay off,Chef pay off
Heinz Quarterly Profit Meets Forecasts (Reuters),Business,Heinz Quarterly Profit Meet Forecast,Quarterly Profit Meets Forecasts,Quarterly Profit Meet Forecast,Heinz Quartly Profitt Meet Forecast (Reutrs),Quartil Profitt Meet Forecast
World airlines #39; loss estimate: \$4 billion,Business,World airline loss estimate: $4 billion,World airlines loss estimate: \$4 billion,World airline loss estimate: 4 billion,World airlin lose estima \$4 billion,World airln los esti: \$4 blln
Update 1: Yukos Unit Evaluated for Sale to Pay Bill,Business,Update evaluate unit evaluate sale pay bill,Yukos Unit Evaluated Sale Pay Bill,Update evaluate sale,Updat evaluat unit evalu pay bil,Yukos Unit Evaluat Sell Pay Bill
Corus in black for first time in history,Business,Corpus be black for first time in history,Corus black first time history,Corpus black history,Cor in blak for first tim in hist,Cor black first tim hist
Profit may silence critics: Coles Myer,Business,Profit may silence critic: Coles Myer,Profit silence critics Coles Myer,Profit silence critic Coles Myer,Profitt may silenc critic: Cole Myer,Profits silence critics Coles Myer
Toronto-Dominion in Talks With Banknorth of Maine (Update2),Business,toronto-dominion in talk with banknorth of maine,Toronto Dominion Talks Banknorth Maine,toronto dominion banknorth maine,toronto dominion in talk with banknorth of maine,Toront Dominion Talk Banknorth Main
Chicago Firm Acquires Rouse for \$7.2 Billion,Business,Chicago Firm Acquire Rouse for \$7.2 Billion,Chicago Firm Acquires Rouse \$7.2 Billion,Chicago Firm Acquire Rouse Billion,chi firm acquir rou for \$.72 billion,chi firm acquir rous \$.7 bil
Red Cross will assist in locating relatives,Business,Red Cross will assist in locate relative,Red Cross assist locating relatives,Red Cross assist locate relative,Red Crus rel assist in locat relativ,Red Crus assist locat relativ
Cost Cuts Boost Kmart Quarterly Profit (Reuters),Business,Cost Cut Boost Kmart Quarterly Profit,Cost Boost Kmart Profit,Cost Cut Boost Profit,Cost Cut Boost Kmart Quarterly Profit,Cost Boost Kmart Profit
A highflier laid low,Business,A highfly lay low,highflier laid,highfly lay low,a highflie lay low,highfly lay
Third-Quarter Productivity Slows to 1.8,Business,Third Quarter Productivity Slow To 1.8,Third Quarter Productivity Slows 1. 8,Third Quarter Productivity Slow,Third-Quar Prod Slows,Third Quart Prod Slows 1. 8
Bank Shares Higher As M amp;A Hits Market,Business,Bank Share Hit As M amp;A Hit Market,Bank Shares Higher M amp;A Hits Market,Bank Share M amp;A Market,Banc shar high as M amp;A hit market,Banc Shar High M amp;A Hit Markt
UPDATE 1-Judge approves settlement on CBOT ownership stakes,Business,UPDATE approve settlement on ownership stake,UPDATE Judge approves settlement CBOT ownership stakes,UPDATE approve settlement ownership stake,UPDATJ JUDG APPROVE SETTLEMENT ON CBOT OWNERSHIP STAKES,UPDATE JUDGE APPROVE SETTLEMENT CBOT OWNERSHIP STAKE
Mortgage fraud near  #39;epidemic #39;,Business,Mortgage fraud near epidemic,Mortgage fraud near epidemic,Mortgage fraud epidemic,Mortgag fraud n ear  #'epidem #',Mortgag fraud near epidemic
"US Accepts Venezuela Vote Audit, Calls For Reconciliation",Business,"US accept Venezuela vote audit, call for reconciliation.",US Accepts Venezuela Vote Audit Calls Reconciliation,"US accept Venezuela vote audit, call reconciliation.","US Accpt Venezuela Vot Aud, Call For Reconcil",us accept venezuela vote audit call reconcili
Former CA CEO Charged with Fraud,Business,Former CA CEO Charge with Fraud,Former CEO Charged Fraud,Former CEO Charge Fraud,Former CA CEO Charg fraud,Former CE Chrg Frud
"Wall Street closes higher, but record oil prices cap day #39;s gains",Business,"Wall Street close higher, but record oil price cap day's gain","Wall Street closes higher, record oil prices cap day's gains",Wall Street close higher record oil price cap day gain,"Wall St clos higher, but record oil pric cap day's gain","Wall St clos high, record oil pric cap day gain"
Qantas posts record annual profit,Business,Qantas post record annual profit,Qantas posts record profit,Qantas post record annual profit,Qant post record annual profiT,Qant post record profiT
New York crude smashes past 48 dollars for first time,Business,New York crude smash past 48 dollar for first time,New York crude smashes 48 dollars,New York crude smash past dollar,New York cruc smashes past 48 doll for first tim,New York cruc smashes 48 dollар
NFL Game Tackles Competition,Business,NFL Game Tackle Competition,NFL Game Tackles Competition,NFL Game Tackle Competition,NFL Gam Tackl Competit,NFL Gam Tackl Competit
"Michael Stores Earnings Rise, Shares Fall",Business,"Michael Store Earnings Rise, Share Fall",Michael Stores Earnings Shares,Michael Store Earnings Share,"Mike Store Ear Rise, Share Fall",Mike Sto Earnin Shares
"Coke''s Heyer to Go, May Join Starwood",Business,"Coke's Heyer to Go, May Join Starwood",Coke Heyer Go Join Starwood,Coke Heyer Go Join Starwood,"Coke's Heyer to Go, May Join Starwood",Coke Hey Go Join Starwood
Bollore asks for Havas seat,Business,Bollore ask Havas seat,Bollore asks Havas seat,Bollore Havas seat,Bollore ask havas seat,Bollore ask Havas seat
FTSE 100 dips after bank holiday break,Business,FTSE 100 dip after bank holiday break,FTSE 100 dips bank holiday break,FTSE 100 dip bank holiday break,FTSE 100 dip after bank holiday break,FTSE 100 dip bank holiday break
"Oil Slips Below \$46 on Venezuela, Russia",Business,"Oil Slip Below \$46 on Venezuela, Russia",Oil Slips \$46 Venezuela Russia,Oil Slip Below $46 Venezuela Russia,"Oil Slip Below \$46 On Venezuela, Russia",Oil Slip \$46 Venuezuela Russia
Swiss Army Medicine (Forbes.com),Business,Swiss Army Medicine (Forbes.com),Swiss Army Medicine,Swiss Army Medicine Forbes.com,Swiss Arm Med (Forb.com),Swiss Arm Med
Japan asks Citi to end pvt banking,Business,Japan ask Citi to end private banking,Japan Citi end private banking,Japan Citi end private banking,Jap ask Citi to end pvt bank,Jap citi end priv bank
Farmers to cut rates under settlement,Business,Farmers cut rate under settlement,Farmers cut rates settlement,Farmers cut rate settlement,Farm cut rat under settl,Farmer cut rate settle
Red Cross Calls For More Help For Hurricane Victims,Business,Red Cross Call For More Help For Hurricane Victim,Red Cross Calls Help Hurricane Victims,Red Cross Call More Help Hurricane Victim,Red Crus Call For Mor Hel ForHur Ricin Victim,Red Cr Call Hel Hurric Victim
Earnings Manipulation Suggested at Fannie Mae,Business,Earning manipulate suggest at Fannie Mae,Earnings Manipulation Fannie Mae,Earning manipulate suggest Fannie Mae,Earning Manipul Suggest Fannie Mai,Earning Manipul Fannie Maim
Long summer for airlines,Business,Long summertime for airline,Long summer airlines,Long summertime airline,Long summe airli,Long summe airlin
"Oil prices breach US\$50, setting new mark in Asian trading",Business,"Oil price breach US\$50, set new mark in Asian trade.","Oil prices breach US\$50, setting new mark Asian trading",Oil price US$50 new mark Asian trade,"Oil pric breas US\$50, set new mar in Asian trad","Oil pric breas US\$50, set new mar Asiat trad"
"At Last, Microsoft Starts the Music",Business,"At last, microsoft start the music",Last Microsoft Starts Music,Microsoft start music,"At Last, Micrsoft Start the Musi",Last Micrsoft Star Music
Markets question when Fed will pause on rate hikes,Business,Markets question when Fed will pause on rate hike,Markets question Fed pause rate hikes,Markets question Fed pause rate hike,Markets quest paus Fed will on rate hike,Markets question Fed pause rate hike
UPDATE 2-Judge approves settlement on CBOT ownership stakes,Business,UPDATE JUDGE APPROVE SETTLEMENT ON CBOT OWNERSHIP STAKE,Judge approves settlement CBOT ownership stakes,UPDATE JUDGE APPROVE SETTLEMENT OWNERSHIP STAKE,UPDATE JUDGE APPROVE SETTLEMENT ON CBOT OWNERSHIP STAKE,Judg approv settl CBOT ownshp stake
Cendant breaks off mortgage unit talks,Business,Cendant break off mortgage unit talk,Cendant breaks off mortgage unit talks,Cendant break mortgage unit talk,Candent brak off mortgag unit talk,Candent brak off mortgag unit talk
Big deals alter face of mall industry,Business,Big deal alter face of mall industry,Big deals alter face mall industry,Big deal alter face industry,Big deal alter face of mall indus,Big deal alter face mall industr
ARM buys US tech firm Artisan,Business,ARM buy US tech firm Artisan,ARM buys tech firm,ARM buy US tech firm,ARM buy US tech firm Artisan,ARM buy tech firm
"Cyberonics Up, Andrew Down Before Bell (Reuters)",Business,"Cyberonics Up, Andrew Down Before Bell (Reuters)",Cyberonics Up Andrew Down Before Bell,Cyberonics Up Andrew Down Bell Reuters,Cyber Ont Up And Down Bell Reut,Cyber On Up And Down Be For Bel
"TD Buys Banknorth, Ups Profit, Dividend",Business,"TD Buy Banknorth, Up Profit, Dividend",TD Buys Banknorth Ups Profit Dividend,"Buy Banknorth, Profit, Dividend","TD Buy Banknorth, Up Profitt, Dividend",TD Buys Bank Profits Dividends
Venezuela''s Chavez Wins Recall Referendum (Reuters),Business,Venezuela's win recall referendum (Reuters),Venezuela Chavez Wins Recall Referendum,Venezuela win recall referendum,Venezuela's Chavez Win Recall Referendum (Reut),Venezuela Chavez Win Recall Referendum
"In Google''s Auction, It''s Not Easy to Tell a Bid From a Bet",Business,"In Google's Auction, It's Not Easy to Tell a Bid From a Bet.",Google Auction Bid Bet,Google Auction Bid Bet,"In Googl's Auction, It's Not Easy to Tell a Bid From a Bet",goog bid bet
US Stocks Slide; Shares of Colgate and PMC-Sierra Decline,Business,US Stock Slide; Share of Colgate and PMC-Sierra Decline,US Stocks Slide Shares Colgate PMC-Sierra Decline,US Stock Share Colgate PMC-Sierra Decline,US Stock Slid; Share Of Colgate And PM-Sierra Declin,US Stock Slide Share Colgate PM-Sierra Declin
Critics see political taint,Business,Critics see political taint,Critics see political taint,Critics see political taint,Critics see polit taint,Critic see politic taint
FedEx Hikes Profit Forecast and Cites Demand,Business,FedEx hikes profit forecast and cites demand.,FedEx Hikes Profit Forecast Cites Demand,FedEx hikes profit forecast cites demand,FedHik ProfForandCiteDemAND,FedEx Hik Profor Cit Deman
Adobe Systems to introduce new format for digital photos,Business,Adobe System introduce new format for digital photo,Adobe Systems introduce new format digital photos,Adobe introduce new format digital photo,adobe syst introduc new format digit photo,Adob introduc new format digit phot
Airline to charge \$10 for buying tickets,Business,Airline to charge $10 for buy ticket,Airline charge buying tickets,Airline charge buy ticket,"buy ticketi
Airlin charg \$",Airlin charg buy ticketi
US Airways #39; Pilots Union to Resume Talks With Airline,Business,US Airway Pilot Union to Resume Talk With Airline,US Airways Pilots Union to Resume Talks Airline,US Airway Pilot Union Resume Talk Airline,us airways pilot union to resum talk with airline,us airways pilot union to resume talk airline
Group protests naming center for Moreno,Business,Groups protest name center for Moreno,Group protests naming center Moreno,Groups protest name center Moreno,Group protest name center for Moren,Group protest name center Moren
Tobacco firms deny public misled,Business,Tobacco firm deny public mislead,Tobacco firms deny public misled,Tobacco firm deny public mislead,Tobacc firm den public mislead,Tobacco firm den public mislead
Future Economic Activity Gauge Falls,Business,Future Economic Activity Gauge Fall,Future Economic Activity Gauge Falls,Future Economic Activity Gauge Fall,Future Economi Activit Gauge Fall,Future Econom Activit Gauge Fall
Oil Won #39;t Derail Expansion -Fed Officials,Business,Oil Will Not Derail Expansion - Fed Official,Oil Won't Derail Expansion Fed Officials,Oil Expansion Fed Official,Oil Won't Derail Expansn -Fed Offc,Oil Wont Derail Expansn Fed Offc
Stripped-Down Windows Ready For Europe,Business,Stripped Windows Ready For Europe,Stripped Down Windows Ready Europe,Stripped Windows Europe,Stripp Windows Read For Europ,Stripp Down Windos Readie Europ
"Google faces bumpy IPO road, analysts say",Business,"Google face bumpy IPO road, analyst say.",Google faces bumpy IPO road analysts say,Google face bumpy IPO road analyst say,"googl face bumpy IPO roa, analyst say",Google face bumpy IPO road analyst say
Hollinger Panel Says Owners Took Cash,Business,Hollinger Panel Say Owner Take Cash,Hollinger Panel Owners Cash,Hollinger Panel Owner Take Cash,Holling Panel Say Own Take Cash,Holling Panel Own Cash
Update 4: Tokyo Stocks Open Lower on Oil Surge,Business,Update 0: Tokyo Stock Open Low on Oil Rise,Tokyo Stocks Open Lower Oil Surge,Tokyo Stock Open Low Oil Rise,Updat lower oil surge,Tokyo Stock Open Low Oil Surge
"US Airways, unions seek compromise",Business,US Airway seek compromise,US Airways unions seek compromise,US Airway seek compromise,"US Airway, union seek compromis",US Airway union seek compromis
Why Hugo Chavez Won a Landslide Victory,Business,Why Hugo Chavez Win a Landslide Victory,Hugo Chavez Won Landslide Victory,Hugo Chavez Win Landslide Victory,Why Hugo Chav Win Landslid Victorie,Hugo Chavez Won Landslid Victorie
Alitalia unions force new talks with carrier,Business,Alitalia union force new talk with carrier,Alitalia unions force talks carrier,Alitalia union force talk carrier,alitun union forc new talk wit carricar,alitun forc talk carrir
TD buys majority stake in Banknorth,Business,TD buy Banknorth majority stake,TD buys stake Banknorth,TD buy Banknorth majority stake,TD buy major stake in Banknorth,TD buy stake Banknorth
Interstate Bakeries Files for Bankruptcy,Business,Interstate Bakery File for Bankruptcy,Interstate Bakeries Files Bankruptcy,Interstate Bakery File Bankruptcy,Interstat Baker filing for bankrot,Interstat Baker File Bankrupt
Drug firm agrees to disclose all data,Business,Drug firm agrees to disclose all data,Drug firm agrees disclose all data,Drug firm agrees disclose all data,Drug fir agre to disclos all dat,Drug fir agrea disclos all dat
Venture by Time Warner And Microsoft Unsettles EU,Business,Venture by Time Warner and Microsoft unsettles EU,Venture Time Warner Microsoft Unsettles EU,Venture Time Warner Microsoft unsettles EU,Ventur time Warner And Micrsoft Unsettl EU,Ventur Tim Warner Micro Unsettle EU
US Airways #39; pilots union to oppose wage cuts,Business,US Airway's pilot union to oppose wage cut,US Airways pilots union oppose wage cuts,US Airway's pilot union oppose wage cut,US Airway pilot union to oppos wag cut,US Airway pilot union oppos wag cut
IPO #39;s Success Doesn #39;t Justify Google #39;s Price,Business,IPO's succeed doesn't justify Google's price,IPO Success Justify Google Price,IPO succeed justify Google price,IPO's succ success justify googl price,IPO Succe Justif Googl Pric
Oil Producers Emerging to Sell at Record Prices,Business,Oil Producer Emerg Record Price,Oil Producers Selling Record Prices,Oil Producer Emerg Record Price,Oil Prod Emerg To Sell At Rec Price,Oil Prod Sell Rec Price
Latest scandal puts spotlight back on boards,Business,Latest scandal put spotlight back on board,Latest scandal puts spotlight boards,Latest scandal put spotlight board,Latest scand put spotlight back on board,Latest scand put spotlight board
Before the Bell - Nastech soars 23 pct,Business,Before bell - Nastech soar 23 pct,Before Bell Nastech soars 23 pct,Nastech soar pct,Before Bell - Nastec soa 23 pct,Before Bell Nastech soar 23 pct
Smithfield Doesn #39;t Go Whole Hog,Business,Smithfield do not go whole hog,Smithfield Doesn't Go Whole Hog,Smithfield go hog,Smithfiel Don#39;t Go Whol Hog,smithfiel don't go whole hog
"Wyeth, Pfizer Fall on Downgrades (Reuters)",Business,"wyeth, pfizer fall on downgrades",Wyeth Pfizer Fall Downgrades,wyeth pfizer fall downgrades,"Wyeth, Pfeif fall on downgrad Reuters",WyethPfizerFallDowngrad
Kopper expected on stand today in Enron trial,Business,Koppen expect on stand today in Enron trial,Kopper expected stand today Enron trial,Koppen stand today Enron trial,Kopp expect on stan today in Enron trial,Kopp expect stand today Enron tryal
CSFB name may disappear: CEO,Business,CSF name may disappear: CEO,CSFB name disappear CEO,CSF name CEO,csfb nam may disapp ear: ceo,CSF name disapp ear CEO
US industrial production rebounds in July,Business,US industry produce rebound in July,US industrial production rebounds July,US industry rebound July,US industri product rebound in Jul,US industri product reboun Jul
Airbus snags Asian order,Business,Airbus snag Asian order,Airbus Asian order,Airbus Asian order,Airbus snag Asian order,Airbus Asiana orderr
Paxil Maker Will Post Its Unfavorable Test Results,Business,Paxil Maker Will Post Its Unfavorable Test Result,Paxil Maker Post Unfavorable Test Results,Paxil Maker Post Unfavorable Test Result,Paxil Mak Will Pos Its Unfavorabl Test Resul,Paxil Mak Post Unfavorabl Test Resul
"Doctor, heal thyself",Business,"Doctor, heal yourself.",Doctor heal,Doctor heal,Doc heal thyself,Doc heal
Rail defect likely case of Pilbara derailment,Business,Rail defect likely case of Pilbara derailment,Rail defect likely case Pilbara derailment,Rail defect likely case Pilbara derailment,rail def defect likeli pilbara deriv,rail def defect likeli case pilbara deriv
Google critics wrong to label IPO  quot;disaster quot;,Business,google criticize wrong to label initial public offering disaster,Google critics wrong label IPO disaster,google criticize label initial public offering disaster,google criti wrong to labl ipo disast,Google crittic worl labell IPO disast
Oil Rebounds After 8-Day Slide on Blaze (Reuters),Business,Oil Rebound After 8-Day Slide On Blaze (Reuters),Oil Rebounds Blaze,Oil Rebound After Slide Blaze,Oil Rebond After 8-Day Slid On Blaz (Reut),Oil Rebound Blaze
Martha is now inmate #55170-054,Business,Martha be now inmate #55170-054,Martha now inmate 55170-054,Martha now inmate 55170-054,Martha is now inmat #55170-054,Martha now inmate 55170-054
Is Monster for Sale?,Business,Is Monster be Sale,Monster Sale,Monster Sale,Is Monst for Sall?,Monster Sale
"Business briefs, August 26",Business,"Business briefs, August 26",Business briefs August 26,Business briefs August 26,"Businesbrief, Augus 26",Businesbrief Aug 26
Hundreds Report Watch-List Trials,Business,Hundreds Report Watch List Trial,Hundreds Report Watch List Trials,Hundreds Report Watch List Trial,Hundreds Repor Watch List Try,Hundr report watch list trial
Google IPO Set to Trade this Week,Business,Google IPO set to trade this week,Google IPO Set Trade Week,Google IPO set trade week,Googl IPO Set t Trd ths Wk,Google IPO Set Traded Week
Google Slashes IPO Price Range,Business,Google Slash IPO Price Range,Google Slashes IPO Price Range,Google Slash IPO Price Range,Google Slash IPO Price Range,Google Slash IPO Price Range
"Shell shuts 30,000 bpd more due to Nigeria protest",Business,"Shell shut 30,000 bpd more due to Nigeria protest",Shell shuts bpd Nigeria protest,"Shell shut 30,000 bpd Nigeria protest",Shell shut 30000 bpd more due to Nigeria protest,Shell shut bpd Niger protest
Ad spending predicted to rise,Business,Ad spend predict rise,Ad spending predicted rise,Ad spend predict rise,Ad spend predict rise,Adspend predict rise
Supreme court approves UFJ-Mitsubishi Tokyo Financial merger talks,Business,Supreme court approve UFJ-Mitsubishi Tokyo Financial merge talk,Supreme court approves merger talks,Supreme court approve UFJ Mitsubishi Tokyo Financial merge talk,Suprём court apprōve UFJ-Mitsubishi Tokiō Financ mergir talk,Suprem court approv merg talk
Area Job Growth Outpaces Nation''s,Business,Area Job Growth Outpace Nation's,Job Growth Outpaces Nation,Job Growth Outpace Nation,Areajobgrowoutpace nation's,Job Grow Outpacing Nation
Indian state-owned banks brace for a strike over pay,Business,Indians state-own bank brace for strike over pay,Indian state owned banks brace strike pay,Indians state own bank brace strike pay,Indi state-boun bank brac for a stri over pay,Indi state own bank brace strik pay
\$10 jump in airfares falls apart,Business,$10 jump in airfare fall apart,10 jump airfares falls apart,10 jump airfare fall apart,\$10 jump in airfare fall part,10 jmp airfll frls flts pt
Blackstone takes Prime Hospitality,Business,Blackstone take Prime Hospitality,Blackstone Prime Hospitality,Blackstone Prime Hospitality,Blackston take Prime Hospitale,Blackston Prim Hospitализм
Adelphia Says Rigas Family Owes  #36;3.23 Bln (Reuters),Business,Adelphia Say Rigas Family Own  Dollar ThreeBillion,Adelphia Says Rigas Family Owes $323 Bln,Adelphia Rigas Family Own Dollar Billion,Adelphi Say Rigi Famil Owe 323 Bln Reuters,Adelphi Say Rigas Famil Owe Bln
House Prices Stall,Business,House Price Stall,House Prices Stall,House Price Stall,Hous Price Stall,Hous Price Stall
"Santander To Cut 3,000 Jobs at Abbey",Business,Santander To Cut Job At Abbey,Santander Cut Jobs Abbey,Santander Cut Job Abbey,"Santanderr To Cut 3,000 Job At Abbey",Santand Cut Job Abbe
