Text,Label,Text_lemmatized,Text_nostopwords,Text_lemmatized_nostopwords,Text_stemmed,Text_nostopwords_stemmed
estoy hasta el ojete de que me digáis que tengo cara de mala leche,0,estoy hasta el ojete de que me digáis que tengo cara de mala leche,"tengo cara mala leche
","tengo cara mala leche
","estoy hasta el ojete de que me digáis que tengo cara de mala leche
","tengo cara mala leche
"
@user Por?  Tenía pensado verla después de la segunda de Daredevil,1,@usuario Por? Tenía pensado verla después de la segunda de Daredevil,"user ver ver Daredevil
",usuario Tenía pensado verla después Daredevil,@user Por? Tenía pensado verla después de la segunda de Daredevil,"user ver ver Daredevil
"
Esto de estar feliz mola,2,"Esto de ser feliz mola
","Esto feliz mola
","ser feliz mola
","Esto de estar feliz mola
","Esto feliz mola
"
Ya no es tan divertido,0,Ya no es tan divertido,"tan divertido
",tan divertido,Ya no es tan divertid,"tan divertid
"
"@user te recuerdo que soy una persona que tiene criterio, equivocado, pero lo tengo",1,"@user recuerdo que soy persona que tiene criterio, equivocado, pero lo tengo",recuerdo persona criterio equivocado lo tengo,"recuerdo persona criterio equivocado lo tengo
","@user te recuerd que soy una persona que tiene criteri, equivocado, pero lo tengo
","recuerda persona criteri equivocado lo tengo
"
@user @user @user con una pequeña donación hará felices a miles de chicas que no tienen  #asociacionmariloli,2,@usuario @usuario @usuario con una pequeña donación hará felices a miles de chicas que no tienen #asociaciónmariloli,donación felices chicas no asociacionmariloli,donación felices chicas no asociaciónmariloli,@user @user @user con una pequeña donación hará felices a miles de chicas que no tienen #asociacionmariloli,"donación felices chicas no asociacionmariloli
"
He probado una nueva espuma para el pelo y sí que lo deja más rizado pero se queda como efecto gomina y no me gusta.,0,"He probado una nueva espuma para el pelo y sí que lo deja más rizado pero se queda como efecto gomina y no me gusta.
","probado espuma pelo sí deja rizado efecto gomina no me gusta
","probado espuma pelo sí deja rizado efecto gomina no me gusta
","He probado una nueva espuma para el pelo y sí que lo deja más rizado pero se queda como efecto gomina y no me gusta.
","probado espuma pelo sí deja rizado efecto gomina no me gusta
"
@user Ojalá pudiera darte el abrazo en vivo o al menos acompañarte hoy. Siento mucho lo de tu primo,1,"@user Ojalá pudiera darte el abrazo en vivo o al menos acompañarte hoy. Siento mucho lo de tu primo.
",Ojalá pudiera darte abrazo vivo al menos acompañarte hoy Siento mucho lo primo,@user abrazo vivo acompañarte siento primo,@user Ojalá pudiera darte el abrazó en vivo o al menos acompañarte hoy. Siento mucho lo de tu primo,"Ojalá pueda darte abrazo vivo al menos acompañarte hoy Siento mucho lo primo
"
@user aquí tienes a mi bae aka una egipcia preciosa que esta aprendiendo español. Os llevareis bien  @user,2,@usuario aquí tienes a mi bae aka una egipcia preciosa que está aprendiendo español. Os llevaréis bien @usuario,@user tienes bae egipcia preciosa aprendiendo español Os llevareis bien,@usuario tienes bae egipcia preciosa aprendiendo español Os llevaréis bien,"@user aquí tienes a mi bae aka una egipcia preciosa que esta aprendiendo español. Os llevareis bien @user
","@user tienes bae egipcia preciosa aprendiendo español Os llevareis bien
"
"@user ya somos dos, que triste",0,"@user ya somos dos, que triste",@user somos dos triste,@user somos dos triste,"@user ya somos dos, que triste
","@user dos triste
"
JUAS ahora dicen que la paja se la van a hacer con Tracer y su novia. Porque siempre se puede caer más bajo aún ¿no?,1,"JUAS ahora dicen que la paja se la van a hacer con Tracer y su novia. Porque siempre se puede caer más bajo aún ¿no?
",ahora dicen paja Tracer novia caer bajo,"ahora dicen paja Tracer novia caer bajo
","Juas ahora dicen que la paja se la van a hacer con Tracer y su novia. Porque siempre se puede caer más bajo aún ¿no?
","ahora dicen paja tracer novia caer bajo
"
#2AñosDeLegiónHolk Llevo como unos 8 meses Talvez menos o mas no sé Me enseñaron y demostraron que LH es algo magico,2,#2añosDeLegiónHolk Llevo como unos 8 meses Tal vez menos o más no sé Me enseñaron y demostraron que LH es algo mágico,AñosLegiónHolk Llevo meses Talvez menos mas sé enseñaron demostraron LH magico,Dos años Legión Holk. Llevo como unos meses. Tal vez menos o más no sé. Me enseñaron y demostraron que LH es algo mágico.,#2añosdelegiónholk llevo como unos 8 meses talvez menos o mas no sé me enseñaron y demostraron que lh es algo magico,añoslegiónholk llevo meses talvez menos mas sé enseñaron demostraron lh magico
"🌼 severus snape 🌼  -pobresito  -nunca le odié, me parecía muy estricto e injusto pero sabía que algo pasaba...",0,"severo snape -pobresito -nunca le odié, me parecía muy estricto e injusto pero sabía que algo pasaba...","severus snape 
nunca odié  parecía estricto injusto sabía algo pasaba","Severo Snape nunca odié, me parecía estricto injusto sabía algo pasaba.","🌼 severus snape 🌼 -pobresito -nunca le odié, me parecía muy estricto e injusto pero sabía que algo pasaba...
","severo snape
nunca odie parecia estricto injusto sabia algo pasaba
"
"@user es chevre las letras!! sabes q dia es mañana,....",1,"@user ser oveja las letras!! sabes q dia ser mañana,...",chevre letras sabes dia,user oveja letras sabes dia mañana,"@user es chevre las letras!! sabes q dia es mañana,...
","chevre letras sabes dia
"
Se echa de menos  #digital #art #life @ Escuela Superior de Arte y Tecnología (ESAT) http,2,"Se echa de menos #digital #arte #vida @ Escuela Superior de Arte y Tecnología (ESAT) http
","echa Escuela Digital arte vida ESAT
","echa de menos arte vida ESAT
","Se echa de menos  #digital #art #life @ Escuela Superior de Arte y Tecnología (ESAT) http
","echa escuela digital arte vida esat
"
"Esta ceniza me tiene harta, me arden los ojos",0,"Esta ceniza me tiene harta, me arden los ojos.
","ceniza ojos
","ceniza ojos
","Esta ceniza me tiene harta, me arden los ojos.
","ceniza ojos
"
¿Aprender Motion Graphics en #Barcelona sin que me cueste un riñón es posible? ¿Alguien conoce algún sitio?,1,¿Aprender Motion Graphics en #Barcelona sin que me cueste un riñón es posible? ¿Alguien conoce algún sitio?,"Aprender Motion Graphics Barcelona sin cueste riñón posible alguien conoce sitio.
",Aprender Motion Graphics Barcelona posible alguien conoce sitio,"¿Aprender Motion Graphics en #Barcelona sin que me cueste un riñón es posible? ¿Alguien conoce algún sitio?
","Aprender Motion Graphics Barcelona sin cueste riñón posible alguien conoce sitio.
"
@user No. tampoco soy cursi,2,"@usuario No. tampoco soy cursi.
","user cursi
","usuario cursi
","@user No. tampoco soy cursi
","user cursi
"
En fin estoy hasta los huevos del 90% de las personas así que.,0,En fin estoy hasta los huevos del 90% de las personas así que.,fin estoy huevos 90% personas así.,fin estoy huevos porcentaje personas así.,"En fin estoy hasta los huevos del 90% de las personas así que.
","fin estoy huevos 90% personas así.
"
"@user jajajajaja, ¡qué linda! Yo también me puse re feliz cuando me enteré, nos dejan un álbum antes que TOP se vaya al servicio",1,"@usuario jajajajaja, ¡qué linda! Yo también me puse re feliz cuando me enteré, nos dejan un álbum antes que TOP se vaya al servicio.
",@user jajajajaja qué linda Yo también me puse feliz cuando me enteré nos dejan álbum antes que TOP se vaya servicio,usuario jajajajaja linda yo también me puse feliz nos dejan álbum antes que TOP se vaya servicio,"@user jajajajaja, ¡qué linda! Yo también me puse re feliz cuando me enteré, nos dejan un álbum antes que top se vaya al servicio","@user jajajajaja qué linda Yo también me puse feliz cuando me enteré nos dejan álbum antes que top se vaya servicio
"
@user     Ya está preparando cosillas nuevas jeje,2,ya está preparando cosillas nuevas jeje,"preparando cosillas nuevas jeje
",preparando cosillas nuevas jeje,"@user     Ya está preparando cosillas nuevas jeje
","preparando cosillas nuevas jeje
"
"@user Jo, yo que me había ilusionado",0,"@user yo, yo que me había ilusionado
",Jo ilusionado,"user ilusionado
","@user jo, yo que me había ilusionado
",Jo ilusionado
Si la U cerró todo... entonces yo estoy libre hasta el lunes,1,"Si la U cerró todo... entonces yo soy libre hasta el lunes.
",Si U cerró todo entonces yo libre lunes.,"U cerró todo
yo soy libre lunes",Si la U cerró todo... entonces yo estoy libre hasta el lunes,"Si U cerró todo entonces yo libre lunes.
"
Hoy toca escuchar a #MiguelRios con otros grandes artistas...  #Insurrección...,2,Hoy toca escuchar a MiguelRios con otros grandes artistas... Insurrección...,"Hoy escucha MiguelRios artistas Insurrección.
",Hoy escucha MiguelRios artistas grandes Insurrección.,"Hoy toca escuchar a #MiguelRios con otros grandes artistas... #Insurrección...
","Hoy escucha MiguelRios artistas Insurrección.
"
"@user @user qué tendrá brozas.. jaajajaja que me descontrola, será la mala influencia",0,"@user @user qué tendrá brozas.. jaajajaja que me descontrola, será la mala influencia",user user tendrá brozas jaajajaja descontrola mala influencia,user user tendrá brozas mala influencia descontrola,"@user @user qué tendrá brozas.. jaajajaja que me descontrola, será la mala influencia
","usuario usuario tendrá bromas jaajajaja descontrola mala influencia
"
@user Katy le dió like en instagram y en mis Rt hace dos días los vieron juntos,1,@user Katy le dio like en instagram y en mis Rt hace dos días los vieron juntos,Katy le dio like instagram mis Rt días,Katy le dio like instagram mis Rt días,@user katy le dió like en instagram y en mis rt hace dos días los vieron juntos,"Katy le dio like instagram mis Rt días
"
"Voy a jugar mi primera ranked de 10. Hmm no se si la liaré o no, pero bronce V me espera y mañana jugaré poco o nada, so a jugársela",2,"Voy a jugar mi primera ranked de 10. Hmm no se si la liaré o no, pero bronce V me espera y mañana jugaré poco o nada, so a jugársela.
","Jugar ranked 10. No se si liaré o no, pero bronce V espera mañana jugaré poco nada, a jugársela.
",jugar ranked 10 no se liaré bronce V espera jugaré poco nada jugársela,"Voy a jugar mi primera ranked de 10. Hmm no se si la liaré o no, pero bronce V me espera y mañana jugaré poco o nada, so a jugársela
","Jugar ranked 10. No se liaré o no, pero bronce V espera jugará poco nada, a jugársela.
"
Cuando le he dicho a la bollo que estoy morena se ha reído en mi cara,0,Cuando le he dicho a la bollo que estoy morena se ha reído en mi cara,"Cuando dicho bollo estoy morena reído cara.
",Cuando dicho bollo estoy morena reído cara.,"Cuando le he dicho a la bollo que estoy morena se ha reído en mi cara
","Cuando dicho bollo estoy morena reído cara.
"
@user @user @user @user lo importante es saber cuando! Por si hay que evitar compras foráneas,1,@user @user @user @user lo importante es saber cuando! por si hay que evitar compras foráneas,"@user @user @user @user importante saber cuando! Por hay evitar compras foráneas.
","@user @user @user @user importante saber cuando! por si evitar compras foráneas.
",@user @user @user @user lo important es saber cuando! Por si hay que evitar compras foráneas,"@user @user @user @user importante saber cuando! Por hay evitar compras foráneas.
"
Sin duda @user fue una experiencia preciosa  @user @user Y habrá más!,2,Sin duda usuario fue una experiencia preciosa usuario usuario Y habrá más,"experiencia preciosa Y habrá más
","Experiencia preciosa habrá más.
","Sin duda usuario fue una experiencia preciosa usuario usuario Y habrá más!
","experiencia preciosa Y habrá más
"
"Como sé que les re interesa, les actualizo: me dijo que sí a ver una peli pero me habló de un pibe dándome a entender que están saliendo",0,"como sé que les re interesa, les actualizo: me dijo que sí a ver una peli pero me habló de un pibe dándome a entender que están saliendo",sé re interesa actualizo me dijo sí ver peli habló pibe dándome entender están saliendo,sé les interese me dijo sí ver peli habló pibe dándome entender están saliendo,"Como sé que les re interesa, les actualizo: me dijo que sí a ver una peli pero me habló de un pibe dándome a entender que están saliendo
","sé re interesa actualizo me dijo sí ver peli habló pibe dándome entender están saliendo
"
como entraba una conversación de estas largas de hablar toda la noche con alguien,1,como entraba una conversación de estas largas de hablar toda la noche con alguien,entraba conversación largas hablar noche alguien,"entraba conversación largas hablar noche alguien
","como entraba una conversación de estas largas de hablar toda la noche con alguien
","entraba conversación larga hablar noche alguien
"
una Go-Pro de calidad! proteccion bajo el agua y soporte de cabeza    porq ago tantas caras...OK EN FIN!,2,"una Go-Pro de calidad! protección bajo el agua y soporte de cabeza porq ago tantas caras...ok en fin!
",Go-Pro calidad proteccion agua soporte cabeza por hago caras OK fin,"Go-Pro calidad protección agua soporte cabeza porq ago caras ok fin
","una Go-Pro de calidad! proteccion bajo el agua y soporte de cabeza    porq ago tantas caras...OK EN FIN!
","Go-Pro calidad proteccion agua soporte cabeza por hago caras OK fin
"
Se que la pena de muerte no es algo bueno . Pero que diablos podemos hacer con los violadores ! Yo no le veo otra salida,0,"Sé que la pena de muerte no es algo bueno. Pero qué diablos podemos hacer con los violadores. Yo no le veo otra salida.
",La pena muerte no algo bueno. Pero diablos podemos violadores! Le veo salida.,"Sé pena muerte no algo bueno Pero diablos podemos violadores Yo le veo salida.
",Se que la pena de muerte no es algo bueno. Pero que diablos podemos hacer con los violadores! Yo no le veo otra salida,"La pena muerte no algo bueno. Pero diablos podemos violadores! Le veo salida.
"
"@user se llama Wolf, es la mascota #SeSalen en apoyo a los deportistas paralímpicos  Más inf http 😃",1,"@user se llama Wolf, es la mascota #SeSalen en apoyo a los deportistas paralímpicos Más inf 😃
",Wolf mascota SeSalen deportistas paralímpicos inf,Wolf mascota SeSalen deportistas paralímpicos inf,"@user se llama Wolf, es la mascota #SeSalen en apoyo a los deportistas paralímpicos  Más inf 😃","wolf mascota sel salen deportistas paralímpicos inf
"
Que dicha que hay trabajo y salud y vacaciones también,2,que dicha que hay trabajo y salud y vacaciones también,dicha trabajo salud vacaciones,dicha trabajo salud vacaciones,"que dicha que hay trabajo y salud y vacaciones también
","dicha trabajo salud vacaciones
"
@user Impresionante. Una pena que hoy no pueda hacer una foto del atardecer.. P.d Gracias guapiño,0,@user Impresionante. Una pena que hoy no pueda hacer una foto del atardecer. P.d Gracias guapiño,"Impresionante pena hoy no pueda foto atardecer Gracias guapiño.
",@user Impresionante pena hoy no pueda foto atardecer Gracias guapiño,"@user Impresionante. Una pena que hoy no pueda hacer una foto del atardecer.. P.d Gracias guapiño
","Impresionant pena hoy no pueda foto atardecer Gracias guapiño.
"
"Este viernes iré al cine a ver #NoRespires para celebrar mi cumple. Por cierto, no estáis invitados",1,"Este viernes iré al cine a ver #NoRespires para celebrar mi cumple. Por cierto, no estáis invitados.
","Este viernes iré cine ver NoRespires celebrar cumple. Por cierto, no estáis invitados.
","viernes cine ver NoRespires celebrar cumple cierto no estáis invitados
","Este viernes iré al cine a ver #NoRespires para celebrar mi cumple. Por cierto, no estáis invitados
","Este viernes iré cine ver NoRespires celebrar cumple. Por cierto, no estáis invitados.
"
La pulsera es preciosa tio,2,"La pulsera es preciosa tío
",Pulsera preciosa tio,"Pulsera preciosa tío
","La pulsera es preciosa tío
","Pulsera preciosa tio
"
@user es lamentable un tema tan sensible jamás con ese enfoque,0,@user es lamentable un tema tan sensible jamás con ese enfoque,lamentable tema sensible jamás enfoque,lamentable tema sensible jamás enfoque,"@user es lamentable un tema tan sensible jamás con ese enfoque
","lamentabl tema sensibles jam s enfoc
"
"-Me caes muy bien  -Tienes que jugar más partidas al lol con Russel y conmigo -Por qué tan Otako, deja de ser otako -Haber si me muero",1,"-Me caes muy bien
-Tienes que jugar más partidas al lol con Russel y conmigo
-Por qué tan otako, deja de ser otako
-Haber si me muero","-Caes muy bien
-Tienes jugar más partidas al lol con Russel y conmigo
-Por ser Otako, deja ser Otako
-Haber me muero
","-Caes muy bien
-Jugar más partidas al lol con Russel y conmigo
-Por otako, deja de ser otako
-Haber me muero","-Me caes muy bien
-Tienes que jugar más partidas al lol con Russel y conmigo
-Por qué tan Otako, deja de ser Otako
-Haber si me muero
","-Caes muy bien
-Tienes jugar más partidas al lol con Russel y conmigo
-Por ser Otako, deja ser Otako
-Haber me muero
"
"@user, vaya, felicidades atrasadas y muchas gracias",2,"@usuario, vaya, felicidades atrasadas y muchas gracias",user felicidades gracias,usuario felicidades gracias,"@user, vaya, felicidad atrasada y muchas gracias
","user felicitad gracias
"
"@user  Otra cosa es que no tuviera seguridad social, porqe no era obligatorio en su situacion. Lee, los libros no muerden",0,"@user Otra cosa es que no tuviera seguridad social, porque no era obligatorio en su situación. Lee, los libros no muerden.
","Otra cosa no tuviera seguridad social, porqe no era obligatorio situacion. Lee libros muerden.
","user otra cosa no tuviera seguridad social porque no era obligatorio situación lee libros muerden
","@user otra cosa es que no tuviera seguridad social, porqe no era obligatorio en su situacion. lee, los libros no muerden.
","otra cosa no tuviera seguridad social, porqe no era obligatorio situacion. lee libros muerden.
"
"Trato de manejar esa sensación de: ""no me soporto a mi misma"" de estos ultimos 2 días ¡qué dolor! Es que no soy yo misma. #malditoandres",1,"Trato de manejar esa sensación de: ""no me soporto a mi misma"" de estos últimos 2 días ¡qué dolor! Es que no soy misma. #malditoandres
","Trato manejar sensación: ""no me soporto a misma"" días ¡dolor! soy misma. #malditoandres
","Trato manejar sensación: ""no soporto misma"" días ¡dolor! soy misma. #malditoandres
","Trato manejar sensación: ""no soporto misma"" de estos ultimos 2 días ¡dolor! Es que no soy misma. #malditoandres","Trato manej sensación: ""no me soporto a misma"" días ¡dolor! soy misma. #malditoandres
"
@user Que bonita la gente educada un gran abrazo para vos 🤗,2,"@user que bonita gente educada un gran abrazo para vos
",gente abrazo,"gente educada abrazo vos
",@user que bonita la gente educada un gran abrazo para vos 🤗,"gente abrazo
"
"@user En Espanya la prensa ni es libre, ni es independiente, ni muchísimo menos plural  Síntoma de nuestra pobre democracia.",0,"@user En España la prensa ni es libre, ni es independiente, ni muchísimo menos plural Síntoma de nuestra pobre democracia.",En Espanya prensa libre independiente plural Síntoma pobre democracia.,"España prensa libre independiente plural Síntoma pobre democracia.
","@user En Espanya la prensa ni es libre, ni es independiente, ni muchísimo menos plural Síntoma de nuestra pobre democracia.
","En Espanya prensa libre independiente plural Síntoma pobre democracia.
"
@user fuera del típico saludo navideño tengo una duda: pasan Navidad juntos o cada uno con su familia? Saludos desde Lima,1,@usuario fuera del típico saludo navideño tengo una duda: pasan Navidad juntos o cada uno con su familia? Saludos desde Lima,"user duda pasan Navidad juntos cada uno familia saludos Lima
","usuario duda pasan Navidad juntos cada uno familia saludos Lima
","@user fuera tip típico saludo navideño tengo duda: pasan Navidad juntos o cada uno familia? Saludos Lima
","user duda pasan Navidad juntos cada uno familia saludos Lima
"
@user Feliz Navidad Felino!!! Jaja! Saludos y abrazos a la familia!,2,@user Feliz navidad felino. Jaja! Saludos y abrazos a la familia.,"Feliz Navidad Felino Saludos abrazos familia
",Feliz navidad felino. Saludos abrazos familia.,"@user feliz navidad felino!!! jaja! saludos y abrazos a la familia!
","Feliz Navidad Felino Saludos abrazos familia
"
Se me rompió el pantalón horizontalmrnnte por el muslo hasta debajo de la nalga... Ya estoy a la moda,0,"Se me rompió el pantalón horizontalmente por el muslo hasta debajo de la nalga... Ya estoy a la moda.
",rompió pantalón horizontalmente muslo nalga moda,"rompió pantalón horizontalmente muslo nalga moda
","Se me rompió el pantalón horizontalmente por el muslo hasta debajo de la nalga... Ya estoy a la moda.
","rompió pantalón horizontalmente muslo nalga moda
"
"Estimada @user, reciba un cordial saludo, nosotros somos el 1er Centro de Ozonoterapia en el Perú, contamos con muchos tratamientos",1,"Estimada usuaria, reciba un cordial saludo, nosotros somos el primer Centro de Ozonoterapia en el Perú, contamos con muchos tratamientos.
","Estimada user, saludo, somos 1er Centro Ozonoterapia Perú, contamos tratamientos.",Centro Ozonoterapia Perú tratamientos.,"Estimad@ usuari@, recib@ un cordial salud@, nosotros som@ el 1er Centr@ de Ozonoterapi@ en el Perú, contamos con muchos tratami@s.
","Estimada user, saludo, somos 1er Centro Ozonoterapia Perú, contamos tratamientos.
"
FF a los geniales de @user !!,2,"FF a los geniales de usuario!!
","geniales user
",geniales usuario,"FF a los geniales de @user!!
","geniales user
"
"90% para designar a quienes somos muy aficionados a todos este mundo nippon y aunque la elicación suene que tiene un ""final feliz"" mmm",0,"90% para designar a quienes somos muy aficionados a todos este mundo nippon y aunque la explicación suene que tiene un ""final feliz"" mmm",90 designar aficionados mundo nippon aunque elicación tiene final feliz mmm,"90 designa aficionados mundo nippon aunque explicación tiene final feliz mmm
","90% para designa quienes somos muy aficionados a todos este mundo nippon y aunque la elic sune que tiene un ""final feliz"" mmm
",90 designar aficionados mundo nippon aunque elicación tiene final feliz mmm
sería muy chuzo tener una gopro pero yo de mi casa no salgo así que no tendría mucho sentido.,1,"sería muy chuzo tener una gopro pero yo de mi casa no salgo así que no tendría mucho sentido.
","sería chuzo tener gopro yo casa no salgo así tendría sentido
",tener gopro no salgo sentido.,"sería muy chuzo tener una gopro pero yo de mi casa no salgo así que no tendría mucho sentido.
","sería chuzo tener gopro yo casa no salgo así tendría sentido
"
2. Si. Eres mi crush máximo aunque te considere de mis mejores amigos,2,2. Si. Eres mi crush máximo aunque te considere de mis mejores amigos,"Si eres mi crush máximo aunque consideres de mis mejores amigos.
","Si, eres mi crush máximo aunque me consideres de mis mejores amigos.
",2. Si. Eres mi crush máximo aunque te considere de mis mejores amigos,"Si eres mi crush máximo aunque consideres de mis mejores amigos.
"
"Nunca dejes el fb abierto y tu hermana a lado, es un PELIGRO!",0,"Nunca dejes el facebook abierto y tu hermana a lado, es un peligro.","dejes fb abierto hermana PELIGRO
",Nunca dejes Facebook abierto hermana peligro.,"Nunca dejes el fb abierto y tu hermana a lado, es un PELIGRO!
","dejes fb abierto hermana peligr
"
"Tanto ritmo en el restaurant #DonMarcelo Si vienes a #Cusco, no olvides visitarlo @ Plaza de…",1,"Tanto ritmo en el restaurante #DonMarcelo Si vienes a #Cusco, no olvides visitarlo @ Plaza de…","Ritmo restaurant DonMarcelo Cusco no olvides visitarlo Plaza de…
",Ritmo restaurante DonMarcelo Cusco no olvides visitarlo Plaza,"Tanto ritmo en el restaurant #DonMarcelo Si vienes a #Cusco, no olvides visitarlo @ Plaza de…
","Ritmo restaurant DonMarcelo Cusco no olvides visitarlo Plaza de…
"
@user Google luego se encarga de asociar el contenido (bien escrito) con la búsqueda que se hizo (mal escrita).,2,"@user Google luego se encarga de asociar el contenido (bien escrito) con la búsqueda que se hizo (mal escrita).
","Google luego se encarga de asociar contenido bien escrito con búsqueda mal escrita.
","Google se encarga contenido bien escrito búsqueda mal escrita.
","@user google luego se encarga de asociar el contenido (bien escrito) con la búsqueda que se hizo (mal escrita).
","Google luego se encarga de asociar contenido bien escrito con búsqueda mal escrita.
"
Ayay quiero grrabar un trocito de Drown con el ukelele porque tiene que quedar preciosa. Pero tengo la voz fatal,0,"Quiero grabar un trocito de Drown con el ukelele porque tiene que quedar preciosa. Pero tengo la voz fatal.
",quiero grabar trocito Drown ukelele quedar preciosa voz fatal,"Quiero grabar trocito Drown ukelele porque tener quedar preciosa. Tengo voz fatal.
","Aya quiero grabar un trocito de Drown con el ukelele porque tiene que quedar preciosa. Pero tengo la voz fatal.
","quiero grabar trocito drown ukelele quedar preciosa voz fatal
"
@user debería liarla en el @user con un stand que proyectara desde el público a las pantallas del concierto  #MTVDcode2016.,1,"@usuario debería lidiarla en el @usuario con un stand que proyectara desde el público a las pantallas del concierto #MTVDcode2016.
","usuario debería liarla stand proyectara público pantallas concierto
",usuario lidiar stand proyectara público pantallas concierto,"@user debería liarla en el @user con un stand que proyectara desde el público a las pantallas del concierto #MTVDcode2016
","usuario deberia lial stand proyecta public pantall concert
"
"@user que ricoooo, me abriste el apetito!! Solo una cosa. Las aceitunas tienen que ser las negras",2,"@usuario que rico, me abriste el apetito!! Solo una cosa. Las aceitunas tienen que ser las negras.
","user rico apetito aceitunas negras
","usuario rico apetito aceitunas negras
","@user que ricoooo, me abriste el apetito!! Solo una cosa. Las aceitunas tienen que ser las negras","user rico apetito aceitunas negras
"
"Pero como no tengo una puta mierda en común pues nadie me mete para ningún grupo ni nada, claro",0,"pero como no tengo una puta mierda en común pues nadie me mete para ningún grupo ni nada, claro","Pero como tengo nada en común nadie me mete grupo nada.
",pero como tengo nada en común nadie me mete grupo nada,"pero como no tengo una puta mierda en común pues nadie me mete para ningún grupo ni nada
","Pero como tengo nada en común nadie me mete grupo nada.
"
Me gusta mucho ir a Chepén y estar con la familia de Kike. Lo que no me gusta es tener que trabajar el lunes siguiente,1,"Me gusta mucho ir a Chepén y estar con la familia de Kike. Lo que no me gusta es tener que trabajar el lunes siguiente.
",Gusta Chepén familia Kike. Lo no gusta trabajar lunes.,"gusta Chepén familia Kike trabajar lunes siguiente
","Me gusta mucho ir a Chepén y estar con la familia de Kike. Lo que no me gusta es tener que trabajar el lunes siguiente.
","Gusta familia Kike. Lo no gusta trabajar lunes.
"
"Bueno,gracias a algunos(casi gratis) por confiar su salud en mi(un año más) no se enfermen mucho este año pues, jaja mentira, saludos",2,"Bueno, gracias a algunos(casi gratis) por confiar su salud en mi(un año más) no se enfermen mucho este año pues, jaja mentira, saludos",Gracias algunos casi gratis año confiar salud no se enfermen mucho este pues jaja mentira saludos,gracias confiar salud año no enfermen pues jaja mentira saludos,"Bueno,gracias a algunos(casi gratis) por confiar su salud en mi(un año más) no se enfermen mucho este año pues, jaja mentira, saludos
","gracias algunos casi gratis año confiar salud no se enfermen mucho este pues jaja mentira saludos
"
Que le pasa a @user que no puede estar en Twitter y WhatsApp a la vez? Las 2 fiestas están igual de buenas y se esta perdiendo una!,0,"Que le pasa a usuario que no puede estar en Twitter y WhatsApp a la vez? Las dos fiestas están igual de buenas y se está perdiendo una!
",Pasa usuario no puede Twitter WhatsApp vez fiestas buenas se perdiendo una,Pasa usuario no puede Twitter WhatsApp vez fiestas buenas perdiendo una,"Que le pasa a usuari que no puede estar en Twitter y WhatsApp a la vez? Las 2 fiestas están igual de buenas y se esta perdiendo una!
","Pasa usuario no puede Twitter WhatsApp vez fiestas buenas se perdiendo una
"
"Haces un update con tu pata de intercambio. Te pregunta, entre otras cosas, por tu vida amorosa. Suena ""brillas"" de León Larregui.",1,"Haces un update con tu pata de intercambio. Te pregunta, entre otras cosas, por tu vida amorosa. Suena ""brillas"" de León Larregui.
","Update pata intercambio. Pregunta vida amorosa. Suena brillas León Larregui.
","update pata intercambio pregunta vida amorosa brillas
","Haces un updat con tu pata de intercambio. Te pregunta, entre otras cosas, por tu vida amorosa. Suena ""brillas"" de León Larregui.
","Update pata intercambio. Pregunta vida amorosa. Suena brillas León Larregui.
"
Hace tres días que entre a @user y hoy me he pegado el segundo clip  1080 desde lo alto del ala del caza http,2,Hace tres días que entre a usuario y hoy me he pegado el segundo clip 1080 desde lo alto del ala del caza http,"Tres días caza ala clip 1080 alto.
",tres días usuario clip 1080 desde ala caza,"Hace tres días que entre a @user y hoy me he pegado el segundo clip 1080 desde lo alto del ala del caza http
","Tres días caza ala clip 1080 alto.
"
Cuando pasan de tu p*** cara  😢,0,Cuando pasan de tu cara 😢,pasan tu cara 😢,"pasan cara
",Cuando pasan de tu p*** cara 😢,pasá tu cara 😢
@user la divaza te tiene cansado toda la noche no te deja dormir,1,@user la divaza te tiene cansado toda la noche no te deja dormir,@user divaza cansado noche dejar dormir,@user divaza cansado noche deja dormir,"@user la divaza te tiene cansado toda la noche no te deja dormir
",@user divaz cansad noche dejar dorm
Tengo una perrina adorable... Sabéis que me acompaña hasta la a habitación cuando me voy a dormir?,2,Tengo una perrina adorable... Sabéis que me acompaña hasta la habitación cuando me voy a dormir.,Tengo perrina adorable Sabéis me acompaña habitación dormir,"Tengo perrina adorable.
Sabéis me acompaña habitación cuando voy dormir.
",Tengo una perrina adorable... Sabéis que me acompaña hasta la a habitación cuando me voy a dormir?,"Tengo perrina adorable Sabéis me acompaña habitación dormir
"
"No me puedo quedar dormida ni un ratito, porque para mi mamá ya estoy anémica de nuevo",0,"No me puedo quedar dormida ni un ratito, porque para mí mamá ya estoy anémica de nuevo.",me puedo quedar dormida ratito mamá anémica nuevo,me puedo quedar dormida ratito mamá anémica,"No me puedo quedar dormida ni un ratito, porque para mi mamá ya estoy anémica de nuevo","me puedo quedar dormida ratito mamá anémica nuevo
"
"@user No se , creo que no . Yo solo mire mi fecha",1,"@usuario No sé, creo que no. Yo solo mire mi fecha.
","user creo que mire fecha
","usuario creo mire fecha
","@user no se, creo que no. yo solo mire mi fecha","user creo que mire fecha
"
"Con lo cual he abierto todas las ventanas y he conectado el móvil a los altavoces, a ver si ahora suena mejor",2,"Con lo cual he abierto todas las ventanas y he conectado el móvil a los altavoces, a ver si ahora suena mejor",he abierto ventanas conectado móvil altavoces ver suena mejor,abierto ventanas conectado móvil altavoces suena,"Con lo cual he abierto todas las ventanas y he conectado el móvil a los altavoces, a ver si ahora suena mejor","he abierto ventanas conectado móvil altavoces ver suena mejor
"
"@user Tio entonces piensas que mosca es un insulto, yo creo que eso es un poco irrespetuoso a las pobres",0,"@user tío entonces piensas que mosca es un insulto, yo creo que eso es un poco irrespetuoso a las pobres",@user pienso mosca insulto yo creo poco irrespetuoso pobres,@user piensa mosca insulto yo creo poco irrespetuoso pobres,"@user tío entonces piensas que mosca es un insulto, yo creo que eso es un poco irrespetuoso a las pobres","@user pienso mosca insulto yo creo poco irrespetuoso pobres
"
"@user hoy tengo libre JAJA , viernes no puedo",1,"@user hoy tengo libre JAJA, viernes no puedo",user hoy tengo libre JAJA viernes puedo,"@user hoy tengo libre JAJA viernes puedo
","@user hoy tengo libre JAJA, viernes no puedo
","user hoy tengo libre JAJA viernes puedo
"
@user @user ahora se me despierta la curiosidad de saber cuáles eran esos antiguos nombres...,2,@user @user ahora se me despierta la curiosidad de saber cuáles eran esos antiguos nombres...,"@user @user ahora curiosidad saber antiguos nombres...
",@user @user ahora curiosidad saber antiguos nombres...,@user @user ahora se me despierta la curiosidad de saber cuáles eran esos antiguos nombres...,@user @user ahora curiosidad saber antiguos nombres
"@user Si, lástima que el bicho grandote sirva para sembrar destrucción y muerte",0,"Sí, lástima que el bicho grandote sirva para sembrar destrucción y muerte.",Si lástima bicho grandote sembrar destrucción muerte,Lástima bicho grandote sirve sembrar destrucción muerte.,"@user sí, lástima que el bicho grandote sirva para sembrar destrucción y muerte
","Si lástima bicho grandote sembrar destrucción muerte
"
"ayer me dio mi dio mi ataque de panico retrocedi a cuando tenia 5 años, me despertaba sola en cama y comenzaba a gritar pq no habia nadie",1,"ayer me dio mi dio mi ataque de pánico retrocedí a cuando tenía 5 años, me despertaba sola en cama y comenzaba a gritar pq no había nadie",ayer me dio ataque panico retrocedi cuando tenia 5 años despertaba sola cama gritar pq habia nadie,"ayer me dio ataque pánico retrocedí cuando tenía años, despertaba sola cama comenzaba gritar nadie","ayer me dio mi dio mi ataque de panico retrocedi a cuando tenia 5 años, me despertaba sola en cama y comenzaba a gritar pq no habia nadie
","ayer me dio ataque panico retrocedi cuando tenia 5 años despertaba sola cama gritar pq habia nadie
"
Sólo la Karlita me entiende y me da buenos consejos,2,Sólo la Karlita me entiende y me da buenos consejos,Karlita me entiende me da consejos buenos,"Karlita me entiende me da consejos.
","Sólo la Karlita me entiende y me da buenos consejos
","Karlita me entiende me da consejos buenos
"
"Ya no tengo libro para leer ni serie para ver, mis noches se están volviendo aburridas",0,"Ya no tengo libro para leer ni serie para ver, mis noches se están volviendo aburridas.
",tengo libro leer serie ver noches aburridas,tengo libro leer serie ver noches aburridas,"Ya no tengo libro para leer ni serie para ver, mis noches se están volviendo aburridas.
","tengo libro leer serie ver noches aburridas
"
Con entusiasmo y optimismo en este primer día del año. Todo depende de lo que Dios me tiene preparado. #VamosConFe,1,Con entusiasmo y optimismo en este primer día del año. Todo depende de lo que Dios me tenga preparado. #VamosConFe,Entusiasmo optimismo primer día año depende Dios preparado VamosFe,"Entusiasmo optimismo primer día año depende Dios preparado VamosFe.
","Con entusio y optimismo en este primer día del año. Todo depende de lo que Dios me tiene preparado. #VamosConFe
","entusiasmo optimismo primer día año depende Dios preparado VamosFe
"
Tengamos un día lleno de magia y lindos momentos,2,Tengamos un día lleno de magia y lindos momentos,día magia momentos,día magia momentos,"Tengamos un día lleno de magia y lindos momentos
","día magia momentos
"
"Después de unos cuatro días de ermitaña, salir al sol no me hizo muy bien fiebre largate",0,"Después de unos cuatro días de eremita, salir al sol no me hizo muy bien fiebre largo.
","Después salir sol fiebre largate.
","Después de días salir sol fiebre.
","Después de unos cuatro días de ermitaña, salir al sol no me hizo muy bien fiebre largate
","Después salir sol fiebre largate.
"
@user todo lo que sea posible,1,"todo lo que sea posible
","todo posible
","todo posible
","@user todo lo que sea posible
","todo posible
"
"Días como hoy agradezco no tener carro. Andar con el hígado hinchado por saber esos marchamos, mejor ando en Uber jaja",2,"Días como hoy agradezco no tener coche. Andar con el hígado hinchado por saber esos marchamos, mejor ando en Uber jaja","Días agradezco no tener carro. Andar hígado hinchado saber marchamos, mejor ando Uber jaja.
","Días hoy agradezco no tener coche. Andar hígado hinchado saber marchamos, mejor ando Uber jaja.
","Días como hoy agradezco no tener carro. Andar con el hígado hinchado por saber esos marchamos, mejor ando en Uber jaja
","Días agradezco no tener carro. Andar hígado hinchado saber marchamos, mejor ando Uber jaja.
"
Difícilmente el quiera algo serio con ust si todo empezó por yaleo y nudes respétese y verá que la buscan para algo serio y bonito️,0,Difícilmente el quiera algo serio con usted si todo empezó por yaleo y nudes respetese y verá que la buscan para algo serio y bonito,Difícilmente quiera serio ust todo empezó yaleo nudes respétese verá buscan serio bonito,Difícilmente quiera serio usted todo empezó yaleo nudes respetese verá buscan serio bonito.,"Difícil quiera algo serio ust si todo empezó yaleo nudes respétese verá buscan algo serio bonito
","difícilmente quiera serio ust todo empezó yaleo nudes respétese verá buscan serio bonito
"
cuando estás conversando de la más tranquila y te hacen recordar que mataron al perro de majin boo,1,cuando estás conversando de la más tranquila y te hacen recordar que mataron al perro de majin boo,conversando tranquila recordar mataron perro majin boo,conversando tranquila recordar mataron perro majin boo,"cuando estás conversando de la más tranquila y te hacen recordar que mataron al perro de majin boo
",conversando tranquila recordar mataron perro majin boo
@user gracias Manuel por este arte de recoger mi texto en tu revista  Un abrazo grande!,2,@user gracias manuel por este arte de recoger mi texto en tu revista un abrazo grande,gracias Manuel arte recoger texto revista abrazo grande,gracias manuel arte recoger texto revista abrazo grande,@user gracias manuel por este arte de recoger mi texto en tu revista un abrazo grande,"gracias manuel arte recoger texto revista abrazo grande
"
"Quiero comer algo, aunque estoy llena",0,"Quiero comer algo, aunque estoy llena","Comer algo, aunque llena.
","comer algo aunque estoy llena
","Quiero comer algo, aunque estoy llena
","Comer algo, aunque llena.
"
No sabía que el amor de mi vida iba a cantar. Hubiese visto el programa.,1,No sabía que el amor de mi vida iba a cantar. Habría visto el programa.,"sabía amor vida cantar Hubiese visto programa
","sabía amor vida cantar habría visto programa
","No sabía que el amor de mi vida iba a cantar. Hubiese visto el programa.
","sabía amor vida cantar Hubiese visto program
"
"@user y cómo mezclan realidad con mundos paralelos, y que es diferente a las demás películas de Marvel",2,"@usuario y cómo mezclan realidad con mundos paralelos, y que es diferente a las demás películas de Marvel",@user cómo mezclan realidad mundos paralelos diferente películas Marvel,@usuario cómo mezclan realidad mundos paralelos diferente películas Marvel,"@user y cómo mezclan realidad con mundos paralelos, y que es diferente a las demás películas de Marvel
","@user cómo mezclan realidad mundos paralelos diferente películas Marvel
"
glowen sigue a cuentas inactivas y es en plan oh seguro que esas cuentas te dan mucho más apoyo que a las que le diste unf JAJAJA,0,glowen sigue a cuentas inactivas y es en plan oh seguro que esas cuentas te dan mucho más apoyo que a las que le diste un ja ja ja,glowen sigue cuentas inactivas seguro cuentas te dan apoyo que cuentas le diste JAJAJA,"glowen sigue cuentas inactivas seguro cuentas te dan apoyo las cuentas le diste ja ja 
","glowen sigue a cuentas inactivas y es en plan oh seguro que esas cuentas te dan mucho más apoyo que a las que le diste unf JAJAJA
","glowen sigue cuentas inactivas seguro cuentas te dan apoyo que cuentas le diste JAJAJA
"
"Elige amar, así duela, así parezca un imposible, así te tiemble el alma, así tengas miedo, así vayas a salir herida. El amor transforma",1,"Elige amar, así duel, así parezca un imposible, así te tiemble el alma, así tengas miedo, así vayas a salir herida. El amor transforma.
","Elige amar, así duela, así parezca imposible, así te tiemble alma, así tengas miedo, así vayas salir herida. Amor transforma.","Elige amar, así duel, así parezca imposible, así tiemble alma, así tengas miedo, así vayas salir herida. Amor transforma.
","Elige amar, así dula, así parezca un imposible, así te tiemble el alma, así tengas miedo, así vayas a salir herida. El amor transforma.
","Elige amar, así dula, así parezca imposible, así te tiemble alma, así tengas miedo, así vayas salir herida. Amor transforma.
"
@user @user @user @user @user Gran capacidad de análisis de @user en esa entrevista. #visión,2,gran capacidad de análisis en esa entrevista. visión,"Gran capacidad análisis entrevista visión.
","capacidad análisis entrevista visión
","@user @user @user @user @user Gran capacidad de análisis de @user en esa entrevista. #visión
","Gran capacid análisis entrevist visión.
"
Me gustaría arreglar tantas cosas pero no puedo arreglar ninguna y es muy frustrante,0,Me gustaría arreglar tantas cosas pero no puedo arreglar ninguna y es muy frustrante,"arreglar cosas frustrante
",arreglar cosas frustrante,"Me gustaría arreglar tantas cosas pero no puedo arreglar ninguna y es muy frustrante
","arreglar cosas frustrante
"
Ha ardido una caravana aparcada al lado de la playa   Fuego ya sofocado por los bomberos @… http,1,"Ha ardido una caravana aparcada al lado de la playa
Fuego ya sofocado por los bomberos",Caravana ardida playa Fuego sofocado bomberos.,"Caravana ardida playa
Fuego sofocado bomberos","Ha ardido una caravana aparcada al lado de la playa
Fuego ya sofocado por los bomberos @… http
","caravan ardida playa fuego sofocado bomberos
"
"#SinPelosEnLaLengua Además,la novia de luz esta buena  Que opináis de @user maricon??",2,"#SinPelosEnLaLengua Además,la novia de luz esta buena  Que opináis de ser maricon??","SinPelosEnLaLengua novia luz buena opináis user maricon
","SinPelosEnLaLengua novia luz buena opináis ser maricon
","#SinPelosEnLaLengua Ademásla novia de luz esta buena  Que opináis de @user maricon
","sinpeloslenlenga novia luz buena opináis user maricon
"
Atm veo los 7 primeros teams un poco lejos de los 3 últimos. A ver que pasa si mejoran y/o cambian sus estrategias etc idk,0,"Veo los 7 primeros equipos un poco lejos de los 3 últimos. A ver qué pasa si mejoran y/o cambian sus estrategias etc no sé.
","veo teams lejos últimos pasan mejoran cambian estrategias idk
",Veo equipos lejos últimos cambian estrategias no sé.,"Atm veo los 7 primeros teams un poco lejos de los 3 últimos. A ver que pasa si mejoran y/o cambian sus estrategias etc idk
","veo team lejos últim pasan mejor cambian estrate id
"
El huequito del septum no se me ha cerrado por completo pero ya no me cabe la pieza,1,El huequito del septo no se me ha cerrado por completo pero ya no me cabe la pieza,"huequito septum cerrado pieza
","huequito septo cerrar pieza
",El huecoto del septomo no se me ha cerrado por completo pero ya no me cabe la piezo,"huequito septum cerrado pieza
"
"@user Que guapísimo , dejaron mendizorroza, pero San mames ... de los + guapos del MUNDO¡¡ sin duda.(opinión)",2,"@user que guapísimo, dejaron mendizorroza, pero san mames... de los + guapos del mundo¡¡ sin duda.(opinión)
",user guapísimo dejaron mendizorroza San mames guapos Mundo opinión,@user guapísimo dejaron mendizorroza san mames de los guapos mundo opinión,"@user que guapisimo, dejaron mendizorroza, pero san mames... de los + guapos del mundo¡¡ sin duda.(opinion)
","user guapísimo dejaron mendizorroza San mames guapos Mundo opinión
"
"Por payasa debo hacer un trabajo grupal para mañana, algunos grupos aún no terminan y yo tengo que hacerlo en máximo 2 horas",0,"Por payasa debo hacer un trabajo grupal para mañana, algunos grupos aún no terminan y yo tengo que hacerlo en máximo 2 horas.
",payasa trabajo grupal mañana grupos terminan yo hacerlo horas,trabajo grupal mañana grupos terminan horas,"Por payasa debo hacer un trabajo grupal para mañana, algunos grupos aún no terminan y yo tengo que hacerlo en máximo 2 horas.
",payas trab grupal mañan grup termin yo hacer hor
"Después de siete largos años vuelvo a pasar navidad junto con mi mamá, mi papá y mi hermana. Todos juntos con una yapita de sobrino.",1,"Después de siete largos años vuelvo a pasar navidad junto con mi mamá, mi papá y mi hermana. Todos juntos con una yapita de sobrino.
",Después siete años vuelvo pasar navidad junto mamá papá hermana. Todos juntos yapita sobrino.,siete años navidad mamá papá hermana juntos yapita sobrino,"Después de siete largos años vuelvo a pasar navidad junto con mi mamá, mi papá y mi hermana. Todos juntos con una yapita de sobrino.
","Después siete años vuelvo pasar navidad junto mamá papá hermana. Todos juntos yapita sobrino.
"
@user 1000/10 de verdad a ti que voy a decir petarda que te quiero más que a mí mismo  ✨,2,@usuario 1000/10 de verdad a ti que voy a decir petarda que te quiero más que a mí mismo ✨,"@user 1000/10 verdad ti voy decir petarda quiero más mí mismo ✨
",usuario 1000/10 decir petarda quiero más mí mismo,"@user 1000/10 de verdad a ti que voy a decir petarda que te quiero más que a mí mismo ✨
","@user 1000/10 verdad ti voy decir petarda quiero más mí mismo ✨
"
ola wapa k tal stas?? spero k no seas una sorra kmo las otras xikas   - machirulo   QUÉ COJONES JAJSAKJKJSADJJSJASJAJAJA,0,ola buena que tal estás?? espero que no seas una zorra como las otras chicas   - guapo,"ola wapa k tal stas machirulo QUÉ COJONES
",ola tal estás espero no seas zorra otras chicas guapo,"ola wapa k tal stas?? espero k no seas una sorra kmo las otras xikas   - machirulo   qué cojones jajsakjkjsadjjsajaja
","ola wapa k tal stas machirulo que cojones
"
"@user @user dicen que tira pa, san Mateo ahora Jaaja",1,"@usuario @usuario dicen que tira para, san Mateo ahora jaaja","tira pa san Mateo Jaaja
",usuario dicen tira San Mateo jaaja,"@user @user dicen que tira pa, san Mateo ahora Jaaja
","tira pa san Mateo Jaaja
"
@user @user ¿Será solo digital entonces? ¡Perfecto! De verdad muchísimas gracias Un abrazo desde Costa Rica. ¡Pura vida!,2,@user @user ser será solo digital entonces perfecto muchísimas gracias un abrazo desde costa rica pura vida,"@user @user Será digital entonces Perfecto gracias abrazo Costa Rica Pura vida
",ser digital perfecto gracias abrazo costa rica pura,"@user @user ¿Será solo digital entonces? ¡Perfecto! De verdad muchísimas gracias Un abrazo desde Costa Rica. ¡Pura vida!
","@user @user será digital entonces perfecto gracias abrazo costa rica pura vida
"
@user joder como te entiendo  nosotros literalmente nos tenemos que saltar las clases e ir a un centro comercial si queremos kkar,0,@user joder como te entiendo nosotros literalmente nos tenemos que saltar las clases e ir a un centro comercial si queremos ser,@user entiendo nosotros saltar clases ir centro comercial kkar,"@user como te entiendo nosotros saltar clases ir centro comercial queremos ser
","@user joder como te entiendo nosotros literalmente nos tenemos que saltar las clases e ir a un centro comercial si queremos kkar
",@user entiendo nosotros saltar clases ir centro comercial kkar
Decidido: lanzo canal de YouTube. Con qué canción o con qué tema me aconsejan que empiece?,1,Decidido: lanzo canal de YouTube. Con qué canción o con qué tema me aconsejan que empiece?,"Decidido lanzo canal YouTube. Con canción tema aconsejan empiece.
",Decidido lanzo canal YouTube. Con canción tema aconsejan empiece.,"Decidido: lanzo canal de YouTube. Con qué canción o con qué tema me aconsejan que empiece?
","Decidido lanzo canal YouTube. Con canción tema aconsejan empiece.
"
Ese aplauso para Diego Luna y Felicity Jones fue estruendoso. Tengo ganas de ver Rogue One y no puedo,2,"Ese aplauso para Diego Luna y Felicity Jones fue estruendoso. Tengo ganas de ver Rogue One y no puedo.
","Aplauso Diego Luna Felicity Jones estruendoso. Tengo ganas ver Rogue One no puedo.
",Aplauso Diego Luna Felicity Jones estruendoso. Tengo ganas ver Rogue One no puedo.,"Ese aplauso para Diego Luna y Felicity Jones fue estruendoso. Tengo ganas de ver Rogue One y no puedo.
","Aplauso Diego Luna Felicity Jones estruendoso. Tengo ganas ver Rogue One no puedo.
"
"Lo de quedarse sola en casa sonaba a planazo de domingo, hasta que me doy cuenta de que no hay dulces en casa",0,"Lo de quedarse sola en casa sonaba a planazo de domingo, hasta que me doy cuenta de que no hay dulces en casa.",quedarse sola casa sonaba planazo domingo cuenta no hay dulces casa,"quedarse sola casa sonaba planazo domingo cuenta doy que no hay dulces casa.
","Lo de quedarse sola en casa sonaba a planazo de domingo, hasta que me doy cuenta de que no hay dulces en casa.
","quedarse sola casa sonaba planazo domingo cuenta no hay dulces casa
"
Nicole choteando idiotas desde tiempos inmemorables!,1,nicole choteando idiotas desde tiempos inmemorables,"Nicole choteando idiotas tiempos inmemorables
",nicole choteando idiotas tiempos,"Nicole choteando idiotas desde tiempos inmemorables!
","Nicole choteando idiotas tiempos inmemorables
"
"@user Por cierto, encantado de conocerte virtualmente  Tenemos a @user en común. Saludetes.",2,"@usuario Por cierto, encantado de conocerte virtualmente Tenemos a @usuario en común. Saludetes.
","encantado conocerte virtualmente
Tenemos común
Saludetes
","usuario encantado conocerte virtualmente usuario común. Saludetes.
","@user por cierto, encantado de conocerte virtualmente  tenemos a @user en común. saludetes.
","encantadoconocervirtualmentetenencomun
saludetes
"
@user necesito mi ración de atención diaria que si no no mantengo la autoestima,0,@user necesito mi ración de atención diaria que si no no mantengo la autoestima,"@user necesito atención diaria mantengo autoestima.
",usuario atención ración autoestima mantengo no,"@user necesito mi ración de atención diaria que si no no mantengo la autoestima
","@user necesito atención diaria mantengo autoestima.
"
@user @user Fue la última vez que fuimos al cine,1,@user @user fue la última vez que fuimos al cine,última vez cine,user cine,"@user @user fue la última vez que fuimos al cine
","última vez cine
"
@user Pero es que está muy rica,2,pero ser que estar muy rica,"user rica
",pero ser estar rica,"@user pero es que está muy rica
","user rica
"
@user @user La pena es que no incluya a modo de extra el original. Con el de consola te lo regalaban con el preorder,0,@user @user la pena es que no incluya a modo de extra el original. con el de consola te lo regalaban con el preorder,"@user @user pena incluir modo extra original. consola regalaban preorder.
","@user @user pena incluir modo extra original. consola regalaban preorder.
","@user @user la pena es que no incluya a modo de extr original. con el de consola te lo regalaban con el preorder
","@user @user pena incluir modo extra original. consola regalaban preorder.
"
"Si pudiese cantar bonito no dejaría de hacerlo con ""Come what may"" de Moulin Rouge",1,"Si pudiese cantar bonito, no dejaría de hacerlo con “Come what may” de Moulin Rouge.",pudiese cantar bonito dejaría hacerlo Come what may Moulin Rouge,Pudiese cantar bonito no dejaría hacerlo “Come what may” Moulin Rouge.,Si pudiese cantar bonito no dejaría de hacerlo con “Come what may” de Moulin Rouge,"pudiese cantar bonito dejaría hacerlo Come what may Moulin Rouge
"
@user ya mismo seguro! Un abrazo fuerte,2,"@usuario ya mismo seguro! Un abrazo fuerte.
",@user ya seguro abrazo fuerte,"usuario seguro abrazo fuerte
","@user ya mismo seguro! Un abrazo fuerte
","@user ya seguro abrazo fuerte
"
Las horas que son y sigo sin ser capaz de ponerme a estudiar....el sueño puede conmigo,0,"Las horas que son y sigo sin ser capaz de ponerme a estudiar....el sueño puede conmigo.
","horas sigo estudiar sueño conmigo
","horas estudiar sigo incapaz ponerme sueño conmigo.
",Las horas que son y sigo sin ser capaz de ponerme a estudiar....el sueño puede conmigo,"horas sigo estudiar sueño conmigo
"
"@user lo se  pero no miraba la acc, solo miraba de vez en cuando el combo y me emocionada y nervios y shit",1,"@user lo sé, pero no miraba la acción, solo miraba de vez en cuando el combo y me emocioné y nervios y mierda.","user acc miraba combo emocionada nervios shit
","@user acción miraba no miraba combo emocioné nervios mierda.
","@user lo se pero no miraba la acc, solo miraba de vez en cuando el combo y emocionado y nervioso y shit
","user acc miraba combo emocionada nervios shit
"
@user Que bonita zona de entreno escogieron,2,"@user que bonita zona de entrenar escogieron
","zona entreno escogieron
",@user bonita zona entrenar,"@user que bonita zona de entreno escogieron
","zona entreno escogieron
"
Creo que voy a ponerme talking to the moon de Bruno Mars porque estoy plof y esa cancion es tan triste que,0,Creo que voy a ponerme hablando a la luna de Bruno Mars porque estoy flojo y esa canción es tan triste que.,"Creo voy ponerme talking moon Bruno Mars porque estoy plof cancion triste.
","Creo voy ponerme hablando luna Bruno Mars estoy flojo canción triste.
","Creo que voy a ponerme talking to the moon de Bruno Mars porque estoy plof y esa cancion es tan triste que
","Creo voy poner talking moon Bruno Mars porque estoy plof cancion triste.
"
@user Yo también vi la peli y lloré lo que no está escrito  Ahora estoy leyendo el libro y me estoy echando unas risas impresionantes!,1,"yo también vi la peli y lloré lo que no está escrito
ahora estoy leyendo el libro y me estoy echando unas risas impresionantes","Yo vi peli lloré no está escrito
Estoy leyendo libro me estoy echando risas impresionantes","vi peli lloré no está escrito
estoy leyendo libro me estoy echando risas impresionantes",@user yo también vi la pelí y lori lo que no está escrito  ahora estoy leyendo el libro y me estoy echando unas risi impresionant,"yo vi pelí lloré no está escrito
estoy leyendo libro me estoy echando risas impresionantes
"
Envidio de buena manera a los que tienen la oportunidad de ir mañana al estadio,2,Envidia de buena manera a los que tienen la oportunidad de ir mañana al estadio.,"Envidio buena oportunidad ir estadio.
",Envidia oportunidad ir estadio.,"Envidio de buena manera a los que tienen la oportunidad de ir mañana al estadio
","Envidio buena oportunidad ir estadio.
"
"#MePasóPorPavazo @user Amigo que guapo eres, mi amiga y yo queremos hacer un trio, y yo todo ganador, Me pepearon @user",0,"#MePasóPorPavazo @user Amigo que guapo eres, mi amiga y yo queremos hacer un trio, y yo todo ganador, Me pepearon @user","Amigo guapo, amiga yo quiero hacer trio, yo ganador, pepearon.","Amigo guapo, amiga quiero hacer trio, ganador.","#me pasó por pavazo @user amigo que guapo eres, mi amiga y yo queremos hacer un trio, y yo todo ganador, me pepearon @user","amigo guapo, amiga yo quiero hacer trio, yo ganador, pepearon.
"
@user Mañana si me duermo en la oficina le cuento para que se sienta culpable *busca el cofal y las pantuflas* Bonita noche,1,mañana si me duermo en la oficina le cuento para que se sienta culpable busca el cofal y las pantuflas bonita noche,"Mañana duermo oficina le cuento sienta culpable busca cofal pantuflas Bonita noche.
",mañana duermo oficina cuento sienta culpable cofal pantuflas noche,@user Mañana si me duermo en la oficina le cuento para que se sienta culpable busca el cofal y las pantuflas Bonita noche,"Mañana duermo oficina le cuento sienta culpable busca cofal pantuflas Bonita noche.
"
"y sin querer me han elevado la barra, para seguir preparandome...waoooo este extraordinario mundo del cafe loveyou️️",2,"y sin querer me han elevado la barra, para seguir preparándome...waoooo este extraordinario mundo del café loveyou️️",sin querer me han elevado barra seguir preparandome mundo cafe loveyou,sin querer me han elevado barra seguir preparándome mundo café love,"y sin querer me han elevado la barra, para seguir preparandome...waoooo este extraordinario mundo del cafe loveyou️️","sin querer me han elevar barra seguir preparandome mundo cafe loveyou
"
"Todos queríamos ver las 2 ticas juntas en la final pero así es esto , ahora le toca a lei q avanza a la final #VISSLAISAworldjuniors",0,"Todos queríamos ver las 2 ticas juntas en la final pero así es esto, ahora le toca a lei q avanza a la final #VISSLAISAworldjuniors","queríamos ver ticas juntas final así esto ahora le toca avanza final 
","queríamos ver ticas juntas final así esto le toca avanza final 
","Todos queríamos ver las 2 ticas juntas en la final pero así es esto, ahora le toca a lei q avanza a la final #VISSLAISAworldjuniors
","queríamos ver ticas juntas final así esto ahora le toca avanza final 
"
Yo sé que estot todo el día diciéndolo peeeero vamos a merendar a algún sitio cuki,1,yo sé que esto todo el día diciéndolo pero vamos a merendar a algún sitio cute,"sé todo día diciéndo vamos merendar sitio cuki
","esto todo día diciéndo vamos merendar sitio cute
","yo sé que esto todo el día diciéndolo peeeero vamos a merendar a algún sitio cuki
","sé todo día diciéndo vamos merendar sitio cuki
"
@user no las des preciosa,2,@usuario no las dar preciosa,"des preciosa
","usuario dar preciosa
","@user no las des preciosa
","des preciosa
"
Bueeeeno... no me siento bien. Gracias playlist por cagarme peor,0,Bueno... no me siento bien. Gracias playlist por cagarme peor,Bueeno no me siento peor. Gracias playlist cagar.,Bueno playlist cagarme peor,"Bueeeeno... no me siento bien. Gracias playlist por cagarme peor
","Bueno no me siento peor. Gracias playlist cagar.
"
"yo esque los veranos curro, asi que no puedo quedar mucho  pero si algun dia te pasas avisa y vamos a full hd  @user",1,"yo esque los veranos curro, así que no puedo quedar mucho pero si algún día te pasas avisa y vamos a full hd",veranos curro asi que no puedo quedar mucho algun dia te avisa vamos full hd user,veranos curro así puedo quedar mucho algún día te avisa vamos full hd,"yo esque los veranos curro, asi que no puedo quedar mucho  pero si algun dia te pasas avisa y vamos a full hd  @user
",verano curro asi que no puedo quedar mucho algun dia avisa vamos full hd user
"No todo es orines y ceniza: hoy vi una niña con patines y casco divirtiéndose en la Plaza de la Cultura, y fue muy lindo",2,"No todo es orines y ceniza: hoy vi una niña con patines y casco divirtiéndose en la Plaza de la Cultura, y fue muy lindo","vi niña patines casco divirtiéndose Plaza Cultura lindo
",hoy vi niña patines casco divirtiéndose Plaza Cultura lindo,"No todo es orín y ceniza: hoy vi una niña con patín y casco divirtiéndose en la plaza de la cultur, y fue muy lind.
","vi niña patines casco divirtiéndose plaza cultura lindo
"
@user  Ahora es Abel quien está resfriado  es lo ke tiene estar juntos todo el tiempo jajaja el curro bien?,0,@user Ahora es Abel quien está resfriado es lo que tiene estar juntos todo el tiempo jajaja el curro bien,"Abel resfriado juntos curro
","Abel resfriado juntos curro.
",@user  ahora abel estar resfriado estar juntos todo tiempo jajaja curro bien,"abel resfriado juntos curro
"
"@user @user sí, celulares distintos en realidad",1,"@user @user sí, celulares distintos en realidad","celulares distintos realidad
","celulares distintos realidad
","@user @user sí, celulares distintos en realidad
","celulares distintos realidad
"
"salir de trabajar, mirar un par de cosas del canal e irme al cine a ver mascotas con los amigos¡ planazo de sabado",2,"salir de trabajar, mirar un par de cosas del canal e irme al cine a ver mascotas con los amigos ¡planazo de sábado","trabajar, cosas canal, ir cine, mascotas, amigos, planazo sabado","trabajar, cosas canal, irme cine, mascotas amigos, planazo sábado","salir trabaj, mirar par cos del canl e irme cine ver masc con amig planazo sabad
","trabajar, cosas canal, ir cine, mascotas, amigos, planazo sabado
"
"@user @user Hablaba normal, con alguien, antes de q usted se metiera insultando. Debería tener más educación",0,"@user @user hablaba normal, con alguien, antes de que usted se metiera insultando. Debería tener más educación.
",@user @user Hablaba normal alguien antes usted se metiera insultando Debería educación,"hablaba alguien insultando
Debería educación.
","@user @user hablab normal, con algun, antes de q usted se metiera insultando. Debería tener ms educacin","@user @user hablaba normal alguien antes usted se metiera insultando Debería educación
"
¿Nadie quiere hacer de Uber y llevarme hasta Tarrazú?,1,¿Nadie quiere hacer de Uber y llevarme hasta Tarrazú?,"quiere hacer Uber llevarme Tarrazú
","quiere hacer Uber llevarme Tarrazú
","¿Nadie quiere hacer de Uber y llevarme hasta Tarrazú?
","quier hacer Uber llev Tarrazú
"
@user menos mal que no has dicho escuchal 😂😂😂😂😂 #enlacabezaNo #loSiento,2,"menos mal que no has dicho escuchal 😂😂😂😂😂 #enlacabezaNo #loSiento
","menos mal no has dicho escuchal LoSiento
",mal que no has dicho 😂😂😂😂😂 #enlacabezaNo #Siento,"@user menos mal que no has dicho escuchal 😂😂😂😂😂 #enlacabezaNo #loSiento
","menos mal no has dicho escuchal LoSiento
"
Que ganas tengo de volver a disfruta pronto de él y que lejano lo veo    #SiNoEstás4días,0,que ganas tengo de volver a disfrutar pronto de él y que lejano lo veo #SiNoEstás4días,"ganas tengo volver disfruta pronto él lejano veo SiNoEstás4días
",ganas tengo volver disfrutar pronto él lejano veo SiNoEstás4días,"que ganas tengo de volver a disfruta pronto de él y que lejano lo veo #SiNoEstás4días
","ganas tengo volver disfruta pronto él lejano veo SiNoEstás4días
"
"#2017prometoque recuperare estado fisico, seguire amando y respetando a mi @user y veere todos los dias @user",1,"#2017prometo que recuperaré estado físico, seguiré amando y respetando a mi @user y veré todos los días @user",2017 prometo recuperare estado físico seguire amando respetando usuario veere todos días,2017 prometo recuperaré estado físico seguiré amando respetando user veré días user,"#2017prometo que recuperare estado fisico, seguire amando y respetando a mi user y vere todos los dias user","2017 prometo recuperare estado físico seguire amando respetando usuario veere todos días
"
"Que lindo es tener a la viejita en casa, la extrañé en toda sus formas, desde los gritos por el desorden, hasta su sazón en la comida",2,"Que lindo es tener a la viejita en casa, la extrañé en toda sus formas, desde los gritos por el desorden, hasta su sazón en la comida.","Lindo tener viejita casa, extrañé toda formas, gritos desorden, sazón comida.","Lindo tener viejita casa, extrañé toda formas, gritos desorden, sazón comida.","Que lindo es tener a la viejita en casa, la extrañé en toda sus formas, desde los gritos por el desorden, hasta su sazón en la comida.","Lindo tener viejita casa, extrañé toda formas, gritos desorden, sazón comida.
"
"Mae eso si es cierto, ahora nadie (la mayoría) busca tener algo serio",0,"Mae eso si es cierto, ahora nadie (la mayoría) busca tener algo serio","Mae cierto ahora nadie mayoría busca serio.
",Mae cierto ahora nadie mayoría busca serio.,"Mae eso si es cierto, ahora nadie (la mayoría) busca tener algo serio
","ma cierto ahora nadie mayorí busca serio.
"
@user En cuando era pequeña y bailaba en mi pueblo descalza con un vestido  ¿Tu?,1,en cuando era pequeña y bailaba en mi pueblo descalza con un vestido ¿tu?,@user cuando era pequeña bailaba pueblo descalza vestido ¿Tu?,cuando era pequeña bailaba pueblo descalza vestido tú,"@user En cuando era pequeña y bailaba en mi pueblo descalza con un vestido ¿Tu?
",@user cuando era pequeña bailaba pueblo descalza vestido ¿Tu?
"@user @user Claro, yo quería por eso de manifiesto, hay cables chinos cojonudos. Otra cosa es que te compres el mas barato",2,"@user @user claro, yo quería por eso de manifiesto, hay cables chinos cojonudos. otra cosa es que te compres el mas barato",@user @user Claro quería manifiesto cables chinos cojonudos. Otra cosa te compres barato.,@user @user claro quería manifiesto cables chinos cojonudos otra cosa te compres barato,"@user @user claro yo quería por eso de manifiesto hay cables chinos cojonudos otra cosa es que te compres el mas barato
","@user @user claro quiero manifiesto cables chinos cojonudos. otra cosa te compres barato.
"
"@user ya sé. y con lo mío es especialmente difícil. bro, esto no es exclusivamente sobre la plata u know this",0,"@user ya sé. y con lo mío es especialmente difícil. bro, esto no es exclusivamente sobre la plata u know.
",@user sé difícil bro plata u know,user sé mío especialmente difícil bro plata u know,"@user ya sé. y con lo mío es especialmente difícil. bro, esto no es exclusivamente sobre la plata u know
","@user sé difícil bro plata u know
"
""" Para pasar un día complicado, lo mejor un buen bocado! ""   #FelizLunes #AtariSS #Donosti http http",1,"Para pasar un día complicado, lo mejor un buen bocado!","Para día complicado, buen bocado. FelizLunes AtariSS Donosti.
","pasar día complicado buen bocado
","Para pasar un día complicado, lo mejor un buen bocado! ""   #FelizLunes #AtariSS #Donosti http http
","Para día complicado, buen bocado. FelizLunes AtariSS Donosti.
"
@user Lo mejor de l 2016 fue ver crecer a Ivettly y pasar momentos de alegría y tristeza pero llenos de enseñanzas.,2,"lo mejor de l 2016 fue ver crecer a ivettly y pasar momentos de alegría y tristeza pero llenos de enseñanzas.
","@user mejor 2016 ver crecer Ivettly momentos alegría tristeza enseñanzas.
",mejor 2016 crecer ivettly momentos alegría tristeza enseñanzas,"@user Lo mej 2016 fue ver crec 2 Ivettly y pasar momentos alegr 2 tristeza pero llenos ense~anas.
","@user mejor 2016 ver crecer Ivettly momentos alegría tristeza enseñanzas.
"
"A ver, que necesito para ser streamer y conseguir seguidores? -Cam -Micro -Subir algo decente -Tetas  Me faltan las tetas ya no puedo",0,"A ver, que necesito para ser streamer y conseguir seguidores? -Cam -Micro -Subir algo decente -Tetas  Me faltan las tetas ya no puedo.
",A ver necesito streamer conseguir seguidores Micro Subir decente Tetas faltan tetas no puedo,"A ver, necesito micro subir decente tetas faltan tetas no puedo.
","A ver, que necesito para ser streamer y conseguir seguidores? -Cam -Micro -Subir algo decente -Tetas Me faltan las tetas ya no puedo
","A ver necesito stream conseguir seguidores Micro Subir decente Tetas faltan tetas no puedo
"
@user es lo que tiene ser el mejor,1,@user es lo que tiene ser el mejor,"mejor
",@user lo tiene ser mejor,"@user es lo que tiene ser el mejor
","mejor
"
@user Que tengas un fantástico día Caeli,2,@user Que tengas un fantástico día Caeli,Caeli,Caeli,"@user Que tengas un fantástico día Caeli
","Caeli
"
Mañana vuelvo a trabajar después de 15 días de vacaciones. Donde quedan los 3 meses de verano de pequeños?  #QueDuroEsSerAdulto,0,Mañana vuelvo a trabajar después de quince días de vacaciones. Donde quedan los tres meses de verano de pequeños? #Quéduroesseradulto,Vuelvo trabajar después días vacaciones. Donde quedan meses verano pequeños? #DuroSerAdulto,"Vuelvo trabajar después quince días vacaciones. Quedan tres meses verano pequeños? Duro ser adulto.
","Mañana vuelvo a trabaj después de 15 días de vacaciones. Donde quedan los 3 meses de verano de pequeños? #QueDuroEsSerAdulto
","Vuelvo trabajar después días vacaciones. Donde quedan meses verano pequeños? #DuroSerAdulto
"
"@user @user @user es un término coloquial, no un análisis",1,"@user @user @user ser un término coloquial, no un análisis","término coloquial análisis
","ser término coloquial análisis
","@user @user @user es un térm coloquial, no un anális","término coloquial análisis
"
@user @user @user Gran programa pero se extraña a Leto !,2,"@user @user @user gran programa pero se extraña a leto!
","Gran programa extraña Leto
","programa extraña leto 
","@user @user @user gran programa pero se extraña leto!
","Gran programa extraña Leto
"
@user sabran los jueces quê es honestidad? ?..y respeto? ?..no postulaba a un mercado de abastos. .si claro p lo q le interesa,0,"saberán los jueces qué es honestidad??..y respeto??..no postulaba a un mercado de abastos..sí claro, por lo que le interesa",jueces honestidad respeto mercado abastos claro le interesa,jueces honestidad respeto no postulaba mercado abastos sí claro le interesa,"@user sabran los jueces qué es honestidad??..y respeto??..no postulaba a un mercado de abastos..si claro p lo q le interesa
","juez honestid respect mercad abast cl clar interes
"
@user Ayer la gente de mi FB se portó mejor que la de mi TL de TW en relación con el tema de los himnos...,1,ayer la gente de mi facebook se portó mejor que la de mi twitter de tw en relación con el tema de los himnos,"Ayer gente FB portó mejor gente TL TW tema himnos.
","ayer gente facebook portó mejor twitter tw tema himnos
","@user Ayer la gente de mi FB se portó mejor que la de mi TL de TW en relación con el tema de los himnos...
","ayer gente fb portó mejor gente tl tw tema himnos.
"
"Los miércoles son lindos, quedarme en casa hasta las 10am me parece un lujo",2,"Los miércoles son lindos, quedarme en casa hasta las 10 am me parece un lujo",miércoles lindos quedarme casa 10am lujo,miércoles lindos quedarme casa 10 am lujo,"Los miércoles son lindos, quedarme en casa hasta las 10am me parece un lujo","miercoles lindos quedarme casa 10am lujo
"
¿Habrá algo peor que no traer los audífonos a la chamba? Estoy muriendo lentamente,0,"¿Habrá algo peor que no traer los audífonos a la chamba? Estoy muriendo lentamente.
",¿algo peor traer audífonos chamba muriendo lentamente,Habrá traer audífonos chamba muriendo lentamente.,"¿Habrá algo peor que no traer los audífonos a la chamba? Estoy muriendo lentamente.
","¿algo peor traer audífonos chamba muriendo lentamente
"
"@user pucha, yo completé el pokedex Perú, solo me faltan los regionales que dudo los consiga y a esperar los legendarios",1,"@usuario pucha, yo completé el pokedex Perú, solo me faltan los regionales que dudo los consiga y a esperar los legendarios.
","@user completé pokedex Perú, faltan regionales dudo consiga esperar legendarios.",usuario pokedex Perú regionales legendarios,"@user pucha, yo completé el pokedex Perú, solo me faltan los regionales que dudo los consiga y a esperar los legendarios","@user completé pokedex Perú, faltan regionales dudo consiga esperar legendarios.
"
Hoy se acaba la fiesta más bonita del año! #últimodíadenavidad #bajadadereyes…,2,Hoy se acaba la fiesta más bonita del año! #últimodíadenavidad #bajadadereyes…,Hoy fiesta bonita año #últimodíadenavidad #bajadadereyes…,"Hoy fiesta bonita año #últimodíadenavidad #bajadadereyes…
","Hoy se acaba la fiesta más bonita del año! #últimodíadenavidad #bajadadereyes…
","hoy fiesta bonita año #últimodíadenavidad #bajadadereyes
"
"Pobre ilusa yo, pensé que me haríais algo de caso por una vez",0,"Pobre ilusa yo, pensé que me haríais algo de caso por una vez",Pobre ilusa pensé que haríais caso vez.,Pobre ilusa pensé caso vez.,"Pobre ilusa yo, pensé que me haríais algo de caso por una vez
","Pobre ilusa pensé que haríais caso vez.
"
@user @user Además cuando dice que se casaría con Ash  o cuando visten de yukata juntos en el festival ayy,1,@user @user Además cuando dice que se casaría con Ash o cuando visten de yukata juntos en el festival ayy,@user @user además cuando dice casaría Ash cuando visten yukata juntos festival ayy,@user @user además cuando dice casaría Ash o visten yukata juntos festival,"@user @user además cuando dice que se casaría con ash o cuando visten de yukata juntos en el festival ayy
","@user @user además cuando dice casaría ash visten yukata juntos festival ayy
"
"""No tenemos la sensación de ir a un trabajo"", din os @user  Eu na ofi lendo o @user, tampouco a teño  http",2,"No tenemos la sensación de ir a un trabajo, din os @user, eu na ofi lendo o @user, tampouco a teño http",tenemos sensación ir trabajo din os @user Eu ofi lendo @user tampouco teño ,"trabajo, ir, din, os, teño","No tenemos la sensación de ir a un trabajo, din os @user  Eu na ofi lendo o @user, tampouco a teño  http
","tenemos sensación ir trab din os @user Eu ofi lendo @user tampouco teño
"
@user @user @user @user @user @user Triste q nada cambie para las mujeres en política en 30 años,0,@user @user @user @user @user @user Triste que nada cambie para las mujeres en política en 30 años,"Triste nada cambie mujeres política años.
",Triste nada cambie mujeres política 30 años,"@user @user @user @user @user @user triste q nada cambie para las mujeres en política en 30 años
","Triste nada cambie mujeres política años.
"
"Tambien subire el changelog a lo largo de estos dias, estaros preparados porque viene todo de golpe!",1,"También subiré el changelog a lo largo de estos días, estaréis preparados porque viene todo de golpe.
","subire changelog largo dias preparados viene golpe
","subiré changelog a largo días preparados viene golpe.
","También subiré el changelog a lo largo de estos días, estaros preparados porque viene todo de golpe!
","subir changelog largo dia preparad viene golp
"
"@user Tambien un buen domingo para ti Fercito, y que tengas una linda semana amigo lleno de aventuras , Saludos de mis tías",2,"@user También un buen domingo para ti Fercito, y que tengas una linda semana amigo lleno de aventuras, saludos de mis tías.
","@user buen domingo Fercito linda semana aventuras Saludos tías
","user buen domingo Fercito aventuras saludos tías
","@user Tambien un buen domingo para ti Fercito, y que tengas una linda semana amigo lleno de aventuras, Saludos de mis tías
","@user buen domingo Fercito linda semana aventuras Saludos tías
"
"Yo no me la juego con las mierdas de la suerte, ya tengo muy mala suerte como pa jugarmela",0,"yo no me la juego con las mierdas de la suerte, ya tengo muy mala suerte como pa jugarmela",tengo mala suerte jugarmela,"juego suerte mala
","yo no me la juego con las mierdas de la suerte, ya tengo muy mala suerte como pa jugarmela
","tengo mala suerte jugarmela
"
¿Os apetece un directo hablando del partido y un poco de la jornada en general? Si veo muchos likes en este tweet me animo,1,"¿Os apetece un directo hablando del partido y un poco de la jornada en general? Si veo muchos likes en este tweet me animo.
",¿partido jornada likes tweet animo,"partido jornada likes animo
","¿Os apetece un direct hablando del partit y un poco de la jornada en general? Si veo molts likes en aquest tweet me animo.
",¿partido jornada likes tweet animo
@user @user @user las tengo pero aún no las he leído. Caerán prontito,2,@user @user @user las tengo pero aún no las he leído. Caerán prontito,"tengo leído Caerán
","tengo leído caerán prontito
","@user @user @user las tengo pero aún no las he leído. caerán prontito
","tengo leído Caerán
"
Vengo hasta Carabanchel para estudiar pero la biblioteca esta cerrada,0,Vengo hasta Carabanchel para estudiar pero la biblioteca está cerrada,"Vengo Carabanchel estudiar biblioteca cerrada.
",Vengo Carabanchel estudiar biblioteca cerrada.,"Vengo hasta Carabanchel para estudiar pero la biblioteca esta cerrada
","Vengo Carabanchel estudiar bibliotecan cerrad.
"
Seré breve: quiero yuquitas y por mi chamba no venden,1,Seré breve: quiero yuyitas y por mi chamba no venden,Quiero yuquitas por mi chamba no venden.,quiero chamba no venden,"Seré breve: quiero yugo y por mi chamba no venden
","Quiero yucas por mi chamba no venden.
"
"@user ¡Enhorabuena! Eres la ganadora del sorteo,escríbenos por mensaje privado para darte el premio",2,"@user ¡Enhorabuena! Eres la ganadora del sorteo, escribanos por mensaje privado para darte el premio",@user ¡Enhorabuena ganadora sorteo escribenos mensaje privado darle premio,@user ¡Enhorabuena eres ganadora sorteo escribanos mensaje privado darle premio,"@user ¡Enhorabuena! Eres la ganadora del sorteo,escríbenos por mensaje privado para darte el premio
","@user ¡Enhorabuena ganadora sorteo escribenos mensaje privado darle premio
"
"Era a la 6 que me quería levantar, no a las 5:15 con el ruido de una hijueputa licuadora gracias al descerebrado de mi primo",0,"Era a la 6 que me quería levantar, no a las 5:15 con el ruido de una licuadora gracias al descerebrado de mi primo.
","a 6 quería levantar 5:15 ruido hijueputa licuadora descerebrado primo
","A 6 quería levantar no 5:15 ruido licuadora primo.
","Era a la 6 que me quería levantar, no a las 5:15 con el ruido de una hijueputa licuadora gracias al descerebrado de mi primo
","a 6 queria levantar 5 15 ruido hijueputa licuadora descerebrado primo
"
"El era como un profe de ingles gratis para mi , noooooo #VideoMTV2016 @user",1,"El era como un profe de ingles gratis para mi, noooooo #VideoMTV2016 @user","era profe ingles gratis mi noooooo VideoMTV2016 user
","era profe ingles gratis mi no #VideoMTV2016 user
","El era como un profe de ingles gratis para mi, noooooo #VideoMTV2016 @user
","era profe ingles gratis mi noooooo videomtv2016 user
"
Y se acabó El Oso el Tigre y los demás fue bueno mientras duró,2,"Y se acabó el oso el tigre y los demás fue bueno mientras duró.
","Oso Tigre demás bueno duró
","oso tigre demás duró
","Y se acabó El Oso el Tigre y los demás fue bueno mientras duró
","oso tigre demás bueno duró
"
Es que por las noches en mi cuarto y mi sobremesa me angustio sabéis  Me vengo al sofá con el portátil y el ventilador y eso,0,Es que por las noches en mi cuarto y mi sobremesa me angustió sabéis. Me vengo al sofá con el portátil y el ventilador y eso.,"que noches cuarto sobremesa angustio sabéis vengo sofá portátil ventilador
",que noches cuarto sobremesa angustió sabéis vengo sofá portátil ventilador.,"Es que por las noches en mi cuarto y mi sobremesa me angustio sabéis Me vengo al sofá con el portátil y el ventilador y eso
","que noche cuarto sobremesa angustio sabéis vengo sofa portatil ventilador
"
"@user Yo estoy valorando Movistar. Son careros, pero tienen buenas ofertas para el primer año. Y luego ya se verá...  @user",1,"yo estoy valorando movistar. son careros, pero tienen buenas ofertas para el primer año. y luego ya se verá.","Yo valorando Movistar. Son careros buenas ofertas primer año. Luego ya se verá. 
","valorando movistar careros buenas ofertas primer año luego se verá
","@user yo estoy valorando movistar. son careros, pero tienen buenas ofertas para el primer año. y luego ya se vera... @user
","Yo valorando Movistar. Son careros buenas ofertas primer año. Luego ya se verá.
"
me encantaría mucho tener una buena cámara y saber como usarla a la perfección,2,"me encantaría mucho tener una buena cámara y saber cómo usarla a la perfección
",Encantaría buena cámara saber usarla perfección,"encantaría buena cámara saber usarla perfección
","me encantaría mucho tener una buena cámara y saber como usarla a la perfección
","Encantaría buena cámara saber usarla perfeccion
"
Cuando contrato 500mbs extra y llevo consumido 3 Gb JAJAJA cuando vea la factura no habrá tanta risa,0,Cuando contrato 500mbs extra y llevo consumido 3 Gb JAJAJA cuando vea la factura no habrá tanta risa,Cuando contrato 500mbs extra y llevo consumido 3 Gb JAJAJA cuando vea factura no habrá tanta risa,"Contrato 500mbs extra llevo consumido 3 Gb JAJAJA vea factura no habrá tanta risa.
","Cuando contrato 500mbs extra y llevo consumido 3 Gb JAJAJA cuando vea la factura no habrá tanta risa
","Cuando contrato 500mbs extra y llevo consumido 3 Gb JAJAJA cuando vea factura no habrá tanta risa
"
Casi me quedo dormido en el bus hasta Trujillo,1,Casi me quedo dormido en el autobús hasta Trujillo,"Casi quedo dormido bus Trujillo.
",Casi quedo dormido autobús Trujillo.,"Casi me quedo dormido en el bus hasta Trujillo
","Casi quedo dormido bus Trujillo.
"
@user gracias por tu atenta y puntual bienvenida al curso online. Va a ser un placer trabajar contigo,2,"@user gracias por tu atenta y puntual bienvenida al curso online. va a ser un placer trabajar contigo.
","Gracias por bienvenida curso online. Va ser placer trabajar contigo.
","gracias bienvenida curso trabajar
","@user gracias por tu atenta y puntual bienvenida al curso online. Va a ser un placer trabajar contigo
","Gracias por bienvenida curso online. Va ser placer trabajar contigo.
"
"Quieras o no, vivir rodeada de mar, te influye.  Paso un par de semanas sin ir a la playa y ya me hace falta.",0,"Quieres o no, vivir rodeada de mar, te influye. Paso un par de semanas sin ir a la playa y ya me hace falta.","Vivir mar, influye. Paso semanas ir playa ya falta.","Quieres vivir mar, influye. Paso semanas ir playa ya falta.","Quieres o no, vivir rodeada de mar, te influye. Paso un par de semanas sin ir a la playa y ya me hace falta.
","Vivir mar, influye. Paso semanas ir playa ya falta.
"
@user MEMEO AJAJAJ Pues yo llevo.. 3 años sin dar educación física,1,@user MEMEO AJAJAJ Pues yo llevo.. 3 años sin dar educación física,MEMEO AJAJAJ llevo años sin dar educación física,@user MEMEO AJAJAJ Pues llevo.. años sin dar física,"@user memejajaaj pues yo llevo.. 3 años sin dar educación física
","MEMEO AJAJAJ llevo años sin dar educación física
"
"Estoy contenta, acabo de ver que los gustos que en algún momento transmití sobre una banda en específica, ha llegado a otra persona más.",2,"Estoy contenta, acabo de ver que los gustos que en algún momento transmití sobre una banda en específica, ha llegado a otra persona más.
","Contenta, acabo ver que gustos transmití banda específica, ha llegado persona más.
","contenta ver gustos banda específica llegada persona
","Estoy contenta, acabo de ver que los gustos que en algún momento transmití sobre una banda en específica, ha llegado a otra persona más.
","Contenta, acabo ver que gustos transmití banda específica, ha llegado persona más.
"
que te echo de menos cosa chicaa!   http,0,"que te echo de menos cosa chicaa! http
","te echo chicaa
","te echo chicaa
","que te echo de menos cosa chicaa! http
","te echo chicaa
"
"@user @user @user @user ...""futbolizando"" la afición auitomovilística.",1,@user @user @user @user …futbolizando la afición automovilística,futbolizando afición automovilística,"futbolizando afición automovilística
","@user @user @user @user...""futbolizando"" la afición automovilística.
","futbolizando afición automovilística
"
"Ey @user me gustaría escuchar #UnMinutoSinDolor, nuevo single promocional de @user en #LaMejorVariedadMusical de @user",2,"Ey usuario me gustaría escuchar UnMinutoSinDolor, nuevo single promocional de usuario en LaMejorVariedadMusical de usuario",User quiero escuchar Minuto Sin Dolor single promocional User La Mejor Variedad Musical User,usuario MinutoSinDolor LaMejorVariedadMusical,"Ey @user gustaría escuchar UnMinutoSinDolor, nuevo single promocional de @user en LaMejorVariedadMusical de @user","User quiero escuchar Minuto Sin Dolor single promocional User La Mejor Variedad Musical User
"
Preferiría discutir con un umpalumpa que con un (a) cristiano (a) conservador (a) de derecha.,0,"Preferiría discutir con un umpalumpa que con un cristiano conservador de derecha.
",Discutir umpalumpa cristiano conservador derecha,discutir umpalumpa cristiano conservador derecha,"Preferiría discutir con un umpalumpa que con un cristiano conservador de derecha.
",discutir umpalumpa cristian conservador derech
A un paso de darle una vuelta completa a nuestro sol Lov u @ El Tizón,1,a un paso de dar una vuelta completa a nuestro sol lov u @ el tizón,paso darle vuelta sol Lov Tizón,"paso dar vuelta sol tizón
","A un paso de darle una vuelta completa a nuestro sol Lov u @ El Tizón
","paso darle vuelta sol lov tizon
"
Una pizza. Una conversación amena. Amigos. Buena noche,2,"Una pizza. Una conversación amena. Amigos. Buena noche.
","Pizza. Conversación amena. Amigos. Buena noche.
","Pizza. Conversación amena. Amigos. Noche buena.
","Una pizza. Una conversación amena. Amigos. Buena noche.
","Pizza. Conversación amena. Amigos. Buena noche.
"
"Massimo Bottura está en América. Está en México. Y yo estoy aquí, acostada en mi cama, sufriendoooo!!! Quiero conocerlo",0,"Massimo Bottura está en América. Está en México. Y yo estoy aquí, acostada en mi cama, sufriendo. Quiero conocerlo.
","Massimo Bottura América. México. yo aquí, acostada cama, sufriendo!!! Quiero conocerlo.
","Massimo Bottura América. México. yo aquí, acostada cama, sufriendo. Quiero conocerlo.
","Massimo Bottura está en América. Está en México. Y yo estoy aquí, acostada en mi cama, sufriendoooo!!! Quiero conocerlo
","Massimo Bottura América. México. yo aquí, acostada cama, sufriendo!!! Quiero conocerlo.
"
@user llego a saber que zafreo es igual a cerveceo y voy,1,"@user llegó a saber que zafroe es igual a cerveceo y voy.
",user llego saber zafreo cerveceo voy,"llegó saber zafroe cerveceo voy
","@user llego a saber que zafreo es igual a cerveceo y voy
","user llego saber zafreo cerveceo voy
"
Buenos días amigos de Facebook   ¡¡Volvemos a tener Granizados de… http,2,Buenos días amigos de Facebook   ¡¡Volvemos a tener Granizados de… http,Volvemos Granizados,"Buenos días amigos Facebook Volvemos Granizados
","Buenos días amigos Facebook ¡¡Volvemos tener Granizados de… http
","Volvemos Granizados
"
"Soy la peor basura del mundo porque, justo hoy Andrea tenía que verme con otra mujer, que mal me sentí.",0,"Soy la peor basura del mundo porque, justo hoy Andrea tenía que verme con otra mujer, qué mal me sentí.
","peor basura mundo justo Andrea verme mujer mal sentí
","peor basura mundo Andrea verme mujer mal sentí
","Soy la peor basura del mundo porque, justo hoy Andrea tenía que verme con otra mujer, que mal me sentí.
","peor basura mundo justo andrea verme mujer mal senti
"
@user yo me mande a traer una XL por ebay y me queda enorme y eso que estoy panzon jaja,1,"@user yo me mande a traer una XL por ebay y me queda enorme y eso que estoy panzón jaja
",user traje XL ebay queda enorme que estoy panzon jaja,"mande traer XL ebay queda enorme que estoy panzón jaja
","@user yo me mande a traer una xl por ebay y me queda enorme y eso que estoy panzon jaja
","user traje XL ebay queda enorme que estoy panzon jaja
"
"El día 2 tengo los exámenes, suena lejano pero es la semana que viene jajaxd",2,"El día 2 tengo los exámenes, suena lejano pero es la semana que viene.
","día exámenes suena lejano semana viene
","Día exámenes, suena lejano semana viene.
","El día 2 tengo los exámenes, suena lejano pero es la semana que viene jajaxd","día exámenes suena lejano semana viene
"
"Desesperada estoy, trabajaré en cualquier cosa",0,"Desesperada estoy, trabajaré en cualquier cosa",Desesperada trabajaré cosa.,Desesperada trabajaré cosa.,"Desesperada estoy, trabajaré en cualquier cosa
","Desesperada trabajaré cosa
"
@user Hahahaha no me enoja. Solo juego aunque es cierto,1,@user Hahahaha no me enoja. Solo juego aunque es cierto,Hahahaha no me enoja solo juego aunque es cierto,Hahahaha me enoja solo juego cierto.,"@user Hahahaha no me enoja. Solo juego aunque es cierto
","Hahahaha no me enoja solo juego aunque es cierto
"
@user ¡muchísimas gracias Blanca! La verdad es que es un plato fácil pero muy rico y vistoso,2,@user ¡muchísimas gracias Blanca! La verdad es que es un plato fácil pero muy rico y vistoso,Gracias Blanca. Verdad plato fácil rico vistoso.,"Gracias Blanca plato fácil rico vistoso.
",@user ¡muchísimas gracias Blanca! La verdad es que es un plato fácil pero muy rico y vistoso,"gracias blanca. verdad plato fácil rico vistoso.
"
Estoy segura que esta fue mi última entrevista a Jaime Saavedra como ministro de Educación. Vamos a perder un gran ministro.,0,"Estoy segura que esta fue mi última entrevista a Jaime Saavedra como ministro de Educación. Vamos a perder un gran ministro.
",Segura última entrevista Jaime Saavedra ministro Educación perder gran ministro.,segura entrevista Jaime Saavedra ministro Educación perder gran ministro,"Estoy segura que esta fue mi última entrevista a Jaime Saavedra como ministro de Educación. Vamos a perder un gran ministro.
","Segura última entrevista Jaime Saavedra ministro Educación perder gran ministro.
"
@user @user es que hablo de sus correos corporativos en sus PCs,1,@user @user es que hablo de sus correos corporativos en sus pcs,"hablo correos corporativos PCs
",hablo correos corporativos pcs,"@user @user es que hablo de sus correos corporativos en sus pcs
","habl correo corporativo pc
"
"Pensé que los hacías y compartias por aquí en plan espontáneo, no que tenías una cuenta específica @user. Follow you now again  .",2,"Pensé que hacías y compartías por aquí en plan espontáneo, no que tenías una cuenta específica @user. Siguesme ahora de nuevo.","Pensé hacías compartías espontáneo no tenías cuenta específica user. Follow again.
","Pensé hacías compartías espontáneo no tenías cuenta específica Siguesme de nuevo.
","Pensé que hacías y compartías por aquí en plan espontáneo, no que tenías una cuenta específica @user. Follow you now again.
","pensé hacías compartías espontáneo no tenías cuenta específica user. follow again.
"
@user porque si digo que quiero mamón chino me dicen una vulgaridad,0,porque si digo que quiero mamón chino me dicen una vulgaridad,user porque digo quiero mamón chino dicen vulgaridad,"digo quiero mamón chino dicen vulgaridad
","@user porque si digo que quiero mamón chino me dicen una vulgaridad
","usuario porque digo quiero mamón chino dicen vulgaridad
"
"Ay Dios he pecado, pero es que ese bikini estaba re lindo y necesitaba bronceador",1,"Ay Dios he pecado, pero es que ese bikini estaba re lindo y necesitaba bronceador",Dios pecado lindo necesitaba bronceador,"Dios pecado lindo necesitaba bronceador.
","Ay Dios he pecado, pero es que ese bikini estaba re lindo y necesitaba bronceador","Dios pecado lindo necesitaba bronceador
"
"Me voy mañana para la playa, confiando que el sol me quite esta gripe tan horrible.",2,"Me voy mañana para la playa, confiando que el sol me quite esta gripe tan horrible.","Voy mañana playa, confiando sol quite gripe horrible.
","Voy mañana playa, confiando sol quite gripe horrible.","Me voy mañana para la playa, confiando que el sol me quite esta gripe tan horrible.
","Voy mañana playa, confiando sol quite gripe horrible.
"
@user Eso es antiguo ya,0,"@user eso es antiguo ya
","@user antiguo ya
","@user antiguo ya
","@user eso antigu ya
","@user antiguo ya
"
"No Dennis, no puedes cometer los mismo errores, es hora de cambiar y cometer nuevos errores",1,"No Dennis, no puedes cometer los mismos errores, es hora de cambiar y cometer nuevos errores.","Dennis, puedes cometer errores, hora cambiar cometer nuevos errores.
","Dennis, puedes cometer errores, hora cambiar cometer nuevos.","No Dennis, no puedes cometer los mismo errores, es hora de cambiar y cometer nuevos errores","Dennis, puedes cometer errores, hora cambiar cometer nuevos errores.
"
"@user y si puedo trabajar en Madrid, Buenos Aires o Bogotá yo sería también muy feliz hihihihi",2,"@usuario y si puedo trabajar en Madrid, Buenos Aires o Bogotá yo sería también muy feliz hihihihi","user trabajo Madrid Buenos Aires Bogotá sería feliz
","usuario trabajar Madrid Buenos Aires Bogotá feliz
","@user y si puedo trabajar en Madrid, Buenos Aires o Bogotá yo sería también muy feliz hihihihi
","user trabajo Madrid Buenos Aires Bogotá sería feliz
"
@user Llévales bibliografía! La evidencia en educación médica existe,0,Llévales bibliografía! La evidencia en educación médica existe.,Llévales evidencia educación médica.,Lleva bibliografía. Evidencia educación médica existe.,@user llev bibl gráf! evid educ méd existe,"Llévales evidencí educació médic.
"
@user pero podrías rescatar las cosas buenas que te pasaron ánimos,1,pero podrías rescatar las cosas buenas que te pasaron ánimos,@user podrías rescatar cosas buenas pasaron ánimos,"podrías rescatar cosas buenas pasaron ánimos
","@user pero podrías rescatar las cosas buenas que te pasaron ánimos
",@user podrías rescatar cosas buenas ánimos
@user que te vaya bien por Murcia mala persiana,2,@usuario que te vaya bien por murcia mala persiana,user persiana Murcia mala,usuario bien murcia persiana,"@user que te vaya bien por murcia mala persiana
","user persiana murcia mala
"
@user ooops cierto. Me mata @user,0,@user oipo cierto. me mata @user,"@user cierto Me mata
","oipo cierto me mata
","@user ooops cierto. me mata @user
","@user cierto me mata
"
"Último dia en Elche, ahora toca Benidorm",1,"Último día en Elche, ahora toca Benidorm.","Último día Benidorm.
","Último día Elche, ahora toca Benidorm.","Último dia en Elche, ahora toca Benidorm","Último día Benidorm.
"
@user jajajaja yo creo que esa fue improvisto eh! muchas grasias hermosa!!,2,"@usuario jajajaja yo creo que esa fue improviso eh! muchas gracias hermosa!!
","creo que improvisto grasias hermosa
","creo que improviso gracias hermosa
","@user jajajaja yo creo que esa fue improvisto eh! muchas grasias hermosa!!
","creo que improvisto grasias hermosa
"
@user pura vida. Ya llamé pero fue como no haber llamado.,0,@user pura vida. ya llamé pero fue como no haber llamado.,"pura vida
llamé
fue
haber llamado
","pura vida
llamé
fue
haber llamado
","@user pura vida. ya llamé pero fue como no haber llamado.
","pura vida
llamé
fue
haber llam
"
"@user Ya ves, parece un comic más maduro pero el dibujo se delata solo",1,"@user Ya ves, parece un cómic más maduro pero el dibujo se delata solo","ves comic maduro dibujo delata solo
",ves cómic maduro dibujo delata,"@user ya ves, parece un comic más maduro pero el dibujo se delata solo","ves comic maduro dibujo delata solo
"
Tenemos nueva actualizacion en F1 2016! Muchos cambios y mejoras   http,2,"Tenemos nueva actualización en F1 2016! Muchos cambios y mejoras   http
","Tenemos actualización F2016 Cambios mejoras http
","Tenemos actualización F1 2016 cambios mejoras.
","Tenemos nueva actualizacion en F2016! Muchos cambios y mejoras   http
","Tenemos actualización F2016 Cambios mejoras http
"
Me gustaría que Movistar no me deje colgado sin internet después de haberme ido de Orange,0,Me gustaría que Movistar no me deje colgado sin internet después de haberme ido de Orange,gustaría Movistar dejar colgado internet haberme Orange,"gustaría Movistar dejar colgado internet haberme ido Orange
","Me gustaría que Movistar no me deje colgado sin internet después de haberme ido de Orange
","gustaría Movistar dejar colgado internet haberme Orange
"
"@user hmmmm no sé, aún las siento pegadas en el cielo de la boca",1,"@user hmmmm no sé, aún las siento pegadas en el cielo de la boca","hmmmm siento pegadas cielo boca
","hmmmm siento cielo boca
","@user hmmmm no sé, aún las siento pegadas en el cielo de la boca
","hmmmm siento pegadas cielo boca
"
Segunda sesión del día y ahora ya voy notando la adaptación    Muy cómodo  En ocasiomes hago… http,2,"Segunda sesión del día y ahora ya voy notando la adaptación
Muy cómodo
En ocasiónes hago… http
","Segunda sesión día ahora ya voy notando adaptación cómodo ocasiomes hago.
","Segunda sesión día ahora ya voy notando adaptación
Muy cómodo
Ocasiones hago… http
","Segunda sesión del día y ahora ya voy notando la adaptación
Muy cómodo
En ocasiomes hago… http
","Segunda sesión día ahora ya voy notando adapt cómod ocasi hago.
"
Estos días me encuentro muy débil... espero que se me pase pronto!!!,0,Estos días me encuentro muy débil... espero que se me pase pronto!!!,"días débil espero pase
","días débil espero pase pronto
","Estos días me encuentro muy débil... espero que se me pase pronto!!!
","días débil espero pase
"
@user Cual es tu helado favorito y comida? Como te parecio Costa Rica cuando viniste y a donde fuiste? Sigueme pls saludos bye,1,@usuario ¿Cuál es tu helado favorito y comida? Como te pareció Costa Rica cuando viniste y a dónde fuiste? Sígueme pls saludos bye,@user helado favorito comida Como parecio Costa Rica viniste a donde fuiste Sigueme saludos bye,@usuario helado favorito comida Como pareció Costa Rica viniste dónde fuiste Sígueme saludos bye,"@user cual es tu helado favorito comida Como te parecio Costa Rica cuando viniste y a donde fuiste Sigueme pls saludos bye
","@user helado favorito comida Como parecio Costa Rica viniste a donde fuiste Sigueme saludos bye
"
@user Jajaja ahí tenemos gustos diferentes pero así tb se puede hablar de todo  #TonyYSorayaEnMalaga,2,@usuario Jajaja ahí tenemos gustos diferentes pero así también se puede hablar de todo #TonyYSorayaEnMalaga,Jajaja tenemos gustos diferentes hablar todo #TonyYSorayaEnMalaga,usuario gustos hablar TonyYSorayaEnMalaga,@user jajaja ahí tenemos gustos diferentes pero así tb se puede hablar de todo #tonyysorayaenmalaga,"Jajaja tenemos gustos diferentes hablar todo #TonyYSorayaEnMalaga
"
@user pff... Cada vez tengo más claro qje soy mura rara,0,@user pff... cada vez tengo más claro que soy mura rara,user pff Cada vez tengo más claro soy mura rara,user pff cada vez tengo claro soy mura rara,"@user pff... cada vez tengo más claro qje soy mura rara
","user pff cada vez tengo más claro soy mura rara
"
@user una gran oportunidad para que disfrutemos (con @user ) de su trabajo...,1,@usuario una gran oportunidad para que disfrutemos (con @usuario ) de su trabajo...,"gran oportunidad disfrutemos trabajo
","usuario gran oportunidad disfrutemos trabajo
","@user una gran oportunidad para que disfrutemos (con @user ) de su trabajo...
","gran oportunidad disfrutemos trabajo
"
No hay nada mejor que ver el estreno de #RogueOne con la mejor compañía,2,No hay nada mejor que ver el estreno de #RogueOne con la mejor compañía,ver estreno compañía,ver estreno compañía,No hay nada mejor que ver el estreno de #RogueOne con la mejor compañía,"ver estreno compañía
"
"@user yo lo único e puedo rescatar es TØP y Coldplay,pero no tengo un cinco.",0,"@usuario yo lo único puedo rescatar es top y coldplay, pero no tengo un cinco.","@user único puedo rescatar TØP Coldplay no tengo cinco.
",usuario único puedo rescat top coldplay no tengo cinco,"@user yo lo único e puedo rescatar es top y coldplay,pero no tengo un cinco.
","@user único puedo rescatar TØP Coldplay no tengo cinco.
"
2 meses que parecen una eternidad. no sabes como me haces falta mi querida abuelita,1,"dos meses que parecen una eternidad. no sabes como me haces falta mi querida abuelita.
","Meses eternidad. sabes falta abuelita.
","meses eternidad sabes falta abuelita
","2 meses que parecen una eternidad. no sabes como me haces falta mi querida abuelita.
","meses eternidad. sabes falta abuelita.
"
"@user Qué buena pinta.. se parece mucho a un ""suquet de rape"" por aquí",2,@user qué buena pinta.. se parece mucho a un “suquet de rape” por aquí,buena pinta suquet rape,user buena pinta suquet rape,"@user qué buena pinta.. se parece mucho a un ""suquet rape"" por aquí
","buena pinta suquet rape
"
@user Porque era el primer semestre y te daba miedo faltar. A ver si este año nos abandonas menos.,0,"@user porque era el primer semestre y te daba miedo faltar. a ver si este año nos abandonas menos.
","@user porque semestre primer daba miedo faltar. A ver si año nos abandonas menos.
","@user miedo faltar año abandonas menos.
","@user porque era el primer semestre y te daba miedo faltar. a ver si este año nos abandonas menos.
","@user porque semestre primer daba miedo faltar. A ver si año nos abandonas menos.
"
"@user acabo de subir una foto con él, pero es el mismo nombre que mi twitter",1,"@usuario acabo de subir una foto con él, pero es el mismo nombre que mi twitter","user foto él pero mismo nombre twitter
","usuario foto él pero mismo nombre twitter
","@user acabo de subir una foto con él, pero es el mismo nombre que mi twitter
","user foto él pero mismo nombre twitter
"
Pensar en irse pronto a la cama y ver que dan 2 capítulos de #minorityreport la mejor manera de alegrarse la noche,2,pensar en irse pronto a la cama y ver que dan 2 capítulos de minoría infractible la mejor manera de alegrarse la noche,Pensar ir cama ver capítulos minorityreport mejor noche,pensar irse cama ver capítulos minoría infractible alegrarse noche,"Pensar en irse pronto a la cama y ver que dan 2 capítulos de minorreport la mejor manera de alegrarse la noche
","pensar ir cama ver capítulos minorityreport mejor noche
"
"Como dice @user , se escapa otro verano en un furgón blindado    @salaBBK #Bilbao #QuiqueGonzález  http",0,"Como dice, se escapa otro verano en un furgón blindado. @salaBBK #Bilbao #QuiqueGonzález http
",dice user escapa verano furgón blindado salaBBK Bilbao QuiqueGonzález,"dice verano furgón blindado  @salaBBK Bilbao QuiqueGonzález
","Como dice user, se escapa otro verano en un furgón blindado    salaBBK Bilbao QuiqueGonzález
","dice user escapa verano furgón blindado salaBBK Bilbao QuiqueGonzález
"
@user Exacto! Todo lo que él hace lo hace con el corazón y desde el corazón,1,"@user Exacto! Todo lo que él hace lo hace con el corazón y desde el corazón.
",Exacto Todo corazón corazón,Exacto Todo corazón corazón,@user Exacto! Todo lo que él hace lo hace con el corazón y desde el corazón,"Exacto todo corazón corazón
"
"Bueno, ya he montado la biblioteca y de no tener espacio, con ella me sobran huecos jajaja En unos años estara llenita",2,"Bueno, ya he montado la biblioteca y de no tener espacio, con ella me sobran huecos jajaja En unos años estará llenita.
",Bueno he montado biblioteca espacio huecos años llenita,"Montado biblioteca espacio huecos llenita.
","Bueno, ya he montado la biblioteca y de no tener espacio, con ella me sobran huecos jajaja En unos años estara llenita
","buen he montad bibliotec espac huec año llen
"
Con lo que voy a gastar comprándome algo para halloween me compro una mudada y de paso la entrada en 5 mil,0,"Con lo que voy a gastar comprándome algo para halloween me compro una mudanza y de paso la entrada en cinco mil.
","Compro mudada paso entrada mil.
",Compro mudanza entrada cinco mil.,"Con lo que voy a gastar comprándome algo para halloween me compro una mudada y de paso la entrada en 5 mil
","Compro mudada paso entrada mil.
"
mi hermoso @user esta que hace live en ig y no puedo ver me quiero morir queria un saludo para las @user,1,"mi hermoso usuario está que hace live en ig y no puedo ver me quiero morir quería un saludo para los usuarios.
",hermoso user hace live ig no puedo ver quiero morir saludo user,hermoso usuario hace live ig no puedo ver quiero morir saludo usuarios,"mi hermoso user esta que hace live en ig y no puedo ver me quiero morir queria un saludo para user
","hermoso user hace live ig no puedo ver quiero morir saludo user
"
La final de @user esta esta muy interesante,2,La final de usuario esta esta muy interesante,"Final user interesante
","Final usuario interesante
",La final de usu esta esta muy interesant,"Final usuario interesante
"
mi vida es una mierda primero me enamoro de un macedonio en ibiza y ahora del timbales de la panorama,0,"mi vida es una mierda primero me enamoro de un macedonio en ibiza y ahora del timbales de la panorama
","vida enamoro macedonio ibiza panorama
","vida enamoro macedonio ibiza panorama
","mi vida es una mierda primero me enamoro de un macedonio en ibiza y ahora del timbales de la panorama
","vida enamoro macedonio ibiza panorama
"
"Estoy bien  Muchas gracias a aquellos que preguntais, el problema es que hoy no me dieron cita.. dijeron que imposible",1,"Estoy bien. Muchas gracias a aquellos que preguntáis, el problema es que hoy no me dieron cita. Dijeron que imposible.
",Estoy bien gracias a preguntais problema que hoy no dieron cita dijeron imposible,"Bien gracias aquellos preguntáis problema hoy no dieron cita Dijeron imposible.
","Estoy bien Muchas gracias a aquellos que preguntais, el problema es que hoy no me dieron cita.. dijeron que imposible
","Estoy bien gracias a preguntis problema que hoy no dieron cita dijeron imposible
"
Es que es taaaaaan bonito,2,Es que es tan bonito,"que bonito
",tan bonito,"Es que es tan bonito
","que bonito
"
Pero tenemos fe en que el TEC sea igual de masoquista que siempre y nos haga ir a como de lugar.,0,"Pero tenemos fe en que el TEC sea igual de masoquista que siempre y nos haga ir a como de lugar.
","Pero tenemos fe que TEC sea masoquista siempre nos haga ir lugar.
",tenemos fe que TEC sea masoquista siempre haga ir lugar,"Pero tenemos fe en que el TEC sea igual de masoquista que siempre y nos haga ir a como lugar.
","Pero tenemos fe que TEC masoquista siempre nos haga ir lugar.
"
Miraflores dime que dentro de ti hay buenos polos,1,Miraflores dime que dentro de ti hay buenos polos,"Miraflores dime buenos polos.
","Miraflores dime buenos polos.
","Miraflores dime que dentro de ti hay buenos polos
","Miraflores dime buenos polos.
"
Recuerdo cuando le escribía a mi hermana @user para que me motivara y me hiciera sentir útil. Dios me dio a la mejor hermana,2,"Recuerdo cuando le escribía a mi hermana @user para que me motivara y me hiciera sentir útil. Dios me dio a la mejor hermana.
",Recuerdo escribir hermana motivara sentir útil Dios hermana.,"Recuerdo hermana user motivara sentira util Dios hermana
","Recuerdo cuando le escribía a mi hermana @user para que me motivara y me hiciera sentir útil. Dios me dio a la mejor hermana
","Recuerdo escribir hermana motivara sentir útil Dios hermana.
"
"@user @user jaja y por que lo peor, los juegos de Ubisoft no son tan malos, lo que si es un poco malo es ser solo de Sony",0,"@usuario @usuario jaja y por que lo peor, los juegos de Ubisoft no son tan malos, lo que si es un poco malo ser solo de Sony.
",@user @user jaja porque peor juegos Ubisoft no tan malos ser Sony,@usuario @usuario juegos Ubisoft malos Sony,"@user @user jaja y por que lo peor, los juegos de ubisoft no son tan malos, lo que si es un poco malo es ser solo de sony
","@user @user jaja porque peor juegos ubisoft no tan malos ser sony
"
@user no porque no los tienes activados a todos,1,@usuario no porque no los tienes activados a todos,user porque tienes activados todos,usuario tienes activados,@user no porque no los tienes activados a todos,"user porque tienes activados todos
"
"La vida hay que verla de manera optimista. Hay que luchar, hay que ser fuertes ante todo.",2,"La vida hay que verla de manera optimista. Hay que luchar, hay que ser fuertes ante todo.
",Vida ver manera optimista luchar ser fuertes todo.,"vida verla optimista luchar fuertes todo
","La vida hay que verla de manera optimista. Hay que luchar, hay que ser fuertes ante todo.
","Vida ver manera optimista luchar ser fuertes todo
"
@user una especie de Titanic pero en versión cutre no?,0,@usuario una especie de titanic pero en version cutre no, especie Titanic versión cutre,usuario especie titanic version cutre,@user una especie de titanic pero en version cutre no,"especie Titanic versión cutre
"
"@user hola, te contamos que el incidente que tuvimos con el aspersor ya se solucionó ¡Te esperamos pronto!",1,"@user contamos que el incidente que tuvimos con el aspersor ya solucionó ¡esperamos pronto!
","hola, te solucionó ¡Te esperamos pronto!
",contamos incidente solucionó esperamos,"@user hola, te contamos que el incidente que tuvimos con el aspersor ya se solucionó ¡Te esperamos pronto!
","hola, te solucionó ¡Te esperamos pronto!
"
"Hoy fue la primera vez en 20 años de vida que me comí un Chifrijo jaja Sabía rico, pero si el chicharron no tuviese pellejo sería mejor",2,"Hoy fue la primera vez en 20 años de vida que me comí un Chifrijo jaja Sabía rico, pero si el chicharrón no tuviese pellejo sería mejor",Hoy fue vez años vida comí Chifrijo jaja Sabía rico pero si chicharron tuviese pellejo sería mejor,Hoy fue vez años vida comí Chifrijo jaja Sabía rico pero chicharrón no tuviese pellejo sería mejor,"Hoy fue la primera vez en 20 años de vida que me comí un Chifrijo jaja Sabía rico, pero si el chicharrón no tuviese pellejo sería mejor","Hoy fue vez año vida comí Chifrijo jaja Sabía rico pero si chicha tuviese pellejo sería mejor
"
@user su madre sé suicido y la encontró Chelo muerta,0,@user su madre sea suicida y la encontró Chelo muerta,@user madre suicidio Chelo muerta,user madre suicida Chelo muerta,"@user su madr sé suicid y la encontr Chel mort
","@user madre suicidio chelo muerta
"
"@user FELIZ CUMPLEAÑOS JULIAN Z ! q Dios te bendiga muchísimo, un fuerte abrazo desde Huacho",1,"@user feliz cumpleaños julian z! q dios te bendiga muchísimo, un fuerte abrazo desde huacho","Julian Z
Dios te bendiga
fuerte abrazo
","feliz cumpleaños julian dios te bendiga abrazo huacho
","@user feliz cumpleaños julian z! q dios te bendiga muchísimo, un fuerte abrazo desde huacho
","Julian Z
Dios te bendiga
fuerte abrazo
"
"@user Buenos días, un éxito su maratonica, yo me sumé y sé que van a llevar mucha alegría a personas que están sufriendo",2,"@user buenos días, un éxito su maratonica, yo me sumé y sé que van a llevar mucha alegría a personas que están sufriendo",@user éxito maratonica sumé sé alegría personas sufriendo,@user éxito maratonica yo sumé sé alegría personas sufriendo,"@user buenos días, un éxito su maratónica, yo me sumé y sé que van a llevar mucha alegría a personas que están sufriendo
","@user éxito maratonica sumé sé alegría personas sufriendo
"
"@user Me enamoré de una bruja, dos veces, es que no hay tanto gato so cansino",0,"@user me enamoré de una bruja, dos veces, es que no hay tanto gato so cansino",enamoré bruja veces gato cansino,enamoré bruja veces gato cansino,"@user me enamoré de una bruja, dos veces, es que no hay tanto gato so cansino
","enamoré bruja veces gato cansino
"
Ojalá todos tuvieran un techo y comida y pasar una buena noche buena,1,Ojalá todos tuvieran un techo y comida y pasar una buena noche buena,Ojalá todos tengan techo comida pasar buena noche.,Ojalá todos tengan techo comida pasar buena noche.,"Ojalá todos tuvieran un techo y comida y pasar una buena noche buena
","Ojalá todos tengan techo comida pasar buena noche.
"
Recibir este nuevo año en familia es lo más bonito y con un corazón agradecido por tanta bendición de nuestro amado Dios. #Feliz2017,2,Recibir este nuevo año en familia es lo más bonito y con un corazón agradecido por tanta bendición de nuestro amado Dios. #Feliz2017,Recibir año familia lo bonito corazón agradecido bendición Dios. #Feliz2017,Recibir año familia lo bonito corazón agradecido bendición Dios. #Feliz2017,"Recibir este nuevo año en familia es lo más bonito y con un corazón agradecido por tanta bendición de nuestro amado Dios. #Feliz2017
","Recibir año familia lo bonito corazón agradecido bendición Dios. #Feliz2017
"
Ha muerto mi profesora de volumen/escultura y en serio que bajonazo,0,"Ha muerto mi profesora de volumen/escultura y en serio que bajonazo.
","muerta profesora volumen escultura serio bajonazo
","muerta profesora volumen escultura serio bajonazo
",Ha muerto mi profesora de volumen/escultura y en serio que bajonazo,"muerta profesor volumen escultura serio bajonazo
"
@user No lo soy lemado,1,@user No lo soy lemado,"lo soy lemado
","lemado
",@user No lo soy lemado,"lo soy lemado
"
@user que yo soy fiel tío,2,"@user que yo soy fiel tío
","@user soy fiel tío
","@user soy fiel
","@user que yo soy fiel tío
","@user soy fiel tío
"
"@user ni siquiera llegué para ver las competiciones de Río en directo, solo las barras asimétricas de Aliya",0,"ni siquiera llegué para ver las competiciones de río en directo, solo las barras asimétricas de aliya",user competiciones Río directo barras asimétricas Aliya,llegué ver competiciones río directo barras asimétricas aliya,"@user ni siquiera llegué para ver las competiciones de Río en directo, solo las barras asimétricas de Aliya","user competiciones Río directo barras asimétricas Aliya
"
¡Hola @user! Una pregunta? La visita a la fábrica es gratuita o hay que pagar algo? Un saludo bonicos y bonicas mios!,1,"¡Hola @user! Una pregunta? La visita a la fábrica es gratuita o hay que pagar algo? Un saludo bonicos y bonicas mios!
",Hola usuario Pregunta visita fábrica gratuita pagar algo Saludo bonicos bonicas mios,Hola usuario Pregunta visita fábrica gratuita pagar algo Saludo bonicos mios,"¡Hola @usr! Una pregunt? La visit? a la fábric? es gratuit? o hay que pag? algo? Un salud? bonicos y bonicas mios!
","Hola usuario Pregunta visita fábrica gratuita pagar algo Saludo bonicos bonicas mios
"
"@user esa está genial en serio, vamos, vamos un día",2,"@usuario esa está genial en serio, vamos, vamos un día","@user genial serio vamos día
",usuario genial serio vamos día,"@user esa está genial en serio, vamos, vamos un día
","@user genial serio vamos día
"
Ya se que soy lo peor pero jo,0,Ya sé que soy lo peor pero jo,"soy peor jo
","sé peor jo
","Ya se que soy lo peor pero jo
","soy peor jo
"
"@user somos dos! jaja ahora eres Martín? oye voy para Lima el prox mes, para el reencuentro d la u, avisas si estarás por esos días",1,"somos dos! jaja ahora eres martín? oye voy para lima el prox mes, para el reencuentro de la u, avisas si estarás por esos días",dos jaja Martín prox mes reencuentro u avisas estarás esos días,dos jaja ahora eres martín oye voy lima prox mes reencuentro u avisas estarás esos días,"@user somos dos! jaja ahora eres martín? oye voy para lima el prox mes, para el reencuentro d la u, avisas si estarás por esos días
","dos jaja martín prox mes reencuentro u avisas estarás esos días
"
Algo bueno que le puedo encontrar al incendio de Villava es que esta tan cerca del Instituto... seria una pena que se quemase...,2,Algo bueno que le pueda encontrar al incendio de Villava es que está tan cerca del Instituto... sería una pena que se quemase...,"Incendio Villava cerca Instituto pena quemase.
",Incendio Villava Instituto pena quemase,algo bueno que le puedo encontrar al incendio de villava es que esta tan cerca del instituto... seria una pena que se quemase...,"Incendio Villava cerca Instituto pena quemase.
"
"El problema de las ofertas ahorita, esque no llegó al mínimo para regalarle a mi amigo secreto. Y siento que lo voa estafar",0,"El problema de las ofertas ahora, esque no llegó al mínimo para regalarle a mi amigo secreto. Y siento que lo voa estafar.
",problema ofertas ahorita esque no llegó mínimo regalar amigo secreto siento lo voa estafar,"problema ofertas mínimo regalar amigo secreto siento voa estafar
","El problema de las ofertas ahorita, esque no llegó al mínimo para regalarle a mi amigo secreto. Y siento que lo voa estafar.
","problema ofertas ahorita esque no llegó mínimo regalar amigo secreto siento lo voa estafar
"
-Amor 1:02 : Acabo de ver a mi hermana con su pretendiente -Camila Díaz 1:03 : uyyy no te exhaltes es normal jaja -Amor 1:04:Casi le pego,1,"-Amor 1:02 : Acabo de ver a mi hermana con su pretendiente -Camila Díaz 1:03 : uyyy no te exhaltes es normal jaja -Amor 1:04:Casi le pego
","Amor 1:02: Ver hermana pretendiente
Camila Díaz 1:03: uyyy no te exhaltes es normal jaja
Amor 1:04: Casi le pego","Amor 1:02 : Acabo ver hermana pretendiente
Camila Díaz 1:03 : uyyy no te exhaltes es normal jaja
Casi pego
",-amor 1:02 : acabo de ver a mi hermana con su pretendiente -camila diaz 1:03 : uyyy no te exhaltes es normal jaja -amor 1:04:casi le pego,"Amor 1:02: Ver hermana pretendiente
Camila Díaz 1:03: uyyy no te exhaltes es normal jaja
Amor 1:04: Casi le pego
"
@user se habia puesto octavo pero en la última vuelta se ha puesto 4,2,@user se había puesto octavo pero en la última vuelta se ha puesto cuatro,@user puesto octavo última vuelta puesto cuatro,@user puesto octavo vuelta cuatro,"@user se habia puesto octavo pero en la ultima vuelta se ha puesto 4
","@user puesto octavo última vuelta puesto cuatro
"
Tan desesperado que hasta stalkea,0,Tan desesperado que hasta espía,desesperado hasta stalkea,"desesperado espía
","Tan desesperado que hasta stalkea
","desesperad hasta stalkea
"
"@user Yo tengo un par, pero son sólo R",1,"@user Yo tengo un par, pero ser sólo R.
","tengo par son sólo R
","tengo par sólo R
","@user yo tengo un par, pero son sólo r
","tengo par son sólo r
"
@user Es una buena forma de dar la bienvenida a mi casa,2,"es una buena forma de dar la bienvenida a mi casa
","buena forma dar bienvenida casa
","buena forma dar bienvenida casa
",@user es una buena forma de dar la bienvenida a mi casa,"buena form dar bienven casa
"
me cago en dios ya no soy teen el cumpleaños más triste de mi vida,0,me cago en dios ya no soy teen el cumpleaños más triste de mi vida,"cago dios soy triste cumpleaños vida
","cago dios soy triste cumpleaños vida
","me cago dios ya soy teen cumpleaños triste vida
","cago dios soy triste cumpleaños vida
"
Me recomendais alguna silla gaming buena please,1,Me recomendáis alguna silla gaming buena por favor,"recomendais silla gaming buena please
",recomendáis silla gaming buena favor,"Me recomendáis silla gaming buena please
","recomendais silla gaming buena please
"
@user tengo que hablar todavía con las librerías pero a ver si cae la primera este mes ya  @user,2,"@user tengo que hablar todavía con las librerías pero a ver si cae la primera este mes ya
",@user hablar librerías caer mes,hablar librerías caer mes,"@user tengo que hablar todavía con las librerías pero a ver si cae la primera este mes ya
","@user hablar librerías caer mes
"
@user una oleada de cosas homófobas días anteriores,0,@usuario una oleada de cosas homófobas días anteriores,oleada cosas homofobas días,usuario oleada cosas homofobas días,"@user una oleada de cosas homófobas días anteriores
","oleada cosas homofobas días
"
me olvide de un pequeño detalle y ahora debo ir a Wong,1,me olvidé de un pequeño detalle y ahora debo ir a Wong,"olvidé detalle ir Wong
",olvidé detalle ir Wong,me olvide de un pequeño detalle y ahora debo ir a Wong,"olvidé detalle ir Wong
"
@user @user @user @user @user felicidades chicos !!nosotros como vuestros fans estamos super orgullosos,2,felicidades chicos!! nosotros como vuestros fans estamos super orgullosos,felicidades chicos orgullosos fans,"felicidades chicos orgullosos fans super
","@user @user @user @user @user felicidades chicos!!nosotros como vuestros fans estamos super orgullosos
","felicidades chicos orgullosos fans
"
Tan sólo es un mal día no una mala vida,0,Tan sólo es un mal día no una mala vida,un mal día una mala vida,un mal día una mala vida,Tan sólo es un mal día no una mala vida,"un mal día una mala vida
"
Que ganas de cagarla y decirle a mis papás que no se quedó donde una amiga si no donde su nuevo novio,1,"que ganas de cagarla y decirle a mis papás que no se quedó donde una amiga si no donde su nuevo novio
",ganas cagarla decirle papás no se quedó amiga no donde novio,ganas cagarla decirle papás no se quedó amiga no novio,"que ganas de cagarla y decirle a mis papás que no se quedó donde una amiga si no donde su nuevo novio
","ganas cagarla decirle papás no se quedó amiga no donde novio
"
"@user ahh ya ya jajaja. Bueno, buenas noches, que descanse",2,"@user ahh ya ya jajaja. Bueno, buenas noches, que descanse","ahh ya ya jajaja bueno descanse
","ahh ya ya jajaja bueno descanse
","@user ahh ya ya jajaja. bueno, buenas noches, que descanse","ahh ya ya jajaja bueno descanse
"
@user Yo mismo quiero hacerlo pero muchas veces me da pereza y me enfado conmigo mismo,0,yo mismo quiero hacerlo pero muchas veces me da pereza y me enfado conmigo mismo,quiero hacerlo pereza enfado conmigo,quiero hacerlo pero veces me da pereza enfado conmigo mismo.,"@user yo mismo quiero hacerlo pero muchas veces me da pereza y me enfado conmigo mismo
","quiero hacerlo pereza enfado conmigo
"
@user oye pero es carbohidrato,1,"@usuario oye pero es carbohidrato
",oye carbohidrato,"usuario oye carbohidrato
",@user oye pero es carboidrato,"oye carboidrato
"
Soy muy poco cariñoso pero el amor esta,2,"Soy muy poco cariñoso pero el amor es
","Soy poco cariñoso amor esta
","Soy poco cariñoso amor es
","Soy muy poco cariñoso pero amor esta
","soy poco cariñoso amor esta
"
"@user hoy te he visto (y tu a mi) y no me has saludado, mala gente  (no te dije nada porque ibas acompañada)",0,"@user hoy te he visto (y tu a mi) y no me has saludado, mala gente (no te dije nada porque ibas acompañada)",@user hoy te visto mi tu a mi no me saludado mala gente te dije nada ibas acompañada,@user hoy te visto tu mi no me saludado mala gente te dije nada ibas acompañada,"@user hoy te he visto (y tu a mi) y no me has saludado, mala gente (no te dije nada porque ibas acompañada)
","@user hoy te visto mi tu a mi no me saludado mala gente te dije nada ibas acompañada
"
"Todos vamos a ser puteados mañana, bonita Navidad eh #despedidos",1,"Todos vamos a ser puteados mañana, bonita Navidad eh #despedidos","vamos ser puteados mañana Navidad despedidos
","vamos ser puteados mañana Navidad despedidos
","Todos vamos a ser puteados mañana, bonita Navidad eh #despedidos
","vamos ser puteados mañana Navidad despedidos
"
@user La vida nos lleva por caminos inextricables jajaja Me alegro de que te haya molado el programa de hoy,2,@user La vida nos lleva por caminos inextricables jajaja Me alegro de que te haya molado el programa de hoy,"@user vida caminos molado programa
",@user vida caminos molado programa,"@user la vid nos llev por camins inextricables jajaja me alegre de que te haya molad el program de hoy
","@user vida caminos program
"
"Mi imposible quiere irse a Europa. Yo tenía pequeñas esperanzas sabiendo que era imposible, pero ahora se las lleva para Europa",0,"Mi imposible quiere irse a Europa. Yo tenía pequeñas esperanzas sabiendo que era imposible, pero ahora se las lleva para Europa.
","Mi imposible irse Europa. Tenía pequeñas esperanzas sabiendo era imposible, ahora se las lleva Europa.","Imposible ir Europa. Tenía esperanzas sabiendo imposible, ahora se lleva Europa.
","Mi imposible quiere irse a Europa. Yo tenía pequeñas esperanzas sabiendo que era imposible, pero ahora se las lleva para Europa.
","Mi imposible irse Europa. Tenía pequeñas esperanzas sabiendo era imposible, ahora se las lleva Europa.
"
@user pero no es lo mismo,1,"pero no es lo mismo
",@user pero lo mismo,"pero mismo
","@user pero no es lo mismo
","@user pero lo mismo
"
@user que nos regales con capturas de imagen de tus actividades ya no es sorpresa. Lo sorprendente es que tienes inivitado!,2,@usuario que nos regales con capturas de imagen de tus actividades ya no es sorpresa. Lo sorprendente es que tienes invitado!,"user actividades sorpresa invitado
",usuario regales capturas imagen actividades no sorpresa invitado,"@user que nos regales con capturas de imagen de tus actividades ya no es sorpresa. Lo sorprendente es que tienes invitado!
","user actividades sorpresa invitado
"
@user y vos tan sano,0,@usuario y vos tan sano,"user sano
","usuario sano
","@user y vos tan sano
","usuario sano
"
"@user @user Vaya. No hemos invitado a nadie, la gente sea ido metiendo sola a la conversación.",1,"@user @user vaya. no hemos invitado a nadie, la gente sea ido metiendo sola a la conversación.","Vaya gente ido conversación.
","vaya no hemos invitado nadie gente ido metiendo conversación.
",@user @user vaya no hemos invitado nadie gente sea ido metiendo sola conversación,"Vaya gente ido conversación.
"
@user @user @user @user @user soy la de atras JAJAJA me meo jo que foto mas chula,2,@user @user @user @user @user soy la de atras JAJAJA me meo jo que foto mas chula,soy la atras JAJAJA foto chula,soy la atras JAJAJA foto chula,"@user @user @user @user @user soy la de atras JAJAJA me meo jo que foto mas chula
","soy la atras JAJAJA foto chula
"
Me cago en la puta ola de calor que está haciendo  haber si nos morimos,0,Me cago en la puta ola de calor que está haciendo haber si nos morimos,"cago ola calor nos morimos
","cago ola calor morimos
","me cago puta ola calor hab haber mori
","cago ola calor nos morimos
"
".@user hola, envié un correo debido a que mi usuario está supendido. Quisiera me ayuden con el inconveniente. Gracias",1,"hola, envié un correo debido a que mi usuario está suspendido. quisiera me ayuden con el inconveniente. gracias",@user hola envié correo usuario suspendido Quisiera ayuden inconveniente Gracias,"hola, envié correo usuario suspendido. quisiera ayuden inconveniente. gracias.",".@user hola, envié un correo debido a que mi usuario está supendido. Quisiera me ayuden con el inconveniente. Gracias
","@user hola envié correo usuario suspendido quisiera ayuden inconveniente gracias
"
"@user en eso estamos claros, pero yo tengo fe en que los ticos somos solidarios cuando mas se necesita",2,"en eso estamos claros, pero yo tengo fe en que los ticos somos solidarios cuando más se necesita","en esto estamos claros yo tengo fe los ticos somos solidarios cuando mas se necesita
",eso estamos claros pero tengo fe que ticos somos solidarios cuando más se necesita,"@user en eso estamos claros, pero yo tengo fe en que los ticos somos solidarios cuando mas se necesita
","en esto estamos claros yo tengo fe los ticos somos solidarios cuando mas se necesita
"
@user lo siento Juan ya sabes que soy hetero,0,"@user lo siento Juan ya sé que soy hetero
","Juan soy hetero
",user siento Juan sé hetero,"@user lo sient Juan ya sabes que soy heter
","Juan soy hetero
"
Yo todo feliz por recibir la orden patronal Y DE AHORA EN ADELANTE VA A SER DIGITAL,1,Yo todo feliz por recibir la orden patronal y de ahora en adelante va a ser digital.,todo feliz recibir orden patronal ahora adelante ser digital,"feliz digital
","Yo todo feliz por recibir la orden patronal Y DE AHORA EN ADELANTE VA A SER DIGITAL
","todo feliz recibir orden patronal ahora adelante ser digital
"
Tengo hora y media libre en Heredia.,2,"Tengo hora y media libre en Heredia.
","Tengo hora media libre Heredia.
","Hora media libre Heredia.
","Tengo hora y media libre en Heredia.
","Tengo hora media libre Heredia.
"
por qué el concurso de #SoyJustDancer es solo para españa? @user,0,"por qué el concurso de #SoyJustDancer es solo para españa? @user
","concurso #SoyJustDancer españa @user
","concurso #SoyJustDancer españa user
","por qué el concursó de #SoyJustDancer es solo para españa? @user
","concurso #SoyJustDancer españa @user
"
"@user @user ¡Hola, Irene! Para que la participación sea válida tiene que ser a través de Instagram",1,"@usuario @usuario ¡Hola, Irene! Para que la participación sea válida tiene que ser a través de Instagram.",Hola Irene. Participación válida Instagram.,Hola Irene. Participación válida Instagram.,"@user @user ¡Hola, Irene! Para que la participación sea válida tiene que ser a través de Instagram.","Hola Irene. Participación válida Instagram.
"
@user @user Bien! Yo no se que tiene el mundo en contra de la tercera generación  Mi fav es la primera pero merece la pena.,2,@user @user Bien! Yo no sé que tiene el mundo en contra de la tercera generación. Mi fav es la primera pero merece la pena.,Bien Yo no se mundo contra tercera generación fav primera merece pena.,"Bien Yo no sé mundo contra tercera generación. Fav primera merece pena.
","@user @user Bien! Yo no se que tiene el mundo en contra de la tercera generación Mi fav es la primera pero merece la pena.
","Bien Yo no se mundo contra tercera generación fav primera merece pena.
"
@user @user mis amigos hablando jodes .... K bonita amistad,0,@user @user mis amigos hablando jodes.... k bonita amistad,"amigos hablando jodes bonita amistad
","amigos hablando bonita amistad
","@user @user mis amigos hablando jodes.... k bonita amistad
","amigos hablando jodes bonita amistad
"
". @user necesito el libro de @user. Y también esa obra q os comento que no acabo de localizar. En breve, pasaré a veros",1,"necesito el libro, también esa obra que os comento que no acabo de localizar. en breve, pasaré a veros.
",@user libro @user obra localizar breve pasaré veros,necesito libro obra localizar breve pasaré veros,". @user necesito el libro de @user. Y también esa obra q os comento que no acabo de localizar. En breve, pasaré a veros
","@user libro @user obra localizar breve pasaré veros
"
"Buenos dias, vamos a hacer algunos recados y a empezar el dia con energia!!",2,"Buenos días, vamos a hacer algunos recados y a empezar el día con energía.","vamos hacer recados empezar dia energia
","días hacer recados empezar energía
","Buenos días, vamos a hacer algunos recados y a empezar el día con energía!!
","vamos hacer recados empezar dia energia
"
@user ni tu como soportas el calor sevillano hija mía,0,ni tu como soportas el calor sevillano hija mía,tu como soportas calor sevillano hija mía,"tu como soportas calor sevillano hija mía
","@user ni tu como soportas el calor sevilla hija mía
","tu como soportas calor sevilla hija mia
"
El viernes dejo de ver a muchas personas por un buen tiempo y ah la,1,El viernes dejo de ver a muchas personas por un buen tiempo y ahí la,viernes dejo ver personas buen tiempo ah,"viernes dejo ver personas buen tiempo ahí
","El viernes dejo de ver a muchas personas por un buen tiempo y ah
","viernes dejo ver personas buen tiempo ah
"
"Buen partido a todos @user , suerte en la final de losers y a ver si nos volvemos a ver en la gran final. Saludo a esos casters",2,"Buen partido a todos, suerte en la final de perdedores y a ver si nos volvemos a ver en la gran final. Saludo a esos casters.
",partido todos user suerte final losers ver gran final saludo casters,partido suerte final perdedores ver volver gran saludo casters,"Buen partido a todos @user, suerte en la final de losers y a ver si nos volvemos a ver en la gran final. Saludo a esos casters
","partido todos user suerte final losers ver gran final saludo casters
"
"Ahora que estoy en Madrid casi no puedo hacer fotos chachis, solo a mi careto y no",0,"Ahora que estoy en Madrid casi no puedo hacer fotos chachis, solo a mi careto y no.
","Estoy Madrid no puedo fotos careto no.
",estoy Madrid fotos careto no,"Ahora que estoy en Madrid casi no puedo hacer fotos chachis, solo a mi careto y no.
","Estoy Madrid no puedo fotos careto no.
"
A las 17:30 pillo el bus,1,"A las 17:30 pillo autobús
",Bus 17:30 pillo.,"17:30 pillo autobús
","A las 17:30 pillo bus
","Bus 17:30 pillo
"
@user Pablo de día y Paula de noche  Aquí me tenéis. Un verdadero placer chic@s!,2,@user Pablo de día y Paula de noche Aquí me tenéis. Un verdadero placer chicos,Pablo día Paula noche Aquí tenéis. Placer chic@s.,Pablo día Paula noche placer chicos,"@user pablo de día y paula de noche aquí me tenéis. un verdadero placer chics!
","Pablo día Paula noche Aquí tenéis. Placer chic@s.
"
@user @user @user lo mas gracioso es que diciendo esas cosas solo fomenta aun mas el odio hacia el feminismo,0,@user @user @user lo más gracioso es que diciendo esas cosas solo fomenta aún más el odio hacia el feminismo,"gracioso que diciendo cosas fomenta odio feminismo.
","gracioso que diciendo esas cosas fomenta odio feminismo.
","@user @user @user lo mas gracioso es que diciendo esas cosas solo fomenta aun mas el odio hacia el feminismo
","gracioso diciendo fomenta odio feminismo
"
Tres cosas para lo que no soy buena: 1- cocinar 2- maquillaje 3- cantar. Pero así me quieren,1,"Tres cosas para lo que no soy buena: 1- cocinar 2- maquillaje 3- cantar. Pero así me quieren.
","Tres cosas para cantar. Pero así me quieren.
","Tres cosas cocinar maquillaje cantar. Pero así quieren.
","Tres cosa para lo que no soy buena: 1- cocinar 2- maquillaje 3- cantar. Pero así me quieren.
","Tres cosas cantar. Pero así querer.
"
@user 👍🏻 aunque mejor todavía no tener caja tonta.  Desde que no veo la tele el día me cunde mucho más,2,aunque mejor todavía no tener caja tonta. desde que no veo la tele el día me cunde mucho más,"@user 👍🏻 aunque mejor todavía no tener caja tonta. Desde que no veo la tele el día me cunde mucho más.
",aunque mejor todavía tener caja tonta. desde que veo tele día me cunde mucho más.,"@user 👍🏻 aunque mejor todavía no tener caja tonta. Desde que no veo la tele el día me cunde mucho más
","@user 👍🏻 aunque mejor todavía no tener caja tonta. Desde que no veo la tele el día me cunde mucho más.
"
"@user @user ya lo sé, pobre Uno  Te acompaño en los feels",0,"@usuario @usuario ya lo sé, pobre uno te acompaño en los feelings",@user @user ya sé pobre Uno Te acompaño feels,usuario usuario ya lo sé pobre uno te acompaño feelings,"@user @user ya sé, pobre uno te acompaño en los feels
","@user @user ya sé pobre uno te acompaño
"
@user Seguirme es lo único que tienes que hacer.,1,"@user seguirme es lo único que tienes que hacer.
","Seguirme único tienes hacer.
","seguirme único hacer
","@user seguir me es lo único que tienes que hacer.
","Seguirme único tienes hacer.
"
"@user Toca un tema maravilloso, porque sin dejar de ser ficción es algo que podría darse. Un Gran Hermano vol.02",2,"toca un tema maravilloso, porque sin dejar de ser ficción es algo que podría darse. un gran hermano vol.02","Toca tema maravilloso porque sin dejar ser ficción algo darse Gran Hermano vol02.
",toca tema maravilloso porque sin dejar ser ficción algo darse gran hermano vol02,"@user toca tema maravilloso, porque sin dejar ser ficción algo darse. Gran Hermano vol.02
","Toca tema maravilloso porque sin dejar ser ficción algo darse Gran Hermano vol02.
"
"Terminarán odiándome, como casi todos los padres que me conocen",0,"Terminarán odiándome, como casi todos los padres que me conocen",Terminarán odiándome padres conocen,Terminarán odiándome padres conocen,"Terminarán odiándome, como casi todos los padres que me conocen",Terminarán odiándome padres conocen
Camino a casa solo fueron 3 chelas,1,"Camino a casa solo fueron 3 cervezas
","Casa tres chelas.
","Camino casa cervezas
","Camino casa solo fueron 3 chelas
","Casa tres chelas.
"
Hoy ha hecho un día espléndido. En todos los sentidos.,2,Hoy ha hecho un día espléndido. En todos los sentidos.,Hoy día espléndido sentidos.,"Hoy día espléndido sentidos.
","Hoy ha hecho un día espléndido. En todos los sentidos.
","hoy día espléndido sentido
"
@user Pues tuvo que ser al ponerme el pijama pq últimamente uso vestidos largos. Tengo un ronchón considerable,0,pues tuvo que ser al ponerme el pijama pq últimamente uso vestidos largos. tengo un ronchón considerable,user tuvo que ponerme pijama últimamente uso vestidos largos. Tengo ronchón.,"tuvo pijama últimamente uso vestidos ronchón.
","@user pues tuve que ser al ponerme el pijama pq últimamente uso vestidos largos. tengo un ronchón considerable
","usuario tuvo que ponerme pijama últimamente uso vestidos largos. tengo ronchón.
"
@user igual Diana desearte una feliz navidad espero la pasé muy bien con la familia Dios te dé muchas bendiciones te amamos,1,@user igual Diana desearte una feliz navidad espero la pasé muy bien con la familia Dios te dé muchas bendiciones te amamos,"Diana desearte feliz navidad espero pasé bien familia Dios bendiciones te amamos.
","Diana desearte feliz navidad espero pasé bien familia Dios bendiciones te amamos.
","@user igual Diana desearte una feliz navidad espero la pasé muy bien con la familia Dios te dé muchas bendiciones te amamos
","Diana desearte feliz navidad espero pasé bien familia Dios bendiciones te amamos.
"
amo el fanart de roe deer,2,amo el fanart de ciervo,amo fanart ciervo,"amo fanart ciervo
","amo fanart deer
","amo fan art ciervo
"
Menciono a Sofía en cosas bonitas y ella me lo paga bloqueandome por wa,0,Menciono a Sofía en cosas bonitas y ella me lo paga bloqueándome por wa,"Sofía cosas bonitas paga bloqueandome wa.
",Sofía cosas bonitas paga bloqueándome wa,Menciono a Sofía en cosas bonitas y ella me lo paga bloqueandome por wa,"Sofía cosas bonitas paga bloqueandome wa
"
@user me pasa exactamente lo mismo,1,@usuario me pasa exactamente lo mismo,@user me pasa mismo,"usuario pasa exactamente mismo
","@user me pasa exactamente lo mismo
",@user me pasa mismo
"@user Gracias primito, le haré presente los saludos! Estás invitado si puedes vienes",2,"@user gracias primito, le haré presente los saludos! estás invitado si puedes vienes","Gracias invitado vienes.
","gracias primito le haré presente saludos invitado si puedes vienes
","@user gracias primito, le haré presente los saludos! estás invitado si puedes vienes","gracias invitado vienes
"
"Este día sera, muy pero muy largo ..",0,"Este día será, muy pero muy largo.
","día largo
","día largo
","Este día ser, muy pero muy largo..
","día largo
"
"@user si , tengo q ver, para ir a la clínica tengo q pedir mínimo 2 días de vacaciones xq ni carnet tengo y no tengo dias",1,"@user si, tengo que ver, para ir a la clínica tengo que pedir mínimo 2 días de vacaciones porque ni carnet tengo y no tengo días.
",@user tengo ver ir clínica pedir días vacaciones ni carnet tengo no tengo días,tengo ver ir clínica pedir días vacaciones carnet no tengo,"@user si, tengo q ver, para ir a la clínica tengo q pedir mínimo 2 días de vacaciones xq ni carnet tengo y no tengo dias","@user tengo ver ir clínica pedir días vacaciones ni carnet tengo no tengo días
"
"@user Mira,así haces ejercicio JAJAJA",2,"@usuario Mira, así haces ejercicio JAJAJA
","Mira ejercicio JAJAJA
","@usuario Mira así haces ejercicio 
","@user Mira, así haces ejercicio JAJAJA
","Mira ejercicio JAJAJA
"
Más le vale venirse porque hacerme ilusiones está feísimo,0,Más le vale venir porque ilusiones está feísimo,le vale venirse porque hacerme ilusiones feísimo,le vale venir porque ilusiones feísimo,Más vale venir porque hacerme ilusiones está feísimo,"le vale venir porque hacerme ilusiones feísimo
"
En pocos minutos empieza Combate!! Usa el HT #CbtHastaSiempre y coméntanos que fue lo que más te gusto de tu programa favorito...,1,En pocos minutos empieza Combate!! Usa el HT #CbtHastaSiempre y coméntanos que fue lo que más te gusto de tu programa favorito...,pocos minutos empieza Combate Usa HT #CbtHastaSiempre coméntanos gusto programa favorito,"pocos minutos empieza Combate Usa HT #CbtHastaSiempre coméntanos gusto programa favorito
","En pocos minutos empieza Combate!! Usa el HT #CbtHastaSiempre y coméntanos que fue lo que más te gusto de tu programa favorito...
","poco minutos empieza Combate Usa HT #CbtHastaSiempre comentarnos gusto programa favorito
"
@user jaja ya veremos... Que siempre es mejor poco de calidad que mucho... Espero coincidir con los que quiero... Abrazo crack!,2,@user jaja ya veremos... que siempre es mejor poco de calidad que mucho... espero coincidir con los que quiero... abrazo crack!,"jaja veremos mejor poco calidad mucho coincidir quiero abrazo crack
","jaja veremos calidad mucho quiero coincidir abrazo crack
","@user jaja ya veremos... Que siempre es mejor poco de calidad que mucho... Espero coincidir con los que quiero... Abrazo crack!
","jaja veremos mejor poco calidad mucho coincidir quiero abrazo crack
"
hoy ha sido un día muy malo para mi,0,hoy ha sido un día muy malo para mí,"día malo mí
","día malo mí
","hoy ha sido un día muy malo para mí
","día malo mí
"
Cada dia se acerca mas la navidad agamos que todos los niños tengan un motivo x cual sonreir invitalo a tu casa buenos dias!!!!,1,"Cada día se acerca más la Navidad, hagamos que todos los niños tengan un motivo por cuál sonreír, invitarlos a tu casa, buenos días!!!!
","Cada día se acerca Navidad agamos todos niños tengan motivo sonreir invitalo casa buenos días.
",Cada día Navidad cerca invitarlos casa sonreír,"Cada dia se acerca mas la navidad agamos que todos los niños tengan un motivo x cual sonreir invitalo a tu casa buenos dias
","Cada día se acerca Navidad agamos todos niños tengan motivo sonreir invitalo casa buenos días.
"
Hoy por primera vez me ha funcionado el sad.,2,"Hoy por primera vez me ha funcionado el sad.
","Hoy sad funcionó.
","Hoy sad funciona.
","Hoy por primera vez me ha funcionado el sad.
","Hoy sad funcionó.
"
Que triste que conozcan el Trap por esos artistas y no por el Trap genuino,0,Que triste que conozcan el Trap por esos artistas y no por el Trap genuino,"Triste conozcan Trap artistas no Trap genuino.
","Triste conozcan Trap artistas no Trap genuino.
","Que triste que conozcan el Trap por esos artistas y no por el Trap genuino
","Triste conozcan Trap artistas no Trap genuino.
"
Feliz de ver a mis amigos felices #BuenaVibraAlFin,1,Feliz de ver a mis amigos felices #BuenaVibraAlFin,"ver amigos felices BuenaVibraAlFin
",ver amigos felices BuenaVibraAlFin,"Feliz de ver a mis amigos felices #BuenaVibraAlFin
","ver amigos felices BuenaVibraAlFin
"
@user @user @user me lo pase genial,2,@user @user @user me lo pase genial,"me pase genial
","me pase genial
","@user @user @user me lo pase genial
","me pase genial
"
"Puto, PS4 pro se queda pillado( congelado), pensaba que era solo yo , pero no , ya son varios amigos que es lo mismo",0,"Puto, PS4 pro se queda pillado (congelado), pensaba que era solo yo, pero no, ya son varios amigos que es lo mismo.",Piso PS4 pro queda pillado congelado pensaba era solo yo no ya son varios amigos mismo,"Puto PS4 pro se queda pillado congelado pensaba que era solo yo pero ya son varios amigos lo mismo.
","Puto, PS4 pro se queda pillado( congelado), pensaba que era solo yo, pero no, ya son varios amigos que es lo mismo
","Piso PS4 pro queda pillado congelado pensaba era solo yo no ya son varios amigos mismo
"
@user Muchaas!! Y algunas muy bonitaas! Pero es verdad que se tiende a interpretar los 40 principales..,1,"@user Muchas!! Y algunas muy bonitas! Pero es verdad que se tiende a interpretar los 40 principales..
","@user  bonitaas  verdad  se  interpretar  40  principales.
","@user algunas bonitas Pero verdad se tiende interpretar 40 principales
","@user muchas!! y algunas muy bonitas! pero es verdad que se tiende a interpretar los 40 principales..
","@user bonit as verdad se interpretar 40 principales.
"
@user bueno igual la veré porque el protagonista es muy guapo,2,"@user bueno igual la vere porque el protagonista es muy guapo
",bueno ver protagonista guapo,"bueno protagonista guapo
",@user bueno igual la vere porque el protagonista es muy guapo,"bueno ver protagonista guapo
"
Mi consejo para sacar notas molonas es... ESTUDIAD y dejar de bajar tanto a cangas,0,"Mi consejo para sacar notas buenas es... estudiad y dejar de bajar tanto a gente.
",consejo sacar notas molonas estudiar dejar bajar cangas,"consejo sacar notas estudiar dejar bajar gente
","Mi consejo para sacar notas molonas es... estudiad y dejar de bajar tanto a cangas.
","consejo sacar notas molonas estudiar dejar bajar cangas
"
Quiero como tener carro para hacer todo rápido,1,Quiero como tener carro para hacer todo rápido,quiero tener carro hacer rápido,"Quiero tener carro hacer rápido.
","quiero como tener carro para hacer todo rápido
","quiero tener carr quick
"
"@user no lo es, tranquila",2,"@usuario no lo es, tranquila","user lo tranquila
","usuario tranquilo
","@user no lo es, tranquila
","usertranquil
"
tío q yo me acuerdo que me hice una foto súper chachi saltando en la cama y no la encuentro,0,tío que yo me acuerdo que me hice una foto súper chachi saltando en la cama y no la encuentro,yo me acuerdo foto súper chachi saltando cama no encuentro,"me acuerdo foto chachi saltando cama encuentro
","tío q yo me acuerdo que me hice una foto súper chachi saltando en la cama y no la encuentro
","yo me acuerd fot súper chach saltand cam no encount
"
La vida es demasiado corta para seguir las reglas...,1,"La vida es demasiado corta para seguir las reglas...
",vida corta seguir reglas,"vida reglas
","La vida es demasiado corta para seguir las reglas...
","vida corta seguir reglas
"
Él se ha ganado un lugar especial en mi corazón.,2,"Él se ha ganado un lugar especial en mi corazón.
","ha ganado lugar especial corazón
","ha ganado lugar corazón
","Él se ha ganado un lugar especial en mi corazón.
","ha ganado lugar especial corazón
"
@user jajajaja la tuya y la d mucha gente seguro!! Pero yo no puedo sin mi melena me muero,0,@user jajaja seguro!! pero yo no puedo sin mi melena me muero,@user jajaja mucha gente seguro Pero yo puedo melena me muero,"seguro yo puedo melena muero
","@user jajajaja la tuya y la d mucha gente seguro!! Pero yo no puedo sin mi melena me muero
","@user jajaja mucha gente seguro pero yo puedo melena me muero
"
@user @user @user es que es una reivindicación muy de moda... Ya sabes... de gente pedante como yo,1,@user @user @user es que es una reivindicación muy de moda… Ya sé… de gente pedante como yo,@user @user @user reivindicación moda gente pedante,@user @user @user reivindicación moda gente pedante.,"@user @user @user es que es una reivindicación muy de moda... Ya sabes... de gente pedante como yo
",@user @user @user reivindicación moda gente pedant@
"@user Mis Felicitaciones para Usted Señor Presidente. Su mensaje fue muy bueno, firme y directo. Mi familia y yo le mandamos saludos!",2,"felicitaciones para usted señor presidente. su mensaje fue muy bueno, firme y directo. mi familia y yo le mandamos saludos","Usted Señor Presidente mensaje bueno firme directo familia saludos.
",felicitaciones presidente mensaje bueno firme directo familia saludos,"@user Mis Felicitaciones para Usted Señor Presidente. Su mensaje fue muy bueno, firme y directo. Mi familia y yo le mandamos saludos!
","Usted Señor Presidente mensaje bueno firme directo familia saludos.
"
@user ultimo dia hoy? Nooooo  que yo iba el miercoles que vuelvo de las vacaciones.,0,último día hoy? nooooo que yo iba el miércoles que vuelvo de las vacaciones.,"último día hoy Nooooo iba miercoles vuelvo vacaciones
","día hoy nooooo iba miércoles vuelvo vacaciones.
","@user ultimo dia hoy? Nooooo que yo iba el miercoles que vuelvo de las vacaciones.
","último día hoy Nooooo iba miercoles vuelvo vacaciones
"
Siempre ando metida en google buscando imágenes lindas  si me encanta. de lo que sea me gustaría que sean solo para mi pero no se puede,1,Siempre ando metida en google buscando imágenes lindas si me encanta. De lo que sea me gustaría que sean solo para mí pero no se puede.,Ando google buscando imágenes lindas me encanta de lo que sea gustaría sean solo para mi no se puede.,"Siempre ando buscando imágenes lindas. Me encanta. De lo que sea gustaría ser solo para mí, pero no se puede.","Siempre ando metida en google buscando imágenes lindas si me encanta de lo que sea me gustaría que sean solo para mi pero no se puede
","Ando google buscando imágenes lindas me encanta de lo que sea gustaría sean solo para mi no se puede.
"
"@user @user claro jeje lo que sea será, siempre ahí que ser positivo y tener una sonrisa",2,"@user @user claro jeje lo que sea ser, siempre ahí ser positivo tener sonrisa","claro ser positivo sonrisa
","claro jeje lo ser siempre positivo tener sonrisa
","@user @user claro jeje lo que sea será, siempre ahí que ser positivo y tener una sonrisa
",claro ser posití sonris
@user que me quiero poner las pulseras en la mano izquierda para que no me molesten al escribir pero,0,@usuario que me quiero poner las pulseras en la mano izquierda para que no me molesten al escribir pero,"@user quiero pulseras mano izquierda molesten escribir.
","usuario quiero pulseras mano izquierda molesten escribir
","@user que me quiero poner las pulseras en la mano izquierda para que no me molesten al escribir pero
","@user quiero pulseras mano izquierda molesten escribir.
"
Vamos a trabajar más en ello No puedo volver a ser una persona flemática,1,Vamos a trabajar más en ello No puedo volver a ser una persona flémática.,"Trabajar más ello no puedo volver persona flemática.
",Trabajaremos ello no puedo volver persona flémática.,Vamos a trabajar más en ello No puedo volver a ser una persona flemática,"trabaj más ell no pued volver perso flmátic.
"
@user aah Ok! Pues está genial porque no da sensación de estar encerrado,2,"@user aah Ok! Pues está genial porque no da sensación de estar encerrado.
",user Ok Pues genial da sensación encerrado,aah Ok genial no da sensación estar encerrado,@user aah ok pues está genial porque no da sensación de estar encerrado,"user Ok Pues genial da sensación encerrado
"
"16 chocolates Ferrero no fueron suficientes, pa la próxima ojalá me regalen la de 54",0,"dieciséis chocolates Ferrero no fueron suficientes, para la próxima ojalá me regalen la de cincuenta y cuatro","chocolates Ferrero suficientes, próxima regalen de 54.
","chocolates Ferrero suficientes, próxima regalen cincuenta y cuatro.","16 chocolates Ferrero no fueron suficientes, pa la próxima ojalá me regalen la de 54
","chocolates Ferrero suficientes, regalen
"
"Dicen que Twitch va mal hoy, pero aún así os pondré stream en 20 mins",1,"Dicen que Twitch va mal hoy, pero aún así os pondré stream en 20 minutos",Twitch va mal aún stream 20 mins,Twitch va mal aún stream 20 minutos.,"Dicen que Twitch va mal hoy, pero aún así os pondré stream en 20 mins","Twitch va mal aún stream 20 mins
"
Que GUSTAZO me da que España le gane a Bélgica en su puta CASA y encima con goles de un CANARIO !,2,que gasta me da que españa le gane a belgica en su casa y encima con goles de un canario,GUSTAZO España Bélgica CASA goles CANARIO,gasta me da españa le gane belgica casa encima goles canario,"que gasta me da que españa le gane a belgica en su casa y encima con goles de un canario
","GUSTAZO España Bélgica CASA goles CANARIO
"
@user muy underground ya mano,0,"@user muy underground ya mano
","@user underground mano
","@user mano
","@user muy underground ya mano
","@user underground mano
"
¿Un poquito de DB película 4 en catalán? Nueva lista en nuestro canal de YouTube   http,1,"¿Un poquito de DB película 4 en catalán? Nueva lista en nuestro canal de YouTube   http
",Un poquito DB película 4 catalán Nueva lista canal YouTube,"Un poquito DB película 4 catalán Nueva lista canal YouTube
","¿Un poquito de DB película 4 en catalán? Nueva lista en nuestro canal de YouTube   http
","un poco DB pelicula 4 catalan Nueva lista canal YouTube
"
@user la segunda! Of course! Con ese ritmo me imagino que estará genial,2,@user la segunda! Por supuesto! Con ese ritmo me imagino que estará genial,@user segunda Of course Con ritmo me imagino estará genial,@user segunda Por supuesto Con ritmo imagino estará genial,@user la segund! Of course! Con ese ритмо me imagino que estar genial,"@user segunda Of course Con ritmo me imagino estará genial
"
¿Cuándo se dará cuenta Apple que su navegador #safari no es competitivo sin extensiones?. MOZ no tiene extensiones para safari,0,¿Cuándo se dará cuenta Apple que su navegador #safari no es competitivo sin extensiones? MOZ no tiene extensiones para safari,¿Cuándo cuenta Apple que navegador no competitivo sin extensiones? MOZ tiene extensiones safari.,¿Cuándo cuenta Apple su navegador safari no competitivo sin extensiones? MOZ extensiones safari.,¿Cuándo se dará cuenta Apple que su navegador #safari no es competitivo sin extensiones?. MOZ no tiene extensiones para safari,¿Cuándo cuenta Apple que navegador no competitivo sin extensiones? MOZ tiene extensiones safari.
#SumateAlSi  Que así sean los futuros ataques en Colombia...  http,1,"#SumateAlSi  Que así sean los futuros ataques en Colombia...  http
","SumateAlSi Ataques futuros Colombia
","SumateSi ataques Colombia
","#SumateAlSi Que así sean los futuros ataques en Colombia... http
","SumateAlSi Ataques futuros Colombia
"
"@user es un gran, gran tipo  @user",2,"@user es un gran tipo
@user",gran tipo tipo,"@user gran tipo
@user","@user es un gran, gran tipo @user","gran tipo tipo
"
Mi móvil no me deja abrir los grupos y tengo unos 600 mensajes así de regalo,0,"Mi móvil no me deja abrir los grupos y tengo unos 600 mensajes así de regalo.
",móvil deja abrir grupos tengo unos mensajes regalo,"móvil abrir grupos mensajes regalo
",Mi móvil no me deja abrir los grupos y tengo unos 600 mensajes así de regalo,"móvil deja abrir grupos tengo unos mensajes regalo
"
Eso sí voy a ir muy muy lenta,1,eso sí voy a ir muy muy lenta,voy ir lenta,"voy ir lenta
","eso sí voy a ir muy muy lenta
","voy ir lenta
"
@user yupiiiiiiiiiiiiiiiiiiiiiiiiiiiii!!!!! es que no os puedo escuchar todo el programa y así os disfruto en mis ratos libres.,2,yupiiiiiiiiiiiiiiiiiiiiiiiiiiiii!!!!! que no os pueda escuchar todo el programa y así os disfruto en mis ratos libres.,user programa disfruto ratos,"yupiiiiiiiiiiiiiiiiiiiiiiiiiiiii
que os pueda escuchar programa así os disfruto ratos libres","@user yupiiiiiiiiiiiiiiiiiiiiiiiiiiiii!!!!! es que no os puedo escuchar todo el program y así os disfruto en mis ratos libres.
","user program disfrut ratos
"
"Ya tengo fiebre de nuevo y mami ""se puede tomar una pastilla hasta las 12"" valdré verga hasta esa hora",0,"Ya tengo fiebre de nuevo y mami “se puede tomar una pastilla hasta las doce” valdré verga hasta esa hora.
",tengo fiebre mami pastilla 12 valdré verga,tengo fiebre mami pastilla doce verga,"Ya tengo fiebre de nuevo y mami ""se puede tomar una pastilla hasta las 12"" valdré verga hasta esa hora.
","tengo fiebre mami pastilla 12 valdré verga
"
alguien que me de algún plan guay pa el lunes?,1,"alguien que me de algún plan guay pa el lunes
","alguien plan guay lunes
","alguien plan guay lunes
","alguien que me de algún plan guay pa el lunes
","alguien plan guay lunes
"
Me acabo de dar cuenta de que hoy un amigo duerme líder. Enhorabuena @user y que mañana sigas así,2,"Me acabo de dar cuenta de que hoy un amigo duerme líder. Enhorabuena y que mañana sigas así.
","Me di cuenta hoy amigo duerme líder. Enhorabuena @user mañana sigas.
",de dar cuenta que amigo duerme líder Enhorabuena sigas,Me acabo de dar cuenta de que hoy un amigo duerme lider. Enhorabuena user y que mañana sigas asi,"me di cuenta hoy amigo duerme líder. enhorabuena @user mañana sigas.
"
Mi profe de comunicación se parece a la profesora Umbridge. Yo sé que en el fondo es malvada y nos quiere ver quedarnos.,0,Mi profe de comunicación se parece a la profesora Umbridge. Yo sé que en el fondo es malvada y nos quiere ver quedarnos.,Profe comunicación parece Umbridge. Sé fondo es malvada nos quiere quedarnos.,Profe comunicación parece profesora Umbridge. Sé fondo malvada quiere quedarnos.,"Mi profe de comunicacion se parece a la profesora Umbridge. Yo se que en el fondo es malvada y nos quiere ver quedarnos.
","Profe comunicación parece Umbridge. Sé fondo es malvada nos quiere quedarnos.
"
@user el resto puedo dudar pero de ese grupo lo tengo claro,1,@usuario el resto puedo dudar pero de ese grupo lo tengo claro,@user resto puedo dudar ese grupo tengo claro,usuario resto dudar grupo tengo claro,@user el resto puedo dudar pero de ese grupo lo tengo claro,"@user rest pod dud ese grup teng clr
"
Amnesia ✨  Terminas de verlo y no tienes npi de que has visto  Los protas son re lindos 🌚 Esta bien la verdad 👌 http,2,Amnesia ✨ Terminas de ver y no tienes ni de que has visto Los protas son re lindos 🌚 Está bien la verdad 👌,Amnesia Terminas verlo no tienes npi que has visto Los protas son lindos Esta bien verdad http,Amnesia Terminas ver y no tienes de que has visto Los protas lindos Está bien verdad,Amnesia ✨ Terminas de verlo y no tienes npi de que has visto Los protas son re lindos 🌚 Esta bien la verdad 👌 http,"Amnesia Terminas verlo no tienes npi que has visto Los protas son lindos Esta bien verdad
"
La lluvia definitivo que no me tiee piedad cuando ando en bus,0,La lluvia definitiva que no me tiee piedad cuando ando en bus,"Lluvia piedad bus
",Lluvia piedad bus,"La lluvia definitivo que no me tiee piedad cuando ando en bus
","Lluvia piedad bus
"
"Me he en encontrado como 8761653729751528763 Colombianos entre Lima y Nasca, Perú.",1,"Me he encontrado como 8761653729751528763 colombianos entre Lima y Nasca, Perú.",encontrado Colombianos Lima Nasca Perú,"encontrado colombianos Lima Nasca Perú
","Me he en encontr**ar** como 8761653729751528763 Colombianos entre Lima y Nasca, Perú.
",encontrado Colombiano Lima Nasca Perú
@user Denada  porcierto hazme un hueco en tu agenda de combates quiero ver lo que es capaz tu monotype contra el mio,2,@usuario Denada por cierto hágame un hueco en tu agenda de combates quiero ver lo que es capaz tu monotype contra el mío,user Denada porcierto haz hueco agenda combates quiero ver capaz monotype mio,usuario Denada cierto hueco agenda combates quiero ver monotype mío,"@user denada porcierto hazme un hueco en tu agenda de combates quiero ver lo que es capaz tu monotype contra el mio
","user denada porcierto haz hueco agenda combates quiero ver capaz monotype mio
"
@user Dios por mi le daría todo mi dinero pero no tengo y soy menor no tengo tarjeta de PayPal Dios que mal la debe estar pasando,0,@user Dios por mi le daría todo mi dinero pero no tengo y soy menor no tengo tarjeta de PayPal Dios que mal la debe estar pasando,Dios por mi le daría dinero pero no tengo menor no tengo tarjeta PayPal Dios mal debe pasar.,Dios dinero no tengo menor no tengo tarjeta PayPal Dios mal debe pasar.,@user dios por mi le daría todo mi dinero pero no tengo y soy menor no tengo tarjeta de paypal dios que mal la debe estar pasando,"Dios por mi le daría dinero pero no tengo menor no tengo tarjeta PayPal Dios mal debe pasar.
"
Quiero comer algo rico pero no hay con quien salir #foreveralone,1,Quiero comer algo rico pero no hay con quien salir #foreveralone,"comer rico salir
","comer rico salir
","Quiero comer algo rico pero no hay con quien salir #foreveralone
","comer rico salir
"
Qué bueno que las aprovecharon @user @user,2,Qué bueno que las aprovecharon usuario usuario,bueno aprovecharon usuario usuario,"bueno aprovecharon usuario
",Qué bueno que las aprovecharon @user @user,"bueno aprovecharon usuario usuario
"
Un gilipollas se me ha cruzado entero en una rotonda  y ya le estaba viendo que lo iba a hacer,0,"Un gilipollas se me ha cruzado entero en una rotonda y ya le estaba viendo que lo iba a hacer.
",gilipollas se me ha cruzado entero rotonda ya le estaba viendo iba hacer,"se me ha cruzado entero rotonda le estaba viendo a hacerlo.
","Un gilipollas se me ha cruzado entero en una rotonda y ya le estaba viendo que lo iba a hacer
","gilipollas se me ha cruzado entero rotonda ya le estaba viendo iba hacer
"
"@user si o si regresaras a Perú baby! Es más, cuando leas esto es probable que estés aquí ya #PorFin",1,"@usuario si o si regresaras a Perú bebé! Es más, cuando leas esto es probable que estés aquí ya #PorFin","@user regresaras Perú baby Es probable estés aquí #PorFin
","usuario regresaras Perú bebé probable estés aquí
","@user si si regresaras a Perú baby! Es más, cuando leas esto es probable que estés aquí ya #PorFin
","@user regresará Perú baby Es probable estés aquí #PorFin
"
"@user Me los pusieron hace bien poco en casa de un colega, le dan serio",2,"@user me los pusieron hace bien poco en casa de un colega, les dan serio",usieron poco casa colega dan serio,"usuario me pusieron poco casa colega dan serio
","@user me los pusieron hace bien poco en casa de un colega, le dan serio","usó poco casa colega dan serio
"
"El primer año que empecé a vivir lejos de mi casa mami me llamaba todos los días, ya no, se pasan los días y nada, el amor se acaba",0,"El primer año que empecé a vivir lejos de mi casa mami me llamaba todos los días, ya no, se pasan los días y nada, el amor se acaba.
","Primer año empecé vivir lejos mami llamaba días, no, pasan días nada, amor acaba.
","Primer año empecé vivir lejos casa mami llamaba días, ya nada, amor acababa.
","El primer año que empecé a vivir lejos de mi casa mami me llamaba todos los días, ya no, se pasan los días y nada, el amor se acaba.
","Primer año empecé vivir lejos mami llamaba días, no, pasan días nada, amor acaba.
"
No pude con mi genio y voy a almorzar. Para colmo combinado de pollo con gaseosa,1,"No pude con mi genio y voy a almorzar. Para colmo, combiné de pollo con gaseosa.
",pude genio voy almorzar pollo gaseosa,pude genio almorzar pollo gaseosa,"No pude con mi genio y voy a almorzar. Para colmo combinado de pollo con gaseosa.
","pued voy almorzar pollo gaseosa
"
"@user mejor así, que solo un grupo selecto lo sepa",2,"@user mejor así, que solo un grupo selecto lo sepa","mejor así solo grupo selecto sepa
",mejor así solo grupo selecto sepa,"@user mejor así, que solo un grupo selecto lo sepa
","mejor así solo grupo selecto sepa
"
La gente se descojona de mi cuando me indigno y no se lo toman en serio,0,La gente se descojona de mí cuando me indigno y no se lo toman en serio,"gente indigno no serio
",gente indigno no se lo toman serio,"La gente se descojona de mi cuando me indigno y no se lo toman en serio
","gente indigno no serio
"
@user he dicho acabadas  Better Call Saul saca en 2017 otra temporada,1,@usuario he dicho acabadas Better Call Saul saca en 2017 otra temporada,user dijo acabadas Better Call Saul saca temporada 2017,usuario he dicho acabadas Better Call Saul saca 2017 temporada,"@user he dicho acabadas Better Call Saul saca en 2017 otra temporada
","user dijo acabadas Better Call Saul saca temporada 2017
"
@user @user ha sido genial conocerte maite te quiero mucho en serio una monada de chica,2,@user @user ha sido genial conocerte Maite te quiero mucho en serio una monada de chica,conocerte Maite te quiero serio monada chica,user user ha sido genial conocerte Maite quiero mucho monada chica,"@user @user ha sido genial conocerte maite te quiero mucho en serio una monada de chica
","conocerte Maite te quiero serio monada chica
"
@user Pero no es pan chino,0,@user Pero no es pan chino,"@user Pero es chino.
","user pan chino
","@user pero no es pan chino
","@user pero es chino.
"
+ a veces se la pedía prestado se molestó y me la vendió para que no la joda. Ahora ella es la que más la usa,1,+ a veces se la pedía prestado se molestó y me la vendió para que no la joda. ahora ella es la que más la usa,a veces pedía prestado se molestó vendió que no joda Ahora ella usa,"a veces pedía prestado molestó vendió que no joda ahora ella usa
",+ a veces se la pedía prestado se molestó y me la vendió para que no la joda. Ahora ella es la que más la usa,"a veces pedía prestado se molestó vendió que no joda Ahora ella usa
"
Tuve un sueño muy muy lindo y hoy ando con todas las ganas,2,Tuve un sueño muy lindo y hoy ando con todas las ganas,"Sueño lindo ganas
",Sueño lindo ganas,"Tuve un sueño muy lindo y ando con todas las ganas
","sueño lindo gan
"
"Quiero que vuelva el invierno  y ponerme pantalones largos y chaquetas y sudaderas y abrigos, puto verano.",0,"Quiero que vuelva el invierno y ponerme pantalones largos y chaquetas y sudaderas y abrigos, puto verano.","vuelve invierno pantalones largos chaquetas sudaderas abrigos verano
","vuelve invierno pantalones largos chaquetas sudaderas abrigos verano
","quiero que vuelva el inver invierno y ponerme pantalones largos chaquetas sudaderas abrigos, puto ver ver","vuelve invierno pantalones largos chaquetas sudaderas abrigos verano
"
"- Amor, ¿vamos a ver la vida secreta de tus muscotas? - Hoy no puedo BB - No tienes dinero no? - No - Misio de mierda.",1,"- Amor, ¿vamos a ver la vida secreta de tus musotass? - Hoy no puedo BB - No tienes dinero no? - No - Misio de mierda.
","Amor, vamos ver vida secreta muscotas?
Hoy no puedo BB
No tienes dinero no?
No
Misio mierda.
","Amor, vamos ver vida secreta musotass Hoy no puedo No tienes dinero No Misio mierda
","- amor, vamos ver vida secreta muscotas? - hoy no puedo bb - no tienes dinero no? - no - misio mierda.
","Amor, vamos ver vida secreta muscotas?
Hoy no puedo BB
No tienes dinero no?
No
Misio mierda.
"
@user @user @user mi profesor de instituto dice que he suavizado mucho el lenguaje. Con 16 años era más poético,2,"@user @user @user mi profesor de instituto dice que he suavizado mucho el lenguaje. Con dieciséis años era más poético.
","profesor instituto lenguaje años poético
","profesor instituto lenguaje años poético
","@user @user @user mi profesor instituto dice suavizado mucho lenguaje. Con años era más poético.
","profesor instituto lenguaje años poético
"
@user Jajaja Y al séptimo día descansó (?) Que mal mae Lo siento,0,"@user Jajaja Y al séptimo día descansó Que mal mae Lo siento
","Jajaja séptimo día descansó mal siento
","Jajaja séptimo día descansó mal siento
","@user jajaja y al septimo dia descanso (?) que mal mae lo siento
","Jajaja séptimo día descansó mal siento
"
"@user los palitos no son bonitos, los puntos sí #sutileza",1,"@usuario los palitos no son bonitos, los puntos sí ","palitos puntos sutileza
",usuario palitos puntos,"@user los palitos no son bonitos, los puntos sí #sutileza
","palito punto sutileza
"
Cada vez que veo a esa muchacha está más guapa,2,Cada vez que veo a esa muchacha es más guapa,Veo muchacha guapa.,Veo muchacha guapa.,"Cada vez que veo a esa muchacha está más guapa.
","Veo muchacho guapo.
"
@user en España comemos (tragamos) de todo y con tod aquí esta trayectoria política parece normal. Saludos,0,@user en España comemos (tragamos) de todo y con tod aquí esta trayectoria política parece normal. Saludos,España comemos tragamos todo aquí trayectoria política parece normal saludos,España comemos tragamos todo trayectoria política normal saludos,@user en España comemos (tragamos) de todo y con tod aquí esta trayectoria política parece normal. Saludos,"España comemos tragamos todo aquí trayectoria política parece normal saludos
"
2da semana de talleres de naturaleza!! que nuevos retos vendran??,1,segunda semana de talleres de naturaleza!! que nuevos retos vendrán??,"Semana talleres naturaleza nuevos retos
","segunda semana talleres naturaleza nuevos retos
","2da semana de talleres de naturall
que nuevos retos vendran","Semana talleres naturaleza nuevos retos
"
@user bueno felicidades por el millon de crack que hay en el canal !! soy un suscriptor ya un poco antiguo a por mas DE PERU,2,@user bueno felicidades por el millon de crack que hay en el canal!! soy un suscriptor ya un poco antiguo a por mas DE PERU,@user felicidades millon crack canal suscriptor antiguo por Peru,@user felicidades millon crack canal suscriptor antiguo por PERU,@user bueno felicidad por el millon de crack que hay en el canal!! soy un suscriptor ya un poco antiguo a por mas DE PERU,"@user felicidad millon crack canal suscriptor antiguo perú
"
tio pero cuando dawn dispara a beth y daryl la dispara a ella inmediatamente y se pone a llorar,0,tío pero cuando da dispara a Beth y Daryl la dispara a ella inmediatamente y se pone a llorar,tio pero cuando dawn dispara beth daryl dispara ella inmediatamente se pone llorar,cuando dispara Beth Daryl dispara ella inmediatamente se pone llorar,"tio pero cuando dawn dispara a beth y daryl la dispara a ella inmediatamente y se pone a llorar
","tio pero cuando dawn dispara beth daryl dispara ella inmediatamente se pone llorar
"
@user @user no tengo catálogo de modelos de polvos azules amiga,1,@user @user no tengo catálogo de modelos de polvos azules amiga,tengo catálogo modelos polvos azules amiga,"tengo catálogo modelos polvos azules amiga
","@user @user no tengo catálogo de modelos de polvos azules amiga
","tengo catálogo modelos polvos azules amiga
"
@user Efectos prácticos. Aprovechar el desorden del rival. Lo hacemos todos,2,@user Efectos prácticos. Aprovechar el desorden del rival. Lo hacemos todos.,"Efectos prácticos. Aprovechar desorden rival. Lo hacemos todos.
",Efectos prácticos. Aprovechar desorden rival. Lo hacemos todos.,@user efectos prácticos. aprovechar el desorden del rival. lo hacemos todos,"Efectos prácticos. Aprovechar desorden rival. Lo hacemos todos.
"
La lluvia definitivo no me tiene piedad cuando ando en bus,0,"La lluvia definitiva no me tiene piedad cuando voy en autobús.
",Lluvia me piedad cuando bus,Lluvia autobús,La lluvia definitivo no me tiene piedad cuando ando en bus,"Lluvia me piedad cuando bus
"
Lo bueno que mñn acaba sus finales,1,Lo bueno que mañana acaba sus finales,"bueno mñn finales
","bueno mañana acaba finales
",Lo buen que mñn acab sus final,"bueno mn finales
"
"Feliz por las salvadas por el público y la salvada por el jurado canta dms bien pero la veo como solista, Aimee era más para #LaBanda",2,"Feliz por las salvadas por el público y la salvada por el jurado canta dms bien pero la veo como solista, Aimee era más para banda",Feliz público salvadas jurado canta bien veo solista Aimee más Banda,Feliz público salvadas público canta bien veo solista Aimee banda.,"Feliz por las salvadas por el público y la salvada por el jurado canta dms bien pero la veo como solista, Aimee era más para Banda
","feliz public salvad jurad canta bien veo solista aime más band
"
Cómo me desean feliz navidad si trabajo en 3 horas (?),0,Cómo me deseen feliz navidad si trabajo en 3 horas (?).,"Cómo trabajo 3 horas navidad.
",Cómo trabajo feliz navidad horas,cómo me desees feliz navidad si trabajo en 3 horas (?),"cómo trabajo 3 horas navidad
"
em diez días hace dos años desde que elsa tenia el pelo rapado por un lado,1,em diez días hace dos años desde que elsa tenía el pelo rapado por un lado,diez días dos años elsa pelo rapado lado,diez días dos años elsa pelo rapado lado,"em diez días hace dos años desde que elsa tenia el pelo rapado por un lado
","diez días dos años elsa pelo rapado lado
"
"@user A mí me haces un favor, encantado  @user",2,"a mí me haces favor, encantado
",A mí haces favor encantado.,"haces favor
encantado","@user a mí me haces favor encantado @user
","A mí haces favor encantad
"
"@user Pobre   Pues aquí me va, atendiendo llamadas en la portería del colegio cual recepcionista telefónico",0,"@user Pobre pues aquí me va, atendiendo llamadas en la portería del colegio cual recepcionista telefónico",user pobre pues aquí atendiendo llamadas portería colegio recepcionista telefónico,user pobre aquí va atendiendo llamadas portería colegio recepcionista telefónico,"@user pobre pues aquí me va, atendiendo llamadas en la portería del colegio cual recepcionista telefónico
","user pobre pues aquí atendiendo llamadas portería colegio recepcionista telefónico
"
"Queda claro que yo solo vivo para viajar~ No necesito casas ni propiedades, solo necesito boletos de avión y mi mapita",1,"Queda claro que yo solo vivo para viajar. No necesito casas ni propiedades, solo necesito boletos de avión y mi mapita.","Queda claro solo vivo viajar No necesito casas propiedades solo necesito boletos avión mapita.
","Queda claro solo vivo viajar. Necesito boletos mapita.
","Queda claro que yo solo vivo para viajar~ No necesito casas ni propiedades, solo necesito boletos de avión y mi mapita
","Queda claro solo vivo viajar No necesito casas propiedades solo necesito boletos avión mapita.
"
"No me niegues, Señor, tu misericordia; que siempre me protejan tu amor y tu verdad. Salmos 40:11 Buen día a todos",2,"No me niegues, Señor, tu misericordia; que siempre me protejan tu amor y tu verdad. Salmos 40:11 Buen día a todos","Señor misericordia protejan amor verdad. Salmos 40:11 Buen día todos.
","Señor misericordia protejan amor verdad. Salmos 40:11 Buen día.
","No me niegues, Señor, tu misericordia; que siempre me protejan tu amor y tu verdad. Salmos 40:11 Buen día a todos
","Señor misericordia protejan amor verdad. Salmos 40:11 Buen día todos.
"
dios acabo de recoger mis libros pa segundo de bachillerato y el de historia de españa y el de geografía son jodidamente gordos,0,"Dios acabé de recoger mis libros pa segundo de bachillerato y el de historia de España y el de geografía son jodidamente gordos.
","recoger libros segundo bachillerato historia españa geografía gordos
","Dios libros recoger segundo bachillerato historia España geografía gordos.
",dios acabó de recoger mis libros pa segundo de bachillerato y el de historia de españa y el de geografía son jodidamente gordos,"recoger libros segundo bachillerato historia españa geografía gordos
"
Ya cambiaron al modelo d Paco Rabane. el que estaba antes era un muñequito yico.,1,"Ya cambiaron al modelo de Paco Rabane. El que estaba antes era un muñequito yico.
","cambiaron modelo Paco Rabane que estaba antes muñequito
",cambiaron modelo Paco Rabane  estaba muñequito,"Ya cambiaron al modelo d Paco Rabane. el que estaba antes era un muñequito yico.
","cambiaron modelo paco rabane que estaba antes muñequito
"
"@user pues no, algunos lunes son maravillosos...por ejemplo el de hoy! 😜 Hasta mañana!",2,"pues no, algunos lunes son maravillosos...por ejemplo el de hoy! 😜 Hasta mañana!","algunos lunes son maravillosos
ejemplo hoy
Hasta mañana","algunos lunes son maravillosos
ejemplo hoy
Hasta mañana","@user pues no, algunos lunes son maravillosos...por ejemplo el de hoy! 😜 Hasta mañana!
","algunos lunes son maravillosos
ejemplo hoy
Hasta mañana
"
"@user Bueno, al Atleti 2014/15 Juve Olympiacos Malmo, 2015/16 Benfica Galatasaray Astana. Ya tocaba un año serio eh...",0,"bueno, al atlético 2014/15 juve olympiacos malmo, 2015/16 benfica galatasaray astana. ya tocaba un año serio eh...
",Atleti Juve Olympiacos Malmo 201415 201516 Benfica Galatasaray Astana año serio,atlético juve olympiacos malmo benfica galatasaray astana año serio,"@user Bueno, al Atleti 2014/15 Juve Olympiacos Malmo, 2015/16 Benfica Galatasaray Astana. Ya tocaba un año serio eh...
","Atleti Juve Olympiacos Malmo 201415 201516 Benfica Galatasaray Astana año serio
"
"@user ay, ayer cuando lo publicaron y lo vi me entró un sentimiento más grande por dentro...",1,"ay, ayer cuando lo publicaron y lo vi me entró un sentimiento más grande por dentro...
","ay ayer cuando publicaron vi sentimiento grande dentro
","ay ayer cuando lo publicaron vi sentimiento grande dentro
","@user ay, ayer cuando lo publicaron y lo vi me entró un sentimiento más grande por dentro...
","ay ayer cuando publicaron vi sentimiento grande dentro
"
"@user @user @user @user  ""la Temporada"" era muy prestigiosa. Recuerdo leer las crónicas en las revistas españolas.",2,la Temporada era muy prestigiosa. Recuerdo leer las crónicas en las revistas españolas.,"Temporada prestigiosa. Recuerdo leer crónicas revistas españolas.
","Temporada prestigiosa. Recuerdo leer crónicas revistas españolas.
","@user @user @user @user  ""la Temporada"" era muy prestigiosa. Recuerdo leer las crónicas en las revistas españolas.
","Temporada prestigiosa. Recuerdo leer crónicas revistas españolas.
"
"Oye, me tenéis un poco abandonada  http",0,"Oye, me tenéis un poco abandonada","Oye me tenéis abandonada
",Oye me tenéis abandonada,"Oye, me tenéis un poco abandonada http
","Oye me tenéis abandonada
"
"Decidme que al final de la gala diréis , QUE COMIENCEN LOS JUEGOS DEL HAMBRE! que al final solo quedará uno  #Gala1GH17",1,"Decídanme que al final de la gala diréis, que comiencen los juegos del hambre! que al final solo quedará uno #Gala1GH17",Decidme final gala diréis JUEGOS HAMBRE quedará uno #Gala1GH17,Decidirme final gala diréis comiencen juegos hambre quedará uno #Gala1GH17,"Decidme que al final de la gala diréis, QUE COMIENCI LOS JUEGOS DEL HAMBRE! que al final solo querrá UNO  #Gala1GH17","Decidme final gala diréis JUEGOS HAMBRE quedará uno #Gala1GH17
"
"@user Los más buenazos, son los medio gruesitos y cortados de forma vertical. Según yo.",2,"@user Los más buenazos, son los medio gruesitos y cortados de forma vertical. Según yo.
","user buenos medio gruesitos cortados vertical yo
",Los buenazos medio gruesitos cortados vertical Según,"@user los más buenazos, son los medio gruesitos y cortados de forma vertical. según yo.","user buenos medio gruesitos cortados vertical yo
"
"@user Pasa el link de la mas interesante please, por no ver 5 veces lo mismo",0,"@usuario Pasa el link de la más interesante, por no ver 5 veces lo mismo",user link interesante por no ver 5 veces mismo,"usuario link interesante ver veces mismo
","@user pasa link mas interesante please, por no ver 5 veces mismo",user link interesante por no ver 5 veces mismo
@user @user @user vi ese video hace un tiempo me pareció chevere . Pero no me gusta la canción,1,@user @user @user vi ese video hace un tiempo me pareció chevere. Pero no me gusta la canción.,"vi video tiempo pareció chevere. Pero no me gusta canción.
","vi video tiempo me pareció chevere. Pero no me gusta canción.
","@user @user @user vi ese video hace un tiempo me pareció chevere. Pero no me gusta la canción
","vi video tiempo pareciò chevere. pero no me gusta canción.
"
Hoy pasaremos una hermosa tarde con ellos #ShowNavidad #CasaHogarMamáVictoria,2,"Hoy pasaremos una hermosa tarde con ellos #ShowNavidad #CasaHogarMamáVictoria
","Hoy pasaremos tarde ellos ShowNavidad CasaHogarMamáVictoria
","Hoy pasaremos tarde ellos ShowNavidad CasaHogarMamáVictoria
","Hoy pasaremos una hermosa tarde con ellos #ShowNavidad #CasaHogarMamáVictoria
","Hoy pasaremos tarde ellos ShowNavidad CasaHogarMamáVictoria
"
Mis anteojos están demasiado flojos y eso que tienen meses de comprados,0,"Mis anteojos están demasiado flojos y eso que tienen meses de comprados.
","Anteojos flojos comprados meses.
","Anteojos flojos meses comprados.
","Mis anteojos están demasiado flojos y eso que tienen meses de comprados
","Anteojos flojos comprados meses.
"
"La profesora se pregunta qué pasa con la segurdad jurídica, y yo solo sigo pensando en qué culpa tuvo Fatmagul",1,"La profesora se pregunta qué pasa con la seguridad jurídica, y yo solo sigo pensando en qué culpa tuvo Fatmagul.
","Profesora pregunta qué pasa segurdad jurídica, yo solo sigo pensando culpa Fatmagul.
",profesora piensa seguridad jurídica yo sigo pensando culpa Fatmagul,"La profesora se pregunta qué pasa con la segurid jurídica, y yo solo sigo pensando en qué culpa tuvo Fatmagul.
","Profesora pregunta qué pasa segurid jurídica, yo solo sigo pensando culpa Fatmagul.
"
"Mi bebé primero reniega porque tiene hambre, y cuando ya comió un montón, reniega porque está muy llena. La más linda es",2,"Mi bebé primero se niega porque tiene hambre, y cuando ya comió mucho, se niega porque está muy llena. La más linda es.","Mi bebé primero reniega porque tiene hambre, cuando ya comió montón, reniega porque está muy llena. La más linda.
","Mi bebé primero no niega porque tiene hambre, y cuando ya comió mucho, no niega porque está muy llena. La más linda es.
","Mi bebé primero reniega porque tiene hambre, y cuando ya comió un montón, reniega porque está muy llena. La más linda es.
","Mi bebé primero reniega porque tiene hambre, cuando ya comió montón, reniega porque está muy llena. La más linda.
"
@user tanto tiempo siguiéndote y leyendo las cosas bonitas q ponías y ahora ya no me dejas?,0,tanto tiempo siguiendo/a y leyendo/a las cosas bonitas que ponías/as y ahora ya no me dejas,"tiempo siguiéndote leyendo cosas bonitas ahora me dejas
","tiempo leyendo cosas bonitas dejas
",@user tanto tiempo siguiéndote y leyendo las cosas bonitas q ponías y ahora ya no me dejas?,"tiempo siguiéndote leyendo cosas bonitas ahora me dejas
"
@user @user cualquiera diría que estamos deseando pasar frío,1,@user @user cualquiera diría que estamos deseando pasar frío,"deseando pasar frío
","deseando pasar frío
","@user @user cualquiera diría que estamos deseando pasar frío
","deseando pasar frío
"
Que dicha que me vale todo lo que todo el mundo diga,2,"que dicha que me vale todo lo que todo el mundo diga
",dicha vale mundo diga,"dicha vale mundo diga
","que dicha que me vale todo lo que todo el mundo diga
","dicha vale mundo diga
"
"Llevo como una hora repitiendo ""No debí haber bebido ese último Monster"" teniendo que madrugar  Mi vida.",0,"Llevo como una hora repitiendo ""No debí haber bebido ese último Monster"" teniendo que madrugar mi vida.","Llevo hora repitiendo No debí haber bebido último Monster teniendo madrugar Vida.
","Repitiendo No debí haber bebido último Monster madrugar vida.
","Llevo como una hora repitiendo ""No debí haber bebido ese último Monster"" teniendo que madrugar Mi vida.
","Llevo hora repitiendo No debí haber bebido últim Monster teniendo madrugar Vida.
"
Necesito urgente entrar a la gimnasia y al gimnasioo,1,"Necesito urgente entrar a la gimnasia y al gimnasio.
",Entrar gimnasia gimnasio,Entrar gimnasia gimnasio,Necesito urgente entrar a la gimnasia y al gimnasioo,"Entrar gimnasia gimnasio
"
Hostia pero si en 15 minutos estreno canal!!!! OMG! El Almacén de Juegos. Bienvenidos jugadores,2,Hostia pero si en quince minutos estreno canal!!!! OMG! El almacén de juegos. Bienvenidos jugadores,Hostia pero si 15 minutos estreno canal OMG El Almacén de Juegos Bienvenidos jugadores,Hostia pero si estreno canal OMG almacén juegos Bienvenidos jugadores,"Hostia pero si en 15 minutos estreno canal!!!! OMG! El Almacén de Juegos. Bienvenidos jugadores
","Hostia pero si min estreno can OMG Almacén Juegos Bienvenidos jugadores
"
"@user @user @user Mas bien, penoso desconocimiento diversas realidades del Perú. Ahora anda preocupada x el clásico(!?)",0,"@user @user @user más bien, penoso desconocimiento diversas realidades del Perú. ahora anda preocupada x el clásico(!?)","Mas penoso desconocimiento realidades Perú. Ahora preocupada clásico.
","penoso desconocimiento realidades Perú ahora preocupada clásico
",@user @user @user mas penoso desconocimiento diversas realidad perú. ahora anda preocupada x clásico(?),"Más penoso desconocimiento realidades Perú. Ahora preocupada clásico.
"
Ya estuviera re descontrolado jajajajja,1,"Ya estuviera re descontrolado jajajajja
","re descontrolado
","re descontrolado
","Ya estuviera re descontrolado jajajajja
","re descontrolado
"
"@user, muchas gracias. La verdad es que lo tienen fácil para acertar",2,"@usuario, muchas gracias. La verdad es que lo tienen fácil para acertar.
",@user gracias verdad lo tienen fácil acertar,usuario gracias verdad tienen fácil acertar,"@user, muchas gracias. la verdad es que lo tienen fácil para acertar.
","@user gracias verdad lo tienen fácil acertar
"
Pobre pablo  es que soy yo,0,Pobre Pablo es que soy yo,"Pobre Pablo soy.
","Pablo soy
","Pobre pablo es que soy yo
","Pobre Pablo soy.
"
@user yo solo quiero hacerte trencitas,1,@user yo solo quiero hacerte trencitas,"quiero hacerte trencitas
","quiero hacerte trencitas
",@user yo solo quiero hacerte trencit,"quiero hacerte trencitas
"
@user @user Pellegrino ha dotado al equipo una gran consistencia defensiva. Y buenos fichajes,2,@user @user Pellegrino ha dotado al equipo una gran consistencia defensiva. Y buenos fichajes,"Pellegrino equipo consistencia defensiva buenos fichajes.
",Pellegrino equipo consistencia defensiva buenos fichajes.,"@user @user Pellegrino ha dotado al equipo una gran consistencia defensiva. Y buenos fichajes.
","Pellegrino equipo consistencia defensiva buenos fichajes.
"
@user soy un hombre OCUPADO que no puede estar pendiente de estas cosas,0,@user ser hombre ocupado que no puede ser pendiente de estas cosas,hombre ocupado pendiente cosas,ser hombre ocupado cosas,@user soy un hombre ocupado que no puede estar pendiente de estas cosas,"hombre ocupado pendiente cosas
"
Quiero una caldosa y un granizado.,1,"Quiero una caldosa y un granizado.
","caldosa granizado
","caldosa granizado
","Quiero una caldosa y un granizado.
","caldos granizado
"
"@user Pero la verdad es que en general no voy mal de motivación... casi al revés, me sobra motivación (y ego",2,"@user Pero la verdad es que en general no voy mal de motivación... casi al revés, me sobra motivación (y ego","Pero verdad general no voy mal motivación casi revés sobra ego.
","Pero verdad general no voy mal motivación casi revés sobra ego.
","@user pero la verdad es que en general no voy mal de motivacion... casi al revés, me sobra motivacion (y ego","pero verdad general no voy mal motivaci casi revs sobra ego.
"
@user @user Eso toca mañana. Hoy me sentía incapaz,0,@user @user eso toca mañana. hoy me sentía incapaz,@user @user toca mañana sentía incapaz,@user @user toca mañana sentía incapaz,"@user @user eso toca mañana. hoy me sentía incapaz
","@user @user toca mañana sentía incapaz
"
Desde hoy haré mejor las cosas,1,Desde hoy haré mejor las cosas,Hoy haré cosas.,Hoy haré cosas.,"Desde hoy haré mejor las cosas
","Hoy haré cosas.
"
"@user eso mae!!! Que bueno que te gustó el concierto, me alegra mucho!! A mí también me hacía falta tocar esas piezas!!",2,"@user eso mae!!! Que bueno que te gustó el concierto, me alegra mucho!! A mí también me hacía falta tocar esas piezas!!",user concierto me alegra tocar piezas,user concierto me alegra tocar piezas,"@user eso mae!!! Que bueno que te gustó el concierto, me alegra mucho!! A mí también me hacía falta tocar esas piezas!!
",user concierto me alegra tocar piezas
@user @user @user No puedo ver esas mariconadas.,0,@user @user @user no puedo ver esas mariconadas,"puedo ver mariconadas
","puedo ver mariconadas
","@user @user @user No puedo ver esas mariconad
","puedo ver mariconadas
"
El quinto día #cousins #Holidays @ Previos Restobar-Pub,1,"El quinto día #cousins #vacaciones @ anteriores Restobar-Pub
","quinto día cousins Holidays Previos Restobar-Pub
","quinto día vacaciones cousins Restobar-Pub
","El quinto día #cousins #Holidays @ Previos Restobar-Pub
","quinto día cousins Holidays Previos Restobar-Pub
"
@user pues eliges bien lo poco que ves entonces querido amigo,2,pues eliges bien lo poco que ves entonces querido amigo,eliges poco ves amigo,eliges poco ves querido amigo,"@user pues eliges bien lo poco que ves entonces querido amigo
","eliges poco ves amigo
"
tengo un porrito ya liado.. pero no se para cuando,0,tengo un porrito ya liado… pero no se para cuando,"un liado no se para
",un liado no se para,"tengo un porrito ya liado.. pero no se para cuando
","un liado no se para
"
"Yo sólo ame, y Di todo d mi..... aunque no soy perfecta, solo tengo un corazón sincero, una mente que te piensa a cada momento. pitufo",1,"yo sólo amé, y di todo de mi… aunque no soy perfecta, solo tengo un corazón sincero, una mente que te piensa a cada momento. pitufo",ame todo mi aunque no soy perfecta tengo corazón sincero mente te piensa momento pitufo,amé di todo corazón sincero mente te piensa momento pitufo,"yo sólo ame, y di todo d mi..... aunque no soy perfecta, solo tengo un corazón sincero, una mente que te piensa a cada momento. pitufo
","amé todo mi aunque no soy perfecta tengo corazón sincero mente te piensa momento pitufo
"
Se viene algo bueno #Navidad #Imelda #Tronconavideño #Fresas #frambuesas #blueberries @ Imelda,2,Se viene algo bueno #Navidad #Imelda #Tronconavideño #Fresas #frambuesas #blueberries @ Imelda,"algo bueno Navidad Imelda Tronconavideño Fresas frambuesas blueberries Imelda
","algo bueno Navidad Imelda Tronconavideño Fresas frambuesas blueberries Imelda
",Se viene algo bueno #Navidad #Imelda #Tronconavideño #Fresas #frambuesas #blueberries @ Imelda,"algo bueno navidad imelda tronconavideño fresas frambuesas blueberries imelda
"
a mi mejor amiga no le gusta el ceviche ni los makis y me siento frustrada porque no podemos ser BUENAS mejores amigas,0,a mi mejor amiga no le gusta el ceviche ni los makis y me siento frustrada porque no podemos ser buenas mejores amigas,mi amiga no le gusta ceviche makis siento frustrada porque no podemos ser amigas,mi amiga no le gusta ceviche makis siento frustrada porque no podemos ser buenas mejores amigas,"a mi mejor amiga no le gusta el ceviche ni los makis y me siento frustrada porque no podemos ser BUENAS mejores amigas
","mi amiga no le gusta ceviche makis siento frustrada porque no podemos ser amigas
"
A pesar de todo...veo sorpresa en el Bernabéu...llamadme loca,1,"A pesar de todo, veo sorpresa en el Bernabéu, llamadme loca.","A pesar sorpresa Bernabéu llamad loca.
","A pesar sorpresa Bernabéu, llamad loca.","A pesar de todo...veo sorpresa en el Bernabéu...llamadme loca
","A pesar sorpresa Bernabéu llamad loca.
"
"@user ..pero, vamos, yo con cualquier cosica..unos huevos fritos son un manjar (siempre que haya pan para mojar, claro",2,"..pero, vamos, yo con cualquier cosica..unos huevos fritos son un manjar (siempre que haya pan para mojar, claro",@user vamos yo cosica huevos fritos manjar pan mojar,pero vamos yo con cosica unos huevos fritos son manjar siempre haya pan mojar,"@user..pero, vamos, yo con cualquier cosica..unos huevos fritos son un manjar (siempre que haya pan para mojar, claro","@user vamos yo cosica huevos fritos manjar pan mojar
"
Lo peor que puede existir es decepcionar a alguien que quieres,0,Lo peor que puede existir es decepcionar a alguien que quieres.,"Peor existir decepcionar alguien quieres.
","Peor existir decepcionar alguien quieres.
",Lo peor que puede existir es decepcionar a alguien que quieres,"Peor existir decepcionar alguien quieres.
"
"@user jajajaja este es un plato del restauran de mi casa, cuando quieras tienes tu descuento familiar",1,"@user jajajaja este es un plato del restaurante de mi casa, cuando quieras tienes tu descuento familiar.
",usuario jajajaja plato restaurante casa cuando quieras descuento familiar,plato restaurante casa descuento familiar,"@user jajajaja este es un plato del restauran de mi casa, cuando quieras tienes tu descuento familiar
","usuario jajajaja plato restaurante casa cuando quieras descuento familiar
"
Me hace sentir tan bien al ver a mi ex y no sentir absolutamente nada por el,2,Me hace sentir tan bien al ver a mi ex y no sentir absolutamente nada por el,ver ex nada sentir,ver ex sentir nada el,"Me hace sentir tan bien al ver a mi ex y no sentir absolutamente nada por el
","ver ex nada sentir
"
"Me voy a las 6 a Madrid y me esperan 6 horitas en un autobus, seguramnete lleno de gente, porque mi suerte funciona así",0,"Me voy a las seis a Madrid y me esperan seis horitas en un autobús, seguramente lleno de gente, porque mi suerte funciona así.
",Voy Madrid espero horitas autobus seguramnete lleno gente suerte funciona.,Voy Madrid espera horitas autobús gente suerte.,"Me voy a las 6 a Madrid y me esperan 6 horitas en un autobus, seguramnete lleno de gente, porque mi suerte funciona así","voy Madrid espero horitas autobus seguramnete lleno gente suerte funciona
"
Por qué un partido a las 10 a.m.,1,Por qué un partido a las diez de la mañana.,"partido 10 a
",partido diez mañana,"Por qué un partido a las 10 a.m.
","partido 10 a
"
¡Ya tenemos ganadora! Felicidades @user Nos hablamos por mensaje. ¡Gracias a todos por participar!,2,"¡Ya tenemos ganadora! Felicidades @user Nos hablamos por mensaje. ¡Gracias a todos por participar!
",Ya tenemos ganadora. Felicidades user. Hablamos mensaje. Gracias todos participar.,"Ya tenemos ganadora
Felicidades
Gracias a todos por participar","¡Ya tenemos ganadora! Felicidades @user Nos hablamos por mensaje. ¡Gracias a todos por participar!
","Ya tenemos ganadora. Felicidades user. Hablamos mensaje. Gracias todos participar.
"
@user no seas malo con él,0,@user no seas malo con él,user seas malo él,"user seas malo él
",@user no seas malo con él,"usuario seas malo él
"
El huevin respectivo debido al feriado...vao a meter una caminata mas sus chelitas para al menos ver que hay abierto en la calle.,1,"El huevo respectivo debido al feriado... voy a meter una caminata más sus chalecos para al menos ver qué hay abierto en la calle.
",huevin respectivo feriado caminata chelitas ver hay abierto calle,huevo respectivo feriado caminata chalecos ver hay calle,"El huevín respectivo debido al feriado... va a meter una caminata mas sus chelitas para al menos ver que hay abierto en la calle.
","hueb respectiv feriad caminat chelits ver hay abiert call
"
"Por cosas así, estoy segura de que tomé una muy buena decisión",2,"Por cosas así, estoy segura de que tomé una muy buena decisión","cosas decisión
","cosas decisión
","Por cosas así, estoy segura de que tomé una muy buena decisión","cosas decisión
"
"NUNCA dejen el Snapchat abierto en el celular de la mamá, creo hoy duermo en la calle",0,"NUNCA dejen Snapchat abierto en celular de mamá, creo hoy duermo en calle",dej abrir celular mamá creo duermo calle,dejennSnapchatabierto celular mamá creo duermoy calle,"NUNCA dejen Snapchat abierto celular mamá creo hoy duermo calle
","dejar abrir celular mamá creo duermo calle
"
@user para mí no son feas  hay feas y bonitas    te salvas de arder en el infierno por hetero,1,para mí no son feas hay feas y bonitas te salvas de arder en el infierno por hetero,user mí no son feas hay bonitas te salvas arder infierno hetero,"mí no son feas hay feas bonitas te salvas arder infierno hetero
","@user para mí no son feas hay feas y bonitas te salvas de arder en el infierno por hetero
","user mí no son feas hay bonitas te salvas arder infierno hetero
"
"@user siempre habrá algo amiga, pero con el tiempo lo superas y pierden importancia",2,"@usuario siempre habrá algo amiga, pero con el tiempo lo superas y pierden importancia",@user algo amiga tiempo superas pierden importancia,"@usuario siempre algo amiga tiempo superas pierden importancia
","@user siempre habrá algo amiga, pero con el tiempo lo superas y pierden importancia","@user algo amiga tiempo superas pierden importancia
"
@user y que el mae no sea tan desastroso como aparentó durante la campaña. Hope is all we have left,0,@usuario y que el perro no sea tan desastroso como aparentó durante la campaña. Esperanza es todo lo que nos queda.,@user mae desastroso campaña hope left,"usuario perro desastroso campaña Esperanza queda.
","@user y que el mae no sea tan desastroso como aparentó durante la campaña. Hope is all we have left
","@user desastrós campña hope left
"
El sábado se casa Adriel y eso me hace sentir super vieja maee cuando ibamos a pueblo viejo x olafos saliamos fuck off y yo era la niñera,1,El sábado se casa Adriel y eso me hace sentir super vieja maee cuando ibamos a pueblo viejo x olafos saliamos fuck off y yo era la niñera,sábado se casa Adriel eso me hace sentir super vieja maee ibamos pueblo viejo x olafos saliamos fuck off yo era niñera,sábado se casa Adriel eso me hace sentir super vieja maee ibamos pueblo viejo x olafos saliamos fuck off yo era niñera,"El sábado se casa Adriel y eso me hace sentir super vieja maee cuando ibamos a pueblo viejo x olafos saliamos fuck off y yo era la niñera
","sábado se casa Adriel eso me hace sentir super vieja maee ibamos pueblo viejo x olafos saliamos fuck off yo era niñera
"
Amanecí lleno de la comilona anoche en el #BNOpenHouse ...pero siempre hay campo para más . A desayunar,2,"Amanecí lleno de la comilona anoche en el #BNOpenHouse...pero siempre hay campo para más. A desayunar.
",Amanecí lleno comilona anoche el #BNOpenHouse pero campo más. Desayunar.,Amanecí lleno comilona anoche el #BNOpenHouse pero campo más. Desayunar.,"Amanecí lleno de la comilona anoche en el #BNOpenHouse...pero siempre hay campo para más. A desayunar.
","Amanecí lleno comilona anoche el #BNOpenHouse pero campo más. Desayunar.
"
"#Windows10 qué mal me caes... @user Para abrir cualquier navegador o aplicación es tan lento, torpe e ineficiente que da pavor",0,"#Windows10 qué mal me caes... @user para abrir cualquier navegador o aplicación es tan lento, torpe e ineficiente que da pavor",Windows10 qué mal caes usuario abrir navegador aplicación lento torpe ineficiente da pavor,"Windows10 qué mal caes usuario abrir navegador aplicación lento torpe ineficiente da pavor.
","#windows10 que mal me caes... @user para abrir cualquier navegador o aplicación es tan lento, torpe e ineficiente que da pavor
","windows10 qué mal caes usuario abrir navegador aplicación lento torpe ineficiente da pavor
"
"No es feriado el 26 de dic ni el 2 de enero, entonces mremod fútbol sábado y domingo",1,"No es feriado el veintiséis de diciembre ni el dos de enero, entonces recuerdo fútbol sábado y domingo.
",feriado 26 dic 2 enero mremod fútbol sábado domingo,"férgado enero fútbol sábado domingo
","No es feriado el 26 de dic ni el 2 de enero, entonces mremod fútbol sábado y domingo
","feriado 26 dic 2 enero mremod fútbol sábado domingo
"
"@user @user @user Gracias, lo único que me hace feliz es escuchar música, adivinar y ganar",2,"@user @user @user gracias, lo único que me hace feliz es escuchar música, adivinar y ganar","Gracias escuchar música adivinar ganar
","gracias escuchar música adivinar ganar
",@user @user @user gracias lo único que me hace feliz es escuchar música adivinar y ganar,"gracias escuchar música adivinar ganar
"
Como cuando estás súper triste y pones un playlist de Camila y Ha Ash . Los de la agencia se van a deprimir,0,Como cuando estás súper triste y pones una playlist de Camila y Ha Ash. Los de la agencia se van a deprimir.,cuando triste pones playlist Camila Ha agencia se deprimir,Cuando triste pones playlist Camila Ha Ash. De agencia deprimir.,"Como cuando estás súper triste y pones un playlist de Camila y Ha Ash. Los de la agencia se van a deprimir.
","cuando triste pones playlist Camila Ha agencia se deprimir
"
Digo yo que tengo mala memoria y mi vecino se ha tatuado el nombre de su mujer,1,Digo yo que tengo mala memoria y mi vecino se ha tatuado el nombre de su mujer.,"Tengo mala memoria vecino tatuado nombre mujer.
","Tengo memoria mala vecino tatuado nombre mujer.
",Digo yo que tengo mala memori y mi vecino se ha tatuado el nombre de su mujer,"Tengo mala memori vecin tatuad nomb mujer.
"
@user @user cuando lo veo siempre le digo que en Twitter gusta a muchos!  Ojalá accederia porque para Dani sería muy bueno,2,@user @user cuando lo veo siempre le digo que en Twitter gusta a muchos! Ojalá accedería porque para Dani sería muy bueno.,@user @user cuando veo siempre digo que Twitter gusta muchos! Ojalá accederia porque Dani sería bueno.,"@user @user cuando veo siempre digo que Twitter gusta muchos! Ojalá accedería porque para Dani sería bueno.
","@user @user cuando lo veo siempre le digo que en Twitter gusta a muchos! Ojalá accederia porque para Dani sería muy bueno
","@user @user cuando veo siempre digo que Twitter gusta muchos! Ojalá accederia porque Dani sería bueno.
"
Primera vez que David cena en mi casa y quiebra un vaso.,0,"Primera vez que David cena en mi casa y quiebra un vaso.
",David cena casa quiebra vaso,"David cena casa quiebra vaso.
","Primera vez que Davíd cena en mi casa y quiebra un vaso.
","David cena casa quiebra vaso
"
@user me siento triste amiga,1,@usuario me siento triste amiga,"@user siento triste amiga
",usuario siento triste amiga,"@user me siento triste amiga
","@user siento triste amiga
"
"@user claro que sí, París merece mil visitas",2,"claro que sí, parís merece mil visitas
",París merece visitas,"parís merece visitas
","@user claro que sí, parís merece mil visitas","París merece visitas
"
"No vuelvo a New York, esa pea fue muy maldita y mi chaqueta",0,"No vuelvo a Nueva York, esa peaje fue muy maldita y mi chaqueta.","New York, pea maldita, chaqueta.","Nueva York, peaje maldita chaqueta.","No vuelvo a New York, esa pea fue muy maldita y mi chaqueta.","Nueva York, guisante maldito, chaqueta.
"
@user yo quería que me dieran la bcr así,1,@user yo quería que me dieran la bcr así,user queria dar bcr,@user queria bcr,"@user yo quería que me dieran la bcr así
","user queria dar bcr
"
"El puente mas bonito de la constitución este año en Alicante 12,13 y 14 @user en directo y allí estaré",2,"El puente más bonito de la constitución este año en Alicante 12, 13 y 14 @user en directo y allí estaré",puente bonito constitución año Alicante 12 13 14 user directo allí estaré,puente bonito constitución año Alicante directo estaré,"El puente mas bonito de la constitución este año en Alicante 12,13 y 14 @user en directo y allí estaré
","puente bonito constitución año Alicante 12 13 14 user directo allí estaré
"
"11.46PM y tengo hambre, mejor me acuesto ya por que la panadería está cerrada",0,"11.46PM y tengo hambre, mejor me acuesto ya porque la panadería está cerrada",tengo hambre acuesto por panadería cerrada,tengo hambre acuesto cerrada,"11.46PM y tengo hambre, mejor me acuesto ya por que la panadería está cerrada
","tengo hambre acuesto por panadería cerrada
"
@user poco pero intenso  estoy por pirarme un día a sevilla con el Mario,1,@user poco pero intenso estoy por pirarme un día a sevilla con el Mario,user intenso estoy pirarme día sevilla Mario,@user intenso estoy sevilla Mario,"@user poco pero intenso estoy por pirarme un día a sevilla con el Mario
","usuario intenso estoy pirarme día sevilla mario
"
@user @user Un lapsus advertido gracias a @user y subsanado. Gracias por tu aportación.,2,"@user @user un lapsus advertido gracias a @user y subsanado. gracias por tu aportación.
",Un lapsus advertido gracias aportación. Gracias tu.,advertido gracias aportación,"@user @user un lapsus advertido gracias a @user y subsanado gracias por tu aportación
","Un lapsus advertido gracias aportación. Gracias tu.
"
@user no lo consigo  ayudame porfi que es super importante,0,@usuario no lo consigo ayudame porfi que es super importante,user lo consigo ayudame porfi super importante,usuario consigo ayudame porfi super importante,"@user no lo consigo ayudame porfi que es super importante
","user lo consigo ayudame super importante
"
@user No se si están editados.,1,"@usuario No sé si están editados.
","están editados
",usuario sé editados,"@user No se si están editados.
","están editados
"
@user Correcto! Es pura arte. Mejor no lo pudiste describir. Felicidades!!! Bendiciones!,2,"@user correcto! es pura arte. mejor no lo pudiste describir. felicidades!!! bendiciones!
","Correcto arte pura describir Felicidades Bendiciones
","correcto arte describir felicidades bendiciones
","@user Correcto! Es pura arte. Mejor no lo pudiste describir. Felicidades!!! Bendiciones!
","Correcto arte pura describir Felicidades Bendiciones
"
"@user @user Por desgracia vende más  ,riñas,trifulcas,peleas,al cuello!! mátalo!!",0,"@user @user por desgracia vende más riñas, trifulcas, peleas, al cuello!! matalo!!
",vende riñas trifulcas peleas al cuello mátalo,"vende riñas trifulcas peleas al cuello matalo
","@user @user por desgracia vende más,riña,trifulca,pelea,al cuello!! mata
","vende riñas trifulcas peleas al cuello mátalo
"
@user Lo mejor para el es que salga del Club Zidane no le da la Oportunidad de Jugar! A mi no me gusta que este en la Banca.,1,"@user Lo mejor para él es que salga del Club Zidane no le da la oportunidad de jugar. A mí no me gusta que esté en la banca.
",@user mejor Club Zidane no le da oportunidad Jugar! me gusta que este Banca.,"@user mejor él salga Club Zidane no le oportunidad jugar. mí no me gusta esté banca.
","@user Lo mej para el es que sal del Club Zidane no le da la Oportunid de Jugar! A mi no me gusta que est en la Banca.
","@user mejor Club Zidane no le da oportunidad Jugar! me gusta que este Banca.
"
@user es la feria de mi tierra  Solo espero que sea un éxito y ser un gran anfitrión,2,"@user es la feria de mi tierra Solo espero que sea un éxito y ser un gran anfitrión
",feria tierra éxito anfitrión,"feria tierra éxito anfitrión
",@user es la feria de mi tierra Solo espero que sea un éxito y ser un gran anfitrión,"feria tierra éxito anfitrión
"
"No, no. Ya no te quiero, me declaro soltera a partir de ahora, me has hecho daño  @user",0,"No, no. Ya no te quiero, me declaro soltera a partir de ahora, me has hecho daño","Ya te quiero, soltera a partir ahora, has hecho daño @user.","No te quiero me declaro soltera a partir ahora has daño.
","No, no. Ya no te quiero, me declaro soltera a partir de ahora, me has hecho daño @user
","Ya te quiero, soltera a partir ahora, has hecho daño @user.
"
"@user hombre!  Yo siempre y con la gente que me cae bien claro, con los que me caen mal ni agua  Muacc",1,"@usuario hombre! yo siempre y con la gente que me cae bien claro, con los que me caen mal ni agua muacc",@user hombre gente que me cae bien claro gente que me caen mal ni agua Muacc,hombre gente bien claro gente mal ni agua muacc,"@user hombre! yo siempre y con la gente que me cae bien claro, con los que me caen mal ni agua  muacc","@user hombre gente que me cae bien claro gente que me caen mal ni agua Muacc
"
Plan perfecto para terminar el fin de semana. @user - @user. Después @user - @user,2,Plan perfecto para terminar el fin de semana. usuario - usuario. Después usuario - usuario,Plan perfecto terminar fin semana usuario usuario. Después usuario usuario.,Plan perfecto terminar fin semana usuario usuario Después usuario usuario,Plan perfecto para terminar el fin de semana. @user - @user. Después @user - @user,"Plan perfecto terminar fin semana usuario usuario. Después usuario usuario.
"
@user ya ya pero aún así no me convenció,0,@usuario ya ya pero aún así no me convenció,@user aún convenció,"usuario convenció
","@user ya ya pero aún así no me convenció
","@user aún convenció
"
Vine a mi casa porque mis papás dicen que los tengo abandonados y me chantajearon con comida pero hoy iba para la playa en la noche,1,Vine a mi casa porque mis padres dicen que los tengo abandonados y me chantajearon con comida pero hoy iba para la playa en la noche,"Vine casa mis papás dicen tengo abandonados chantajearon comida hoy iba playa noche.
",Vine casa padres dicen tengo abandonados chantajearon comida hoy iba playa noche.,"vine a mi casa porque mis papás dicen que los tengo abandonados y me chantajearon con comida pero hoy iba para la playa en la noche
","vine casa mis papás dicen tengo abandonados chantajearon comida hoy iba playa noche.
"
Hoy recibí una buena noticia y llevo saltando de la emoción como 30 minutos.,2,"Hoy recibí una buena noticia y llevo saltando de la emoción como 30 minutos.
","Hoy recibí noticia buena emoción saltando minutos.
","Hoy noticia buena recibí emoción saltando minutos 30.
","Hoy recibí una buena noticia y llevo saltando de la emoción como 30 minutos.
","Hoy recibí noticia buena emoción saltando minutos.
"
"Mar Negro q se haya caído un avión lleno de músicos, médicos q enviaron para alegrar a la gente en Siria me deja +segura q no existe dios",0,"Mar Negro que se haya caído un avión lleno de músicos, médicos que enviaron para alegrar a la gente en Siria me deja +segura que no existe dios.
",Negro avión músicos médicos enviaron alegrar gente Siria segura no existe dios,"Negro avión músicos médicos enviaron alegrar gente Siria segura no existe dios.
","Mar Negro q haya caído avión lleno músicos, médicos q enviaron alegrar gente Siria me deja +segura q no existe dios
",negro avión músicos médicos enviaron alegrar gente siria segura no existe dios
@user las etiquetas son necesarias. Lxs locxs molamos. Si no quieres etiquetas no molas  LOOOOCAAAA jajajajaj,1,las etiquetas son necesarias. las locas molan. si no quieres etiquetas no molas looooooca jajajajaj,etiquetas necesarias locxs molamos no quieres etiquetas no molas LOOOOCAAAA jajajajaj,etiquetas necesarias locas molan si no quieres etiquetas no molas looooooca jajajajaj,"@user las etiquetas son necesarias. lxs locxs molamos. si no quieres etiquetas no molas loooocaaaa jajajajaj
",etiqueta necesaria loc mol amo jajaja
"¡Venga va! A ver si consigo la versión física, que vista en tienda parece magnífica  @user  #DinastíaDelDienteDeLeón",2,"Venga va. A ver si consigo la versión física, que vista en tienda parece magnífica @user #DinastíaDelDienteDeLeón",Venga va A ver consigo versión física parece magnífica @user #DinastíaDelDienteDeLeón,"Va va. Ver si consigo versión física, vista tienda parece magnífica @user #DinastíaDelDienteDeLeón.","¡Venga va! A ver si consigo la versión física, que vista en tienda parece magnífica @user #DinastíaDelDienteDeLeón
","Venga va a ver consigo versión física parece magnífica @user #DinastíaDelDienteDeLeón
"
¿por qué os empeñáis en que no soy española?,0,¿por qué os empeñáis en que no soy española?,¿por qué empeñáis no soy española?,¿por qué empeñáis no soy española?,"¿por qué os empeñáis en que no soy española?
","¿por qué empeñáis no soy española?
"
"Amiguitos, yo siempre hablo/escribo de la misma forma, soy bastante cariñoso ... no te estoy gileando, ni quiero algo contigo, sí?",1,"Amiguitos, yo siempre hablo/escribo de la misma forma, soy bastante cariñoso... no te estoy gileando, ni quiero algo contigo, sí?","Amiguitos, siempre hablo escribo de misma forma, bastante cariñoso no te estoy gileando, ni quiero algo contigo, sí?","Amiguitos, siempre hablo escribo de misma forma, bastante cariñoso, no te estoy gileando, ni quiero algo contigo, sí?
","Amiguitos, yo siempre hablo/escribo de la misma forma, soy bastante cariñoso... no te estoy gileando, ni quiero algo contigo, sí?
","Amiguitos, siempre hablo escribo de misma forma, bastante cariñoso no te estoy gileando, ni quiero algo contigo, sí?"
"Me vengo dando cuenta que sí... el gordo navideño y yo siempre sí... regalo de santa, por despistada? marchamo y regalos pagados #gracias",2,"me vengo dando cuenta que sí... el gordo navideño y yo siempre sí... regalo de santa, por despistada? marchamo y regalos pagados #gracias
",vengo cuenta sí gordo navideño yo siempre regalo santa despistada marchamo regalos pagados gracias,"vengo cuenta sí gordo navideño yo siempre regalo santa despistada marchamo regalos pagados gracias
","me vengo dando cuenta que sí... el gordo navideño y yo siempre sí... regalo de santa, por despistada? marchamo y regalos pagados #gracias
","vengo cuenta sí gordo navideño yo siempre regalo santa despistada marchamo regalos pagados gracias
"
Hay videos que no se envían porque no tengo espacio en el móvil así que lo siento,0,"Hay videos que no se envían porque no tengo espacio en el móvil así que lo siento.
",videos se envían no tengo espacio móvil así siento,"videos se envían tengo espacio móvil siento
","Hay videos que no se envían porque no tengo espacio en el móvil así que lo siento
","video se envían no tengo espacio móvil así siento
"
"@user @user El tuit va acompañado de una foto que quiere decir lo contrario, SÍ es sarcasmo",1,"@user @user El tuit va acompañado de una foto que quiere decir lo contrario, sí es sarcasmo.",tuit foto decir sarcasmo,@user @user tuit foto dice contrario sarcasmo.,"@user @user el tuit va acompañado de una foto que quiere decir lo contrario, sí sarcasmo","tuit foto decir sarcasmo
"
"@user ay tan lindo amigo!! Gracias. Espero que jueguen con rencor, porque se hacen imparables cuando están resentidos",2,"@user ay tan lindo amigo!! Gracias. Espero que jueguen con rencor, porque se hacen imparables cuando están resentidos",amigo Gracias Espero juegan rencor se hacen imparables resentidos,amigo Gracias Espero jueguen resentidos,"@user ay tan lindo amigo!! Gracias. Espero que jueguen con rencor, porque se hacen imparables cuando están resentidos",amigo gracias espero juega rencor se hacen imparables resentidos
Tan triste mi vida que me hablan en Snapchat solo para decirme que mis animales son lindos,0,"Tan triste mi vida que me hablan en Snapchat solo para decirme que mis animales son lindos.
",Tan triste vida hablar Snapchat decirme animales lindos.,Triste vida hablan Snapchat decirme animales lindos.,"Tan triste mi vida que me hablan en Snapchat solo para decirme que mis animales son lindos.
","tan triste vida hablar snapchat decirme animales lindos
"
"A recuperar la resistencia física, hola Viernes sangriento!!!",1,"a recuperar la resistencia física, hola viernes sangriento!!!
","recuperar resistencia física Viernes sangriento
","recuperar resistencia física viernes sangriento
","A recuperar la resistencia física, hola Viernes sangriento!!!
","recuperar resistencia física Viernes sangriento
"
@user siiiiii tío  el viernes te invito a una litro jurao,2,@usuario tío el viernes te invito a una litro juro,"invito litro jurao
",usuario tío viernes invito litro juro,"@user siiiiii tío el viernes te invito a una litro jurao
","invit lit jur
"
@user jajaja ya ves teneis algo encontra mia  espero que la proxima vez sea de vuestro equipo 😂,0,"@user jajaja ya ves tenéis algo encontra mía espero que la próxima vez sea de vuestro equipo 😂
","jajaja ves algo mia espero proxima vez equipo
","@user ves equipo espero próxima vez
",@user jajaja tenes algo encontra mi espero que la proxima vez sea de vuestro equipo 😂,"jaja ves algo mia espero proxima vez equipo
"
@user Y suuuuper diferente a sus trabajos anteriores! Tengo que comprarlo tho porque no esta disponible en apple music,1,"@usuario Y suuuuper diferente a sus trabajos anteriores! Tengo que comprarlo tho porque no está disponible en apple music.
","@user trabajos diferentes anteriores
Tengo comprarlo tho porque no disponible apple music",usuario trabajos diferentes comprarlo tho disponible apple music,"@user y super diferente a sus trabajos anteriores! tengo que comprarlo tho porque no esta disponible en apple music
","@user trabajos diferentes anteriores
Tengo comprarlo tho porque no disponible apple music
"
#DiaDelVideojuegoHC por todas esas grandes tardes que nos hacen pasar y las que pasaran!,2,#DíaDelVideojuegoHC por todas esas grandes tardes que nos hacen pasar y las que pasaran,"DiaVideojuegoHC grandes tardes hacen pasar pasaran
",DíaVideojuegoHC grandes tardes nos hacen pasar que pasaran,#DiaDelVideojuegoHC por todas esas grandes tardes que nos hacen pasar y las que pasaran,"DiaVideojuegoHC grandes tardes hacen pasar pasaran
"
@user Ya no es por bonito o por feo sino porque es un animal con sentimientos tía es horrible,0,@user Ya no es por bonito o por feo sino porque es un animal con sentimientos tía es horrible,"user animal sentimientos horrible
","user animal sentimientos horrible
","@user Ya no es por bonito o por feo sino porque es un animal con sentimientos tía es horrible
","user animal sentimientos horrible
"
@user Feliz Año Bella! Las mejores vibras,1,@user Feliz año bella! Las mejores vibras,@user Año Bella vibras,"feliz año bella vibras
","@user feliz año bella! las mejores vibras
","@user año bella vibras
"
@user esa vidilla universitaria que tiene lo hace muy especial y que bien se come cerquita de los canales  #SaltaconHolanda,2,"@user esa vidilla universitaria que tiene lo hace muy especial y que bien se come cerquita de los canales #SaltaconHolanda
","@user vidilla universitaria hace especial se come cerquita canales SaltaconHolanda
","vidilla universitaria especial bien se come cerquita canales SaltaconHolanda
","@user esa vidilla universitaria que tiene lo hace muy especial y que bien se come cerquita de los canales #SaltaconHolanda
","@user vidilla universitaria hace especial se come cerquita canales SaltaconHolanda
"
@user pero es muy trillado,0,"pero es muy trillado
",user pero trillado,"pero trillado
","@user pero es muy trillado
","usuario pero trillado
"
@user tenía pensado cuando me quitase este ponerme unos de kpop  a la siguiente contigo lindo,1,@user tenía pensado cuando me quitase ponerme unos de kpop a la siguiente contigo lindo,"pensado ponerme kpop siguiente contigo lindo
","pensado ponerme kpop siguiente contigo lindo
","@user tenía pensado cuando me quitase este ponerme unos de kpop a la siguiente contigo lindo
","pensado ponerme kpop siguiente contigo lindo
"
"Acabo de comprobar en Linkedin  si eras mi antiguo alumno, tengo un gran recuerdo @user  Te deseo lo mejor @user",2,"Acabo de comprobar en LinkedIn si eras mi antiguo alumno, tengo un gran recuerdo @user. Te deseo lo mejor @user.","Comprobé Linkedin si eras alumno, tengo recuerdo @user Te deseo lo mejor @user","Comprobé LinkedIn si eras alumno, tengo recuerdo. Deseo lo mejor.
","Acabo comprobar en Linkedin si eras mi antiguo alumno, tengo un gran recuerdo @user Te deseo lo mejor @user
","Comprobé Linkedin si eras alumno, tengo recuerdo @user Te deseo lo mejor @user"
Me he puesto nervioso por la función de mañana. Y si me da una laguna mental??? Mierda ahora no puedo dejar de pensar en eso,0,Me he puesto nervioso por la función de mañana. Y si me da una laguna mental??? Mierda ahora no puedo dejar de pensar en eso.,Me nervioso función mañana. Si me da laguna mental. Mierda ahora puedo dejar pensar eso.,"He puesto nervioso función mañana. Si me da laguna mental. Mierda ahora puedo dejar pensar eso.
","Me he puesto nervioso por la función de mañana. Y si me da una laguna mental??? Mierda ahora no puedo dejar de pensar en eso.
","Me nervioso función mañana. Si me da laguna mental. Mierda ahora puedo dejar pensar eso.
"
@user @user Ufff... hay una discusión enorme sobre esto. La Clínica Mayo dejó de hacerlas por años por los resultados,1,@usuario @usuario Ufff... hay una discusión enorme sobre esto. La Clínica Mayo dejó de hacerlas por años por los resultados,Ufff discusión enorme resultados. Clínica Mayo dejó hacer años por.,"Usuario Usuario Ufff discusión enorme esto. Clínica Mayo dejó años resultados.
",@user @user Ufff... hay una discusión enorme sobre esto. La Clínica Mayo dejó de hacerlas por años por los resultados,"Ufff discusión enorme resultados. Clínica Mayo dejó hacer años por.
"
"No se cuantas veces la abre escuchado, pero no me canso de hacerlo y es que suena tan bien juntos @user  http",2,"No se cuanta veces la abre escuchado, pero no me canso de hacerlo y es que suena tan bien juntos @user http","escuchado no me canso hacerlo suena bien juntos user http
","escuchado no me canso hacerlo suena bien juntos user http
","No se cuantas veces la abre escuchado, pero no me canso de hacerlo y es que suena tan bien juntos @user http
","escuchado no me canso hacerlo suena bien juntos user http
"
"@user hoy me he gastado 90 euros en LEGOs, así que los maletines van regular",0,"@user hoy me he gastado noventa euros en LEGOs, así que los maletines van regulares",user hoy gastado euros LEGOs maletines regular,user hoy gastado euros LEGOs maletines regulares,"@user hoy me he gastado 90 euros en legos, así que los maletines van regular","user hoy gastado euros LEGOs maletines regular
"
"@user llévame a tu casa, la otra vez blastoise y hoy dragonite",1,"@user llévame a tu casa, la otra vez base y hoy dragónite.","llévame casa blastoise dragonite
","llévame casa otra vez dragónite
","@user llévame a tu casa, la otra vez blastoise y hoy dragonite
","llévame casa blastoise dragonite
"
@user retiro mi calificativo ofensivo hacia @user Su gesto de hoy me ha parecido valiente...  contamos con todos.,2,@usuario retiro mi calificativo ofensivo hacia @usuario Su gesto de hoy me ha parecido valiente… contamos con todos.,retiro calificativo ofensivo gesto valiente contamos todos,usuario retiro calificativo ofensivo gesto valiente contamos.,"@user retiro mi calificativo ofensivo hacia @user Su gesto de hoy me ha parecido valiente... contamos con todos.
","retiro calificativo ofensivo gesto valiente contamos todos
"
Hay algunos shojos de comedia romántica que me gustaría que se centraran un poco más en lo romántico,0,Hay algunos shojos de comedia romántica que me gustaría que se centraran un poco más en lo romántico,algunos shojos comedia romántica centraran romántico,Algunos shojos comedia romántica centraran más romántico.,"Hay algunos shojos de comedia romántica que me gustaría que se centraran un poco más en lo romántico
",algunos shojo comedia romántico
Yo ya estoy con gripe y ni me he mojado,1,"Yo ya estoy con gripe y ni me he mojado.
","gripe mojado
","gripe mojado
","Yo ya estoy con gripe y ni me he mojado
","gripe mojado
"
@user el pueblo crema está feliz con lo de Vento!,2,@user el pueblo crema está feliz con lo de Vento,"pueblo crema feliz Vento
","pueblo crema feliz Vento
",@user el pueblo crema está feliz con lo de Vento!,"pueblo crema feliz viento
"
hoy ha sido ver a un perro muerto en el anden izdo. de la autopista huelva-sevilla y entrarme toda la impotencia del mundo,0,hoy ha sido ver a un perro muerto en el anden izdo. de la autopista huelva-sevilla y entrarme toda la impotencia del mundo,hoy perro muerto anden autopista Huelva-Sevilla impotencia,hoy perro muerto anden autopista Huelva-Sevilla impotencia,"hoy ha sido ver un perro muerto en el anden izdo autopista huelva-sevilla entrarme toda la impotencia mundo
","hoy perro muerto anden autopista Huelva-Sevilla impotencia
"
@user @user A mi Movistar me llama para preguntarme si estoy satisfecho con mi servicio y si hay algo que puede hacer por mi,1,@user @user a mi Movistar me llama para preguntarme si estoy satisfecho con mi servicio y si hay algo que pueda hacer por mí,Movistar preguntarme satisfecho servicio.,@user @user a Movistar me llama preguntarme satisfecho servicio algo hacer,"@user @user a mi movistar me llama para preguntarme si estoy satisfecho con mi servicio y si hay algo que puede hacer por mi
","Movistar preguntarme satisfecho servicio
"
"@user Buen artículo Carlos , se va Lucas pero tampoco hay que dramatizar , casi me haces llorar",2,"@user buen artículo carlos, se va lucas pero tampoco hay que dramatizar, casi me haces llorar","Carlos artículo buen Lucas pero tampoco hay dramatizar casi me haces llorar.
",articulo carlos lucas dramatizar llorar,"@user buen artícul carlos, se va lucas pero tampoco hay que dramatizar, casi me haces llorar
","Carlos artículo buen Lucas pero tampoco hay dramatizar casi me haces llorar.
"
"Vanessa ¿donde estas? te extraño mucho, ya va ser navidad y necesito verte",0,"Vanessa dónde eres? te extraño mucho, ya va ser navidad y necesito verte.
",Vanessa dónde estás te extraño mucho ya va ser navidad necesito verte,"Vanessa dónde eres te extraño navidad necesito verte.
","Vanessa dónde estás? te extraño mucho, ya va ser navidad y necesito verte.
","vanes dónde estás te extraño mucho ya va ser navidad necesito verte
"
"1 y 2 correctas. 3, ni una.   http",1,"1 y 2 correctas. 3, ni una.   http
","1 correctas. 3, una. http
","1 correctas. 3 ninguna. http
","1 y 2 correctas. 3, ni una. http
","1 correctas. 3, una. http
"
Ustedes siempre han sido lo más bonito de mi año. Anita y Amaya,2,Ustedes siempre han sido lo más bonito de mi año. Anita y Amaya,"siempre bonito año Anita Amaya
","siempre bonito año Anita Amaya
","Ustedes siempre han sido lo más bonito de mi año. Anita y Amaya
","siempre bonito año Anita Amaya
"
"@user @user al menos ya va ir preso, el tuyo sigue feliz de la vida plagiando textos",0,"@usuario @usuario al menos ya va ir preso, el tuyo sigue feliz de la vida plagiando textos",user user al menos ya va ir preso tuyo sigue feliz vida plagiando textos,usuario usuario al menos ya va preso el tuyo sigue feliz vida plagiando textos,"@user @user al menos ya va ir preso, el tuyo sigue feliz de la vida plagiando textos
","usér usér al menes ya va ir presó tuyo sigue feliz vida plagiando textós
"
@user @user @user convenciendo a mi hija mayor para verlo,1,@user @user @user convenciendo a mi hija mayor para verlo,"convenciéndo hija mayor verlo
","convenciendo hija mayor verlo
","@user @user @user convenciendo a mi hija mayor para verlo
","convenciéndo hija mayor verlo
"
@user Bonito rincón  ¡Qué ganas de ver la nueva web!,2,"@user bonito rincón ¡qué ganas de ver la nueva web!
","Bonito rincón ganas ver nueva web
",bonito rincón ganas ver nueva web,"@user bonito rincón ¡qué ganas ver nueva web!
","bonito rincón ganas ver nueva web
"
@user yo no soy normal,0,"@user yo no ser normal
","user soy normal
","@user ser normal
","@user yo no soy normal
","user soy normal
"
"@user es que ya no era necesario llamar ,ya sabiamos lo que espera ,la proxima sera",1,"@user es que ya no era necesario llamar, ya sabíamos lo que espera, la próxima será.
","@user que ya no era necesario llamar sabiamos lo que espera proxima sera.
",user que no era necesario llamar sabíamos espera próxima será,"@user es que ya no era necesario llamar, ya sabiamos lo que espera, la proxima sera
",@user que ya no era necesario llamar sabiamos lo que espera prox sera.
Que agusto se queda una después del Circuito termolúdico de  @user,2,que agusto se queda una después del circuito termolúdico,agusto Circuito termolúdico usuario,agusto queda después circuito termolúdico,Que agusto se queda una después del circuito termolúdico de @user,"agusto circuito termolúdico usuario
"
Tenía más de un año de no usar Premiere Pro y no era tan mala editando... ahora lo olvidé todo,0,"Tenía más de un año de no usar Premiere Pro y no era tan mala editando… ahora lo olvidé todo.
","Tenía año usar Premiere Pro no era mala editando ahora olvidé todo.
","Tenía año usar Premiere Pro no era mala editando ahora olvidé todo.
","Tenía más de un año de no usar Premiere Pro y no era tan mala editando... ahora lo olvidé todo
","Tenía año usar Premiere Pro no era mala editando ahora olvidé todo.
"
Cuando te enamoras de cada flaca que pasa. Chimbote era chevere pero no me quirro ir de trujillo.,1,Cuando te enamoras de cada chica que pasa. Chimbote era bueno pero no me quito ir de Trujillo.,Cuando enamoras flaca pasa. Chimbote chevere no me quiro ir trujillo.,Cuando enamoras chica pasa. Chimbote bueno no me quito ir Trujillo.,"Cuando te enamoras de cada flaca que pasa. Chimbote era chevere pero no me quirro ir de trujillo.
","Cuando enamoras flaca pasa. Chimbote chevere no me quiro ir trujillo.
"
"Pues ya es oficial, curro nuevo y mejor",2,"Pues ya es oficial, trabajo nuevo y mejor","Ya oficial, curro mejor.",Ya trabajo mejor,"Pues ya es oficial, curro nuevo y mejor","Ya oficial, curro mejor.
"
Tengo dos orzuelos enquistados en el ojo izquierdo y me hacen la cara muy asimétrica. Me veo raro,0,"Tengo dos orzuelos enquistados en el ojo izquierdo y me hacen la cara muy asimétrica. Me veo raro.
","Tengo orzuelos enquistados ojo izquierdo cara asimétrica. Veo raro.
","Tengo orzuelos enquistados ojo izquierdo cara asimétrica veo raro.
","Tengo dos orzuelos enquistados en el ojo izquierdo y me hacen la cara muy asimétrica. Me veo raro.
","Tengo orzuelos enquistados ojo izquierdo cara asimétrica. Veo raro.
"
"@user lo de la comida le quita toda la parte negativa entonces, buenaso. Gracias!! Que te vaya super bien en tus finales",1,"@user lo de la comida le quita toda la parte negativa entonces, buenaso. Gracias!! Que te vaya super bien en tus finales",@user comida quita parte negativa entonces gracias finales,"comida parte negativa buenaso Gracias finales
","@user lo de la comida le quita toda la parte negativa entonces, buenaso. Gracias!! Que te vaya super bien en tus finales
","@user comida quita parte negativa entonces gracias finales
"
"@user perfecto!  Nada mejor que incitar a lectura. Ya me contarás que tal, es mágico. De esos para ""niños"" que no son para niños",2,"@user perfecto! Nada mejor que incitar a lectura. Ya me contarás que tal, es mágico. De esos para “niños” que no son para niños.
",@user perfecto! nada mejor que incitar lectura. ya contarás tal mágico. esos niños no niños.,perfecto lectura contarás mágico niños no son niños,"@user perfecto! nada mejor que incitar lectura. ya contarás tal, mágico. esos para ""niños"" que no niños","@user perfecto! nada mejor que incitar lectura. ya contarás tal mágico. esos niños no niños.
"
@user Lo mejor son sus amiguitos defendiéndole diciéndome a mí que pase página cuando es él el que no me deja en paz,0,@user Lo mejor son sus amiguitos defendiéndole diciéndome a mí que pase página cuando es él el que no me deja en paz,@user mejor sus amiguitos defendiéndme diciéndme pasar página él no me deja paz,@user mejor sus amiguitos defendiéndole diciéndome pasar página él que no me deja paz,@user Lo mej amiguitos defendiéndle diciéndme mí que pseg pginas cuando él que no me deja paz,"@user mejor sus amiguitos defendiéndme diciéndme pasar página él no me deja paz
"
@user Ely todo bien? no se nada de ti u.u tengo número nuevo!,1,@user elo todo bien? no se nada de ti u.u tengo número nuevo!,@user todo bien no se nada u.u tengo número nuevo,elo todo bien no se nada ti número nuevo,"@user el todo bien? no se nada ti u.u tengo número nuevo!
","@user todo bien no se nada u.u tengo número nuevo
"
"Si necesitáis un hater profesional de lo que sea, podéis llamar a @user",2,"Si necesitáis un hater profesional de lo que sea, podéis llamar a @user",necesitáis hater profesional lo sea podéis llamar user,necesitáis hater profesional lo sea podéis llamar user,"Si necesitáis un hater profesional de lo que sea, podéis llamar a @user","necesitáis hater profesional lo sea podéis llamar user
"
@user porque mi equipo G8 se calienta demasiado y la bateria se baja rápido,0,@user porque mi equipo G8 se calienta demasiado y la batería se baja rápido,@user equipo G8 calienta batería baja rápido,@user equipo G8 calienta batería baja rápido,@user porque mi equipo G8 se calienta demasiado y la bateria se baja rapido,"@user equipo G8 calienta batería baja rápido
"
"@user Un chivi que hace videos y es más tocándose el cabello que video haciendo ""algo divertido o entretenido"".",1,"@user Un chivi que hace videos y es más tocándose el cabello que video haciendo ""algo divertido o entretenido"".
",user videos tocándose cabello video divertido entretenido,user videos tocándose cabello video divertido entretenido,"@user un chivi que videos y es más tocándose cabello que video haciendo ""algo divertido entretenido""",usér videos tocándose cabell video divertid entreteníd
"@user te tienes que hacer amiga de peluqueros que no estén locos y fuera, tienes don de gentes coñe",2,"@user te tienes que hacer amiga de peluqueros que no estén locos y fuera, tienes don de gentes coñe",user amiga peluqueros locos fuera don gente,amiga peluqueros locos fuera don gente coñe,"@user te tienes que hacer amiga de peluqueros que no estén locos y fuera, tienes don de gente coñe
","user amiga peluqueros locos fuera don gente
"
"No entiendo, hasta hace unos días te hablaba lindo, fresh y de la naaada cambian, y tú no hiciste nada #Kheeeeeeeeeé #SacandoConclusiones",0,"No entiendo, hasta hace unos días te hablaba lindo, fresco y de la nada cambian, y tú no hiciste nada #Kheeeeeeeeeé #SacandoConclusiones",entiendo días hablaba lindo fresh naaada cambian tú hiciste nada #Kheeeeeeeeeé #SacandoConclusiones,entiendo días hablaba lindo fresco nada cambian tú hiciste Conclusiones,"No entiendo, hasta hace unos días te hablaba lindo, fresh y de la naaada cambian, y tú no hiciste nada #Kheeeeeeeeeé #SacandoConclusiones
","entiendo días hablaba lindo fresh naada cambian tú hiciste nada #Kheeeeeeeeeé #SacandoConclusiones
"
@user vamos a juntos en concierto?,1,vamos a juntos en concierto,@user vamos concierto,juntos concierto,@user vamos juntos concierto,"@user vamos concert
"
#FelizMiercoles porque hoy pase lo que pase va ha ser un buen día,2,#FelizMiércoles porque hoy pase lo que pase va a ser un buen día,"FelizMiercoles porque hoy pase lo que pase ser buen día.
",FelizMiércoles porque hoy pase lo que pase ser buen día,#FelizMiercoles porque hoy pase lo que pase va ha ser un buen día,"Felizmiercoles porque hoy pase lo que pase ser buendia.
"
"Como dijo @user, ""hay que ignorar a los trolls"", después de años usé de nuevo el block, el más pesado y bobo que conocí",0,"como dijo, “hay que ignorar a los trolls”, después de años, usé de nuevo el block, el más pesado y bobo que conocí",dijo user ignorar trolls block pesado bobo conocí,dijo ignorar trolls block pesado bobo conocí,"Como dijo @user, ""hay que ignorar a los trolls"", después de años usé de nuevo el block, el más pesado y bobo que conocí.
","dijo user ignorar trolls block pesado bobo conocí
"
"@user oh no te la debo negrito, lo lamento, prometo ir al próximo kaos ir desde las 8 pm y guardarte cola",1,"@usuario oh no te la debo negrito, lo lamento, prometo ir al próximo kaos ir desde las 8 pm y guardarte cola",@user lamento ir kaos pm guardarte cola,usuario negrito lamento prometo kaos ir 8 pm guardarte cola,"@user oh no te la debo negrito, lo lamento, prometo ir al próximo kaos ir desde las 8 pm y guardarte cola","@user lamento ir kaos pm guardarte cola
"
"@user @user clado que sí. En serio, gracias por todo lo que nos has enseñado",2,"@user @user clado que sí. En serio, gracias por todo lo que nos has enseñado","clado sí serio gracias todo enseñado
",@user @user clado sí serio gracias todo enseñado,"@user @user clado que sí. En serio, gracias por todo lo que nos has enseñado
","clado sí serio gracias todo enseñado
"
Me está entrando una depresión ahora mismo... ¿Para cuando la máquina del tiempo? Que me lleve de nuevo al 29 de junio joder,0,"Me está entrando una depresión ahora mismo... ¿Para cuándo la máquina del tiempo? Que me lleve de nuevo al 29 de junio joder.
",Me depresión ahora máquina tiempo? Me lleve junio joder.,"Me depresión ahora máquina tiempo ¿Para cuándo joder 29 junio.
","Me está entrando una depresió ahora mismo... ¿Par cuándo la máquina del tiempo? Que me lleve de nuevo al 29 de junio joder.
","me depresión ahora máquina tiempo? me lleve junio joder.
"
@user i lleva mucho sin actualizar? ahora sucede que me enamoro del fic y lo dejan abandonado,1,@usuario yo sé mucho sin actualizar? ahora sucede que me enamoro del fic y lo dejan abandonado.,"@user lleva mucho sin actualizar sucede enamoro fic dejado abandonado.
","usuario sé mucho actualizar sucede enamoro fic abandonado.
","@user i lleva mucho sin actualizar? ahora sucede que me enamoro del fic y lo dejan abandonado
","@user lleva mucho sin actualizar sucede enamoro fic dejado abandonado.
"
@user @user @user Ay yo no he visto la nueva temporada! Buena sugerencia,2,"@user @user @user ay yo no he visto la nueva temporada! buena sugerencia
",Ay he visto nueva temporada Buena sugerencia,@user @user @user ay yo  no he visto nueva temporada buena sugerencia,"@user @user @user ay yo no he visto la nueva temporada! buena sugerencia
","Ay he visto nueva temporada Buena sugerencia
"
@user Junto montas el unico dia que me llaman para tomar algo,0,junto montas el único día que me llaman para tomar algo,"Junto montas unico dia llaman tomar algo
","junto montas único día llaman tomar algo
","@user junto montas el unico dia que llaman tomar algo
","junt montam unic llam tomar alg
"
Mis lunes no volverán a ser iguales @user,1,"Mis lunes no volverán a ser iguales.
",Lunes volver iguales usuario.,"Lunes volverán iguales.
","Mis lunes no volverán a ser iguales @user
","Lunes volver iguales usuario.
"
"@user el canal de ""Global Talents"" suele ser rápido en subir actuaciones, valoraciones, previos, y resultados...",2,"@user el canal de “Global Talents” suele ser rápido en subir actuaciones, valoraciones, previos, y resultados...
",@user canal Global Talents rápido subir actuaciones valoraciones previos resultados,"@user canal Global Talents rápido subir actuaciones valoraciones previos resultados
","@user el canal de ""Global Talents"" suele ser rápido en subir actuaciones, valoraciones, previos, y resultados...
","@user canal global talents rapido subir actuaciones valoraciones previos resultados
"
"@user En vez de perseguir a corruptos y defraudadores, pretenden encarcelar a quienes cuestionan al poder con unos cuentos tuits",0,"en vez de perseguir a corruptos y defraudadores, pretenden encarcelar a quienes cuestionan al poder con unos cuantos tuits",user perseguir corruptos defraudadores encarcelar quienes cuestionan poder cuentos tuits,perseguir corruptos defraudadores encarcelar cuestionan poder tuits,"@user En vez de perseguir corruptos defraudadores, pretenden encarcelar quienes cuestionan poder cuentos tuits","usuario perseguir corruptos defraudador encarcelar quienes cuestionan poder cuentos tuits
"
"@user no te preocupes ^^ como dije...ELF puede hacer lo que quiera, a mi solo me importa SJ",1,"@usuario no te preocupes ^^ como dije...ELF puede hacer lo que quiera, a mí solo me importa SJ","@user preocupa ^^ dije...ELF quiera, importa SJ",usuario preocupes ELF quiere importa,"@user no te preocupes ^^ como dije...ELF puede hacer lo que quiera, a mi solo me importa SJ
","@user preocupa ^^ dije...elf quiera, importa sj"
@user Y son más de las 5 de la mañana! Y encima mañana vuelve a ser día de grabación.. todo sea por dejar todo preparado,2,@user y son más de las 5 de la mañana! Y encima mañana vuelve a ser día de grabación.. todo sea por dejar todo preparado,@user son más 5 de mañana encima vuelve día grabación todo preparado,@user son más 5 de mañana. encima vuelve día grabación.. todo preparado.,"@user y son más de las 5 de la mañana! y encima mañana vuelve a ser día de grabación.. todo sea por dejar todo preparado
","@user son más 5 de mañana encima vuelve día grabación todo preparado
"
"@user La burguesía venezolana, los más ricos, animando a la población a colapsar Venezuela con la ""Toma de Caracas""  Triste.",0,"@user La burguesía venezolana, los más ricos, animando a la población a colapsar Venezuela con la ""Toma de Caracas"" Triste.
",@user burguesía venezolana ricos animando población colapsar Venezuela Toma Caracas Triste,"burguesía venezolana ricos animando población colapsar Venezuela Toma Caracas Triste
","@user la burguesía venezolana, los más ricos, animando a la población a colapsar Venezuela con la ""Toma de Caracas"" triste.
","@user burguesía venezolana ricos animando población colapsar Venezuela Toma Caracas Triste
"
"@user @user @user invitadísimo a hacer las cosas diferente, hay que involucrarse y dar espacios a la mejor gente.",1,"@user @user @user invitadísimo a hacer las cosas diferente, hay que involucrarse y dar espacios a la mejor gente.","invitadísimo hacer cosas diferente, involucrarse dar espacios gente.
",invitadísimo hacer cosas diferente gente,"@user @user @user invitadísimo a hacer las cosas diferente, hay que involucrarse y dar espacios a la mejor gente.","invitadísimo hacer cosas diferente, involucrarse dar espacios gente.
"
@user Te puedes creer que te iba a poner lo mismo  Te quiero mi Nini,2,"@user Puedes creer que iba a poner lo mismo. Te quiero, mi Nini.","@user puedes creer poner lo mismo quiero Nini.
","@user creer poner lo mismo. quiero Nini.
","@user te puedes creer que te iba poner lo mismo te quiero mi Nini
","@user puedes creer poner lo mismo quiero Nini.
"
"No sé si los maltrataban de verdad pero me dio penita ver eso No me gusto eso, no son objetos para que los traten así. Me indigna tanto",0,"No sé si los maltrataban de verdad pero me dio pena ver eso No me gustó eso, no son objetos para que los traten así. Me indigna tanto",Sé si maltrataban verdad ver dar penita gusto objetos tratar indigna.,Sé si maltrataban verdad pena ver eso No me gustó eso son objetos tratar así indigna tanto.,"No sé si los maltrataban de verdad pero me dio penita ver eso No me gusto eso, no son objetos para que los traten así. Me indigna tanto
","sé maltratar verdad dar penita gusto objeto tratar indigna
"
"@user @user @user el tiempo promedio para ejercitarse, es de 1hr. Si quieres más tiempo, la alimentación también cambia",1,"@user @user @user el tiempo promedio para ejercitarse, es de 1 hora. Si quieres más tiempo, la alimentación también cambia.",tiempo ejercitarse 1hr alimentación cambia,tiempo promedio ejercitarse hora quieres alimentación cambia,"@user @user @user el temps prom. exercitarse, és 1hr. Si vols més temps, alimentació també canvia","tiempo ejercitarse 1hr alimentación cambia
"
En fin @user espero que recibas este tuit en otra realidad alternativa donde sigues viva porque ahí no se acaba tu camino  ¡suerte!,2,En fin espero que recibas este tuit en otra realidad alternativa donde sigues viva porque ahí no se acaba tu camino suerte,fin usuario espero recibas tuit otra realidad alternativa sigues viva ahí no se acaba camino suerte,fin espero recibas tuit otra realidad alternativa sigues viva ahí no se acaba camino suerte,"En fin @user espero que recibas este tuit en otra realidad alternativa donde sigues viva porque ahí no se acaba tu camino ¡suerte!
","fin usuario espero recibas tuit otra real alt sigues viv ahí no acab cami suerte
"
"Suerte nivel, llame a la pizzeria para pasar por una pizza y llueve cuando deje mis sombrilla perdidas",0,"Suerte nivel, llame a la pizzería para pasar por una pizza y llueve cuando deje mis sombrillas perdidas","Suerte pizza, llame pizzeria pasar pizza llueve deje sombrilla perdidas.","Suerte pizzería pizza llueve sombrillas perdidas.
","Suerte nivel, llame a la pizzeria para pasar por una pizza y llueve cuando deje mis sombrilla perdidas
","Suerte pizza, llame pizzeria pasar pizza llueve deje sombrilla perdidas.
"
¿voy o no voy a cœur de pirate en madrid? es como a la semana siguiente de volver de milán/burdeos,1,¿voy o no voy a corazón de pirata en Madrid? es como a la semana siguiente de volver de Milán/Burdeos.,voy cœur pirate madrid semana siguiente volver milán/burdeos,Voy corazón pirata Madrid como semana siguiente volver Milán/Burdeos.,"¿voy o no voy a cœur de pirate en madrid? es como a la semana siguiente de volver de milán/burdeos
","voy cœur pirate madrid semana siguiente volver milán/burdeos
"
"Gracias a toda la gente que dio RT a mi mensaje de buscar clan. He conseguido ser suplente adc en DragonsZGaminG,con ganas",2,"Gracias a toda la gente que dio RT a mi mensaje de buscar clan. He conseguido ser suplente adjunto en DragonsZGaminG, con ganas.
","Gracias gente RT mensaje buscar clan conseguí suplente adc DragonsZGaminG ganas.
","Gracias gente mensaje buscar clan conseguido suplente adjunto DragonsZGaminG ganas.
","gracias gente dar rt mensaje buscar clan conseguir suplente adc dragonszgaming ganas
","gracias gente rt mensaje buscar clan conseguí suplente adc dragonszgaming ganas.
"
@user Es muy duro para un niño verse forzado a ser parte de esos procesos,0,es muy duro para un niño verse forzado a ser parte de esos procesos,user niño verse forzado parte procesos,"duro niño forzado procesos
","@user Es muy duro para un niño verse forzado a ser parte de esos procesos
","usuario niño verse forzado parte procesos
"
"@user gracias por etiquetarme, pero no suelo hacer estas cosas",1,"@usuario gracias por etiquetarme, pero no suelo hacer estas cosas",gracias etiquetarme cosas,"usuario gracias cosas suelo
","@user gracias por etiquetarme, pero no suelo hacer estas cosas
","gracias etiquetarme cosas
"
#feliz septiembre..es bonito retarse..es increible lo mucho que puedes aprender.. medirse con el obstáculo..eres la joyita de la corona,2,"#feliz septiembre..sea bonito retarse..sea increíble lo mucho que puedes aprender..medirse con el obstáculo..seas la joya de la corona
","feliz septiembre bonito retarse increible mucho aprender medirse obstáculo joyita corona
","feliz septiembre retarse increíble aprender medirse obstáculo joya corona
","#feliz septiembre..es bonito retarse..es increible lo mucho que puedes aprender.. medirse con el obstáculo..eres la joyita de la corona
","feliz septiembre bonito retarse increible mucho aprender medirse obstáculo joyita corona
"
"@user s que habrá terceras elecciones, no que no las habrá... está difícil la predicción",0,"@user sé que habrá terceras elecciones, no que no las habrá... está difícil la predicción",@user s terceras elecciones difícil predicción,"user elecciones habra dificil prediccion
","@user s que habrá terceras elecciones, no que no las habrá... está difícil la predicción
","@user s terceras elecciones difícil predicción
"
"@user No te preocupes, pero como hay tanta mala baba en Twitter pensaba que había sido por eso",1,"@usuario No te preocupes, pero como hay tanta mala baba en Twitter pensaba que había sido por eso","user preocupes tanta mala Twitter pensaba había eso
",usuario preocupes tanta mala Twitter pensaba había eso,"@user no te preocupes, pero como hay tanta mala baba en twitter pensaba que había sido por eso
","user preocuplar tanta mal Twitter pensaba habiar eso
"
"No, solo quiero bailarte la medusa loca en privado  @user",2,"No, solo quiero bailar la medusa loca en privado @user",solo quiero bailarte medusa loca privado user,"solo quiero bailar medusa loca privado user
","No, solo quiero bailar la medusa loca en privado @user
","solo quiero bailarte medusa loca privado user
"
"No sé porqué pero ya no me cae para nada, es más me da asquito y antes éramos amigas, aunque creo que ni eso consideraba ella",0,"No sé porqué pero ya no me cae para nada, es más me da asquito y antes éramos amigas, aunque creo que ni eso consideraba ella.
","Sé porque ya no me cae nada, es más me da asquito antes éramos amigas aunque creo ni eso consideraba ella.",sé porque ya no me cae nada es más me da asquito antes éramos amigas aunque creo ni eso consideraba ella,"No sé porqué pero ya no me cae para nada, es más me da asquito y antes éramos amigas, aunque creo que ni eso consideraba ella
","Sé porque ya no me cae nada, es más me da asquito antes éramos amigas aunque creo ni eso consideraba ella.
"
@user me regalaron la mediana,1,@usuario me regalaron la mediana,regalaron mediana,usuario regalaron mediana,"@user me regalaron la mediana
","regalaron mediana
"
Ahora que soy @user todo es más bonito.,2,"Ahora que soy todo es más bonito.
",Ahora soy user todo bonito.,"soy bonito
","Ahora que soy usuario todo es más bonito.
","Ahora soy user todo bonito.
"
@user en donde vivo no hay alternativas válidas aún… No creas q no lo miré  @user  @user,0,en donde vivo no hay alternativas válidas aún… no creas que no lo miré,@user en donde vivo alternativas válidas aún… Creas q lo miré  @user  @user,vivo alternativas válidas aún creas miré,@user en donde vivo no hay alternativas válidas aún… No creas q no lo miré  @user  @user,"@user en donde vivo alternativas válidas aún… Creas q lo miré  @user  @user
"
"@user de sobra, si solo somos 3  dime tu ID y ya te agrego",1,"@usuario de sobra, si solo somos 3, dime tu ID y ya te agrego.
",@user de sobra si solo somos 3 dime ID agre,usuario sobra si solo 3 dime ID agrego,"@user de sobra, si solo somos 3 dime tu ID y ya te agrego","@user de sobra si solo somos 3 dime id agre
"
@user mi objetivo es seguir aprendiendo. Por dicha uno nunca para de aprender. Por ahí espero seguir asombrándome,2,"@user mi objetivo es seguir aprendiendo. Por dicha uno nunca para de aprender. Por ahí espero seguir asombrándome.
","mi objetivo seguir aprendiendo
nunca para
seguir asombrándome
",aprender asombrándome,"@user mi objetiv seguir aprend. Por dicha uno nunca para de aprend. Por ahí espero seguir asombr.
","mi objetiv seguir aprend
nunca par
seguir asombr
"
@user yo me las puse y acto seguido me las quite por que no era capaz de desbloquear el móvil ajjajajja,0,yo me las puse y acto seguido me las quite porque no era capaz de desbloquear el móvil ajjajajja,yo puse acto seguido quite no era capaz desbloquear móvil,"puse quite porque no era capaz desbloquear móvil ajjajajja
","@user yo me las pus y acto seguido me las quite por que no era capaz de desbloquear el móvil ajjajajja
","yo pus act segu quite no era capaz desbloq móvil
"
Vamos Ame vamos....bahhh.....q mas da.....conence el año cansada..... quiero solo dormir hoy....,1,"vamos amar vamos....bahhh.....q mas da.....confíe el año cansada.....quiero solo dormir hoy....
",Vamos Ame vamos ... bahhh... q da... confía el año cansada... quiero solo dormir hoy...,"vamos amar vamos bahhh q mas da confie año cansada quiero solo dormir hoy
","vamos ame vamos bahhh q mas da conence el año cansada quiero solo dormir hoy
","vamos ame vamos bahhh q da confía año cansada quiero solo dormir hoy
"
@user Muchas gracias atrasadas!! Esto del Twitter hacia que no lo miraba.... Un abrazoteee!!,2,"@user Muchas gracias atrasadas!! Esto del Twitter hacia que no lo miraba.... Un abrazoteee!!
","Muchas gracias Twitter miraba no lo abrazoteee.
",Muchas gracias Twitter miraba no abrazoteee.,"@user muchas gracias atrasadas!! esto del twitter hacia que no lo miraba.... un abrazoteee!!
","muchas gracias twitter miraba no lo abrazoteee
"
@user dejas al novio y a los dos días ya estas con otro.  Y yo soltero desde el 96. La vida es demasiado injusta conmigo,0,"@usuario dejas al novio y a los dos días ya estás con otro. Y yo soltero desde el 96. La vida es demasiado injusta conmigo.
","@user dos días otro soltero 96 vida injusta conmigo.
","usuario dejas novio dos días estás otro soltero 96 vida injusta conmigo
","@user dejas al novio y a los dos días ya estas con otro.  Y yo soltero desde el 96. La vida es demasiado injusta conmigo
","@user dos días otro soltero 96 vida injusta conmigo.
"
"voy a salir a comprar mayolicas y acabados a habich, veamos q sucede en el camino, la gente buena celulares prendidos porfavor, 3, 2 ,1",1,"voy a salir a comprar mayólicas y acabados a habich, veamos qué sucede en el camino, la gente buena celulares prendidos por favor, 3, 2, 1
",salir comprar mayolicas acabados habich veamos sucede camino gente buena celulares prendidos porfavor 3 2 1,"salir comprar mayólicas acabados habich veamos qué sucede camino gente buena celulares prendidos
","voy a salir a comprar mayolicas y acabados a habich, veamos q sucede en el camino, la gente buena celulares prendidos porfavor, 3, 2,1","salir comprar mayolicas acabados habich veamos sucede camino gente buena celulares prendidos porfavor 3 2 1
"
@user Muchísimas gracias por difundir  ¡Un abrazo!,2,"muchísimas gracias por difundir ¡un abrazo!
","gracias difundir abrazo
","gracias difundir abrazo
",@user muchísimas gracias por difundir ¡un abrazo!,"gracias difundir abrazo
"
"He visto un Allen Walker en la Expo que uff, menudo cosplay, yo iba de Lena pero sin peluca, quería una puta foto",0,"He visto un Allen Walker en la Expo que uff, menudo cosplay, yo iba de Lena pero sin peluca, quería una puta foto.
",Visto Allen Walker Expo uff cosplay iba Lena peluca quería foto.,"visto Allen Walker Expo uff cosplay iba Lena peluca quería foto.
","He visto un Allen Walker en la Expo que uff, menudo cosplay, yo iba de Lena pero sin peluca, quería una puta foto.
","visto walker peluca quería foto
"
"Ya no puedo la broma de ""estoy embarazada"" por el día de los inocentes.",1,Ya no puedo la broma de “estoy embarazada” por el día de los inocentes.,"puedo broma día inocentes
","puedo broma inocentes
","Ya no puedo la broma de ""estoy embarazada"" por el día de los inocentes.
","puedo broma día inocentes
"
Que guay que @user sea nuevo concursante de @user seguro que lo hace genial....Me encanta!!!,2,"que guay que sea nuevo concursante de seguro que lo hace genial
Me encanta","guay usuario nuevo concursante usuario seguro genial encanta
","guay nuevo concursante seguro lo hace genial
encanta",que guay que usuario sea nuevo concursante de usuario seguro que lo hace genial...me encanta!!!,"guay usuario nuevo concursante usuario seguro genial encanta
"
"@user impresionante lo que hizo Alejandra por Dios que feo que se hagan de rogar pa competir, falta de humildad. Vamos rojo.....",0,"@user impresionante lo que hizo Alejandra por Dios que feo que se hagan de rogar pa competir, falta de humildad. Vamos rojo....."," Alejandra competir falta humildad Vamos rojo
","@user impresionante hizo Alejandra Dios feo se hagan rogar competir falta humildad. Vamos rojo....
","@user impresionante lo que hizo alejandra por dios que feo que se hagan de rogar pa competir, falta de humildad. vamos rojo.....
","alejandra competir falta humildad vamos rojo
"
"@user @user De nuevo, encantado. Y a mi tampoco me gustan esos titulares tendenciosos. Pero tampoco los opuestos  Saludos.",1,"@user @user de nuevo, encantado. y a mi tampoco me gustan esos titulares tendenciosos. pero tampoco los opuestos saludos.
","@user @user De nuevo encantado. A tampoco me gustan esos titulares tendenciosos. Pero tampoco opuestos. Saludos.
","@user @user de nuevo encantado titulares tendenciosos opuestos saludos
","@user @user de nuevo, encantado. y a mi tampoco me gustan esos titulares tendenciosos. pero tampoco los opuestos saludos.
","@user @user de nuevo encantado. a tampoco me gustan esos titulares tendenciosos. pero tampoco opuestos. saludos.
"
Es increíble que ahora entro a wpp solo para el trabajo,2,Es increíble que ahora entro a trabajo solo.,"increíble que ahora entro trabajo
","increíble trabajo solo
","Es increible que ahora entro a wpp solo para el trabajo
","increíble que ahora entro trab
"
Era mas el ambiente chungo,0,Era más el ambiente chungo,"Era ambiente chungo
","Era ambiente chungo
","Era más el ambiente chungo
","Era ambiente chungo
"
"Empieza la semana con la ilusión de saber que va a ser mágica, llena de momentos felices, sonrisas, miradas y mucho amor. Que así sea",1,"Empieza la semana con la ilusión de saber que va a ser mágica, llena de momentos felices, sonrisas, miradas y mucho amor. Que así sea.
",Empieza semana ilusión saber mágica momentos felices sonrisas miradas amor así,semana ilusión mágica momentos felices sonrisas miradas amor así,"Empieza semana mágica, llena momentos felices, sonrisas, miradas mucho amor. Que así.","empieza semana ilusión saber mágica momentos felices sonrisas miradas amor así
"
"Por fin río, caray. Después de lo de ayer, pensé que me iba a deprimir, pero hoy estoy feliz",2,"Por fin río, caray. Después de lo de ayer, pensé que me iba a deprimir, pero hoy estoy feliz.
","Río, caray. Después de lo ayer, pensé que me iba deprimir, pero hoy feliz.","río, caray. después ayer, pensé deprimir, hoy feliz.
","Por fin río, caray. Después de lo de ayer, pensé que me iba a deprimir, pero hoy estoy feliz.
","Río, caray. Después de lo ayer, pensé que me deprimir, pero hoy feliz.
"
@user Creí que era el Almost Blue de Chet Baker. Qué luzfloridecepción contigo,0,creí que era el almost blue de chet baker. qué luzfloridecepción contigo,"user Creí Almost Blue Chet Baker luzfloridecepción contigo
",creí que era blue de chet baker luzfloridecepción contigo,"@user Creí que era el Almost Blue de Chet Baker. Qué luzfloridecepción contigo
","user Creí Almost Blue Chet Baker luzfloridecepción contigo
"
"@user por curiosidad intenté en 5 bancos distintos y en todos declinado, pero mi reporte está en verde y mi score también",1,"@usuario por curiosidad intenté en cinco bancos distintos y en todos declinado, pero mi reporte está en verde y mi puntaje también.
",user curiosidad intenté bancos distintos todos declinado reporte verde score,usuario bancos cinco distinto declino reporte verde puntaje,"@user por curiosidad intenté en 5 bancos distintos y en todos declinado, pero mi reporte está en verde y mi score también
","usuario curiosidad intenté bancos distintos todos declinado reporte verde score
"
"@user si, muy hermoso, y eso que no me conociste a mi",2,"@user sí, muy hermoso, y eso que no me conociste a mí","user hermoso eso no conociste a mi
",sí hermoso eso no me conociste mí,"@user si, muy hermoso, y eso que no me conociste a mi
","user hermos eso no conociste a mi
"
hoy es mi último día de vacaciones y lo más emocionante de mi día ha sido hacer el puzzle de sunggyu,0,hoy es mi último día de vacaciones y lo más emocionante de mi día ha sido hacer el puzzle de sunggyu,hoy emocionante día vacaciones hacer puzzle sunggyu,hoy emocionante día vacaciones hacer puzzle sunggyu,hoy es mi último día de vacaciones y lo más emocionante de mi día ha sido hacer el puzzle de sunggyu,"hoy emocionante día vacaciones hacer puzzle sunggyu
"
"@user ¡Enhorabuena! Has ganado el KIT, escríbenos por mensaje privado para decirte cómo te vamos a mandar el premio",1,"@user ¡Enhorabuena! Has ganado el KIT, escríbenos por mensaje privado para decirte cómo te vamos a mandar el premio","@user Enhorabuena Has ganado KIT, escríbenos mensaje privado decirte premio.","@user Enhorabuena Has ganado KIT, escríbenos mensaje privado decirte premio.
","@user ¡Enhorabuena! Has ganado el KIT, escríbenos por mensaje privado para decirte cómo te vamos a mandar el premio","@user Enhorabuena Has ganado KIT, escríbenos mensaje privado decirte premio.
"
"Ensalada de Salmón, una de las ricas propuestas en el menú de hoy   #MenuDiario #RestauranteCasinoLasPalmas http",2,"Ensalada de salmón, una de las ricas propuestas en el menú de hoy #Menud diario #Restaurante casino las palmas http
","Salmón, ricas propuestas menú hoy Restaurante CasinoLasPalmas
","Salmón, ricas propuestas menú diario Restaurante casino las palmas.
","Ensalada de Salmón, una de las ricas propuestas en el menú de hoy #MenuDiario #RestauranteCasinoLasPalmas http
","Salmón, ricas propuestas menú hoy Restaurante CasinoLasPalmas
"
ojalá justin subiendo una foto comiéndose la boca con sofía para que os den por culo a todas,0,ojalá justin subiendo una foto comiéndose la boca con sofía para que os den por culo a todas,justin foto comiéndose boca sofía,"justin foto comiéndose boca sofía
","ojalá justin subiendo una foto comiéndose la boca con sofía para que os den por culo a todas
","justin foto comiéndose boca sofía
"
"@user eso dice mucho de él... así que nada, tómate tu tiempo que cuando estés preparado, todo llegará",1,"@user eso dice mucho de él... así que nada, tómate tu tiempo que cuando estés preparado, todo llegará.
","@user dice mucho él
así nada, tómate tiempo cuando estés preparado todo llegará.
",él nada tiempo preparado todo llegará,"@user eso dice mucho de él... así que nada, tómate tu tiempo que cuando estés preparado, todo llegará
","@user dice mucho él
así nada, toma tiempo cuando estés preparado todo llegará.
"
"Aii,y que se me pasa felicitar a @user y no puede ser!! Muchaass felicidades Mara,espero que hayas pasado un día muy bonito",2,"Aii, y que se me pasa felicitar a @user y no puede ser!! Muchas felicidades Mara, espero que hayas pasado un día muy bonito.",Aii felicitar user no puede ser Muchaass felicidades Mara espero hayas pasado día bonito,"Aii, que se me pasa felicitar user no puede ser!! Felicidades Mara, espero hayas pasado día bonito.","Aii,y que se me pasa felicitar a user y no puede ser!! Muchass felicidades Mara,espero que hayas pasado un día muy bonito
","Aii felicitar user no puede ser Muchaass felicidades Mara espero hayas pasado día bonito
"
Ayer me dieron una botella y le pegue un trago pensando que era yin o Fresca gracias marifer,0,Ayer me dieron una botella y le pegue un trago pensando que era yin o Fresca gracias marifer,"Ayer me dieron botella le pegue trago pensando era Fresca gracias Marifer
",Ayer me dieron botella le pegue trago pensando era Fresca gracias marifer,Ayer me dieron una botella y le pegue un trago pensando que era yin o Fresca gracias marifer,"Ayer me dieron botella le pegue trago pensando era Fresca gracias Marifer
"
Desde mañana me dedicaré a estudiar y dejaré mis sentimientos amorosos por otro lado,1,Desde mañana me dedicaré a estudiar y dejaré mis sentimientos amorosos por otro lado,mañana estudiar dejaré sentimientos amorosos otro lado,mañana estudiar dejaré sentimientos amorosos otro lado,"Desde mañana me dedicaré a estudiar y dejaré mis sentimientos amorosos por otro lado
","mañana estudiar dejaré sentimientos amorosos otro lado
"
"@user ¡Enhorabuena! Eres el ganador del sorteo, escríbenos un mensaje privado para darte el premio",2,"@user ¡Enhorabuena! eres el ganador del sorteo, escribenos un mensaje privado para darte el premio",@user ganador sorteo escríbenos mensaje privado darte premio,@user Enhorabuena ganador sorteo escribenos mensaje privado darle premio,"@user ¡Enhorabuena! Eres el ganador del sorteo, escríbenos un mensaje privado para darte el premio
","@user ganador sorteo escribénos mensaje privado darte premio
"
@user pero el caso es que en Humanidades hay latín y griego y yo en mi vida he dado latin y griego así que me iria fatal en ellas,0,pero el caso es que en Humanidades hay latín y griego y yo en mi vida he dado latín y griego así que me iría fatal en ellas,@user caso Humanidades latín griego yo vida dado latin griego así iría fatal ellas,pero caso Humanidades latín griego yo vida dado latín griego así me iría fatal ellas,@user pero el caso es que en humanidades hay latin y griego y yo en mi vida he dado latin y griego así que me iria fatal en ellas,"@user caso humanidad latin griego yo vida dado latin griego así iría fatal ellas
"
11:11 que no me encuentre mal,1,11:11 que no me encuentre mal,11:11 me encuentre mal,11:11 me encuentre mal,"11:11 que no me encuentre mal
",11:11 me encuentr mal
"Fue un bonito fin de semana cumpleañero : amigos, familia, torta, comida rica, juegos de mesa y muchas risas. Me siento bendecido y feliz",2,"Fue un bonito fin de semana cumpleaños: amigos, familia, torta, comida rica, juegos de mesa y muchas risas. Me siento bendecido y feliz.","Fin semana cumpleañero amigos familia torta comida rica juegos mesa risas. Siento bendecido feliz.
","Fin semana cumpleaños amigos familia torta comida rica juegos mesa risas. Siento bendecido feliz.
","Fue un bonito fin de semana cumpleañero : amigos, familia, torta, comida rica, juegos de mesa y muchas risas. Me siento bendecido y feliz.
","Fin semana cumpleañero amigos familia torta comida rica juegos mesa risas. Siento bendecido feliz.
"
"@user ehhhhhhh ese no he sido yo, y lo digo muy en serio  hasta los cojones de que me roben mi puto identidad.",0,"@user ehhhhhhh ese no he sido yo, y lo digo muy en serio hasta los cojones de que me roben mi puto identidad.
","@user ehhhhhhh ese no he sido yo lo digo muy en serio hasta cojones me roben identidad.
","@user ehhhhhhh ese no he sido yo lo digo muy en serio hasta cojones me roben identidad.
","@user ehhhhhhh ese no he sido yo, y lo digo muy en serio hasta los cojones de que me roben mi puto identidad.
","@user ehhhhhhh ese no he sido yo lo digo muy en serio hasta cojones me roben identidad.
"
"Mañana debuto en percusión para leones chinos, ya puedo dejar de ser una samulnorian frustrada. Aunque el traje de Samulnori es más lindo",1,"Mañana debuto en percusión para leones chinos, ya puedo dejar de ser una samulnoria frustrada. Aunque el traje de samulnori es más lindo.
","Mañana debuto percusión leones, puedo dejar ser samulnorian frustrada. Aunque traje Samulnori lindo.","Mañana debuto percusión leones, puedo dejar samulnoria frustrada. Aunque traje lindo.
","Mañana debuto en percusión para leones, ya puedo dejar de ser una frustrada. Aunque el traje es más lindo.
","Mañana debuto percusión leones, puedo dejar ser frustrada. Aunque traje lindo.
"
Técnicas Reunidas ya es una de las 10 mayores ingenierías internacionales!  No sabéis lo que nos alegra    http,2,"Técnicas Reunidas ya es una de las 10 mayores ingenierías internacionales. No sabéis lo que nos alegra http
",Técnicas Reunidas mayores ingenierías internacionales alegra ,"Técnicas Reunidas mayores ingenierías internacionales alegra
","Técnicas Reunidas ya es una de las 10 mayores ingenierías internacionales! No sabéis lo que nos alegra    http
","técnicas reunidas mayores ingenierías internacionales alegra
"
Quiero que en mi foto de carné en lugar de una fotografía de mi cara me dejen poner un emoticono de carita triste,0,Quiero que en mi foto de carné en lugar de una fotografía de mi cara me dejen poner un emoticono de carita triste,Quiero foto carné lugar fotografía cara emoticono triste.,Quiero foto carné lugar fotografía cara emoticono carita triste.,Quiero que en mi foto de carné en lugar de una fotografía de mi cara me dejen poner un emoticono de carita triste,"quier foto carné lugar fotograf cara emot triste
"
"@user @user no sé eso espero, y lo mismo que anulen eso de la prescribición de los delitos, no sé si menciona algo de eso",1,"@user @user no sé eso espero, y lo mismo que anulen eso de la prescripción de los delitos, no sé si menciona algo de eso",@user @user sé eso espero lo mismo anulen eso prescribición delitos sé menciona eso,@user @user sé espero lo mismo anulen prescripción delitos sé menciona eso,"@user @user no sé eso espero, y lo mismo que anulen eso de la prescripción de los delitos, no sé si menciona algo de eso
","@user @user sé eso espero lo mismo anulen eso prescribición delitos sé menciona eso
"
Pero tambien ha sido el año en el cual mas he viajado y conocido personas excelentes,2,Pero también ha sido el año en el cual más he viajado y conocido personas excelentes,"También año viajado conocido personas excelentes.
",también año viajado conocido personas excelentes,"Pero tambien ha sido el año en el cual mas he viajado y conocido personas excelentes
","También año viajado conocido personas excelentes.
"
Me iré a dormir sabiendo que la única app de manga con la que leo no tiene actualizado ons,0,"Me iré a dormir sabiendo que la única app de manga con la que leo no tiene actualizado ones.
",iré dormir sabiendo única app manga leo no tiene actualizado.,"iré dormir sabiendo única app manga que leo no tiene actualizado ones.
",Me iré a dormir sabiendo que la única app de manga con la que leo no tiene actualizado ons,"iré dormir sabiendo única app manga leo no tiene actualizado.
"
@user jajajaja fui el primer fav de Odín con cotillón,1,"fui el primer fav de Odín con cotillón
","fui primer fav Odín cotillón
","primer fav Odín cotillón
","@user jajajaja fui el primer fav de Odín con cotillón
","fui primer fav Odín cotillón
"
"@user En Octubre haré cositas, un fuerte abrazo",2,"@user En octubre haré cositas, un fuerte abrazo",Octubre haré cositas fuerte abrazo,"octubre haré cositas fuerte abrazo
","@user En Octubre haré cositas, un fuerte abrazo
","Octubre haré cositas fuerte abrazo
"
@user De pequeño escribía con la zurda hasta que una profesora me obligó a hacerlo con la diestra,0,@user De pequeño escribía con la zurda hasta que una profesora me obligó a hacerlo con la diestra,user pequeño escribía zurda profesora obligó diestra,user pequeño escribía zurda profesora obligó diestra,"@user De pequeño escribía con la zurda hasta que una profesora me obligó a hacerlo con la diestra
","user pequeño escribía zurda profesora obligó diestra
"
@user jajajaja yo igual. La gente no sabe lo que se pierde,1,"@usuario jajajaja yo igual. la gente no sabe lo que se pierde.
","@user gente pierde
","usuario gente pierde
","@user jajajaja yo igual. la gente no sabe lo que se pierde
","@user gente pierde
"
"El amor incondicional es esa clase de sentimiento que busca la felicidad de otro ser, incluso a costa del suyo. Familia es quien te ama.",2,"El amor incondicional es esa clase de sentimiento que busca la felicidad de otro ser, incluso a costa del suyo. Familia es quien te ama.
",Amor incondicional sentimiento busca felicidad otro ser familia ama.,"amor incondicional sentimiento busca felicidad ser costa suyo familia ama
","El amor incondicional es esa clase de sentimiento que busca la felicidad de otro ser, incluso a costa del suyo. Familia es quien te ama.
","amor incondicional sentimiento busca felicidad otro ser familia ama
"
Soy un chico muy perverso,0,Soy un chico muy perverso,"chico perverso
","chico perverso
","Soy un chico muy perverso
","chico perverso
"
@user puedes ver el partido en directo en el Facebook de informe Bolorino,1,@usuario puedes ver el partido en directo en el Facebook de informe Bolorino,puedes ver partido directo Facebook informe Bolorino,"usuario partido directo Facebook informe Bolorino
","@user puedes ver el partido en directo en el Facebook de informe Bolorino
","puedes ver partido directo Facebook informe Bolorino
"
@user Hola Luis!! Vendrás a Barcelona a promocionar #TardeParaLaIra ?? Un abrazo crack y feliz día!,2,"@user hola luis!! vendrás a barcelona a promocionar #tardeparailai?? un abrazo crack y feliz día!
",Hola Luis promocionar Un abrazo crack feliz día,hola luis promocionar  abrazos feliz día,@user hola luis!! vendrás barcelona promocionar #tardeparaira?? abrazo crack feliz día!,"Hola Luis promocionar Un abrazo crack feliz día
"
"@user @user @user todo el mundo es un poco racista, la cosa es mirarlo y arreglarlo, no negarlo si alguien te dice algo",0,"@user @user @user todo el mundo es un poco racista, la cosa es mirarlo y arreglarlo, no negarlo si alguien te dice algo","@user @user @user todo mundo racista, cosa mirarlo arreglarlo, no negarlo si alguien te dice algo","@user @user @user todo mundo racista, cosa mirarlo arreglarlo, no negarlo si alguien te dice algo","@user @user @user todo el mundo es un poco racista, la cosa es mirarlo y arreglarlo, no negarlo si alguien te dice algo","@user @user @user todo mundo racista, cosa mirarlo arreglarlo, no negarlo si alguien te dice algo
"
"La única gran verdad, es que no terminas de conocer a las personas. #BuenDiaATodos",1,"La única gran verdad, es que no terminas de conocer a las personas. #BuenDiaATodos","gran verdad, no terminas conocer personas. #BuenDiaATodos","gran verdad, no terminas conocer personas. #BuenDiaATodos","La única gran verdad, es que no terminas de conocer a las personas. #BuenDiaATodos","gran verdad, no terminas conocer personas. #BuenDiaATodos
"
"@user aww!! Gracias!!!! Muaaaaaaaaaak!!!! No me gusta el sol y estoy en plena auditoría, pero la estoy pasando genial … Muak!",2,"@user aww!! gracias!!!! muaaaaaaaaak!!!! no me gusta el sol y estoy en plena auditoría, pero la estoy pasando genial … muak!
",Gracias auditoría genial no me gusta sol estoy,"gracias muaaaaaaaaak no me gusta sol estoy auditoría estoy pasando genial muak
","@user aww!! gracias!!!! muaaaaaaaaaak!!!! no me gusta el sol y estoy en plena auditoría, pero la estoy pasando genial … mua!
","gracias auditoría genial no me gusta sol estoy
"
"Recuerdo a un podemita al final de una discusión q me dijo en F ""y si nos tienen que robar por lo menos que sean otros""  #MarcaEspaña",0,"recuerdo a un podemito al final de una discusión q me dijo en f ""y si nos tienen que robar por lo menos que sean otros""","Recuerdo podemita final discusión q me dijo F ""si nos tienen robar menos sean otros"". #MarcaEspaña","recuerdo un podemito final discusión q me dijo f ""si nos robar por lo menos sean otros","Recuermo a un podomit robar por lo menos que sean otros #MarcaEspa
","Recuerdo podemita final discusión q me dijo F ""si nos tienen robar menos sean otros"". #MarcaEspaña"
"Mi mamá adoptó una gata que dejaron botada al frente de la casa, si alguien necesita gatos me escriben, tengo 4",1,"Mi mamá adoptó una gata que dejaron botada al frente de la casa, si alguien necesita gatos me escriben, tengo 4.","Mamá gata dejaron casa alguien necesita gatos 4.
",Mamá gata dejaron casa alguien necesita gatos 4.,"Mi mamá adoptó una gata que dejaron botada al frente de la casa, si alguien necesita gatos me escriben, tengo 4.
","mamá gata dejan casa algun necesita gato 4
"
@user @user @user que buena noticia Roxi,2,@user @user @user que buena noticia Roxi,"buena noticia Roxi
","buena noticia Roxi
","@user @user @user que buena noticia Roxi
","buena noticia Roxi
"
Después de una semana comiendo en México a un precio ridículo... lo último q haría es ir a la Feria Gasto-nómica #lluviaencasa,0,Después de una semana comiendo en México a un precio ridículo... lo último que haría es ir a la Feria Gasto-nómica #lluviaencasa,Después semana comiendo México precio ridículo lo último q haría ir Feria Gasto-nómica lluviaencasa,Después semana comiendo México precio ridículo lo último ir Feria Gasto-nómica lluviaencasa,"Después de una semana comiendo en México a un precio ridículo... lo último q haría es ir a la Feria Gasto-nómica #lluviaencasa
","después semana comiendo méxico precio ridículo lo último q haría ir feria gasto-nómica lluviaencasa
"
@user Espero llegar y encontrar esa impresora 3D,1,@user Espero llegar y encontrar esa impresora 3D,"Espero impresora 3D.
","Espero impresora 3D.
","@user Espero llegar y encontrar esa impresora 3D
","Espero impresora 3D.
"
"@user es que apuntas lo que digo. Es cierto antes de empezar la liga dije que Llorente ""había elegido"" muy bien",2,"@user es que apuntas lo que digo. Es cierto antes de empezar la liga dije que Llorente “había elegido” muy bien.
","@user apunta lo digo. Es cierto antes liga dije Llorente ""había elegido"" bien.",apuntas lo digo cierto antes liga dije Llorente “había elegido” bien,"@user es que apuntas lo que digo. Es cierto antes de empezar la liga dije que Llorente ""había elegido"" muy bien","@user apunta lo digo. Es cierto antes liga dije Llorente ""había elegido"" bien.
"
que cool todo mundo me deja en gris,0,que bueno todo mundo me deja en gris,"cool mundo gris
",todo mundo deja gris,"que cool todo mundo me deja en gris
","cool mund gris
"
@user @user que feo tu corazoncito! Deja ser feliz a los demás,1,@user @user que feo tu corazoncito! Deja ser feliz a los demás,corazonfelizDejaserfelizaltarelas,"corazonfeliz Deja ser feliz demás
","@user @user que feo tu corazoncito! Deja ser feliz a los demás
","corazónfelizDejaserfelizaltarelas
"
"@user  Ni en tus mejores sueños, te hubieras, imaginado, una encuesta con tantos votos eh.? jajajj cuando se moviliza @user",2,"@usuario Ni en tus mejores sueños, te hubieras imaginado una encuesta con tantos votos eh.? jajajj cuando se moviliza @usuario",@user encuesta tantos votos eh jajajj se moviliza,@usuario encuesta tantos votos eh. jajajj cuando se moviliza @usuario,"@user  ni tus mejores sueños, te hubieras, imaginado, una encuesta con tantos votos eh.? jajajj cuando se moviliza @user","@user encuesta tantos votos eh jajajj se moviliza
"
No encuentro el mando de la tele y me estoy poniendo nerviosita,0,"No encuentro el mando de la tele y me estoy poniendo nerviosa.
","encuentro mando tele nerviosita
","encontrarte mando tele nerviosa
",No encuentro el mando de la tele y me estoy poniendo nerviosita,"encuentro mando tele nerviosita
"
@user en estas épocas no hay que decirle no a ningún trofeo y es conmemorativo para todos los equipos que ganen en la jornada,1,@user en estas épocas no hay que decirle sí a ningún trofeo y es conmemorativo para todos los equipos que ganen en la jornada,user épocas decir trofeo conmemorativo equipos ganen jornada,@user épocas no hay trofeo conmemorativo equipos ganen jornada,"@user en estas épocas no hay que decirle no a ningún trofeo y es conmemorativo para todos los equipos que ganen en la jornada
","user épocas decir trofeo conmemorativo equipos ganen jornada
"
@user yo te veo bonito,2,@user yo te veo bonito,@user veo bonito,"@user veo bonito
","@user yo te veo bonito
","@user veo bonito
"
Puede alguien acostumbrarse en 4 noches a algo? Porque me acostumbré a no dormir sola y ahora se extraña demasiado,0,Puede alguien acostumbrarse en 4 noches a algo? Porque me acostumbré a no dormir sola y ahora se extraña demasiado.,"alguien acostumbrarse 4 noches algo Porque dormir sola extraña demasiado
","alguien acostumbrarse noches algo Porque dormir sola extraña demasiado.
","Puede alguien acostumbrarse en 4 noches a algo? Porque me acostumbré a no dormir sola y ahora se extraña demasiado.
","alguien acostumbrarse 4 noches algo Porque dormir sola extraña demasiado
"
@user @user yo iba a preguntar lo mismo,1,@usuario @usuario yo iba a preguntar lo mismo,"iba preguntar mismo
","usuario usuario iba preguntar mismo
","@user @user yo iba a preguntar lo mismo
","iba preguntar mismo
"
Despues de trabajar duro me merezco mis caprichos,2,"Después de trabajar duro me merezco mis caprichos
","Después trabajar duro merezco caprichos.
","trabajar duro merezco caprichos
","Después de trabajar duro me merezco mis caprichos
","Después trabajar duro merezco caprichos.
"
"Esperemos que todo empiece a tirar para arriba porque se necesita mucho para despegar un proyecto asi, y es el unico miedo que tengo",0,"Esperemos que todo empiece a tirar para arriba porque se necesita mucho para despegar un proyecto así, y es el único miedo que tengo.","Esperemos proyecto miedo.
","Esperemos proyecto despegar único miedo tengo.
","Esperem que todo empiece a tirar para arriba porque se necesita mucho para despegar un proyecto asi, y es el unico miedo que tengo
","Esperemos proyecto miedo
"
"@user buena idea, anis, pero ellos saben que yo ni un pancake puedo hacer bien",1,"@user buena idea, anis, pero ellos saben que yo ni un pancake puedo hacer bien","idea anis ellos saben yo pancake hacer bien
",idea anis ellos saben yo pancake hacer bien,"@user buena idea, ani, pero ellos saben que yo ni pancake hacer bien
","idea anis ellos saben yo pancake hacer bien
"
Cada vez que veo a los gemelos por la tele me entran ganas de meter mi brazos en ella y darles un abracito,2,"Cada vez que veo a los gemelos por la tele me entran ganas de meter mis brazos en ella y darles un abrazo.
",veo gemelos tele ganas meter brazos ella abracito,"veo gemelos tele ganas meter brazos ella abrazo
","Cada vez que veo a los gemelos por la tele me entran ganas de meter mi brazos en ella y darles un abracito
","veo gemel tele gan meter brazo ella abracito
"
Hoy va a ser el típico dia en el que me estreso,0,"Hoy va a ser el típico día en el que me estreso.
","Hoy día estreso típico.
",Hoy día estreso.,"Hoy va a ser el típico día en el que me estreso.
","hoy día estres típ
"
"@user Tod@s deberíamos llevar en nuestro día a día, está frase, ya q tod@s somos inmigrantes en algún lugar.",1,"@user Todos deberíamos llevar en nuestro día a día, esta frase, ya que todos somos inmigrantes en algún lugar.
","@user deberíamos llevar día inmigrantes.
",todos deberíamos llevar día inmigrantes,"@usér deberíamos llevar en nuestro día a día, está frase, ya q tod@s somos inmigrantes en algún lugar.
","@user deberíamos llevar día inmigrantes.
"
#felizcumplemichi pasala bien con tus seres queridos exitos en todo en lo k te propongas y exitos en #Bioquimica tambien ) si se puede,2,#felizcumpleaños pasala bien con tus seres queridos éxitos en todo en lo k te propongas y éxitos en #bioquímica también,feliz cumplemichi pasala bien tus seres queridos exitos todo k te propongas exitos Bioquimica se puede,feliz cumpleanos pasala bien tus seres queridos éxitos todo k te propongas éxitos bioquimica.,"#felizcumplemichi pasala bien con tus seres queridos exitos en todo en lo k te propongas y exitos en #bioquimica tambien ) si se puede
","feliz cumplemichi pasala bien tus seres queridos exitos todo k te propongas exitos Bioquimica se puede
"
@user fresquita... lo único malo fue que nos quitaron el banco bueno,0,@user fresquita... lo único malo fue que nos quitaron el banco bueno,"user fresquita banco bueno
","user fresquita banco bueno
","@user fresquita... lo único malo fue que nos quitaron el banco bueno
","user fresquita banco bueno
"
Mi familia ya empezó con villancicos a todo volumen 24/7 y yo que tenia mi musica puesta y me la quitaron,1,"Mi familia ya empezó con villancicos a todo volumen 24/7 y yo que tenía mi música puesta y me la quitaron.
","Familia empezó villancicos volumen 247 yo tenía música quitaron.
","Familia empezó villancicos volumen yo música quitaron.
",Mi familia ya empezó con villancicos a todo volumen 24/7 y yo que tenia mi musica puesta y me la quitaron,"familia empezó volumen música quitaron.
"
@user hola vengo de intagram  en verdad ya te seguia pero hola igualmente🙄❤️,2,"@user hola vengo de instagram en verdad ya te seguía pero hola igualmente🙄❤️
",user hola vengo instagram verdad ya te seguia igualmente🙄❤️,"user hola vengo instagram verdad ya te seguía hola igualmente
","@user hola vengo de instagram en verdad ya te seguia pero hola igualmente🙄❤️
","user hola vengo instagram verdad ya te seguia igualmente🙄❤️
"
"@user se nos queda pequeña, sólo 300 de aforo",0,"@user se nos queda pequeña, sólo 300 de aforo","@user pequeña 300 aforo
",@user pequeña 300 aforo,"@user se nos queda pequeña, sólo 300 de aforo","@user pequeña 300 aforo
"
Haikyuu debería tener alrededor de 4400 capítulos para vivir feliz hasta los 95 años,1,Haikyuu debería tener alrededor de 4400 capítulos para vivir feliz hasta los 95 años,"Haikyuu 4400 capítulos vivir feliz 95 años.
",Haikyuu 4400 capítulos vivir feliz 95 años,"Haikyuu debería tener alrededor de 4400 capítulos para vivir feliz hasta los 95 años.
","Haikyuu 4400 capitulos vivir feliz 95 anos.
"
me siento orgullosa de ser tu fan @user desde hace muchos años ...ese speach lo dijo todo te sigo admirando,2,me siento orgullosa de ser tu fan @usuario desde hace muchos años...ese discurso lo dijo todo te sigo admirando,"siento orgullosa fan @user muchos años speach dijo todo sigo admirando
",siento orgullosa fan usuario muchos años discurso dijo te sigo admirando,"me siento orgullosa de ser tu fan @user desde hace muchos años...ese speech lo dijo todo te sigo admirando
","siento orgullosa fan @user muchos años speach dijo todo sigo admirando
"
"Me largo de esta red social por unos días, hasta que encuentre paz",0,"Me largo de esta red social por unos días, hasta que encuentre paz",largo red social días paz,largo red social días paz,"Me largo de esta red social por unos días, hasta que encuentre paz
","largo red social días paz
"
@user podemos usar el término.equipo pepino,1,@user podemos usar el término equipo pepino,@user equipo pepino,"@user equipo pepino
","@user podemos usar el término.equipo pepino
","@user equipo pepino
"
"@user @user no, si pagar le pagaba bien, tranquilo",2,"@user @user no, si pagar le pagaba bien, tranquilo",@user @user pagaba tranquilo,@user @user pagaba tranquilo,"@user @user no, si pagar le pagaba bien, tranquilo
","@user @user pagaba tranquilo
"
@user creo que soy la única que pringa trabajando todo el verano y todo septiembre,0,@user creo que soy la única que pringa trabajando todo el verano y todo septiembre,"user creo pringa trabajando verano septiembre
","user creo pringa trabajando verano septiembre
","@user creo que soy la única que pringa trabajando todo el verano y todo septiembre
","user creo pringa trabajando verano septiembre
"
"El día del hombre pasó desapercibido por las mujeres, si fuera al revés no nos perdonan",1,"El día del hombre pasó desapercibido por las mujeres, si fuera al revés no nos perdonan.
",día hombre pasó desapercibido mujeres si revés no nos perdonan,día hombre pasó desapercibido mujeres fuera revés perdonan,"El día del hombre pasó desapercibido por las mujeres, si fuera al revés no nos perdonan.
","día hombre pasó desapercibido mujeres si revés no nos perdonan
"
@user jajajajajaja me meo que yo tengo mi novio y él tiene su novia y estamos los dos contentos,2,@user jajajajajaja me meo que yo tengo mi novio y él tiene su novia y estamos los dos contentos,"user novio novia contentos
",jajajajaja tengo novio novia contentos,"@user jajajajajaja me meo que yo tengo mi novio y él tiene su novia y estamos los dos contentos
","usuario novio novia contentos
"
@user @user y donde están esos fiscales q los afinen bien un tío mata 2 ciclistas en la puta calle q está pasando aquí?,0,@user @user y donde están esos fiscales q los afinen bien un tío mata 2 ciclistas en la puta calle q está pasando aquí,@user @user y fiscales dónde están q los afinen bien tío mata ciclistas calle pasando,@user @user y dónde están esos fiscales q los afinen bien tío mata 2 ciclistas calle está pasando aquí,"@user @user y donde están esos fiscales q los afinen bien un tío mata 2 ciclistas en la puta calle q está pasando aquí?
","@user @user y fiscal q los afin bien tío mata ciclista calle pasar
"
"@user Ánimo, Jorge. Piensa en tus nuevas víctimas",1,"@usuario ánimo, jorge. piensa en tus nuevas víctimas","Jorge. Piensa víctimas.
"," ánimo, jorge. piensa víctimas.","@user ánimo, jorge. piensa en tus nuevas víctim@s
","Jorge. Piensa víctimas.
"
"@user Excelente, siempre me persigno cuando entro a uno",2,"Excelente, siempre me firmo cuando entro a uno",Excelente persigno entro,Excelente firmo entro.,"@user excelente, siempre me persigno cuando entro a uno
","excelente persigno entro
"
"Aah ya... Porque @user es el ser más rastrero, egoísta, infantil y GILIPOLLAS que existe en el mundo",0,"Aah ya... Porque usuario es el ser más rastrero, egoísta, infantil y tonto que existe en el mundo.
","Aah ya Porque ser más rastrero egoísta infantil GILIPOLLAS existe mundo.
",Aah ya Porque ser más rastrero egoísta infantil tonto mundo.,"Aah ya... Porque @user es el ser más rastrero, egoísta, infantil y GILIPOLLAS que existe en el mundo
","Aah ya Porque ser más rastrero egoísta infantil GILIPOLLAS existe mundo.
"
@user que no soy menoooor o si,1,@user que no soy menoooor o si,user soy menoooor si,@user soy menoooor si,@user que no soy menoooor o si,"user soy menoooor si
"
"@user @user bien sra presidenta, se predica con el ejm, muy bien!!!!",2,"@user @user bien sra presidenta, se predica con el ejm, muy bien!!!!","@user @user bien presidenta ejm muy bien
","@user @user bien presidenta ejm muy bien
","@user @user bien sra presidenta, se predica con el ejm, muy bien!!!!
","@user @user bien presidenta ejm muy bien
"
"Y ahora, volvamos a la realidad... ¡ay Venezuela! Como me has hecho llorar desde lejos... con que tristeza digo que yo soy venezolano.",0,"Y ahora, volvamos a la realidad… ¡ay Venezuela! Como me has hecho llorar desde lejos… con que tristeza digo que yo soy venezolano.
","Ahora, volvamos realidad. ¡ay Venezuela! Me has hecho llorar desde lejos... tristeza digo soy venezolano.
","ahora realidad Venezuela tristeza soy venezolano 
","Y ahora, volvamos a la realidad... ¡ay Venezuela! Como me has hecho llorar desde lejos... con que tristeza digo que yo soy venezolano.
","Ahora, volvamos realidad. ¡ay Venezuela! Me has hecho llorar desde lejos... tristeza digo soy venezolano.
"
"@user es decir, que es por la tradición lo de decir esto, como muchas otras (arroz, etc), pero que no es tan big-a-deal",1,"ser decir que es por la tradición lo de decir esto, como muchas otras (arroz, etc), pero que no es tan grande",@user decir tradición decir esto muchas otras arroz ,"ser decir tradición esto muchas arroz
","@user es decir, que es por la tradición lo de decir esto, como muchas otras (arroz, etc), pero que no es tan big-a-deal
","@user decir tradición decir esto muchas otras arroz
"
Por dicha no he leído a nadie que diga que se exageró con el huracán. He escogido bien a quién seguir,2,"Por dicha no he leído a nadie que diga que se exageró con el huracán. He escogido bien a quién seguir.
",dicha nadie diga exageró huracán escogido seguir,"dicha nadie diga exageró huracán escogido seguir
","Por dicha no he leído a nadie que diga que se exageró con el huracán. He escogido bien a quién seguir.
","dicha nadie diga exageró huracán escogido seguir
"
"Hola, me molaría hcerme un cambio drástico con mi pelo, lo que pasa es que no se hacerme lo que quiero y tengo que pedir ayuda",0,"Hola, me molaría hacerme un cambio drástico con mi pelo, lo que pasa es que no me hacerme lo que quiero y tengo que pedir ayuda.","Hola, me gustaría cambiar mi pelo, pasa que no sé hacerme lo que quiero y tengo que pedir ayuda.
","Hola, me molaría cambio drástico pelo, pasa que no hacerme quiero tengo pedir ayuda.
","Hola, me molaría hacerme un cambio drástico con mi pelo, lo que pasa es que no sé hacerme lo que quiero y tengo que pedir ayuda
","Hola, me gustaría cambiar mi pelo, pasa que no sé hacerme lo que quiero y tengo que pedir ayuda.
"
"Yo quería para navidad la jodida mascara de Buckethead, pero todos piensan que es un regalo de mrd",1,"quería para navidad la jodida mascara de Buckethead, pero todos piensan que es un regalo de mierda","quería navidad mascara Buckethead regalo mrd
",quería navidad mascara Buckethead regalo mierda,"yo quería para navidad la jodida mascara de Buckethead, pero todos piensan que es un regalo de mrd
","quería navidad mascara Buckethead regalo mrd
"
@user @user ya se no quería salirme de las aguas termales mañana voy a Monteverde a ver que tal,2,@user @user ya se no quería salirme de las aguas termales mañana voy a Monteverde a ver que tal,user user ya salirme aguas termales mañana voy Monteverde ver tal,user user ya salirme aguas termales mañana voy Monteverde ver tal,"@user @user ya se no quería salirme de las aguas termales mañana voy a Monteverde a ver que tal
","user user ya salirme aguas termales mañana voy Monteverde ver tal
"
"Quiero el pelo negro azulado y no sé cómo conseguirlo  los tintes de ese color que me he echado, no han hecho nada.",0,"quiero el pelo negro azulado y no sé cómo conseguirlo los tintes de ese color que me he echado, no han hecho nada.
","Quiero pelo negro azulado no sé cómo conseguir tintes color que he echado, han hecho nada.
",quiero pelo negro azulado no sé cómo conseguirlo tintes color han hecho nada,"Quiero el pelo negru azualado y no sé cómo conseguirlo  los tintes de ese color que me he echado, no han hecho nada.
","Quiero pelo negr azulado no sé cómo conseguir tintes color qu he echado, han hecho nada.
"
@user @user nunca dije lo contrario,1,"@user @user nunca dije lo contrario
","@user @user nunca dije contrario
","@user @user nunca dije contrario
","@user @user nunca dije lo contrario
","@user @user nunca dije contrario
"
@user Ella es lo mejor de todo,2,@user ella es lo mejor de todo,"@user Ella mejor todo
","@user ella mejor todo
","@user ella es lo mejor de todo
","@user ella mejor todo
"
Buenos días bbs qué tal yo mal,0,Buenos días bbs qué tal yo mal,"Buenos días bbs tal yo mal
",Buenos días bbs tal mal,"buen día bbs qué tal yo mal
","buen días bbs tal yo mal
"
"@user @user @user , y otros que seguro se me olvidan, también os puede interesar para vuestro instituto o facultad univ.",1,"@usuario @usuario @usuario, y otros que seguro se me olvidan, también os puede interesar para vuestro instituto o facultad universitaria.","@user @user @user, otros se me olvidan, interesar vuestro instituto facultad univ",usuario usuario usuario otros olvidan interesados instituto facultad universitaria,"@user @user @user, y otros que seguro se me olvidan, también os puede interesar para vuestro instituto o facultad univ.
","@user @user @user, otros se me olvidan, interesar vuestro instituto facultad univ
"
Chema en esas y todos en la oficina deseando que vuelva a la oficina y a dirigir la empresa mejor...,2,Chema en esas y todos en la oficina deseando que vuelva a la oficina y a dirigir la empresa mejor,"Chema esas todos oficina deseando vuelva oficina dirigir empresa mejor
",Chema esas todos oficina deseando vuelva oficina dirigir empresa mejor,Chema en esas y todos en la oficina deseando que vuelva a la oficina y a dirigir la empresa mejor,"Chema esas todos oficina deseando vuelva oficina dirigir empresa mejor
"
A ver cuando quedamos y hablamos de lo guapo que es nuestro señor Rajoy que ya toca  @user,0,A ver cuando quedamos y hablamos de lo guapo que es nuestro señor Rajoy que ya toca,A ver quedamos hablamos guapo señor Rajoy toca user,V quedamos hablamos guapo señor Rajoy toca,"A ver cuando quedamos y hablamos de lo guapo que es nuestro señor Rajoy que ya toca @user
","a ver quedo hablo guapo señor Rajoy toca user
"
@user @user estas en lo cierto,1,@user @user son en lo cierto,user user estas cierto,"son cierto
",@user @user estas en cierto,"usuario usuario estas cierto
"
Feliz Martes para todos.  Pásenla bonito y a sonreír.,2,Feliz martes para todos. Pasénla bonita y a sonreír.,"Martes todos, sonreír.
","Feliz martes todos. Pasén bonita sonreír.
","Feliz martes para todos. pásenla bonito y a sonreír.
","Martes todos, sonreír.
"
.@user @user Las mayores atrocidodes surgen del idealismo bienintencionado. No me cabe duda de que son capaces de lo peor,0,.@user @user las mayores atrocidades surgen del idealismo bienintencionado. no me cabe duda de que son capaces de lo peor,@user @user atrocidades surgen idealismo bienintencionado. duda capaces peor.,@user @user atrocidades surgen idealismo bienintencionado no me cabe duda capaces peor.,.@user @user las mayor atrocidades surgen del idealismo bienintencionado. No me cabe duda de que son capaces de lo peor,@user @user atrocidad surgen idealismo bienintencio duda capaces peor
"@user En edad internacional 19, en edad coreana 20",1,"@user En edad internacional 19, en edad coreana 20","@user edad internacional 19 edad coreana 20
",@user edad internacional 19 edad coreana 20,"@user En edad internacional 19, en edad coreana 20",@user edad internacional 19 edad coreana 20
Viendo al gran #JoselitoYSuOrquesta en #WantanNight lindo jueves @user por @user,2,Viendo al gran Joséhito y su orquesta en Wantan Night lindo jueves por usuario por usuario,Viendo gran JoselitoSuOrquesta WantanNight lindo jueves user user,Joséhito orquesta Wantan Night lindo jueves.,Viendo al gran #JoselitoYSuOrquesta en #WantanNight lindo jueves @user por @user,"Viendo gran JoselitoSuOrquesta WantanNight lindo jueves user user
"
Me he puesto a pensar una cosa y me estoy despollando sola en la habitación. Que pena doy,0,"Me he puesto a pensar una cosa y me estoy despolvlando sola en la habitación. Que pena doy.
","he puesto pensar cosa estoy despollando sola habitación pena doy
","ponerme pensar cosa despolvlando sola habitación pena doy
","Me he puesto a pensar una cosa y me estoy despollando sola en la habitación. Que pena doy.
","he puesto pensar cosa estoy despollando sola habitación pena doy
"
Ahora tengo que dormir llena de repelente,1,Ahora tengo que dormir llena de repelente,"Tengo dormir repelente.
","Tengo dormir repelente.
","Ahora tengo que dormir llena de repelente
","Tengo dormir repelente.
"
@user ¡Es el mejor! Espero con emoción ese disco nuevo y deseo tener tiempo para digerir toda la discografía antes de morir.,2,@user ¡Es el mejor! Espero con emoción ese disco nuevo y deseo tener tiempo para digerir toda la discografía antes de morir.,@user mejor disco emoción tiempo digerir discografía morir.,@user mejor disco emoción tiempo digerir discografía morir.,@user ¡Es el mejor! Espero con emoción ese disco nuevo y deseo tener tiempo para digerir toda la discografía antes de morir.,"@user mejor disco emoción tiempo digerir discografía morir.
"
@user eso no es sielto,0,@user eso no es sencillo,"@user sielto
","@user sencillo
","@user eso no es sielto
","@user sielto
"
@user Y que es muy bueno que alguien hable sobre el tema porque muchos no lo hablan debido a que es un tema considerado Tabu.,1,@user Y que es muy bueno que alguien hable sobre el tema porque muchos no lo hablan debido a que es un tema considerado tabú.,@user bueno tema habla tema Tabu,@user bueno tema habla tema tabú,@user y que es muy bueno que alguien hable sobre el tema porque muchos no lo hablan debido a que es un tema considerado tabu,"@user bueno tema habla tema Tabu
"
Mi anterior bio también hablaba de #volar y esta noche ellos -y Twitter- me lo recuerdan...   #SoisGrandes 😘 http,2,"Mi anterior bio también hablaba de volar y esta noche ellos -y Twitter- me lo recuerdan... Sois grandes 😘 http
","anterior bio hablaba volar recuerdan Twitter Grandes 😘 
",anterior bio hablaba volar noche ellos Twitter recuerdan Sois grandes 😘,"Mi anterior bio también hablaba de volar y esta noche ellos -y Twitter- me lo recuerdan... SoisGrandes 😘 http
","anterior bio hablar volar recuerdan twitter grandes 😘
"
@user @user yo ya estoy arruinada con tanto verano Berni,0,@user @user yo ya estoy arruinada con tanto verano berni,@user @user arruinada verano Berni,"arruinada verano berni
","@user @user yo ya estoy ruinada con tanto verano Berni
","@user @user arruinad verano Berni
"
Quiero un perro así porfiii.,1,Quiero un perro así porfiii,quiero perro así,quiero perro así,"Quiero un perro así porfiii
","quiero perro así
"
@user Son dos frases. La una complementa a la otra. Así se entiende mejor,2,son dos frases. la una complementa a la otra. así se entiende mejor,Dos frases. Una complementa otra. Así se entiende mejor.,dos frases. complementa otra. se entiende mejor.,"@user son dos frases. la una complementa la otra. así se entiende mejor
","Dos frases. Una complementa otra. Así se entiende mejor.
"
Me pongo al día con Re:zero en dos días y medio y ahora me dejan una semana intrigado por el final del capitulo. Esto no se hace eh,0,Me pongo al día con Re:zero en dos días y medio y ahora me dejan una semana intrigado por el final del capítulo. Esto no se hace eh,"Pongo día Re:zero días medio semana intrigado final capitulo Esto no se eh.
",Pongo día Re:zero dos días medio dejo semana intrigado final capítulo Esto no se eh,"Me pongo al día con Re:zero en dos días e medio y ahora me dejan una semana intrigado por el final del capitulo. Esto no se hace eh
","pon día rezero días medio semana intrigado final capitulo esto no se eh
"
"@user Vieras que a mi lo del dresscode de mi brete no me molesta, sólo quisiera poder teñirme el pelo morado",1,"@user Vieron que a mí lo del código de vestimenta de mi abrigo no me molesta, solo quisiera poder teñirme el pelo morado.","Vieras dresscode brete molesta quisiera teñirme pelo morado.
","@user Código vestimenta abrigo no molesta quisiera poder teñirme pelo morado.
","@user vies ver que a mi lo del dresscode de mi brete no me molesta, sólo quisiera poder teñirme el pelo morado","Vieras dresscode brete molesta quisiera teñirme pelo morado.
"
"#2AñosDeLegiónHolk No importa que seas ""niu"" o ""old"" Si amas a LH , eres bienvenido a mi casa",2,"#2añosdelecciónholk no importa que seas “niño” o “viejos” si amas a lh, eres bienvenido a mi casa","AñosLegiónHolk importa que seas niu old amas LH, eres bienvenido mi casa.
",años lección no importa seas niño viejos amas lh eres bienvenido casa,"#2añosdeligiónhlk no importa que seas ""niu"" o ""old"" si amas a lh, eres bienvenido a mi casa","añoslegiónholk importa que seas niu old amas lh, eres bienvenido mi casa.
"
@user @user yo ya en eso no me meto  sacar las cosas de contexto y llevarlas a tu terreno es algo diferente,0,@user @user yo ya en eso no me meto sacar las cosas de contexto y llevarlas a tu terreno es algo diferente,"@user @user ya en eso me meto sacar cosas contexto llevar terreno diferente.
","yo ya eso no me meto sacar cosas contexto llevar terreno
","@user @user yo ya en eso no me meto sacar las cosas de contexto y llevarlas a tu terreno es algo diferente
","@user @user ya en eso me meto sacar cosas contexto llevar terreno diferente.
"
@user pero eso no es abstracto,1,pero eso no es abstracto,"@user eso abstracto
","pero eso abstracto
","@user pero eso no es abstracto
","@user eso abstracto
"
"Soy jodidamente feliz  Me encanta mi vida enserio, a veces no aprecio la suerte que tengo.",2,"Soy jodidamente feliz Me encanta mi vida enserio, a veces no aprecio la suerte que tengo.
","Feliz
encanta
vida
serio
suerte",feliz me encanta vida a veces no aprecio suerte tengo,"Soy jodidamente feliz Me encanta mi vida enserio, a veces no aprecio la suerte que tengo.
","feliz
encanta
vida
serio
suerte
"
Creo que alguien me ha bloqueado. Es una sensación rara porque empezaba a tenerle cariño a esa persona y no lo entiendo. Me siento mal,0,Creo que alguien me ha bloqueado. Es una sensación rara porque empezaba a tenerle cariño a esa persona y no lo entiendo. Me siento mal.,Creo alguien bloqueado sensación rara porque empezaba tenerle cariño persona no entiendo siento mal,"Creo alguien me bloqueado sensación rara porque empezaba tenerle cariño persona no lo entiendo Me siento mal.
","Creo que alguien me ha bloqueado. Es una sensación rara porque empezaba a tenerle cariño a esa persona y no lo entiendo. Me siento mal.
","creo alguien bloqueado sensación rara porque empezaba tenerle cariño persona no entiendo siento mal
"
"@user No te preocupes Yuya, te entendemos. Que te mejores pronto.",1,"@user No te preocupes Yuya, nos entendemos. Que te mejores pronto.",Yuya te entendemos te mejores pronto.,"Yuya, entendemos. Te mejores pronto.","@user No te preocupes Yuya, te entendemos. Que te mejores pronto.
","Yuya te entendemos te mejores pronto
"
"@user dile a Alex que hay aceites para cuando te duchas que arreglan la piel como los ""codos"", ahora los tengo finísimos",2,"@user dile a Alex que hay aceites para cuando te duchas que arreglan la piel como los ""codos"", ahora los tengo finísimos.
",dile Alex hay aceites arreglan piel codos tengo finísimos,"Alex aceites piel codos.
","@user dile a Alex que hay aceites para cuando te duchas que arreglan la piel como los ""codos"", ahora los tengo finísimos",dile Alex hay aceites arreglan piel codos tengo finísimos
Han talado el abedul gigante que había en la esquina de Ríos Rosas con Castellana  ¿Alguien sabe porqué? #Madrid,0,Han talado el abedul gigante que había en la esquina de Ríos Rosas con Castellana ¿Alguien sabe porqué? #Madrid,"Talado abedul gigante esquina Ríos Rosas Castellana ¿Alguien sabe porqué? Madrid.
",Talado abedul gigante esquina Ríos Rosas Castellana ¿Alguien sabe porqué? Madrid,"Han talado el abedul gigante que había en la esquina de Ríos Rosas con Castellana ¿Alguien sabe porqué? #Madrid
","talad abedul gigante esquina ríos rosas castellana ¿alguien sabe porqué? madrid.
"
"Voy a cambiar mi vida, dejaré de salir por un buen tiempo",1,"Voy a cambiar mi vida, dejaré de salir por un buen tiempo
","Cambiar vida, dejar salir tiempo.
",cambiar vida dejar salir tiempo,"Voy a cambiar mi vida, dejaré de salir por un buen tiempo
","Cambiar vida, dejar salir tiempo.
"
"Las Palmas nuevo y modesto líder de 1ª división empieza por ""L"" como Leicester...  #ahílodejo",2,"Las Palmas nuevo modesto líder de 1ª división empieza por ""L"" como Leicester","Palmas líder división empieza L Leicester.
",Las Palmas líder división empieza L Leicester.,"Las Palmas nuevo y modesto líder de 1ª división empieza por ""L"" como Leicester...#ahílodejo
","Palmas líder división empieza L Leicester.
"
@user ah era hoy? mañana durante el día puede llamarme y con mucho gusto a plena luz del día no en lo oscurito en barrios mierda,0,@user era hoy? mañana durante el día puede llamarme y con mucho gusto a plena luz del día no en lo oscuro en barrios mierda,@user era hoy? mañana puede llamarme gusto plena luz día no lo oscurito barrios.,user hoy mañana llamar gusto luz oscuro barrios,@user ah era hoy? mañana durante el día puede llamarme y con mucho gusto a plena luz del día no en lo oscurito en barrios mierda,"@user era hoy? mañana puede llamarme gusto plena luz día no lo oscurito barrios.
"
"@user despídete de todos, deséales feliz año y bye bye",1,"@usuario despídete de todos, deséales feliz año y adiós","despídete todos deséales feliz año bye
","usuario despídete todos deséales feliz año adiós
","@user despídete de todos, deséales feliz año y bye bye
","despidete todos deséales feliz año bye
"
"Se acaba un buen año, y va empezar uno mejor, siempre con la.bendición de Dios",2,"Se acaba un buen año, y va empezar uno mejor, siempre con la bendición de Dios.",acaba buen año empezar mejor bendición Dios,acaba buen año empezar mejor bendición Dios,"Se acaba un buen año, y va empezar uno mejor, siempre con la.bendición de Dios","acaba buen año empezar mejor bendición Dios
"
@user no se si seré tan despreciable,0,@usuario no sé si seré tan despreciable,seré despreciable,usuario sé seré despreciable,"@user no se si seré tan despreciable
","seré despreciable
"
".@user ¿Me dice garrullo, llamándose Domingo? Esa es buena  @user @user @user",1,". @usuario ¿me dice garrullo, llamándose domingo? esa es buena @usuario @usuario @usuario",¿Dice user garrullo llamándose Domingo? buena user user user,usuario dice garrullo llamándose domingo esa buena usuario usuario,".@user ¿Me dice garrullo, llamándose Domingo? Esa es buena  @user @user @user",¿Dice user garrullo llamándose Domingo? buena user user user
"@user Ambientado también en Italia, es una comedia sobre una serie de parejas y entuertos, con honor, clase social y mucho humor",2,"Ambientado también en Italia, es una comedia sobre una serie de parejas y entuertos, con honor, clase social y mucho humor.","Italia, comedia parejas entuertos, honor, clase social, humor.","Italia, comedia parejas entuertos, honor, clase social, humor.
","@user Ambientado también en Italia, es una comedia sobre una serie de parejas y entuertos, con honor, clase social y mucho humor","ital, comed, parej, entuert, honr, clas, social, humor.
"
Soy el unico al que le da mal rollo la gente con gafas de sol? es que no sabes si te está mirando o no y pues,0,Soy el único al que le da mal rollo la gente con gafas de sol. Es que no sabes si te está mirando o no y pues.,unico gente gafas sol sabes mirando no,"Soy unico da mal rollo gente gafas sol Es no sabes si te mira no.
","Soy el unico al que le da mal rollo la gente con gafas de sol? es que no sabes si te está mirando o no y pues
","unico gente gafas sol sabes mirando no
"
Quiero entrar en algún grupo de WhatsApp feminista o lgtbfriendly,1,Quiero entrar en algún grupo de WhatsApp feminista o lgtbfriendly,Quiero entrar grupo WhatsApp feminista lgtbfriendly.,Quiero entrar grupo WhatsApp feminista lgtbfriendly,"Quiero entrar en algún grupo de WhatsApp feminista o lgtbfriendly
","quiero entrar grup whatsapp feminista lgtbfriendly
"
Lo mejor de la vida ver Skins,2,Lo mejor de la vida ver Skins,"mejor vida ver Skins
","mejor vida ver Skins
","Lo mejor de la vida ver Skins
","mejor vida ver Skins
"
@user claroooo o a varios solo que ya les vale ... PSOE roto etc,0,@user claroooo o a varios solo que ya les vale... psoe roto etc,claroooo varios PSOE roto,"claroooo varios vale psoe roto
","@user claroooo o varios solo que ya les vale... psoe roto etc
","claro varios PSOE roto
"
@user @user @user @user @user @user Para explicar lo de los 6M nos pondrá el profe documental de Youtube,1,@usuario @usuario @usuario @usuario @usuario @usuario Para explicar lo de los 6M nos pondrá el profe documental de Youtube,"profes documental Youtube
",usuario usuario usuario usuario usuario usuario  profe documental Youtube explicar 6M,@user @user @user @user @user @user para explicar lo 6m nos pondr documental youtube,"profes documental Youtube
"
acabo de hablar con alba y ya esroy un poquito mejor,2,acabo de hablar con alba y ya soy un poquito mejor,hablar alba mejor,hablar alba mejor,acab voy ser poqito mejor,"habl alba mej
"
"@user Pues espero que no lo digas por mi niña o no voto mas  memeo, bueno cada uno tendra su opinion +",0,"pues espero que no lo digas por mi niña o no voto más memeo, bueno cada uno tendrá su opinión",espero no digas mi niña no voto bueno cada uno tendra opinion memeo,espero que no digas por niña o voto más memeo bueno cada uno tendrá opinión,"@user pues espero q no lo digas por mi niña o no voto mas memeo, bueno cada uno tendra su opinion +
","espero no digas mi niña no voto bueno cada uno tendra opinion memeo
"
@user y su canción: Se non te #VIDEO Publicado el 10 Nov del 2013 y aquí te lo compartimos,1,@usuario y su canción: Se no te #VIDEO Publicado el 10 Nov del 2013 y aquí te lo compartimos,@user canción: Se VIDEO Publicado 10 Nov 2013 aquí compartimos,usuario canción Se te VIDEO Publicado 10 Nov 2013 compartimos,"@user y su canción: se non te video publicado el 10 nov del 2013 y aquí te lo compartimos
","@user canción: se video publicado 10 nov 2013 aquí compartimos
"
"@user llego tarde, soy huge fan la empecé en el 2000, crecí con ella sube y cae tiene de todo como toda serie, temporadas favoritas...",2,"@usuario llegó tarde, soy fan enorme la empecé en el 2000, crecí con ella sube y baja tiene de todo como toda serie, temporadas favoritas...","user llegó tarde, soy fan empecé en 2000, crecí con ella sube cae tiene de todo como serie, temporadas favoritas.
",usuario tarde fan enorme empecé 2000 crecí tiene de todo serie temporadas favoritas,"@user llego tarde, soy huge fan la empecé en el 2000, crecí con ella sube y cae tiene de todo como toda serie, temporadas favoritas...
","user llegó tarde, soy fan empecé en 2000, crecí con ella sube cae tiene de todo como serie, temporadas favoritas.
"
"Muchos días de sol, calor y numerosos incendios. En España hace mucha falta que llueva y parece que no queda mucho",0,"Muchos días de sol, calor y numerosos incendios. En España hace mucha falta que llueva y parece que no queda mucho.
","Días sol calor incendios España falta llueva no queda.
",días sol calor incendios España llueva no queda,"Muchos días de sol, calor y numerosos incendios. En España hace mucha falta que llueva y parece que no queda mucho.
","Días sol calor incendios España falta llueva no queda.
"
"@user no las des, en serio.",1,"@usuario no las des, en serio.
","des serio
","usuario des serio
","@user no las des, en serio.
","des serio
"
@user con lo majo que eres,2,"@usuario con lo majo que eres
","user majo eres
","usuario majo
","@user con lo majo que eres
","usér majo es
"
Uníos a él en vez de venir a dar por culo a las feministas si tanto OS JODE nuestro movimiento,0,Uníos a él en vez de venir a dar por culo a las feministas si tanto os rode nuestro movimiento,"Uníos él vez venir dar culo feministas tanto JODE movimiento.
",Uníos él vez venir dar culo feministas tanto rode movimiento.,Uníos a él en vez de venir a dar por culo a las feministas si tanto OS jode nuestro movimiento,"Uníos él vez venir dar culo feministas tanto JODE movimiento.
"
y quiero ir de nuevo al Cosmocaixa,1,y quiero ir de nuevo al Cosmocaixa,"quiero ir Cosmocaixa
","quiero ir Cosmocaixa
","y quiero ir de nuevo al Cosmocaixa
","quiero ir Cosmovic
"
@user @user buena nana para dormir,2,@user @user buena nana para dormir,"@user @user buena nana dormir
",@user @user buena nana dormir,"@user @user buena nana para dormir
","@user @user buena nana dormir
"
Cuando queres comprar muchas cosas pero eres pobre,0,Cuando quieres comprar muchas cosas pero eres pobre,Cuando comprar muchas cosas pobre,Cuando quieres comprar cosas pobre.,"Cuando queres comprar muchas cosas pero eres pobre
","Cuando comprar muchas cosas pobre
"
Si os interesa o teneis algun conocido que le interese el Airsoft. Vendo L96 (nueva) y G36. Mascara y mas cosillas. RT se agradece,1,Si os interesa o tenéis algún conocido que le interese el Airsoft. Vendo L96 (nueva) y G36. Máscara y más cosillas. RT se agradece.,"Si interesa conocidos Airsoft. Vendo L96 nueva G36. Mascara cosillas. RT agradece.
",Si interesa tenéis conocido interese Airsoft. Vendo L96 nueva G36. Máscara cosillas. RT agradece.,"Si os interese o teneis algun conocido que le interese el Airsoft. Vendo L96 (nueva) y G36. Mascara y mas cosillas. RT se agradece
","Si interes conoc Airsoft. Vend L96 new G36. Masc cosillas. RT agrade.
"
"@user @user Qué chulada! Mola mucho el post, chicas!",2,"@user @user qué chulada! mola mucho el post, chicas!",@user @user chulada post chicas,user user chulada mola post chicas,@user @user qué chulada mola mucho el post chicas,"@user @user chulada post chicas
"
Estoy sensible y lloro por todo y,0,"soy sensible y lloro por todo
","sensible lloro todo
","sensible lloro todo
","Estoy sensible y lloro por todo y
","sensible lloro todo
"
"Quiero amigos que le gusten mis gustos musicales, ya tengo pero viven largo",1,"Quiero amigos que gusten mis gustos musicales, ya tengo pero viven lejos.","Quiero amigos gustes gustos musicales, tengo viven largo.","Quiero amigos gusten gustos musicales, tengo pero viven lejos.
","Quiero amigos que le gusten mis gustos musicales, ya tengo pero viven largo","quiero amigos gustes gustos musicales, tengo viven largo.
"
@user Tú siempre sexy Nerea!! Qué tengas un maravilloso día! Besitos!,2,"@user tú siempre sexy Nerea!! qué tengas un maravilloso día! besitos!
",Nerea!! Qué tengas maravilloso día! Besitos!,"Nerea!! qué tengas maravilloso día! besitos!
",@user tú siempre sexy nerea!! qué tengas un maravilloso día! besitos!,"Nerea!! Qué tengas maravilloso día! Besitos!
"
@user a mi ya se me fueron los 2gb,0,@usuario a mí ya se me fueron los 2gb,user a se me fueron 2gb,usuario se me fueron 2gb,"@user a mi ya se me fueron los 2gb
","usér 
"
@user Lo pronunciamos pellót así fuerte!! . Cl,1,@user lo pronunciamos pelota así fuerte.,"user pronunciamos fuerte 
",@user pronunciamos pelota fuerte.,@user lo pronunciamos pellót así fuerte!!. cl,"usar pronunciar fuerte
"
Enamorada de Second to Last Love... Veré probablemente la japonesa luego.,2,"Enamorada de Second to Last Love... Veré probablemente la japonesa luego.
",Enamorada Second Love Veré japonesa luego.,Enamorada Love Veré japonesa luego.,"Enamorada de Second to Last Love... Veré probablemente la japonesa luego.
","Enamorada Second Love Veré japonesa luego.
"
@user NOOOO omg siempre me pierdo los mejores fanarts,0,@usuario NOOOO omg siempre me pierdo los mejores fanarts,"user fanarts mejores siempre pierdo me omg NOOOO
","usuario mejores fanarts
",@user nooo omg siempre me pierdo los mejores fanarts,"user fanarts mejores siempre pierdo me omg noooo
"
Ayúdanos a conocerte mejor para seguir mejorando  ✍️  ¿Cómo conociste #Microteatro?,1,Ayúdanos a conocerte mejor para seguir mejorando ✍️ ¿Cómo conociste #Microteatro?,"Conocernos mejor seguir mejorando Microteatro
","Conocernos mejor seguir mejorando Microteatro
",Ayúdanos a conocerte mejor para seguir mejorando ✍️ Cómo conociste #Microteatro?,"Conocernos mejor seguir mejorando Microteatro
"
D.O eres genial ...Feliz cumpleaños y q sean muchos años más #E #EL #KPOp,2,D.O eres genial...Feliz cumpleaños y que sean muchos años más #E #EL #KPOp,D.O genial Feliz cumpleaños años más,D.O genial Feliz cumpleaños años,D.O eres genial...Feliz cumpleaños y q sean muchos años más #E #EL #KPop,D.O genial Feliz cumpleaños años más
"@user me perdí esa encuesta, últimamente estoy mucho menos activo.   Pasad un buen rato en el directo",0,"@user me perdí esa encuesta, últimamente soy mucho menos activo.
Pasad un buen rato en el directo.
",perdí encuesta últimamente menos activo Pasad buen rato directo,"perdí encuesta activo
Pasad directo
","@user me perdí esa encuest, últimamente estoy mucho menos activ.   Pasad un buen rat en el direct.
","perd encuetr últimament men actv Pasad buern ratod direct
"
@user illo que ya me han enviado 5 personas diferentes snpachats con palomitas,1,"illo que ya me han enviado 5 personas diferentes snpachats con palomitas
","illo personas snpachats palomitas
","me han enviado personas diferentes snpachats palomitas
","@user illo que ya me han enviado 5 personas diferentes snpachats con palomitas
","illo personas snpachats palomitas
"
@user @user @user Nos encantará saber tus  impresiones sobre el libro. Seguro que Nora estará encantada también.,2,"@user @user @user nos encantará saber tus impresiones sobre el libro. seguro que nora estará encantada también.
",@user @user @user impresiones libro Nora encantada,libro impresiones Nora,"@user @user @user nos encantar saber tus impresiones sobre el libro. Seguro que Nora estar encantad también.
",@user @user @user impresiones libro nora encantad
"Entre todas las miles de personas a las que le podía haber pasado eso, ME PASA A MI -.-'",0,"Entre todas las miles de personas a las que podía haber pasado eso, me pasa a mí.
","Todas personas miles que le podía haber pasado eso ME pasa.
",Todas personas miles haber pasar eso mí.,"Entre todas las miles de personas a las que le podía haber pasado eso, me pasa a mí -.-
","todas persona miles que le podia haber pasado eso me pasa
"
"Amigos, me sacaron la mierda hoy pero estoy feliz",1,"Amigos, me sacaron la mierda hoy pero estoy feliz","Amigos, me sacaron feliz.
","Amigos, me sacaron feliz.
","Amigos, me sacaron la mierda hoy pero estoy feliz
","Amigos, me sacaron feliz.
"
"Próximo destino ......Londres  ,no puedo estás más feliz ,ha currar al extranjero yupiiiii !!!",2,"Próximo destino.....Londres,no puedo estés más feliz,ha currar al extranjero yupiiiii!!!",Destino Londres no puedo estar más feliz ha currar al extranjero yupiii!!!,"Destino Londres no puedo estar más feliz ha currar extranjero yupiii!!!
","Próximo destino......Londres,no puedo estás más feliz,ha currar al extranjero yupiiiii!!!
","Destino Londres no puedo estar más feliz ha currar al extranjero yupiii
"
"JAJAJAJAJJA, me le cague por que si y listo 🤘",0,"JAJAJAJAJJA, me le cague por que si y listo 🤘",me cague si listo 🤘,"me cague si listo
","JAJAJAJAJJA, me le cag por que si y listo 🤘
","me cag**e** si list**o** 🤘
"
"@user Hola , queria preguntarte si el nuevo cafe Chiapas, es el mismo shade grown porque voy a hacer degustacion pronto ...",1,"@user Hola, quería preguntarte si el nuevo café Chiapas, es el mismo shade grown porque voy a hacer degustación pronto...",@user queria preguntarte cafe Chiapas shade grown degustacion,@user quería preguntarte café Chiapas shade grown degustación,"@user Hola, queria preguntarte si el nuevo cafe Chiapas, es el mismo shade grown porque voy a hacer degustacion pronto...
","@user queria preguntarte caf chiap shade grown degust
"
@user @user buscando la mirada perfecta Roci,2,@user @user buscando la mirada perfecta Roci,buscando mirada perfecta Roci,"buscando mirada perfecta Roci
","@user @user buscando la mirada perfecta Roci
","buscando mirada perfecta Roci
"
"""Mae mañana llego a las 10, cuidado te quedas dormida porque a las 10 estoy ahí"" -Liena, se quedó dormida y no ha llegado.",0,"Mañana llego a las 10, cuidado te quedas dormida porque a las 10 estoy ahí –Liena, se quedó dormida y no ha llegado.
",mañana llego 10 cuidado quedas dormida porque 10 estoy ahí Liena dormida no ha llegado,Mañana llego 10 cuidado quedas dormida porque 10 estoy ahí Liena se quedó dormida no ha llegado.,"Mae mañana llego a las 10, cuidado te quedas dormida porque a las 10 estoy ahí –Liena, se quedo dormida y no ha llego.
","mañana llego 10 cuidado quedas dormida porque 10 estoy ahí Liena dormida no ha llegado
"
"@user @user @user @user ohhh lo mismo! También con concierto, lo que no se, si será el mismo",1,"@user @user @user @user ohhh lo mismo! También con concierto, lo que no se, si será el mismo",@user @user @user @user ohhh lo mismo concierto lo no se si será mismo,@user @user @user @user ohhh lo mismo concierto lo no se si será el mismo,"@user @user @user @user ohhh lo mismo! También con concierto, lo que no se, si será el mismo
","@user @user @user @user ohhh lo mismo concierto lo no se si será mismo
"
Clásico día donostiarra para quedarse en casita con el fútbol #Donostia #Fútbol,2,Clásico día donostiarra para quedarse en casita con el fútbol #Donostia #Fútbol,día donostiarra fútbol casita fútbol,día donostiarra fútbol casita fútbol,"Clásico día donostiarra para quedarse en casita con el fútbol #Donostia #Fútbol
","día donostiarra fútbol casita fútbol
"
Me quiero morir para no tener que aguantar esta puta calor,0,Quiero morir para no tener que aguantar esta puta calor,quiero morir calor puta,Quiero morir tener que aguantar calor puta.,"Me quiero morir para no tener que aguantar esta puta calor
","quiero morir calor puta
"
FAV si crees que me gustan los penes (como no soy famoso y nadie le va a dar FAV pues tendre la consciencia limpia),1,"fav si crees que me gustan los penes (como no soy famoso y nadie le va a dar fav pues tendre la consciencia limpia)
",crees que me gustan penes no soy famoso nadie le va dar FAV tendre consciencia limpia,crees me gustan penes no soy famoso nadie le dar fav tendre consciencia limpia,"fav si crees que me gustan los penes (como no soy famoso y nadie le va a dar fav pues tendre la consciencia limpia)
",crees que me gustan penes no soy famoso nadie le va dar fav tendre consciencia limpia
"@user una de mis favoritas de tu galería, la luz que captaste es muy misteriosa además... me encanta!",2,"@usuario una de mis favoritas de tu galería, la luz que captaste es muy misteriosa además... me encanta!
","usuario luz misteriosa encanta
",usuario luz misteriosa encanta,"@user una de mis favoritas de tu galería, la luz que captaste es muy misteriosa además... me encanta!
","usuario luz misteriosa encanta
"
Y el daño moral que le hacemos a Amancio con nuestras críticas? Seguro que está triste y no duerme bien por las noches,0,"Y el daño moral que le hacemos a Amancio con nuestras críticas? Seguro que está triste y no duerme bien por las noches.
",daño moral Amancio críticas triste no duerme noches,daño moral Amancio críticas triste no duerme noches,Y el dañ moral q le hacemos a Amancio cn nuestras crticas? Seguro q sta triste y no duerme bien pn las noches,"daño moral Amancio críticas triste no duerme noches
"
"Manuel Carrasc  -Uno x Uno me gusta  -Vale -Ok -ta luego maricarmen  -no me gusta pero, vamos a decir que lo respeto  -me se canciones",1,"Manuel Carrasc –Uno x Uno me gusta –Vale –Ok –ta luego maricarmen –no me gusta pero, vamos a decir que lo respeto –me se canciones",Manuel Carrasc -Uno Uno me gusta -Vale -Ok -ta luego Maricarmen -no me gusta pero vamos a decir que lo respeto -me se canciones,Manuel Carrasc Uno x Uno me gusta Vale Ok ta luego maricarmen no me gusta pero vamos a decir que lo respeto me se canciones,"Manuel Carrasc -Uno x Uno me gusta -Vale -Ok -ta luego maricarmen -no me gusta pero, vamos a decir que lo respeto -me se canciones
","Manuel Carrasc -Uno Uno me gusta -Vale -Ok -ta luego Maricarmen -no me gusta pero vamos a decir que lo respeto -me se canciones
"
"@user Otro para ti Javier, me ha hecho mucha ilusión tu respuesta. Gracias de corazón  feliz noche.",2,"otro, ti, javier, me, hacer, ilusión, respuesta, gracias, corazón, feliz, noche
","Javier, ilusión respuesta. Gracias corazón. Noche.","javier, ilusión, respuesta, gracias, feliz","@user otro para ti javier, me ha hecho mucha ilusion respuesta. gracias corazon feliz noche.
","Javier, ilusión respuesta. Gracias corazón. Noche.
"
Y sigan criticandome hablando paja de mi que yo seguiré viajando y dándome la vida que yo quiera.,0,"Y sigan criticándome hablando paja de mi que yo seguiré viajando y dándome la vida que yo quiera.
",sigan criticandome hablando paja viajando vida quiera,"sigan criticándome hablando viajando vida quiera
","Y sigan criticandome hablando paja de mi que yo seguiré viajando y dándome la vida que yo quiera.
","sigan criticandome hablando paja viajando vida quiera
"
@user o compra fundas de móvil transparentes y las pintas como una pokebola y hazes una pagina web donde las puedas vender,1,@usuario o compra fundas de móvil transparentes y las pintas como una pokebola y haces una página web donde las puedas vender,user compra fundas móvil transparentes pintas pokebola haces pagina web vender,usuario compra fundas móvil transparentes pintas pokebola haces página web vender,"@user o compra fundas móvil transparentes y pintas como pokebola haces pagina web donde puedas vender
","user compra fundas móvil transparentes pintas pokebola haces pagina web vender
"
lo mejor de to es que me examino justo el dia de mi cumple pero bueno la vida,2,lo mejor de ti es que me examino justo el día de mi cumple pero bueno la vida,"mejor cumple dia vida
","mejor ti que examino justo día cumple bueno vida
","lo mejor de to es que me examino justo el dia de mi cumple pero bueno la vida
","mejor cumple dia vida
"
"@user Pero si tú sólo comes paellas-de-verdad, japo pijo yr a  cosas desas de subir a Instagram, homrepordios",0,"pero si tú sólo comes paellas de verdad, japo pijo y a cosas desas de subir a instagram, homrepordios",Pero comes paellas verdad japo pijo Instagram homrepordios,"pero si comes paellas verdad japo pijo cosas subir instagram homrepordios
","@user Pero si tú sólo comes paellas-de-verdad, japo pijo yr a cosas desas de subir a Instagram, homrepordios
","pero comes paellas verdad japo pijo homrepordios
"
@user amiga siiii y la pobresa extrema sigue,1,@user amiga siiii y la pobreza extrema sigue,"amiga siiii pobresa extrema
","amiga pobreza extrema
","@user amiga siiii y la pobresa extrema sigue
","amiga pobresa
"
Que graciosa va a estar la pretemporada,2,Que graciosa va a estar la pretemporada,"graciosa va pretemporada
",graciosa va pretemporada,"Que graciosa va a estar la pretemporada
","graciosa va pretemporada
"
vale acabo de ver algo muy desagradable gracias cris y buenas noches,0,"vale acabo de ver algo muy desagradable gracias cris y buenas noches
",acabo ver algo desagradable gracias cris noches,"algo desagradable cris noches
","val acab ver algo muy desagradabl gris y buenas noc
","acab ver algo desagradable gracias cris noche
"
@user Quiero verte otra vez  vuelve ya de tu cvtre pueblo.,1,"@user quiero verte otra vez vuelve ya de tu pueblo.
",Quiero verte ya vuelve.,quiero verte vuelve ya,"@user quiero verte otra vez vuelve ya de tu pueblo
","Quiero verte ya vuelve.
"
Como chiquito con juguete nuevo,2,Como chiquito con juguete nuevo,chiquito juguete nuevo,chiquito juguete nuevo,"Como chiquito con juguete nuevo
","chiquito juguete nuevo
"
En pleno 2017 y hay servicios que sólo se pueden utilizar con Windows...,0,"En pleno 2017 y hay servicios que sólo se pueden utilizar con Windows...
","2017 servicios sólo utilizar Windows.
","2017 servicios utilizar Windows
","En pleno 2017 y hay servicios que sólo se pueden utilizar con Windows...
","2017 servicios sólo utilizar Windows.
"
"@user @user @user @user ""Resultad Sobrevives"" lo de estar loco funciona",1,"@user @user @user @user ""resultado sobreviviente"" lo de estar loco funciona","Resultad Sobrevives lo estar loco funciona
","@user @user @user @user resultado sobreviviente lo estar loco funciona
","@user @user @user @user ""resultad sobrevivés"" lo de estar loco funciona","Resultad Sobrevives lo estar loco funciona
"
@user Así es un saludo desde Perú! La vida es mejor con un buen vino o un buen café!,2,"@user así es un saludo desde Perú! la vida es mejor con un buen vino o un buen café.
",Así saludo Perú. Vida mejor con vino café.,"@user saludo Perú
vida mejor vino café",@user así es saludo desde Perú! vida es mejor con un buen vino o un buen café.,"Así saludo Perú. Vida mejor con vino café.
"
Erito es una mala persona,0,"Erito es una persona mala
","mala persona
","Erito persona mala
","Erito es una mala persona
","mala persona
"
"No se que está pasando conmigo ultimamente, pero extraño a toodooos",1,"No sé qué está pasando conmigo últimamente, pero extraño a todos.
","está pasando conmigo ultimamente extraño toodooos
",sé pasando extraño,"No se que está pasando conmigo ultimamente, pero extraño a toodoos","está pasando conmigo ultimamente extraño toodooos
"
Hoy tuve un día muy lindo me chinearon mucho 2 amigos y el jueves uno que amo mucho.,2,"Hoy tuve un día muy lindo, me chincharon mucho dos amigos y el jueves uno que amo mucho.
",Hoy día lindo chinearon amigos jueves amo.,"Hoy día lindo amigos jueves amo.
","Hoy tuve un día muy lindo me chinearon mucho 2 amigos y jueves uno que amo mucho.
","hoy dia lindo amigo jueves amo
"
"Utopí audiencia estable, media de más de 8'5 en Imdb etc... Pero fue cancelada. No se puede tirar tanto de la manta farmacéutica",0,"Utopí audiencia estable, media de más de 8,5 en Imdb, etc... Pero fue cancelada. No se puede tirar tanto de la manta farmacéutica.
","Utopí audiencia estable, media más de 8’5 Imdb cancelada no se tirar manta farmacéutica.
","Utopía audiencia estable, media más de 8,5 Imdb, cancelada. No se puede tirar manta farmacéutica.
","Utopí audiencia estable, media de más de 8,5 en Imdb etc... Pero fue cancelada. No se puede tirar tanto de la manta farmacéutica","Utopí audiencia estable, media más de 8’5 Imdb cancelada no se tirar manta farmacéutica.
"
@user Cuando veas una que te guste de color no negro tell me,1,@user Cuando veas una que te guste de color no negro dime,"@user cuando veas que te guste color no negro tell me
",@user cuando veas gusta color no negro dime,"@user Cuando veas una que te guste de color no negro tell me
","@user cuando veas que te guste color no negro tell
"
Mira que cucada 😍😍😍😍😍😍😍😍😍 Le he puesto hasta el lacito k llevaba el de ash  http,2,"Mira que cucada 😍😍😍😍😍😍😍😍😍 Le he puesto hasta el lacito k llevaba el de ash
","Mira cucada 😍😍😍😍😍😍😍😍😍 puesto lacito llevaba de ash  http
","Mira cucada le puesto lacito llevaba ash
","Mira que cucada 😍😍😍😍😍😍😍😍😍 Le he puesto hasta el lacito k llevaba el de ash  http
","Mira cucada 😍😍😍😍😍😍😍😍😍 puesto lacito llevaba de ash  http
"
"Me ha explotado un vaso en la mano, que forma tan bonita de empezar el día",0,"Me ha explotado un vaso en la mano, que forma tan bonita de empezar el día.
","Vaso mano bonita empezar día
","Vaso mano bonita empezar día
","Me ha explotado un vaso en la mano, que forma tan bonita de empezar el día.
","vaso mano bonita empezar día
"
@user  Que cabrones..... puffff  .... Bueno se empieza de nuevo no pasa nada jejej,1,@usuario Que cabrones.... puffff.... Bueno se empieza de nuevo no pasa nada jejej,cabrones puffff Bueno empieza de nuevo no pasa jejej,usuario cabrones puffff Bueno empieza de nuevo no pasa jejej,"@user  que cabron puffff .... bueno se empieza de nuevo no pasa nada jejej
","cabron puffff buen empez no pas jejej
"
@user @user @user @user Al final ha sucumbido el maldito a nuestra dura mano,2,"@user @user @user @user al final ha sucumbido el maldito a nuestra dura mano
",Al final sucumbido maldito dura mano.,maldito mano,"@user @user @user @user Al final ha sucumbido el maldito a nuestra dura mano
","Al final sucumbido maldito dura mano.
"
"@user tienen muchos problemas de espalda, rodillas y tobillos  pero solo compiten hasta los 22 o así. Con 22 ya eres viejo.",0,"@usuario tienen muchos problemas de espalda, rodillas y tobillos pero solo compiten hasta los 22 o así. Con 22 ya eres viejo.
","@user problemas espalda rodillas tobillos compiten 22 viejo
",usuario problemas espalda rodillas tobillos compiten ve edad,"@user tienen muchos problemas de espalda, rodillas y tobillos pero solo compiten hasta los 22 o así. Con 22 ya eres viejo.
","@user problemas espalda rodillas tobillos compiten 22 viejo
"
siempre que intento ver una nueva serie en NF termino viendo stranger things.,1,siempre que intento ver una nueva serie en nf termino viendo stranger things,"siempre intento ver serie NF termino viendo stranger things
","siempre intento ver serie stranger things
","siempre que intento ver una nueva serie en nf termino viendo stranger things.
","siempre intento ver serie NF termino viendo stranger things
"
@user algún día me mandaras un md y me dirás cosas bonitas como te digo yo  te quiero 😳💞,2,@user algún día me mandaras un md y me dirás cosas bonitas como te digo yo te quiero 😳💞,"algún día mandaras md dirás cosas bonitas te digo te quiero 😳💞
","algún día mandaras md dirás cosas bonitas te quiero 😳💞
","@user algún día me mandaras un md y me dirás cosas bonitas como te digo yo te quiero 😳💞
","algún día mandars md dirás cosas bonitas te digo te quiero 😳💞
"
@user Porque nunca nos toca un arbitro bueno? Hay alguno que sea bueno para el Valencia?,0,"@user porque nunca nos toca un arbitro bueno? hay alguno que sea bueno para el valencia?
",Porque arbitro bueno Valencia alguno bueno,@user porque nunca toca arbitro bueno hay alguno valencia,"@user porque nunca nos toca un arbitro bueno? hay alguno que sea bueno para el valencia?
","porque arbitro bueno Valencia alguno bueno
"
Un meme de miércoles para un Perú más consciente #EsNiceSi retuiteas #YoCuidoElAgua,1,Un meme de miércoles para un Perú más consciente #EsNiceSi retuiteas #YoCuidoElAgua,Meme miércoles Perú consciente Nice retuiteas Yo Cuido Agua,Meme miércoles Perú consciente #NiceSi retuiteas #CuidoAgua,"Un meme de miércoles para un Perú más consciente #EsNiceSi retuiteas #YoCuidoElAgua
",meme miércoles Perú consciente nice retuiteas yo cuido agua
"@user  Yo cuando pueda quiero tener el Omega Constellation,, con los numéricos romanos.",2,"@usuario Yo cuando pueda quiero tener el Omega Constelación, con los numéricos romanos.","Omega Constellation numéricos romanos.
","usuario quiero tener Omega Constelación numéricos romanos.
","@user yo cuando pueda quiero tener el omega constellation,, con los numéricos romanos.
","Omega Constellation numéricos romanos.
"
@user somos más felices sin ti,0,somos más felices sin ti,@user felices sin ti,más felices sin ti,"@user somos más felices sin ti
","@user felices sin ti
"
La realidad es que ella ya no es mi mejor amiga,1,"La realidad es que ella ya no es mi mejor amiga.
","Realidad ella no mi mejor amiga.
","realidad ella no mi mejor amiga
","La realidad es que ella ya no es mi mejor amiga
","Realidad ella no mi mejor amiga.
"
"Fue muy bonito postular para el CEUP, hacer cosas que nunca pensé que podía en cortísimo tiempo, de hecho me enseñó a organizarme. #feliz",2,"Fue muy bonito postular para el CEUP, hacer cosas que nunca pensé que podía en cortísimo tiempo, de hecho me enseñó a organizarme. #feliz","Fue bonito postular CEUP, cosas nunca pensé podía cortísimo tiempo, hecho me enseñó organizarme. #feliz","Fue bonito postular CEUP, cosas nunca pensé podía cortísimo tiempo, hecho me enseñó organizarme. #feliz","Fue muy bonito postular para el CEUP, hacer cosas que nunca pensé que podía en cortísimo tiempo, de hecho me enseñó a organizarme. #feliz
","Fue bonito postular CEUP, cosas nunca pensé podía cortísimo tiempo, hecho me enseñó organizarme. #feliz
"
@user ya no tendremos el mismo,0,@usuario ya no tendremos el mismo,@user tendremos mismo,@usuario tendremos mismo,"@user ya no tendremos el mismo
","@user tendremos mismo
"
"Me encontré una tarjeta pegada en el cajero y llamé al banco para reportarla, la dueña puede estar tranquila #whatgoesaroundcomesaround",1,"Me encontré una tarjeta pegada en el cajero y llamé al banco para reportarla, la dueña puede estar tranquila #loquevienevuelve",Encontré tarjeta cajero llamé banco reportarla dueña estar tranquila,"Encontré tarjeta cajero llamé banco reportarla dueña estar tranquila loquevienevuelve.
","Me encontré una carta pegada en el cajero y llamé al banco para reportarla, la dueña puede estar tranquila #quévengasvenga",Encontré tarjeta cajero llamé banco reportarla dueña estar tranquila
Ser el villano de la película es lo mejor,2,Ser el villano de la película es lo mejor,villano película mejor,Villano película mejor,Ser el villano de la película es lo mejor,"villano película mejor
"
En serio que feo ir al mall este día. Mañana seguro estará peor.,0,En serio que feo ir al mall este día. Mañana seguro estará peor.,Serio feo ir mall día mañana seguro peor.,Serio feo ir mall día mañana seguro peor.,"En serio que feo ir al mall este día. Mañana seguro estará peor.
","serio feo ir mall día mañan seguro peor
"
@user tendremos que probarlos y de paso hacer alguna video receta chicos  @user,1,"tendremos que probar y de paso hacer alguna receta video chicos
","probar video receta chicos
","probar receta video chicos
","@user tendremos probar y de paso hacer alguna video receta chicos
","probar video receta chicos
"
Y los directos deberían ser totalmente estables (ya que en Madrid solían darme problemas) Se vienen cosas chulas,2,Y los directos deberían ser totalmente estables (ya que en Madrid solían darme problemas) Se vienen cosas chulas,Directos estables problemas Madrid cosas chulas,Directos deberían estables ya que Madrid solían darme problemas Se vienen cosas chulas,"Y los directos deberían ser totalmente estables (ya que en Madrid solían darme problemas) Se vienen cosas chulas
","Directos estables problemas Madrid cosas chulas
"
Muchas gracias queridos SPOILERS #TWD,0,Muchas gracias queridos,gracias queridos SPOILERS TWD,gracias queridos,"Muchas gracias queridos SPOILERS TWD
","gracias queridos spoilers twd
"
Ocupo ruedas nuevas para los patines,1,"Ocupo ruedas nuevas para los patines
",Ruedas nuevas patines,"Ruedas nuevas patines
","Ocupo ruedas nuevas para los patines
","rueda nueva patin
"
"@user jajaja perdón, la serie está muy buena",2,"@user jajaja perdón, la serie está muy buena","serie buena
","serie buena
","@user jajaja perdón, la serie está muy buena
","serie buena
"
Me retuitea gente que no conozco y sus amigos no tiene los mensajes abiertos y no sé que haser,0,"Me retuitea gente que no conozco y sus amigos no tiene los mensajes abiertos y no sé que hacer.
","gente conozco amigos mensajes abiertos sé haser
","gente conozco amigos mensajes abiertos sé hacer 
","Me retuitea gente que no conozco y sus amigos no tiene los mensajes abiertos y no sé que hacer.
","gente conozco amigos mensajes abiertos sé haser
"
Alguna buena moza que me diga a qué hora y qué días echan Teen Wolf,1,Alguna buena moza que me diga a qué hora y qué días echan Teen Wolf,moza diga hora días Teen Wolf,moza diga hora días Teen Wolf,Alguna buena moza que me diga a qué hora y qué días echan Teen Wolf,"moza diga hora días Teen Wolf
"
@user vente aquí a caceres y te llevo a un sitio donde verás la luna preciosa,2,@user vente aquí a caceres y te llevo a un sitio donde verás la luna preciosa,caceres luna,vente caceres llevo sitio verás luna,"@user vente aquí a caceres y te llevo a un sitio donde verás la luna preciosa
","caceres luna
"
"@user Qué fácil es quedarse calladito, bajarse los pantalones y no decir ni mú... Cuánta ignorancia en tu ""opinión"". Saludos",0,"@user qué fácil ser quedarse calladito, bajarse los pantalones y no decir ni mu... cuánta ignorancia en tu ""opinión"". saludos",@user fácil quedarse calladito pantalones decir mú Cuánta ignorancia opinión Saludos,"@user fácil ser quedarse calladito, bajarse pantalones decir mu... cuánta ignorancia opinión. saludos","@user qué fácil es quedarse calladito, bajarse los pantalones y no decir ni mú... cuánta ignorancia en tu ""opinión"". saludos","@user fácil quedarse calladito pantalones decir mú Cuánta ignorancia opinión Saludos
"
Soy una atrevida ay  todos me lo dicen,1,"Soy una atrevida, a y todos me lo dicen.","atrevida ay dicen
",atrevida todos dicen,"Soy una atrevida ay todos me lo dicen
","atrevido dicen
"
@user @user ¡Buen viaje! Hasta la próxima aventura  Un abrazo,2,@user @user ¡Buen viaje! Hasta la próxima aventura Un abrazo,"Buen viaje Hasta próxima aventura Un abrazo
","Buen viaje Hasta próxima aventura Abrazo
",@user @user ¡Buen viaje! Hasta la próxima aventura  Un abrazo,"Buen viaje Hasta próxima aventura Un abrazo
"
"@user ugh siii, de lo peor",0,"@usuario ugh sí, de lo peor",@user peor,@usuario ugh sí peor,"@user ugh siii, de lo peor
","@user peor
"
Es tiempo de una nueva aventura,1,"Es tiempo de una aventura
",Nueva aventura,"tiempo aventura
",Es tiempó de una nueva aventura,"Nueva aventura
"
"@user @user ¡Permiso ninguno, por favor! La foto es de Miquel, y yo encantado de poder verla en mi timeline",2,"@user @user ¡permiso ninguno, por favor! la foto es de Miquel, y yo encantado de poder verla en mi timeline","@user @user Permiso poder verla timeline. Foto Miquel, yo encantado.",@user @user permiso poder ver foto Miquel timeline,"@user @user ¡permiso ninguno, por favor! la foto es de Miquel, y yo encantado de poder verla en mi timeline
","@user @user permiso poder ver timeline. foto miquel, yo encantado.
"
@user @user cabrooon siempre te acabas follando a mis novias/esposas!!,0,@user @user cabrón siempre te acabas follando a mis novias/esposas!!,@user @user cabrooon siempre te acabas follando mis noviasesposas,"@user @user cabrón siempre te acabas follando mis noviases.
","@user @user cabrooon siempre te acabas follando a mis novias/esposas!!
","@user @user cabrooon siempre te acabas follando mis noviasesposas
"
"Marca el valencia B el 0-1 en la DANI JARQUE, hay que decir que jugamos con 1 menos por expulsión más que rigurosa de un defensor perico",1,"Marca el valencia b el 0-1 en la dani jarque, hay que decir que jugamos con 1 menos por expulsión más que rigurosa de un defensor perico","Marca valencia 0-1 DANI JARQUE decir que jugamos menos defensor perico.
",Marca valencia 0-1 dani jarque hay decir jugamos menos expulsión rigurosa defensor perico,"Marca el valencia b el 0-1 en la dani jarque, hay que decir que jugamos con 1 menos por expulsión más que rigurosa de un defensor perico","Marca valencia 0-1 DANI JARQUE decir que jugamos menos defensor perico.
"
"@user Gracias a datos como esos, hoy día tenemos un mejor catálogo sísmico con datos históricos",2,"gracias a datos como esos, hoy tenemos un mejor catálogo sísmico con datos históricos","Gracias datos mejor catálogo sísmico datos históricos
","datos catálogo sísmico datos históricos
","@user gracias a datos como esos, hoy día tenemos un mejor catálogo sísmico con datos históricos","gracias datos mejor catálogo sísmico datos históricos
"
"@user maldito ataque de ansiedad tampoco lo soporto, es por eso que los dramas en emisión me hacen sufrir horrores",0,"@user maldito ataque de ansiedad tampoco soporto, es por eso que los dramas en emisión me hacen sufrir horrores",ataque ansiedad soporto dramas sufrir,usuario ataque ansiedad tampoco soporto es eso dramas emisión sufrir,"@user maldito ataque ansiedad tampoco soporto drama emisión sufrir horrores
",ataque ansiedad soporto drama sufrir
Casi me aplasta un árbol pero lo bueno es que en la casa ya llegó la Navidá,1,"Casi me aplasta un árbol pero lo bueno es que en la casa ya llegó la Navidad.
","Me aplasta árbol que casa llegó Navidá.
","Casi aplasta árbol lo bueno Navidad.
","Casi me aplasta un árbol pero lo bueno es que en la casa ya llegó la Navidá
","Me aplasta árbol que casa llegó Navidá.
"
"@user ya.. se le va, pero me gustó igual  lo siento, sino.. BLME está bien adaptado o los libros de Sparks",2,"@usuario ya… se le va, pero me gustó igual lo siento, sino… BLME está bien adaptado o los libros de Sparks",@user ya lo siento no BLME está bien adaptado o libros Sparks,@usuario gustó igual lo siento pero BLME bien adaptado libros Sparks,"@user ya.. se le va, pero me gustó igual lo siento, sino.. blm está bien adaptado o los libros de sparks","@user ya lo siento no BLME está bien adaptado o libros Sparks
"
"3 años siguiéndote y ni una mención, con lo que te quiero  @user  #askalvarogango",0,"tres años siguiéndote y ni una mención, con lo que te quiero @user #askalvarogango
","años siguiéndote mención quiero user askalvarogango
","años siguiéndote mención quiero user askalvarogango
","3 años siguiéndote y ni una mención, con lo que te quiero  @user  #askalvarogango
","años siguiéndote mención quiero user askalvarogango
"
me llevo bien con los ex de @user jaja hasta jugamos pichangas @user #yosupereamiex,1,me llevo bien con los ex de usuario jaja hasta jugamos pichangas usuario #yosupereamiex,llevo bien ex jugamos pichangas supereamie,"llevo bien ex jugamos pichangas supereamie
",me llev bien con los ex de usuario jaja hasta jugamos pichangas usuario #yosupereami,"lleve bien ex juega pichang supereamie
"
@user en francia probé un ramen de bolsa que era más rico que Tokyo Ramen llévenme al primer mundo,2,@user en francia probé un ramen de bolsa que era más rico que Tokyo Ramen llévenme al primer mundo,user francia probé ramen bolsa rico Tokyo Ramen llévenme primer mundo,user francia probé ramen bolsa rico Tokyo Ramen llévenme primer mundo,"@user en francia probé un ram en bolsa que era más rico que Tokyo Ram llévenme al primer mundo
","user francia probé ramen bolsa rico tokio ramen llévenme primer mundo
"
Todavía son las nueveeee e e e e e e eeee Uf,0,Todavía son las nueve,Todavía son nueve Uf,"Son nueve
","Todavía son las nueve Uf
","Todavía son nueve Uf
"
"@user Yo he ganado recursos haciendo justo eso, demostrando que el colega usó resúmenes acomodados",1,"yo he ganado recursos haciendo justo eso, demostrando que el colega usó resúmenes acomodados",ganado recursos demostrando colega usó resúmenes,ganado recursos demostrando colega usó resúmenes acomodados,"@user yo he ganado recursos haciendo justo eso, demostrando que el colega usó resúmenes acomodados
","ganado recursos demostrando colega usó resúmenes
"
"Y en mi momento de alta autoestima/ego, les puedo asegurar que mi sonrisa se contagia  (en persona, obviamente)",2,"Y en mi momento de alta autoestima/ego, les puedo asegurar que mi sonrisa se contagia (en persona, obviamente)","En mi momento autoestima ego, puedo asegurar sonrisa contagia persona obviamente.","En mi momento autoestima, puedo asegurar sonrisa contagia persona obviamente.
","Y en mi momento de alta autoestima/ego, les puedo asegurar que mi sonrisa se contagia  (en persona, obviamente)
","en mi momento autoestima ego, puedo asegurar sonrisa contagia persona obviamente.
"
Que seriedad pues papá!! A ver el cabello con TINTE? Me da bien? MEJOR PREFIERO NATURAL! Así me identifico,0,que seriedad pues papá!! a ver el cabello con tinte? me da bien? mejor prefiero natural! así me identifico,seriedad papá cabello TINTE MEJOR PREFIERO NATURAL así identifico,seriedad papá cabello tinte bien prefiero natural así identifico,Que seriedad pues papá!! A ver el cabello con TINTE? Me da bien? MEJOR PREFIERO NATURAL! Así me identifico,seriedad papá cabello tinte mejor prefiero natural así identifico
"La receta de la felicidad, es saber que quien no experimenta, crea, innova, no sera seguro de si mismo.",1,"La receta de la felicidad, es saber que quien no experimenta, crea, innova, no será seguro de sí mismo.
","receta felicidad saber quien no experimenta crea innova seguro mismo
",receta felicidad saber quien no experimenta crea innova seguro sí,"La receta de la felicidad, es saber que quien no experimenta, crea, innova, no sera seguro de si mismo.
","receta felicidad saber quien no experimenta crea innova seguro mismo
"
"@user 2. Hace mucho tiempo hablabamos por skype por un amigo en común y estaba guay, además de que eres muy mona!",2,"hablábamos
estaba
eres
","Hablabamos skype amigo mona
","hablábamos
estaba
eres
","@user 2. Hace mucho tiempo hablabamos por skype por un amigo en común y estaba guay, además de que eres muy mona!
","hablaba amigo mona
"
Yo voy ciego y me vuelco a csa,0,Yo voy ciego y me vuelvo a casa,voy ciego vuelco csa,"voy ciego vuelvo casa
",Yo voy ciegu y me vuelc a cs,"voy ciego vuelco csa
"
@user ese es mi estado continuo...,1,@user ese es mi estado continuo,"@user estado continuo
","@user estado continuo
","@user ese es mi estado continuo...
","@user estado continuo
"
@user Slides preparadas !! (al menos la primera versión..,2,@user diapositivas preparadas!! (al menos la primera versión..,Slides preparadas al menos primera versión,"diapositivas preparadas primera versión
",@user slides preparadas!! (al menos la primera versión..,"Slide preparad, al menpr vers
"
@user ya pero 15 euros... Al final la pillare pero me quedo pobre ahora mismo,0,@usuario ya pero 15 euros... al final la pillaré pero me quedo pobre ahora mismo,user pero euros final pillare pobre ahora,usuario pero euros pillaré pobre ahora,"@user ya pero 15 euros... Al final la pillare pero me quedo pobre ahora mismo
","user pero euros final pillare pobre ahora
"
"Creo que pocas veces he estado tan enfadado como esta mañana, pero bueno, entre Uncharted 4 y el ejercicio me han animado",1,"Creo que pocas veces he estado tan enfadado como esta mañana, pero bueno, entre Uncharted 4 y el ejercicio me han animado.
","Creo he pocas veces enfadado mañana, bueno Uncharted 4 ejercicio animado.","Creo pocas veces he estado tan enfadado mañana, pero bueno Uncharted ejercicio me animado.
","Creo que pocas veces he estado tan enfadado como esta mañana, pero bueno, entre Uncharted 4 y el ejercicio me han animado.
","Creo he pocas veces enfadado mañana, bueno Uncharted 4 ejercicio animado.
"
"Super Junior es un escape a todas las cosas malas que pasan en mi vida, es por eso que al apoyarlos no lo veo como una obligación",2,"Super Junior es un escape a todas las cosas malas que pasan en mi vida, es por eso que al apoyarlos no lo veo como una obligación.
",Super Junior escape cosas malas vida por eso apoyarlos no veo obligación.,"Super Junior escape cosas malas vida apoyar no obligación.
","Super Junior es un escape a todas las cosas malas que pasan en mi vida, es por eso que al apoyarlos no lo veo como una obligación","Super Junior escape cosas malas vida por eso apoyarlos no veo obligación.
"
¡¡No a las agresiones sexistas durante y después de las Fiestas!!  #Sangüesa,0,¡No a las agresiones sexistas durante y después de las fiestas!! #Sangüesa,"Agresiones sexistas Fiestas.
",Agresiones sexistas fiestas.,"¡¡No a las agresiones sexistas durante y después de las Fiestas!! #Sangüesa
","Agresiones sexistas Fiestas.
"
A ver que asi a lo tonto me quedan solo 2 dias en Galicia.,1,A ver que así a lo tonto me quedan solo 2 días en Galicia.,A ver dias quedan Galicia.,A ver días quedan solo dos Galicia.,"A ver que asi a lo tonto me quedan solo 2 dias en Galicia.
","A ver días quedan Galicia.
"
@user ... Buena elección! Gracias por empujarme a verla antes que la saquen!,2,@user... Buena elección! Gracias por empujarme a verla antes que la saquen!,user elección Gracias empujarme verla antes saquen, elección! Gracias verla antes saquen!,"@user... buena elección! gracias por empujarme a verla antes que la saquen!
","usuar elección Gracias empujarme verla antes saquen
"
"@user pues es egoísmo, insolidaridad, y miedo. Aunque ya sabes que no seré yo el mayor fan de Podemos",0,"pues es egoísmo, insolidaridad, y miedo. aunque ya sabes que no seré yo el mayor fan de Podemos",es egoísmo insolidaridad miedo aunque sabes no seré mayor fan Podemos,pues egoísmo insolidaridad miedo aunque sabes no seré fan Podemos,"@user pues es egoísmo, insolidaridad, y miedo. Aunque ya sabes que no seré yo el mayor fan de Podemos","es egoísmo insolidaridad miedo aunque sabes no seré mayor fan Podemos
"
"""y recuerda que SIEMPRE mañana será otro día"" palabras de alguien que siempre estará conmigo",1,y recuerda que siempre mañana será otro día palabras de alguien que siempre estará conmigo,"recuerda mañana otro día conmigo
","recuerda siempre mañana otro día palabras alguien estará conmigo
","y recuerda que siempre mañana será otro día palabras de alguien que siempre estará conmigo
","recuerda mañana otro día conmigo
"
"Hoy están participando muchas más mujeres, lo que me alegra mucho. Ya sea para preguntas propias o para hacer preguntas por su pareja",2,"Hoy están participando muchas más mujeres, lo que me alegra mucho. Ya sea para preguntas propias o para hacer preguntas por su pareja.
","Hoy mujeres, muchas alegrar, preguntas propias pareja.
","Hoy mujeres más muchas alegra. Ya preguntas propias pareja.
","Hoy están participando muchas más mujeres, lo que me alegra mucho. Ya sea para preguntas propias o para hacer preguntas por su pareja
","Hoy mujeres, muchas alegrar, preguntas propias pareja.
"
Tengo los labios super secos #anli,0,Tengo los labios super secos,labios secos anli,"Labios super secos
","Tengo los labios super secos #anli
","labios secos anli
"
@user con todas las cremas jajaja tmr tengo hambre jajajsjs,1,"@usuario con todas las cremas jajaja mañana tengo hambre jajajsjs
","user cremas hambre 
","usuario cremas hambre
",@user con todas las cremas jajaja tmr tengo hambre jajajsjs,"user cremas hambre
"
@user me has hecho llorar con tu video para Cate !! Que bello amor Lograste transmitir tus mejores sentimientos! Vibras para ambos,2,@usuario me ha hecho llorar con tu video para Cate!! Que bello amor Lograste transmitir tus mejores sentimientos! Vibras para ambos,"user video Cate bello amor sentimientos Vibras ambos
",usuario me hizo llorar video Cate bello amor Lograste transmitir sentimientos Vibras ambos,"@user me has hecho llorar con tu video para Cate!! Que bello amor Lograste transmitir tus mejores sentimientos! Vibras para ambos
","user video cate bello amor sentimientos vibras ambos
"
@user Debió decirlo! No le parece chirriante que sea igual al texto de 7 Caníbales? Se lo digo desde el respeto.,0,"Debió decir. No le parece chirriante que sea igual al texto de siete Caníbales. Se lo digo desde el respeto.
",@user Debió decirlo. Le parece chirriante que sea igual al texto de 7 Caníbales? Se lo digo desde el respeto.,Decir respeto.,"@user Debió decir! No le parece chirriante ser igual al text de 7 Caníbales? Se lo digo desde el respect.
","@user Debió decir. Le parece chirriante ser igual al texto de 7 Caníbales? Se lo digo desde el respeto.
"
Estoy sola en un banco,1,"Estoy sola en un banco
",sola banco,"sola banco
","Estoy sola en un banco
","sola banco
"
"@user @user No es perfecta, tiene sus cositas. Pero el balance es bueno, bastante bueno. Y claro, sales cantando",2,"@usuario @usuario no es perfecta, tiene sus cositas. pero el balance es bueno, bastante bueno. y claro, salen cantando","@user @user perfecta cositas balance bueno bastante claro sales cantando
",@usuario @usuario perfecta cositas balance bueno bastante bueno salen cantando.,@user @user no ser perf etc etc. pero balanc buen etc. y clar sal cantand,"@user @user perfecta cositas balance bueno bastante claro sales cantando
"
"Esta bien tener hermanos, siempre y cuando uno de ellos no decida ser subnormal perdido",0,"Está bien tener hermanos, siempre y cuando uno de ellos no decida ser subnormal perdido.","bien hermanos siempre uno de ellos no decida subnormal perdido
",bien hermanos siempre uno de ellos no decida subnormal perdido,"Esta bien tener hermanos, siempre y cuando uno de ellos no decida ser subnormal perdido
","bien hermanos siempre uno de ellos no decida subnormal perdido
"
Buenos días y #felizmartes. Cuántos de vosotros llegáis al final de vuestras #vacaciones? Y cuántos las tenéis a la vuelta de la esquina?,1,Buenos días y feliz martes. Cuántos de vosotros llegáis al final de vuestras vacaciones? Y cuántos las tenéis a la vuelta de la esquina?,"Buenos días vaciones vuelta esquina. Cuántos llegáis final vuestras. Cuántos tenéis a esquina.
","Días feliz martes Cuántos vosotros llegáis final vuestras vacaciones cuántos tenéis vuelta esquina
","Buenos días y felizmartes. Cuántos de vosotros llegáis al final de vuestras vacaciones? Y cuántos las tenéis a la vuelta de la esquina?
","Buenos días vaciones vuelta esquina. Cuántos llegáis final vuestras. Cuántos tenéis a esquina.
"
"@user bueno, a veces es lo único que tengo, y hay algunos que merecen la pena",2,"@user bueno, a veces es lo único que tengo, y hay algunos que merecen la pena","bueno algunos merecen pena
","bueno algunos merecen pena
","@user bueno, a veces es lo único que tengo, y hay algunos que merecen la pena","buen algun merep pena
"
Yo todo ilusionado porque he encontrado un disco duro externo en casa para meter toda la mierda del portátil y es de dos gigas,0,"Yo todo ilusionado porque he encontrado un disco duro externo en casa para meter toda la mierda del portátil y es de dos gigas.
",todo ilusionado disco duro externo casa meter mierda portátil dos gigas,todo ilusionado porque encontrado disco duro externo casa meter mierda portátil dos gigas.,"Yo todo ilusionado porque he encontrado un disco duro externo en casa para meter toda la mierda del portátil y es de dos gigas.
","todo ilusionado disco duro externo casa meter mierda portátil dos gigas
"
Lo bueno del frío es que puedo comer como siempre y echarle la culpa al mismo,1,"Lo bueno del frío es que puedo comer como siempre y echarle la culpa al mismo.
","frío comer culpa
","frío comer culpa mismo
","Lo buen del frío es que puedo comer como siempre y echarle la culpa al mismo
","frío comer culpa
"
@user Ojalá mi Robbie Williams... Sería ideal teniendo una nueva era al caer. O Take That!,2,"Ojalá mi Robbie Williams... Sería ideal teniendo una nueva era al caer. O Take That!
","@user Robbie Williams nueva era caer Take That
","Robbie Williams nueva era Take That.
","@user Ojalá mi Robbie Williams... Sería ideal teniendo una nueva era al caer. O Take That!
",@user robbie williams nueva era caer take that
🌼 evan peters 🌼  -casi siempre me equivoco y pongo evans peter  -dejadme -es muy sdasldjalsk,0,"-casi siempre me equivoco y pongo Evans Peter
-dejadme -es muy sdasldjalsk",equivoco pongo evans peter dejadme sdasldjalsk,"me equivoco Evans Peter
sadasldjalsk
",🌼 evan peters -casi siempre me equivoco y pongo evans peter -dejadme -es muy sdasldjalsk,"equivoco pongo evans peter dejadme sdasldjalsk
"
Ayer inicie con mi proyecto de hacerme mi propia huerta,1,Ayer inicié con mi proyecto de hacerme mi propia huerta,"Ayer inicié proyecto hacerme huerta.
","Ayer inicié proyecto huerta.
","Ayer inicie con mi proyecto de hacerme mi propia huerta
","Ayer inicié proyecto hacerme huerta.
"
"@user no te conozco, pero tras un vistazo en tw pareces guapa e interesante. Ánimo, espero que puedas recuperarte poco a poco",2,"@user no te conozco, pero tras un vistazo en tw pareces guapa e interesante. ánimo, espero que puedas recuperarte poco a poco.",user conozco vistazo tw guapa interesante. Ánimo espero puedas recuperarte poco.,"@user conozco, pero vistazo tw pareces guapa interesante. ánimo, espero puedas recuperarte poco.","@user no te conozco, pero tras un vistazo en tw pareces guapa e interesante. ánimo, espero que puedas recuperarte poco a poco
","user conozco vistazo tw guapa interesante. ánimo espero puedas recuperarte poco.
"
que cansado me tenes albacete... que cansado!!    sino vuelvo a rosario en verano........... ojo.,0,"que cansado me tenes albacete... que cansado!! sino vuelvo a rosario en verano........... ojo.
","cansado me tenes albacete
cansado
vuelvo a rosario verano
ojo","cansado me albacete
cansado
vuelvo rosario verano
ojo
","que cansado me tenes albacete... que cansado!! sino vuelvo a rosario en verano........... ojo.
","cansad
vuelv
oj
"
"Preparando la maleta, proxima parada #huelva #fiestasconamigas  💃🏻👯🚆",1,"Preparando la maleta, próxima parada #huelva #fiestasconamigas 💃🏻👯🚆","Preparando maleta, próxima parada Huelva fiestasamigas 💃🏻👯🚆
","Preparando maleta, parada Huelva fiestas amigas.","Preparando la maleta, proxim parada #huelva #fiestasconamigas 💃🏻👯🚆
","Preparando maleta, próxima parada Huelva fiestaamigas 💃🏻👯🚆
"
@user Mis sentimientos y mi orgullo por el Valencia son muy grandes. Yo quiero lo mejor para el Valencia.,2,"@user Mis sentimientos y mi orgullo por el Valencia son muy grandes. Yo quiero lo mejor para el Valencia.
","Sentimientos orgullo Valencia grandes quiero mejor Valencia.
","Sentimientos orgullo Valencia quiero mejor Valencia.
","@user mis sentimientos y mi orgullo por el valencia son muy grandes. yo quiero lo mejor para el valencia.
","Sentimientos orgullo Valencia grandes quiero mejor Valencia.
"
"""Él es raro, pero es hay q estar demasiado mal de la cabeza para querer estar con alguien tan dañada como yo"". -Yo, hablando con mi papá.",0,"Él es raro, pero es hay que estar demasiado mal de la cabeza para querer estar con alguien tan dañada como yo.
","Él raro, pero hay q estar demasiado mal cabeza querer estar alguien dañada yo. -Yo, hablando papá.
","Él raro pero hay estar demasiado mal cabeza querer estar alguien dañada yo.
","Él es raro, pero es hay q estar demasiado mal de la cabeza para querer estar con alguien tan dañada como yo. -Yo, hablando con mi papá.
","él raro, pero hay q estar demasiado mal cabeza querer estar alguien dañada yo. -yo, hablando papá.
"
"@user sisi, xa lle vexo a cara mañan no examen",1,"@user sisi, ya le veo a cara mañana no examen",sisi cara mañan examen,"@user sisi cara mañana examen
","@user sisi, xa lle vexo a cara mañan no examen
","sisi cara mañan examen
"
@user Ya lo tenía fichado y tengo ganas de darle uso  ¡¡Gracias!!,2,"@user ya lo tenía fichado y tengo ganas de darle uso ¡¡gracias!!
","Ya tenía fichado tengo ganas darle uso Gracias
",user ya tenía fichado tengo ganas darle uso gracias,"@user ya lo tenía fichado y tengo ganas de darle uso ¡¡Gracias!!
","Ya tenía fichado tengo ganas darle uso Gracias
"
"@user @user  #NecesitoElViajeAAndalucia bueno si un tal premio al mongol o algo así, pero eso era malo",0,"@user @user  #necesito el viaje a andalucía bueno si un tal premio al mongol o algo así, pero eso era malo",Viaje Andalucia premio mongol algo malo,viaje andalucía premio mongol algo malo,"@user @user  #necesitoelviajeandalucia bueno si un tal premio al mongol o algo así, pero eso era malo
",Viaje Andalucia premio mongol algo malo
@user Los equipos son igual de serios que en la liga que juegan,1,@user Los equipos son igual de serios que en la liga que juegan,"equipos serios liga juegan
","equipos serios liga juegan
","@user los equipos son igual de serios que en la liga que juegan
","equipos serios liga juegan
"
Hoy soñé que @user era mi profe de actuación y fui extremadamente feliz.,2,"Hoy soñé que @user era mi profe de actuación y fui extremadamente feliz.
","Hoy soñé user profe actuación fui extremadamente feliz.
","Hoy soñé user profe actuación fui extremadamente feliz.
","Hoy soné que @user era mi profe de actuación y fui extremadamente feliz.
","hoy soñé user profe actuación fui extremadamente feliz
"
"Que #Rajoy no logre la #investiduraRajoy NO ES NOTICIA, lo contrario sí... Pero serán becarios los que están en prácticas",0,"Que Rajoy no logre la investidura Rajoy no es noticia, lo contrario sí... Pero serán becarios los que están en prácticas.","Rajoy no logre investidura NO ES noticia lo contrario serán becarios prácticas.
",Rajoy logre investidura Rajoy noticia contrario becarios prácticas.,"Que #Rajo no logre la #invesitudraRajo NO ES noticia, lo contrario sí... Pero serán becarios los que están en prácticas.
","Rajoy no logre investidura NO ES noticia lo contrario serán becarios prácticas.
"
@user uf ......quién se atreve a juzgar .....yo me voy a dar una ducha fría,1,@user uf......quién se atreve a juzgar.....yo me voy a dar una ducha fría,@user quien se atreve juzgar yo voy ducha fría,@user quien atreve juzgar yo voy dar ducha fría,@user uf......quién se atreve a juzgar.....yo me voy a dar una ducha fría,"@user quien se atrever juzgar yo voy ducha fría
"
"@user, experto en hacer reencuentros inolvidables since 1994",2,"@usuario, experto en hacer reencuentros inolvidables desde 1994","experto reencuentros inolvidables 1994
","experto reencuentros inolvidables 1994
","@user, experto en hacer reencuentros inolvidables since 1994","experto reencuentros inolvidables 1994
"
"A Piper no le gusta que robe en las casas ni a la gente, Piper se ha ido a la basura junto a albóndiga",0,"A piper no le gusta que robe en las casas ni a la gente, piper se ha ido a la basura junto a albóndiga.
","Piper no gusta robar casas gente. Piper basura albóndiga.
","piper gusta robe casas gente, piper ido basura albóndiga.
","A Piper no le gusta que robe en las casas ni a la gente, Piper se ha ido a la basura junto a albóndiga.
","Piper no gusta robar casas gente. Piper basura albóndiga.
"
@user Faltan las canciones que cuando estás triste te hacen llorar y a la vez reír cuando estás alegre,1,Faltan las canciones que cuando estás triste te hacen llorar y a la vez reír cuando estás alegre,"canciones hacer llorar reír alegre
",Canciones hacen llorar reír.,"@user Faltan las canciones que cuando estás triste te hacen llorar y a la vez reír cuando estás alegre
","canción hacer llorar reír alegre
"
"@user Va perfecto entonces, ¡muchas gracias!",2,"@user va perfecto entonces, muchas gracias
","user perfecto muchas gracias
","@user va perfecto gracias
","@user va perfect entonces, much gracias
","usér perfecto muchas gracias
"
La verdad esque por YT he hecho cosas malas y me arrepiento y pido perdon pero pff,0,La verdad esque por YT he hecho cosas malas y me arrepiento y pido perdon pero pff,Verdad YT hecho malas arrepiento pido perdon pff,Verdad YT hecho malas arrepiento pido perdon pff,"La verdad esque por YT he hecho cosas malas y me arrepiento y pido perdon pero pff
","Verdad YT hecho malas arrepiento pido perdon pff
"
"@user si conoces algún productor que quiera llevarse la obra, que se contacte con nosotros",1,"@usuario si conoces algún productor que quiera llevarse la obra, que se contacte con nosotros",@user conoces productor quiera llevarse obra contacte nosotros,usuario conoces productor llevarse obra contacte nosotros,"@user si conoces algún productor que quiera llevarse la obra, que se contacte con nosotros
","@user conoces productur quiera llevarse obra contacte nosotros
"
"@user ah bueno, eso duele menos que el dedo del pie heee jajaja calma calma... laura lo arregla",2,"@usuario ah bueno, eso duele menos que el dedo del pie heee jajaja calma calma... laura lo arregla",@user bueno duele menos dedo pie heee jajaja calma calma laura arregla,@usuario bueno duele menos dedo pie heee jajaja calma calma laura arregla,"@user ah bueno, eso duele menos que el dedo del pie heee jajaja calma calma... laura lo arregla
","@user bueno duele menos dedo pie heee jajaja calma calma laura arregla
"
"New Balance podría dejar de ser el patrocinador de la Sele o sea, camisetas feas otra vez",0,"Nueva Balance podría dejar de ser el patrocinador de la Sele o sea, camisetas feas otra vez.","Balance Nueva dejar Sele camisetas feas otra.
",Balance patrocinador Sele camisetas feas otra,"Nueva Balance podría dejar de ser el patrocinador de la Sele o sea, camisetas feas otra vez.
","balance nueva dejar camisetas feas otra
"
"Va, aprovechad q estoy aburrido y de vacaciones, y me apetece dibujar tradicional, decidme un diseño de tattoo sencillo y molón",1,"Va, aprovechad que estoy aburrido y de vacaciones, y me apetece dibujar tradicional, decidme un diseño de tatuaje sencillo y molón.","Va, aprovechad q estoy aburrido vacaciones, me apetece dibujar tradicional, decidme diseño tattoo sencillo molón.
","Va, aprovechad estoy aburrido vacaciones, me apetece dibujar tradicional decidme diseño tatuaje sencillo molón.","Va, aproveche q estoy aburrido y de vacaciones, y me apetece dibujar tradicional, decidme un diseño de tatu sencillo y molón","Va, aprovec, aburrido vacaciones, me apetece dibujar tradicional, decidme dise, tattoo sencillo molón.
"
"@user si al final acabamos hablando un rato, era muy simpática  @user",2,"@usuario si al final acabamos hablando un rato, era muy simpática @usuario","hablando rato simpática
",usuario hablando rato simpática usuario,"@user si al final acabamos hablando un rato, era muy simpática @user
","hablando rato simpática
"
"Hoy me sentí como grace de ""al fondo hay sitio"" cuando la atropellaron, solo que no fue de mentira y casi no la cuento que horrible",0,"Hoy me sentí como grace de ""al fondo hay sitio"" cuando la atropellaron, solo que no fue de mentira y casi no la cuento que horrible",Hoy sentí como grace fondo hay sitio atropellaron solo no fue mentira casi no cuento horrible,Hoy sentí como gracia de fondo hay sitio cuando atropellaron solo no fue mentira casi no cuento horrible,"Hoy me sentí como grace de ""al fondo hay sitio"" cuando la atropellaron, solo que no fue de mentira y casi no la cuento que horrible","hoy sentí como grace fondo hay sitio atropellaron solo no fue mentira casi no cuento horrible
"
Yo con ganas de tirarle mi batería externa a @user para que no se le descargue el celular,1,Yo con ganas de tirarle mi batería externa a @user para que no se le descargue el celular,con ganas tirarle batería externa user que no se le descargue celular,con ganas tirarle batería externa user que no se le descargue celular,yo con ganas de tirarle mi batería externa a user para que no se le descargue celular,con ganas tirarle baterí extern user que no se le descarg celul
Amo la nueva canción de Sofía Reyes,2,Amo la nueva canción de Sofía Reyes,"Amo canción Sofía Reyes
",Amo canción Sofía Reyes,"Amo la nueva canción de Sofía Reyes
","Amo canción Sofía Reyes
"
Ojalá la capital este tan caliente como dicen esos q se quejan del clima caluroso!!!!,0,Ojalá la capital esté tan caliente como dicen esos que se quejan del clima caluroso.,"Ojalá capital caliente dicen esos que se quejan clima caluroso.
",Ojalá capital caliente dicen esos que se quejan clima caluroso.,"Ojalá la capital este tan caliente como dicen esos q se quejan del clima caluroso!!!!
","Ojalá capital caliente dicen esos que se quejan clima caluroso.
"
"@user Yo no te pido la luna solo pido que me toque la bonoloto, para salir de los problemas.",1,"yo no te pido la luna solo pido que me toque la bolaloto, para salir de los problemas.
","Yo no te pido luna solo pido que me toque bonoloto salir problemas.
","te pido luna solo pido tocar bolaloto salir problemas.
","@user yo no te pido la luna solo pido que me toque la bonoloto, para salir de los problemas.
","yo no te pido luna solo pido que me toque bonoloto problemas.
"
Mañana va a ser un día guay,2,Mañana va a ser un día guay,"Día guay
","Día guay
","Mañana va a ser un día guay
","Día guay
"
Mañana me sacan sangre y tengo que ir en ayunas. Dadme ánimos ante esta situación tan heavy que me está tocando vivir,0,"Mañana me sacan sangre y tengo que ir en ayunas. Dadme ánimos ante esta situación tan pesada que me está tocando vivir.
","Mañana saco sangre tengo ir ayunas. Dadme ánimos situación heavy tocando vivir.
","Mañana saco sangre tengo ir ayunas. Dadme ánimos situación pesada tocando vivir.
","Mañana me sacan sangr y tengo que ir en ayun. Dadme ánim ante esta situaci tan heav que me está tociv vivir
","Mañana saco sangre tengo ir ayunas. Dadme ánimos situación heavy tocando vivir.
"
@user fui durante 11 años comercial de una multi discográfica y trabajé con Fnac. Sé lo digo.,1,"fui durante 11 años comercial de una multi discográfica y trabajé con Fnac. sé lo digo.
","fui años comercial multi discográfica trabajé Fnac. Sé digo.
","fui comercial multi discográfica trabajé Fnac sé lo digo.
","@user fui durante 11 años comercial de una multi discográfica y trabajé con Fnac. Sé lo digo.
","fui años comercial multi discográfica trabajé Fnac. Sé digo.
"
Fin de la Misión #Lima-limon: Muchas gracias a tod@s por el cariño y por la buena onda!! El tiempo fue corto pero se repetirá visita,2,"Fin de la misión #lima-limón: Muchas gracias a todos por el cariño y por la buena onda. El tiempo fue corto pero se repetirá visita.
","Fin Misión Lima-limon. Gracias tod@s por cariño buena onda. Tiempo corto repetirá visita.
",misión lima limón gracias todos cariño buena onda tiempo corto repetirá visita,Fin de la Misión #Lima-limon: Muchas gracias a tod@s por el cariño y por la buena onda!! El tiempo fue corto pero se repetirá visita,"Fin Misión Lima limon. Gracias tod@s por cariño buena onda. Tiempo corto repetirá visita.
"
Silvia pesada deja de dar rt que me sale doble notificación,0,Silvia pesada deja de dar r que me sale doble notificación,"Silvia deja rt doble notificación
","Silvia deja dar doble notificación.
","Silvia pesada deja de dar rt que me sale doble notificación
","Silvia deja rt doble notificación
"
No me quiero ir bueno sí pero no,1,"No me quiero ir bueno sí pero no.
","me quiero ir sí pero
","me quiero ir bueno sí pero 
","No me quiero ir buen sí pero no
","quiero ir sí pero
"
"@user buenos días, último día laboral, me voy a vacaciones una semana. Éxitos en sus vidas y que sean muy felices",2,"@user buenos días, último día laboral, me voy a vacaciones una semana. Éxitos en sus vidas y que sean muy felices","@user días laboral, me voy vacaciones semana. Éxitos vidas felices.","@user días laboral, voy vacaciones semana. Éxitos vidas felices.","@user buenos días, últ d labor, me voy a vacacion una seman. Éxitos en sus vidas y que sean muy felices","@user días laboral, me voy vacaciones semana. Éxitos vidas felices.
"
Casi siempre me hacen fotos sola y quiero fotos cuquis con gente,0,Casi siempre me hacen fotos sola y quiero fotos cuquis con gente,Casi siempre me fotos sola quiero fotos cuquis gente.,Casi siempre me hacen fotos sola quiero fotos cuquis gente,"Casi siempre me hacen fotos sola y quiero fotos cuquis con gente
","Casi siempre me fotos sola quiero fotos cuquis gente.
"
"Ya llegó Unidos Podemos, @user y @user acaban de llegar juntos al @user",1,"Ya llegó Unidos Podemos, usuario acaban de llegar juntos al usuario.
",llegó Unidos Podemos user acaban llegar juntos user,"llegó Unidos Podemos usuario llegan usuario
","Ya llegó Unidos Podemos, user acaban de llegar juntos al user","llegó Unidos Podemos user acaban llegar juntos user
"
"@user no, llevamos una ruta pero nos dejan unos cuantos días libres, así más cómodo, que voy con mi padre y pasó de ralladas",2,"no, llevamos una ruta pero nos dejan unos cuantos días libres, así más cómodo, que voy con mi padre y pasó de ralladas",ruta días libres cómodo padre pasó,llevamos ruta días libres cómodo voy padre pasó ralladas,"@user no, llevamos una ruta pero nos dejan unos cuantos días libres, así más cómodo, que voy con mi padre y pasó de ralladas
","ruta días libre comod padre pas
"
@user oye pero yo no soy tan burguesito sbs,0,"@user oye pero yo no soy tan burguesito sbs
","oye yo no soy tan burguesito sbs
","oye yo no soy tan burguesito sbs
","@user oye pero yo no soy tan burguesito sbs
","oye yo no soy tan burguesito sbs
"
Igual no iré porque estoy más ajustado,1,Igual no iré porque estoy más ajustado,iré porque estoy ajustado,"iré ajustado
","Igual no iré porque estoy más ajustado
","iré porque estoy ajustado
"
"Perdon, las dudas en Twitter a traves de #askLFI  Las ayudas #ayudasLFI es una convocatoria de ayudas, muy interesnate tambien",2,"Perdón, las dudas en Twitter a través de #askLFI Las ayudas #ayudasLFI es una convocatoria de ayudas, muy interesante también.
",Perdón dudas Twitter través #askLFI Ayudas #ayudasLFI convocatoria ayudas interesante.,"Dudas Twitter #askLFI Ayudas #ayudasLFI convocatoria ayudas interesante.
","Perdón, dudas Twitter traves #askLFI ayudas #ayudasLFI convocatoria ayudas interesnate tambien","perdón dudas twitter través #asklfi ayudas #ayudaslfi convocatoria ayudas interesante
"
@user @user @user cabrones que sabéis que soy pobre,0,@user @user @user cabrones que sabéis que soy pobre,"cabrones sabéis soy pobre
",cabrones sabéis soy pobre,@user @user @user cabron que sabé que soy pobr,"cabron sabéis soy pobre
"
"@user En ese caso, todo bien. Tengo derecho a equivocarme si su tweet es ambiguo Hahahaha. Saludotes",1,"en ese caso, todo bien. tengo derecho a equivocarme si su tweet es ambiguo hahahaha. saludotes","En caso todo bien Tengo derecho equivocarme tweet ambiguo Hahahaha Saludotes
",ese caso todo bien tengo derecho equivocarme tweet ambiguo hahahaha saludotes,"@user En ese caso, todo bien. Tengo derecho a equivocarme si su tweet es ambiguo Hahahaha. Saludotes
","En caso todo bien Tengo equivocarme tweet ambiguo Hahahaha Saludotes
"
@user Señor tiene usted una invitación formal a nuestra serie Mundo Chiquito. @user mándale el contrato,2,señor tiene usted una invitación formal a nuestra serie mundo chiquito. mándale el contrato,"Señor invitación formal Mundo Chiquito mándale contrato.
",invitación formal serie mundo chiquito mándale contrato,"@user señor tener una invit formal a nuestr mund chiq. @user mándel contrató
","Señor invitación formal Mundo Chiquito mándale contrato.
"
"@user Capitán américa, hipervitaminado, te he dicho ya que hoy no estoy feliz contigo?",0,"@user Capitán américa, hipervitaminado, te he dicho ya que hoy no estoy feliz contigo",Capitán américa hipervitaminado te he dicho hoy no estoy feliz contigo,Capitán américa hipervitaminado te he dicho hoy no estoy feliz contigo,"@user Capitán américa, hipervitaminado, te he dicho ya que hoy no estoy feliz contigo?
","capitán américa hipervitaminado te he dicho hoy no estoy feliz contigo
"
"Jo, claro!! Estoy sin móvil desde hace mucho, cualquier cosa ya sabes @user",1,"Jo, claro. Estoy sin móvil desde hace mucho, cualquier cosa ya sabes @user.
","Jo, claro estoy sin móvil desde mucho cualquier cosa sabes user",Jo claro Estoy sin móvil desde mucho cualquier cosa sabes user,"Jo, claro!! Estoy sin móvil desde hace mucho, cualquier cosa ya sabes @user
","Jo, claro estoy sin móvil desde mucho cualquier cosa sabes user
"
@user Pero pero porque eres muy guapa,2,"pero pero porque eres muy guapa
",user pero porque eres guapa,"pero guapa
","@user pero pero porque eres muy guapa
","user pero porque eres guapa
"
@user Ojalá que no Yo aun no entiendo bien qué motiva a Assange. Destrucción total?,0,@user Ojalá que no Yo aun no entiendo bien qué motiva a Assange. Destrucción total?,"@user Aun no entiendo bien qué motiva Assange. Destrucción total.
","@user Aun no entiendo bien qué motiva Assange. Destrucción total.
",@user Ojalá que no Yo aun no entiendo bien qué motiva a Assange. Destrucción total?,"@user Aun no entiendo bien qué motiva Assang. Destrucción total.
"
"2:12 am, está semana he dormido 17 horas, hago examen de química a las 8 am y salgo del brete a las 10 pm",1,"dos punto doce de la madrugada, esta semana he dormido diecisiete horas, hago examen de química a las ocho de la mañana y salgo del brete a las diez de la noche","he dormido horas, hago examen química las 8 am salgo brete 10 pm","dos punto doce madrugada, semana dormido horas, hago examen química ocho mañana salgo brete noche.","2:12 am, esta semana he dormido 17 horas, hago examen de química a las 8 am y salgo del brete a las 10 pm
","he dormido horas, hago examen química las 8 am salgo brete 10 pm
"
que bonitas mis niñas las amo tanto,2,que bonitas mis niñas las amo tanto,"bonitas niñas amo tanto
","bonitas niñas amo tanto
","que bonitas mis niñas las amo tanto
","bonitas niñas amo tanto
"
Fue la semana mas ocupada evershhh yyy no estudie conta yyyy no entiendo nada yyyy mañana es el examen,0,Fue la semana más ocupada ever y no estudié contó y no entiendo nada mañana es el examen,Semana ocupada evershhh no estudie conta mañana examen,"semana ocupada examen
","Fue la semana mas ocupada evers yyy no estudie conta yyyy no entiendo nada yyyy mañana es el examen
","Semana ocupada evershh no estudie conta examen
"
Imágenes del verano en nuestra querida #Zaragoza.  http,1,"Imágenes del verano en nuestra querida #Zaragoza. http
","Imágenes verano nuestra querida Zaragoza http
","Imágenes verano nuestra querida Zaragoza.
","Imágenes del verano en nuestra querida #Zaragoza. http
","Imágenes verano nuestra querida Zaragoza http
"
"@user Stranger y Mr. Robot ya las he visto, pero eres la segunda que me recomienda The get down, así que a por ella voy, gracias!",2,"@user extraño y Mr. Robot ya las he visto, pero eres la segunda que me recomienda el get down, así que a por ella voy, gracias!
","Stranger Mr Robot he visto segunda recomienda get down voy gracias
",extraño Mr Robot visto segunda recomienda get down voy gracias,"@user stranger y mr robot ya las he visto, pero eres la segunda que me recomienda the get down, así que a por ella voy, gracias
","stranger mr robot he visto segunda recomienda get down voy gracias
"
"Lo peor es que yo me marché cuando @user se empezó a relacionar con la gente de la disco, yo quería tomarme una copita con ella",0,"Lo peor es que yo me marche cuando @user se empezó a relacionar con la gente de la disco, yo quería tomarme una copita con ella.
",Peor que yo marché cuando se empezó relacionar gente disco quería tomar copita ella.,"Peor yo marche gente disco quería tomar copita ella.
","Lo peor es que yo me marché cuando @user se empez<binary data, 1 bytes><binary data, 1 bytes><binary data, 1 bytes> a relacionar con la gente de la disco, yo quería tomarme una copita con ella.
","Peor que yo marché cuando se empezó relacionar gente disco quería tomar copita ella.
"
Yo solo quiero que me engria,1,"yo solo quiero que me agría
","quiero engria
","quiero agría
","yo solo quiero que me engría
","quiero engria
"
Yo quiero más lasaña de ayer! Cocinan rico donde me adoptaron ayer,2,Quiero más lasaña de ayer. Cocinan rico donde me adoptaron ayer.,"quiero lasaña ayer
cocinan rico
adoptaron ayer",Quiero lasaña ayer. Cocinan rico donde adoptaron ayer.,Yo quiero más lasaña de ayer! Cocinan rico donde me adoptaron ayer,"quiero lasaña ayer
cocinan rico
adoptaron ayer
"
vos tampoco des fav que no me tenes contento,0,"tú tampoco des fav que no me tenes contento
","tampoco des fav me tenes contento
","tampoco des fav me tenes contento
","vos tampoco des fav que no me tenes contento
","tampoco des fav me tenes contento
"
@user yo soy totalmente puntual,1,"@user yo ser totalmente puntual
","@user soy puntual
","@user ser puntual
","@user yo soy totalmente puntual
","@user soy puntual
"
"@user @user Muy buenos días  Por cierto, ¡muy buena la foto!",2,@user @user muy buenos días por cierto muy buena la foto,@user @user buenos días Por cierto buena foto,@user @user buenos días cierto buena foto,"@user @user muy buen día por cierto muy buen foto
","@user @user buenos días Por cierto buena foto
"
"tengo muchas ganas de mimitos, y sabia que pasaria y ahora pos  a ser fuerte o algo",0,"tengo muchas ganas de mimitos, y sabía que pasaría y ahora pos a ser fuerte o algo
","tengo ganas mimitos, sabia pasaria ahora ser fuerte algo
","tengo ganas mimitos ser fuerte algo
","tengo muchas ganas de mimito, y sabia que pasaria y ahora pos a ser fuerte o algo","tengo ganas mimitos, sabia pasaria ahora ser fuerte algo
"
"@user Disculpa, no estuvimos en Twitter  Si lo volvéis a hacer no dudéis en mencionarnos!",1,"@user Disculpa, no estuvimos en Twitter. Si lo volvéis a hacer, no dudéis en mencionarnos.
","Disculpa estuvimos Twitter volvéis hacer mencionarnos.
","Disculpa estuvimos Twitter mencionarnos.
","@user Disculpa, no estuvimos en Twitter Si lo volvéis a hacer no dudéis en mencionarnos","Disculpa estuvimos Twitter volvéis hacer mencionarnos.
"
@user espero sobretodo tenerla con mi niño  jajajaja. gracias guapa ♥,2,@user espero sobretodo tenerla con mi niño jajajaja. gracias guapa ♥,"espero niño gracias guapa 
","espero niño gracias guapa 
",@user espero sobretodo tenerla con mi niño jajajaja gracias guapa ♥,"espero niño gracias guapa
"
"@user @user estoy cansado ya de salir a la calle y que todo el mundo me para para hacer fotos, esta vida es muy dura",0,"@user @user estoy cansado ya de salir a la calle y que todo el mundo me para para hacer fotos, esta vida es muy dura","cansado salir calle mundo fotos vida dura
","cansado salir calle mundo fotos vida dura
","@user @user estoy cansado ya de salir a la calle y que todo el mundo me para para hacer fotos, esta vida es muy dura","cansado salir calle mundo fotos vida dura
"
"Aahhh bueno, gracias a todos por sus buenas vibras, sí quede para el trabajo",1,"Aahhh bueno, gracias a todos por sus buenas vibras, sí quede para el trabajo",Bueno gracias trabajo,"Aahhh gracias trabajo.
","Aahhh bueno, gracias a todos por sus buenas vibras, sí quede para el trabajo
","buen grac trab
"
@user me siento muy identificada con tus tweet y vi tu cuenta porque mi mejor amiga aveces da rt a tus cosas,2,@usuario me siento muy identificada con tus tuits y vi tu cuenta porque mi mejor amiga a veces da rt a tus cosas,user siento identificada tweet vi cuenta amiga rt cosas,"usuario siento identificada tuits vi cuenta amiga rt cosas
","@user me siento muy identificada con tus tweet y vi tu cuenta porque mi mejor amiga aveces da rt a tus cosas
","user siento identificada tweet vi cuenta amiga rt cosas
"
@user lastimosamente gran parte de entradas se ganaron los REVENDEDORES como siempre,0,@user lastimosamente gran parte de entradas se ganaron los revendedores como siempre,"user entradas ganaron REVENDEDORES siempre
",user entradas revendedores siempre,@user lastimosamente gran parte entradas se ganaron revendedores siempre,"user entradas ganaron vendedor siempre
"
@user póntela y te das una vuelta por Málaga porfa,1,@user póntela y te das una vuelta por Málaga porfa,"user vuelta Málaga
","user vuelta Málaga
","@user pon y te das una vuelta por Málaga porfa
","user vuelta Málaga
"
"El último día de trabajo, al fin",2,"El último día de trabajo, al fin","último día trabajo fin
","último día trabajo fin
","El último día de trabajo, al fin
","último día trab fin
"
"Estaba dormida y me desperté por un mensaje,ahora no puedo dormir.",0,"Estaba dormida y me desperté por un mensaje, ahora no puedo dormir.
","dormida desperté mensaje ahora puedo dormir
","dormida desperté mensaje puedo dormir
","Estaba dormida y me desperté por un mensaje, ahora no puedo dormir.
","dormida desperté mensaje ahora puedo dormir
"
"@user  ""chatarra"" es a lo que llamas piezas de misiles de alta gama, bombas, cohetes, todas diseñadas por él",1,"chatarra es a lo que llamas piezas de misiles de alta gama, bombas, cohetes, todas diseñadas por él",pieza misiles alta gama bombas cohetes diseñada él,piezas misiles alta gama bombas cohetes diseñadas él,"@user  ""chatarra"" es a lo que llamas piezas de misiles de alta gama, bombas, cohetes, todas diseñadas por él","pieza misiles alta gama bombas cohetes diseñada él
"
Y yo!! pero no soy famoso  Lugar muy recomendable y las de Colon tambien!! http,2,"Y yo, pero no soy famoso Lugar muy recomendable y las de Colón también http
","yo famoso Lugar recomendable Colon tambien http
","yo famoso Lugar recomendable Colón también
","yo!! pero no soy famoso Lugar muy recomendable y las de Colon tambien!! http
","yo famoso Lugar recomendable Colon tambien http
"
Mi hermana y mi mamá hablando con sus personas importantes y yo acá haciendo mi tarea de cálculo con dolor de cabeza,0,mi hermana y mi mamá hablando con sus personas importantes y yo acá haciendo mi tarea de cálculo con dolor de cabeza,hermana mamá personas importante tarea cálculo dolor cabeza,"hermana mamá personas importante tarea cálculo dolor cabeza
","Mi hermana y mi mamá hablando con sus personas importantes y yo acá haciendo mi tarea de cálculo con dolor de cabeza
",hermana mamá persona importan tarea calcul dolor cabe
@user empezando Python con @user emocionada,1,@user empezando Python con @user emocionada,"empezando Python emocionada
","empezando Python emocionada
","@user empezando python con @user emocionada
","empezando Python emocionada
"
@user Tengo unas enormes ganotas de conocerte,2,"@user tengo unas enormes ganas de conocerte
",Tengo ganotas conocerte,"@user enormes ganas conocerte
","@user Tengo unas enormes ganotas de conocerte
","Tengo ganas conocerte
"
"""Bla bla bla...eres la mejor pero no te quiero en mi vida, bla bla bla.."" lo de siempre!",0,"bla bla bla...eres la mejor pero no te quiero en mi vida, bla bla bla.."" lo de siempre!
","mejor no te quiero vida siempre
","mejor no quiero vida siempre
","bla bla bla...eres la mejor pero no te quiero en mi vida, bla bla bla.."" lo de siempre!
","mejor no te quiero vida siempre
"
Y bueno las cosas llegan cuando no las dices..... recierto,1,"Y bueno las cosas llegan cuando no las dices.... recierto
","cosas llegan cuando no las dices
recierto
","cosas llegan cuando no las dices
recierto
","y bueno las cosas llegan cuando no las dices..... recierto
","cosas llegan cuando no las dices
recierto"
"@user Gracias  ya me pasó una vez y los antibióticos fueron milagrosos, estoy deseando que vuelva mi madre con ellos",2,"@user Gracias ya me pasó una vez y los antibióticos fueron milagrosos, estoy deseando que vuelva mi madre con ellos.
",Gracias ya pasó vez antibióticos milagrosos deseando madre vuelva ellos,"Gracias ya pasó vez antibióticos milagrosos deseando madre vuelva ellos.
","@user gracias ya me pasó una vez y los antibióticos fueron milagrosos, estoy deseando que vuelva mi madre con ellos
","gracias ya pasó vez antibióticos milagrosos deseando madre vuelva ellos
"
@user no que eso es ilegal,0,"@usuario no que eso es ilegal
",@user eso ilegal,"usuario que eso ilegal
","@user no que eso ilegal
","@user eso ilegal
"
@user te doy un poquito,1,@user te doy un poquito,@user doy poquito,@user doy poquito,"@user te doy un poquito
","@user doy poquito
"
@user @user las palabras y las emociones que generan son muy útiles para generar cambios,2,@user @user las palabras y las emociones que generan son muy útiles para generar cambios,"palabras emociones generan cambios
",palabras emociones generan cambios,"@user @user las palabras y las emociones que generan son muy útiles para generar cambios
","palabra emoción genera cambi
"
"Llevo toda la mañana haciendo cosas y no he podido ver ni moon lovers, ni signal, ni nada",0,"Llevo toda la mañana haciendo cosas y no he podido ver ni moon lovers, ni signal, ni nada","Haciendo cosas no he podido ver moon lovers signal nada.
",Haciendo cosas no he podido ver moon lovers signal nada.,"Llevo toda la mañana haciendo cosas y no he podido ver ni moon lovers, ni signal, ni nada
","Haciendo cosas no he podido ver moon lovers signal nada.
"
Ay la canción de tercer cielo,1,"Ay la canción de tercer cielo
","canción tercer cielo
","canción tercer cielo
","Ay la canción de cielo
","canción tercer cielo
"
"@user Gracias por lo de ""ídolo""  Aunque solo soy una persona normal y corriente que escribe libros",2,@user gracias por lo de “ídolo” aunque solo soy una persona normal y corriente que escribe libros,Gracias persona normal libros.,gracias persona normal escribe libros,"@user gracias por lo de ""idolo"" aunque solo soy una persona normal corriente que escribe libros
","gracias persona normal libros
"
"@user cucha, una independentista escribiendo en español!! Por muy del Barça que soy, te vas a buscar la vida  grassias.",0,"@usuario cucha, una independentista escribiendo en español!! Por muy del Barça que sea, te vas a buscar la vida gracias.
",@user cucha independentista escribiendo español Por Barça soy te vas buscar vida grassias,usuario cucha independentista escribiendo español Por Barça vida,"@user cuca, independentista escribiendo español!! por del Barça soy, te vas buscar vida grassias.
","@user cucha independentista escribiendo espaňol Por Barça soy te vas buscar vida grassias
"
"@user que buena, esos alucinados que fingen ser Lobos, y esos que fingen ser gay y no saben nada de nosotros",1,"@usuario que buena, esos alucinados que fingen ser lobos, y esos que fingen ser gay y no saben nada de nosotros",@user buena esos alucinados fingen Lobos fingen gay saben nada nosotros,usuario buena esos alucinados fingen lobos fingen gay saben nosotros,"@user que buena, esos alucinados que fingen ser Lobos, y esos que fingen ser gay y no saben nada de nosotros","@user buena esos alucinados fingen Lobos fingen gay saben nada nosotros
"
@user @user @user gggg pues habrá que hacer algo conmemorativo en tu bar,2,@user @user @user gggg pues habrá que hacer algo conmemorativo en tu bar,user user user gggg habrá hacer conmemorativo bar,user user user gggg habrá hacer conmemorativo bar,"@user @user @user gggg pues habrá que hacer algo conmemorativo en tu bar
","user user user gggg habrá hacer conmemorativo bar
"
Se me dan muy mal las despedidas,0,Se me dan muy mal las despedidas,Me dan mal despedidas.,me dan mal despedidas,Se me dan muy mal las despedidas,"Me dan mal despedidas.
"
Entró a trabajar a la 1:30 p.m y yo en San Carlos Mi tío cree que voy a llegar puntual.,1,"Entró a trabajar a la una y media p.m. y yo en San Carlos. Mi tío cree que voy a llegar puntual.
","Entró trabajar 1:30 p.m. yo San Carlos Mi tío cree voy llegar puntual.
","Entró trabajar una media p.m. yo San Carlos. Tío cree voy llegar puntual.
","Entró a trabajar a la 1:30 p.m y yo en San Carlos Mi tío cree que voy a llegar puntual.
","Entró trabajar 1:30 p.m. yo San Carlos Mi tío cree voy llegar puntual.
"
"@user @user siiiii, y de nuevo estoy en lista para ir al programa. Y luego el concierto de OT",2,"@usuario @usuario síiiii, y de nuevo estoy en lista para ir al programa. Y luego el concierto de OT",usuario usuario síiiii y de nuevo estoy lista ir programa luego concierto OT,usuario usuario síiii y de nuevo estoy lista ir programa luego concierto OT,"@user @user siiiii, y de nuevo estoy en lista para ir al programa. Y luego el concierto de OT","usuario usuario síiiii y de nuevo estoy lista ir program luego concierto OT
"
"Entiendo que mi tarjeta gráfica se muera, lo que no entiendo es porque puedo ver algunos vídeos y otros no...",0,"Entiendo que mi tarjeta gráfica se muerda, lo que no entiendo es porque puedo ver algunos vídeos y otros no...
","Entiendo tarjeta gráfica se muera lo no entiendo porque puedo ver vídeos otros.
","Entiendo tarjeta gráfica se muerda lo no entiendo porque puedo ver vídeos otros no.
","Entiendo que mi tarjeta gráfica se muera, lo que no entiendo es porque puedo ver algunos vídeos y otros no...
","Entiendo tarjeta gráfica se muera lo no entiendo porque puedo ver vídeos otros.
"
"@user A falta de varias suyas (como Big Fish, ya bajada) me quedo co ""Pesadilla antes de Navidad"" y ""James y el melocotón gigante""",1,"A falta de varias suyas (como Big Fish, ya bajada) me quedo con “Pesadilla antes de Navidad” y “James y el melocotón gigante”.","@user Falta varias suyas Big Fish, bajada me quedo Pesadilla Navidad James melocotón gigante.
","A falta varias suyas Big Fish ya bajada quedo Pesadilla Navidad James melocotón gigante.
","@user A falta de varias suyas (como Big Fish, ya bajada) me quedo co “Pesadilla antes de Navidad” y “James y el melocotón gigante”.
","@user Falta varias suyas Big Fish, bajada me quedo Pesadilla Navidad James melocotón gigante.
"
"@user bien!!!viva México,viva los pueblos indígenas,viva una América libre!!!",2,"bien, viva, méxico, viva, pueblos, indígenas, viva, américa, libre","bien México pueblos indígenas América libre
","México pueblos indígenas américa libre
","@user bien!!!viva México,viva los pueblos indígenas,viva una América libre!!!
","bien México pueblos indígenas América libre
"
"@user no había visto tu respuesta!Sí, sí, sé que es correcto, lo consulté , pero es poco habitual, llamativo, algo friki... no?",0,"@usuario no había visto tu respuesta!Sí, sí, sé que es correcto, lo consulté, pero es poco habitual, llamativo, algo friki... no?",visto respuesta Sí sí sé correcto consulté poco habitual llamativo friki no,usuario visto respuesta Sí sí sé correcto consulté poco habitual llamativo friki no,"@user no habia visto tu respuesta!Si, si, se que es correcto, lo consulte, pero es poco habitual, llamativo, algo friki... no?
","visto respuesta sí sí sé correct consult poco habitual llamativo friki no
"
Mañana se madruga para ir a trabajar a la casi frontera norte. Si puedo me paso y voy por Toñas y tostones,1,Mañana se madruga para ir a trabajar a la casi frontera norte. Si puedo me paso y voy por toñas y tostones.,Mañana trabajar casi frontera norte. Puedo paso voy Toñas tostones.,Mañana trabaja norte. Si puedo paso voy toñas tostones.,"Mañana se madruga para ir a trabajar a la casi fronteras norte. Si puedo me paso y voy por Tonas y tostones.
","Mañana trabajar casi fronter norte. Puedo paso voy Tonas tostones.
"
"Un hastag por un buen motivo, dadle a tope venga  #demoslelavuelta",2,"Una hashtag por un buen motivo, dadle a tope vengan #demoslelavuelta","hashtag buen motivo venga demosle vuelta
",hashtag buen motivo dadle tope vengan demosluvuelta,"un hastag por un buen motivo, dadle tope venga 
","hashtag buen motivo venga demosle vuelta
"
lo q mas odio de ir al centro es cuando cojo el bus sola  vaya aburrimiento me siento sola,0,lo q más odio de ir al centro es cuando cojo el bus sola vaya aburrimiento me siento sola,q odio centro cojo bus sola vaya aburrimiento siento sola,más odio centro cojo bus sola vaya aburrimiento siento sola,"lo q mas odio de ir al centro es cuando cojo el bus sola vaya aburrimiento me siento sola
","q odio centro cojo bus sola vaya aburrimiento siento sola
"
"El próximo vídeo es simplemente explicando cómo participar para salir en ""Respondiendo en Verso"" especial 500.000",1,El próximo vídeo es simplemente explicando cómo participar para salir en “Respondiendo en Verso” especial 500.000,"Próximo vídeo explicando cómo participar salir Respondiendo Verso especial 500.000.
",Próximo vídeo explicando cómo participar salir Respondiendo Verso especial 500.000.,"El próximo vídeo es simplemente explicando cómo participar para salir en ""Respondiendo en Verso"" especial 500.000","Próximo vídeo explicando cómo participar salir Respondiendo Verso especial 500.000.
"
"@user eres un grande, la mayoría de gente no sabe diferenciarlos y es muy sad",2,"@user eres un grande, la mayoría de gente no sabe diferenciarlos y es muy triste.
","grande gente sabe diferenciarlos sad
",grande gente triste,"@user eres un grande, la mayoría de gente no sabe diferenciarlos y es muy sad
","grande gente sabe diferencíarlos sad
"
Hoy estoy un poco triste,0,Hoy soy un poco triste,"Hoy triste
","Hoy triste
","Hoy estoy un poco triste
","Hoy triste
"
@user @user @user gracias   Si lo malo de la verdad es que no necesariamente nos hace felices.,1,"@user @user @user gracias   Si lo malo de la verdad es que no necesariamente nos hace felices.
","gracias Si malo verdad no necesariamente felices.
",gracias Si malo verdad no necesariamente felices.,"@user @user @user gracias   Si lo malo de la verdad es que no necesariamente nos hace felices.
","gracias Si malo verdad no necesariamente felices.
"
@user te deseo muchísima suerte en tu próxima aventura tío,2,@user deseo suerte próxima aventura tío,"deseo suerte aventura
","deseo aventura tío
","@user te deseo muchísima suerte en tu próxima aventura tío
","deseo suerte aventura
"
@user Lo feo es llegar al reina sofía y que los descuentos de estudiante sean para menores de 27 años,0,lo feo es llegar al reina sofía y que los descuentos de estudiante sean para menores de 27 años,usuario Llego reina sofía descuentos estudiante menores 27 años,feo llegar reina sofía descuentos estudiante menores 27 años,@user Lo feo es llegar al reina sofía y que los descuentos de estudiante sean para menores de 27 años,"usuario llego reina sofía descuentos estudiante menores 27 años
"
@user sii!! antes que entremos a clases tierna,1,@user ser!! antes que entremos a clases tierna,"sii clases tierna
","user ser clases tierna
","@user sii!! antes que entremos a clases tierna
","sii clases tierna
"
Por esos amigos que les dices que estas triste y ya te están planeando las salidas hasta los viajes a futuro con ellos Como los quiero,2,por esos amigos que les dices que estas triste y ya te están planeando las salidas hasta los viajes a futuro con ellos como los quiero,amigos planeando salidas viajes futuro quiero,"esos amigos estas triste planeando salidas viajes futuro ellos quiero
","Por esos amigos que les dices que estas triste y ya te están planeando las salidas hasta los viajes a futuro con ellos Como los quiero
","amigos planeando salidas viajes futuro quiero
"
"@user Me apiado de ti, yo me entero de que existen porque tú los encuentras. O sea, alguien los lee primero",0,"@user me apuesto de ti, yo me entero de que existen porque tú los encuentras. O sea, alguien los lee primero.
","@user  apiado ti, yo entero que existen tú los encuentras. O sea, alguien los lee primero.
",@user apuesto tú encuentras alguien lee.,"@user me apiado de ti, yo me entero de que existen porque tú los encuentras. O sea, alguien los lee primero
","@user apiado ti, yo entero que existen tú los encuentras. O sea, alguien los lee primero.
"
Quiero hacerle algo especial a David para que cuando lo vea sonria pero no se me ocurre nada,1,Quiero hacerle algo especial a David para que cuando lo vea sonría pero no se me ocurre nada,hacer David sonría no me ocurre nada,"Hacerle especial David que vea sonría no se me ocurre nada.
",Quiero hacerle algo especial a David para que cuando lo vea sonría pero no se me ocurre nada,"hacer David sonría no me ocurre nada
"
"Lo conseguí, fin de inventario, despues de dos dias de duro trabajo, ahora a dormir, ya huelo laas vacacioness",2,"lo conseguí, fin de inventario, después de dos días de duro trabajo, ahora a dormir, ya huelo las vacaciones","conseguí, fin inventario, días duro trabajo, ahora dormir, huelo vacaciones.
","conseguí, inventario, días duro trabajo, dormir, huelo vacaciones.
","Lo conseguí, fin de inventario, despues de dos dias de duro trabajo, ahora a dormir, ya huele las vacaciones
","conseguí, fin inventario, días duro trabajo, ahora dormir, huelo vacaciones.
"
"@user que yo recuerde, no le he faltado al respeto, pase usted un buen día. Salud y república",0,"@user que yo recuerde, no le he faltado al respeto, pase usted un buen día. Salud y república","user recuerde no le faltado respeto pase buen día Salud república
",user respeto yo recuerde no le faltado haber usted buen día Salud república,"@user que yo recuerde, no le he faltado al respeto, pase usted un buen día. Salud y república","user recuerde no le faltado respeto pase buen día salud república
"
Yo ahora podría estar en mi casa de zgz viendo los premios en la tele tan ricamente l tenerlos grabados pero no,1,"Yo ahora podría estar en mi casa de zgz viendo los premios en la tele tan ricamente tenerlos grabados pero no.
",ahora podría estar casa zgz viendo premios tele ricamente tenerlos grabados no,"ahora podría estar casa zgz viendo premios tele ricamente tenerlos grabados no.
","yo ahora podria estar en mi casa de zgz viendo los premios en la tele tan ricamente l tenerlos grabados pero no
",ahora podría estar casa zgz viendo premios tele ricamente tenerlos grabados no
Acampar es de mis actividades más favoritas del mundo mundial,2,Acampar es de mis actividades más favoritas del mundo mundial,Campar actividades favoritas mundo.,"Campar actividades favoritas mundo.
","Acampar es de mis actividades más favoritas del mundo mundial
","Camp activ favorit mund
"
Necesito que sea viernes para que paguen. Estoy en la miseria total,0,"Necesito que sea viernes para que paguen. Estoy en la miseria total.
","Necesito viernes paguen. Miseria.
","Necesito viernes paguen.  Miseria.
","Necesito que sea vieres para que paguen. Estoy en la miseria total.
","Necesito viernes paguen. Miseria.
"
Martita guapa verde Brandon  Se que no pega la foto pero  http,1,"Martita guapa verde Brandon Se que no pega la foto pero http
",Martita guapa verde Brandon foto no pega http,Martita guapa verde Brandon Se foto no pega,"Martita guapa verde Brandon Se que no pega la foto pero http
","Martita guapa verde Brandon foto no pega http
"
@user Muchas gracias!! Feliz por haber formado parte de esta edición del Master!,2,"@user Muchas gracias!! Feliz por haber formado parte de esta edición del Master!
",Master edición parte haber feliz gracias,"Master
",@user muchas gracias!! feliz por haber formado parte de esta edición del master!,"Master edición parte haber feliz gracias
"
"Lo malo de no poder dormir, es que a estas horas no tengo a quien molestar, todos duermen.",0,"Lo malo de no poder dormir, es que a estas horas no tengo a quien molestar, todos duermen.
","Malo no poder dormir, que a estas horas tengo molestar, duermen.
","Malo no poder dormir, que a estas horas tengo nadie duermen.","Lo mal de no poder dormir, es que a estas horas no tengo a quien molestar, todos duermen.
","Malo poder dormir, que a estas horas tengo molestar, duermen.
"
Mientras mi jefe no se entere todo ok lol Los demás si tenemos sentido común,1,"Mientras mi jefe no se entere todo ok lol Los demás si tenemos sentido común.
",Mi jefe no se entere todo ok sí tenemos sentido común.,"jefe entere todo ok demás sentido común
","Mientras mi jefe no se entere todo ok lol Los demás si tenemos sentido común
","Mi jefe no se entere todo ok sí tenemos sentido común.
"
"¡Buenos días! Aquí andamos, con el Síndrome post-Uncharted 4 :S Necesito jugar los 5 de golpe... Peeeero no hay tiempo",2,"¡Buenos días! Aquí andamos, con el síndrome post-Uncharted 4 :S Necesito jugar los 5 de golpe... Peeeero no hay tiempo",Buenos días Aquí andamos Síndrome postUncharted 4 Necesito jugar 5 golpe Peeeero no hay tiempo,Buenos días Aquí andamos síndrome Uncharted 4 Necesito jugar 5 golpe Peeeero no hay tiempo,"¡Buenos días! Aquí andamos, con el Síndrome post-Uncharted 4 :S Necesito jugar los 5 de golpe... Peeeero no hay tiempo","Buenos días Aquí andamos Síndrome postUncharted 4 Necesito jugar 5 golpe Peeeero no hay tiempo
"
"@user Tu vida ha parido a un grandisimo hijo de la gran p... , un maravilloso hombre!!.",0,"@user Tu vida ha partido a un grandísimo hijo de la gran p…, un maravilloso hombre!!","Tu vida parido grandisimo hijo maravilloso hombre.
","Tu vida grandísimo hombre maravilloso.
","@user Tu vida ha parido a un grandisimo hijo de la gran p..., un maravilloso hombre!!.
","Tu vida parido grandisimo hijo maravilloso hombre.
"
@user @user @user @user @user el tiempo dirá . Ojo xq a Ps las 3ras tb le vienen terrible. #Pdr4President,1,@user @user @user @user @user el tiempo dira. ojo xq a ps las 3ras tb le vienen terrible. #pdr4president,"tiempo dirá Ojo Ps 3ras le vienen terrible.
","tiempo dira ojo q a ps 3ras tb le vienen terrible
","@user @user @user @user @user el temps dir ser. Ojo xq a Ps les 3rs tb venir terrible. #Pdr4President
","tiempo dirá ojo ps 3ras le vienen terrible
"
Felicidades a mi bonita @user  Espero verte muy pronto y que vengas de una vez a una quedada  Te amo magicamente bebe ♥,2,Felicidades a mi bonita usuario Espero verte muy pronto y que vengas de una vez a quedada Te amo magicamente bebe ♥,Felicidades mi bonita user Espero verte pronto quedada Te amo magicamente bebe ♥,Felicidades usuario Espero verte pronto quedada Te amo magicamente bebe ♥,Felicitades a mi bonita usuari Espero verte muy pronto y que vengas de una vez a quedada Te amo magicamente bebe ♥,"Felicitades mi bonita user Espero verte pronto quedada Te amo magicamente bebe ♥
"
"@user mica va a estar ne la 8g, porque sus palabras en ig me hace dudar, igual si sigue cbt peru y se queda alla mejor",0,"@user va a estar en la 8, porque sus palabras en ig me hacen dudar, igual si sigue cbt peru y se queda allá mejor",mica estar 8g palabras ig dudar seguir cbt peru queda alla,"@user estar 8, palabras ig dudar, igual sigue cbt peru quedar allá","@user mica va a estar ne la 8g, porque sus palabras en ig me hace dudar, igual si sigue cbt peru y se queda alla mejor","mica estar palabra dudar seguir cbt peru queda alla
"
Hola me complacerían con #ParaOlvidarte de @user por faaaaa Saludos desde Liberia @user,1,Hola me complacerían con para olvidar de user por favor saludos desde Liberia user,"Hola complacerían Olvidarte Saludos Liberia.
","Hola me complacerían olvidar user saludos Liberia user
",Hola me complacerían con ParaOlvidarte de user por fa Saludos desde Liberia user,"Hola complacerían Olvidarte Saludos Liberia.
"
"@user en cualquier caso gracias por tu ""welcome back"". Qué cálido ha sido",2,en cualquier caso gracias por tu bienvenida. qué cálido ha sido,"user gracias welcome back cálido
","caso gracias bienvenida cálido
","@user en cualquier caso gracias por tu “welcome back”. Qué cálido ha sido.
","user gracias welcome back cálido
"
En mi casa todos morirán el día que haya un terremoto. Nadie me hace caso. Yo la única zonza parada en toalla en la calle.,0,"En mi casa todos morirán el día que haya un terremoto. Nadie me hace caso. Yo la única persona parada en toalla en la calle.
","En casa todos morirán día terremoto. Nadie me hace caso. Yo única zonza parada toalla calle.
","En casa todos morirán día terremoto. Nadie me hace caso. Yo persona parada toalla calle.
","En mi casa todos morirán el día que haya un terremoto. Nadie me hace caso. Yo la única zonza parada en toalla en la calle.
","En casa todos morirán día terremoto. Nadie me hace caso. Yo unica zonza parada toalla calle.
"
"@user de aquí nace una bonita amistad  Pero bueno, si la decpeción es solo por el software ni tan mal! @user @user",1,"@usuario de aquí nace una bonita amistad. Pero bueno, si la decpeción es solo por el software ni tan mal! @usuario @usuario",@user aquí bonita amistad Pero bueno si decpeción solo software tan mal @user @user,"usuario amistad bonita amistad decpeción software mal
","@user de aquí nace una bonita amistad  Pero bueno, si la decpeción es solo por el software ni tan mal! @user @user","@user aquí bonita amistad Pero bueno si decpeción solo software tan mal @user @user
"
Como cuando soy muy chineada y me traen almuerzo al trabajo  Gracias @user,2,como cuando soy muy chineada y me traen almuerzo al trabajo gracias @user,Cuando soy chineada me traen almuerzo trabajo Gracias user,cuando soy chineada traen almuerzo trabajo gracias user,Como cuando soy muy chineada y me traen almuerzo al trabajo Gracias @user,"Cuando soy chinada me traen almoce trabajo Gracias user
"
"@user No sé si está traducido, yo lo busqué hace tiempo y sólo lo encontré subtitulado",0,"@usuario No sé si está traducido, yo lo busqué hace tiempo y sólo lo encontré subtitulado.
",sé traducido busqué tiempo encontré subtitulado,usuario traducid busqu lo encontr subtitulad,"@user No sé si está traducido, yo lo busqué hace tiempo y sólo lo encontré subtitulado","sé traducido busqué tiempo encontré subtitulado
"
"@user en realidad si. Clarke aun esta ahi quiero ver q hacen con su personaje, asi q no se q hacer haha",1,"en realidad si. Clarke aun ser ahi quiero ver q hacen con su personaje, asi q no se hacer haha
","Clarke aun esta ahi quiero ver hacen personaje asi no hacer haha
",realidad si Clarke aun ver quiero hacer personaje asi no hacer haha,"@user en realidad si. Clarke aun esta ahi quiero ver q hacen con su personaje, asi q no se hacer haha
","clarke aun esta ahi quiero ver hace personaj asi no hace haha
"
@user conmigo siemprw puedes hablar,2,"@user conmigo siempre puedes hablar
",@user puedes hablar,"@user siempre puedes hablar
","@user conmigo siempru puedes hablar
","@user puedes hablar
"
"@user @user te mato, mañana por la noche máximo eeh. Te dejo que descanses hoy",0,"@user @user te mato, mañana por la noche máximo eeh. Te dejo que descanses hoy",@user @user mato mañana noche eeh descanses hoy,@user @user mato mañana noche eeh descanses hoy,"@user @user te mato, mañana por la noche máximo eeh. Te dejo que descanses hoy
","@user @user mato mañana noche eeh descanses hoy
"
"@user @user esa es ground speed, ahi le influye el viento en cola que debia tener el avion, saludos",1,"@usuario @usuario esa es velocidad_horizontal, ahí le influye el viento_de_cola que debía tener el avión, saludos","@user @user ground speed, influye viento cola avion, saludos","usuario usuario velocidad horizontal viento cola avión saludos
","@user @user esa ground speed, ahi influye viento cola avion, saludos","@user @user ground speed, influye viento cola avion, saludos"
"Hola buenos días, me he dormido a las 5 y algo y me acabo de despertar y se me ha ido el sueño",2,"Hola buenos días, me he dormido a las 5 y algo y me he despertado y se me ha ido el sueño",Hola buenos días me dormido 5 algo despertar se me ido sueño,Hola buenos días me dormido 5 algo despertado se me ido sueño,"Hola buenos días, me he dormido a las 5 y algo y me acabo de despertar y se me ha ido el sueño",Hola buenos días me dormido 5 algo despertar se me ido sueño
"@user Jo  no me parece bien porque se va a ir Yessica a la primera, pero bueno al menos ha llegado al TOP8, no la esperaba aqui.",0,"@user Yo no me parece bien porque se va a ir Yessica a la primera, pero bueno al menos ha llegado al TOP8, no la esperaba aquí.","@user Jo  Yessica no va a ir, pero bueno al menos ha llegado TOP8, no esperaba aqui.
",@user parece mal Yessica va primera bueno ha llegado TOP8 esperaba aquí.,"@user Jo  no me parece bien porque se va a ir Yessica a la primera, pero bueno al menos ha llegado al TOP8, no la esperaba aqui.
","@user Jo  Yessica no va a ir, pero bueno al menos ha llegado TOP8, no esperaba aqui.
"
Aquí por lo menos no está solo ELF ... En ese entonces...pfff.... solo estaba Cloud,1,"Aquí por lo menos no está solo ELF... En ese entonces...pfff.... solo estaba Cloud.
","Aquí solo ELF no está solo... En entonces...pfff.... solo estaba Cloud.
","Aquí solo ELF... En entonces...pfff.... solo Cloud.
","Aquí por lo menos no está solo elf... En ese entonces...pfff.... solo estaba cloud
","Aquí solo ELF no está solo... En entonces...pfff.... solo estaba Cloud.
"
Menuda joyica @user que has reclutado para tus tierras,2,Menuda joya has reclutado para tus tierras,joyica reclutado tierras,joya reclutado tierras,"Menuda joyica @user que has reclutado para tus tierras
","joya recluta tierra
"
Hubiera tenido novia y hubiera pasado en más chill y menos Netflix estos 22 días de la casa sola,0,"Hubiera tenido novia y hubiera pasado en más chill y menos Netflix estos 22 días de la casa sola
","Tenía novia pasado chill menos Netflix días casa sola.
",tenido novia pasado chill menos Netflix días casa sola,"Hubiera tenido novia y hubiera pasado en más chill y menos Netflix estos 22 días de la casa sola
","Tenía novia pasado chill menos Netflix días casa sola.
"
Si ocupan gente para una mejenga yo estoy disponible,1,Si ocupan gente para una mejilla yo estoy disponible,"ocupan gente mejenga disponible
",Si gente mejilla yo disponible,Si ocupan gente para una mejeng yo estoy disponible,"ocupan gente mejenga disponible
"
"@user Te la recomiendo, parece monótona pero hay capítulos que vuelven a subir el interés",2,"@user la recomiendo, parece monótona pero hay capítulos que vuelven a subir el interés",user recomienda parece monótona capítulos vuelven interés,user recomienda parece monótona capítulos vuelven interés,"@user te la recomiendo, parece monótona pero hay capítulos que vuelven a subir el interés
","user recomienda parece monótona capítulos vuelven interés
"
@user @user @user qué mazo utilizáis? No me dejéis con la miel en los labios,0,"@user @user @user qué mazo utilizáis? No me dejéis con la miel en los labios.
",qué utilizáis no me dejéis miel labios,"mazo utilizáis no me dejéis miel labios
","@user @user @user qué mazo utilizáis? No me dejéis con la miel en los labios
","qué utilizáis no me dejéis miel labios
"
"@user una pena, en serio, aún no se saben las causas, verdad?",1,"una pena, en serio, aún no se saben las causas, verdad",user pena serio aún causas verdad,pena serio aún causas verdad,"@user una pena, en serio, aún no se saben las causas, verdad?
","usuario pena serio aún causas verdad
"
"En mi cabeza, en mi cabeza vas dando vueltas! Estoy muy emocionado por algo GIGANTE que se me viene!!!!!!",2,"En mi cabeza, en mi cabeza vas dando vueltas! Estoy muy emocionado por algo gigante que me viene.",cabeza vueltas emocionado gigante,"Mi cabeza, cabeza vas dando vueltas! Emocionado algo gigante viene.","En mi cabeza, en mi cabeza vas dando vueltas! Estoy muy emocionado por algo GIGANTE que se me viene!!!!!!
","cabeza vueltas emocionado gigante
"
@user lo malo que el palmarés de los que se han ido era mientras jugaban en el @user,0,@usuario lo malo que el palmarés de los que se han ido era mientras jugaban en el @usuario,"@user malo palmarés que se han ido jugaban.
",usuario malo palmarés que se han ido jugaban usuario,@user lo malo que el palmarés de los que se han ido era mientras jugaban en el @user,"@user malo palmarés que se han ido jugaban.
"
"@user Hmm no sé qué decirte, mientras no dejes la jaula abierta no pasa nada  Pero se recomienda que salgan un ratito al día +",1,"@user Hmm no sé qué decirte, mientras no dejes la jaula abierta no pasa nada Pero se recomienda que salgan un ratito al día","@user  no sé qué decirte mientras no dejes la jaula abierta no pasa nada Pero se recomienda que salgan un ratito al día 
",@user  no sé qué decirte mientras no dejes la jaula abierta no pasa nada Pero se recomienda que salgan un ratito al día,"@user Hmm no sé qué decirte, mientras no dejes la jaula abierta no pasa nada Pero se recomienda que salgan un ratito al día","@user no sé qué decirte mientras no dejes la jaula abierta no pasa nada Pero se recomienda que salgan un ratito al día
"
@user Siempre puedes levantar la vista y ver el cielo azul y rascacielos.,2,"@user Siempre puedes levantar la vista y ver el cielo azul y rascacielos.
",@user puedes levantar vista ver cielo azul rascacielos,"@user puedes levantar vista ver cielo azul rascacielos
","@user siempre puedo levantar la vista y ver el cielo azul y rascacielos
","@user puedes levantar vista ver cielo azul rascacielos
"
@user Que cabrito   y te quito años  @user perdónale porque no sabe lo que dice... o si ? Abrazo a los dos,0,@user que cabrito y te quito años @user perdónale porque no sabe lo que dice o si abrazo a los dos,cabrito te quito años perdónale no sabe lo que dice si Abrazo dos,@user cabrito te quito años perdónale no sabe lo que dice abrazo dos,"@user que cabrito y te quito años @user perdónale porque no sabe lo que dice o si abrazo a los dos
","cabrito te quito años perdónale no sabe lo que dice si abrazo dos
"
"@user @user @user sip, te entendí por tu tuit anterior",1,"@user @user @user sip, entendí por tuit anterior","sip entendí tuit anterior
",user entendí tuit,"@user @user @user sip, te entendí por tu tuit anterior
","sip entendí tuit anterior
"
"Sigo imbatible ganando a Fifa siendo visitante en otras casas. Esta vez ha costado mucho más, pues era en Fifa 13 de 360",2,"Sigo imbatible ganando a Fifa siendo visitante en otras casas. Esta vez ha costado mucho más, pues era en Fifa 13 de 360.
","Sigo ganando Fifa visitante casas. Esta vez ha costado mucho más, era Fifa 13 360.","Sigo ganando Fifa visitante casas. Esta vez ha costado mucho más, pues era Fifa 13 360.","Sigo imbatible ganando a Fifa siendo visitante en otras casas. Esta vez ha costado mucho más, pues era en Fifa 13 de 360.
","Sigo ganando Fifa visitante casas. Esta vez ha costado mucho más, era Fifa 13 360.
"
"@user @user no estoy de acuerdo, las cicatrices siempre recuerdan dolor, sufrido o provocado",0,"@user @user no estoy de acuerdo, las cicatrices siempre recuerdan dolor, sufrido o provocado",@user @user acuerdo cicatrices recuerdan dolor sufrido provocado,@user @user acuerdo cicatrices recuerdan dolor sufrido provocado,"@user @user no estoy de acuerdo, las cicatrices siempre recuerdan dolor, sufrido o provocado","@user @user acuerdo cicatrices recuerdan dolor sufrido provocado
"
"superar un libro de Colleen Hoover con otro libro de ella es mala idea, ¿verdad?  pues lo voy a hacer ahora",1,"superar un libro de Colleen Hoover con otro libro de ella es mala idea, ¿verdad? pues lo voy a hacer ahora",superar libro Colleen Hoover otro libro ella mala idea verdad pues voy hacer ahora,superar libro Colleen Hoover otro libro ella mala idea verdad pues voy hacer ahora,"superar un libro de Colleen Hoover con otro libro de ella es mala idea, ¿verdad? pues lo voy a hacer ahora
",superar libro colleen hoover otro libro ella mala idea verdad pues voy hacer ahora
Hoy microaventura en #kayak con dos expertos kayakistas  Ría de Villaviciosa. @ El Puntal… http,2,"Hoy microaventura en kayak con dos expertos kayakistas Ría de Villaviciosa. @ El Puntal… http
",Hoy microaventura kayak expertos kayakistas Ría Villaviciosa Puntal.,"Hoy aventura kayak expertos Ría Villaviciosa Puntal.
","Hoy microaventura en #kayak con dos expertos kayakistas Ría de Villaviciosa. @ El Puntal… http
","hoy aventura kayak experto kayakista río villaviciosa puntal
"
Lo peor de estar malo y tirarse toooooodo el día durmiendo es que ahora por la noche no me duerme ni el tato...,0,Lo peor de estar malo y tirarse todo el día durmiendo es que ahora por la noche no me duerme ni el tanto.,Lo peor estar malo tirarse día durmiendo que noche no me duerme tato.,"Lo peor estar malo tirarse día durmiendo que ahora noche no me duerme tanto.
","Lo peor de estar malo y tirarse toooooodo el día durmiendo es que ahora por la noche no me duerme ni el tato...
","Lo peor estar malo tirarse día durmiendo que noche no me duerme tato.
"
y lo peor de todo es que funcionaba maldita Jaco como te quiero,1,y lo peor de todo es que funcionaba maldita jacó como te quiero,"lo peor Jaco quiero.
","lo peor funcionaba jacó te quiero
","y lo peor de todo es que funcionaba maldita Jaco como te quiero
","lo peor Jaco quiero.
"
WORK FROM HOME!! Sería espectacular y poder verlas más!  #ConMTVal727Tour,2,sería espectacular y poder verlas más,"HOME!! Poder verlas más. #ConMTVal727Tour
","espectacular poder verlas más
","WORK FROM HOME!! Sería espectacular y poderlas más! #ConMTVal727Tour
","HOME!! Poder verlas más. #ConMTVal727Tour
"
@user Pero que aún así no me creen,0,"pero que aún así no crean
",@user que aún creen,"pero crean 
","@user pero que aún así no creen
","@user que aún creen
"
Con lo tranquila que yo estaba...,1,Con lo tranquila que yo estaba,"tranquilla
","tranquilla
","Con lo tranquila que yo estaba
","tranquilla
"
"@user mercado a,  erosky y demás tienen compra online",2,"mercado, erosky y demás tienen compra online","mercado erosky demás compra online
","mercado erosky demás compra online
","@user mercado a,  erosky y demás tienen compra online
","mercado erosky demás compra online
"
"Por gusto redacté un testamento para que Ale se lo publique a Steven ... Gracias Perú, me dejaste misio y encima Ale no publica nada",0,"Por gusto redacté un testamento para que Ale se lo publique a Steven... Gracias Perú, me dejaste misión y encima Ale no publica nada.
",testamento Ale Steven Gracias Perú misio encima Ale publica nada,testamento Ale Steven Gracias Perú misión encima Ale publica nada,"Por gusto redacté un testamento para que Ale lo publique a Steven... Gracias Perú, me dejaste misio y encima Ale nada publica","testamento Ale Steven Gracias Perú misio encima Ale publica nada
"
"Trataré de ser positiva este último mes, para que no me vaya tan mal como todo el maldito año",1,"Trataré de ser positiva este último mes, para que no me vaya tan mal como todo el maldito año",Trataré ser positiva mes que no me vaya mal año.,Trataré ser positiva mes que no me vaya mal todo año.,"Trataré ser positiva este último mes, para que no me vaya tan mal como todo el maldito año
","Trataré ser positiva mes que no me vaya mal año.
"
@user @user uno de nuestros festivales favoritos!! Hemos ido dos veces,2,@user @user uno de nuestros festivales favoritos!! hemos ido dos veces,festivales favorito Hemos ido veces,festivales favorito hemos ido veces,@user @user uno de nuestros festivales favoritos!! hemos ido dos veces,"festivales favorito Hemos veces
"
no quiero q troye se haga famoso  q luego empiezan todas las de mi ciudad a mojabraguear 😡,0,no quiero que tropie se haga famoso que luego empiezan todas las de mi ciudad a mojabraguear,quiero troye haga famoso luego empiezan todas de mi ciudad mojabraguear 😡,quiero que tropie no se haga famoso luego empiezan todas las de mi ciudad mojabraguear,no quiero q troye se haga famoso q luego empiezan todas las de mi ciudad a mojabraguear 😡,"quiero troie haga famos luego empez todas de mi ciudad mojabraguear 😡
"
"Mamá haciendo limpieza  Esto no sirve, esto botalo, etc. Máááá son mis peluches , ya estás grande, acá no hay bebes!",1,"Mamá haciendo limpieza Esto no sirve, esto botallo, etc. Más son mis peluches, ya estás grande, acá no hay bebes!","Mamá limpieza
Esto botalo
Máááá peluches
ya estás grande
acá bebes","Mamá limpieza no sirve botallo peluches estás grande acá bebes
",Mamá haciendo limpieza Esto no sirve esto botalo etc Mááá son mis peluches ya estás grande acá no hay bebes,"Mamá limpieza
Esto botalo
Máááá peluches
ya estás grande
acá bebes
"
"@user estaría a un paseo en tren de Madrid, y tendría findes largos cada dos semanas...",2,"@user estaría a un paseo en tren de Madrid, y tendría fines largos cada dos semanas.","Madrid, tren, paseo, fines largos, semanas.
","Madrid, tren, paseo, semanas.","@user estaría a un paseo en tren de Madrid, y tendría findes largos cada dos semanas...
","Madrid, tren, paseo, fines largos, semanas.
"
ponedme algo que triste soy,0,"ponedme algo que triste soy
","algo triste soy
","algo triste soy
","ponedme algo que triste soy
","algo triste soy
"
@user @user @user @user el.partido estaba pa Lugano,1,@user @user @user @user el partido estaba para Lugano,"partido estaba Lugano
","partido estaba Lugano
","@user @user @user @user el.partido estaba pa Lugano
","partido estaba Lugano
"
"@user feliz sabado para ti tbm,a los tiempos entro al twitter y es agradable que a la primera persona que vea, sea a ti !!!",2,"@user feliz sábado para ti también, a los tiempos entró al twitter y es agradable que a la primera persona que vea, sea a ti!!!","feliz sabado ti tbm twitter agradable primera persona vea ti
","feliz sábado ti también tiempos entró twitter agradable persona vea ti
","@user feliz sabado para ti tbm,a los tiempos entro al twitter y es agradable que a la primera persona que vea, sea a ti!!!
","feliz sabado ti tbm twitter agradable primera persona vea ti
"
@user Te tengo que recordar quien menciono a quien primero? Igual por tener sangre ferrolana eres mas lentita,0,@user te tengo que recordar quien mencionó a quien primero? igual por tener sangre ferrolana eres más lentita,user recordar quien menciono quien primero Igual sangre ferrolana eres lentita,user recordar quien mencionó quien primero igual tener sangre ferrolana eres lentita,"@user te tengo que recordar quien menciono a quien primero? igual por tener sangre ferrolana eres mas lentita
","user recordar quien menciono quien primero Igual sangre ferrolana eres lentita
"
@user la parte de acción se me hizo muy pesada. Pero los momentos bonitos son muy bonitos,1,@usuario la parte de acción se me hizo muy pesada. Pero los momentos bonitos son muy bonitos.,@user parte acción pesada momentos bonitos bonitos,usuario parte acción pesada momentos bonitos bonitos,"@user la parte de acción se me hizo muy pesada. Pero los momentos bonitos son muy bonitos.
",@user parte acción pesada momentos bonitos bonitos
@user @user Verónika es una gran actriz y sobretodo una maravillosa persona!! Deseando verla ahí!! Besos!,2,@user @user Verónika es una gran actriz y sobretodo una maravillosa persona!! Deseando verla ahí!! Besos,Verónika actriz maravillosa persona Besos,"Verónika actriz maravillosa persona Besos
","@user @user Verónika es una gran actriz y sobretodo una maravillosa persona!! Deseando verla ahí!! Besos!
","Verónica actriz maravillosa persona Besos
"
Quiero hacer un brindis Por menos personas hipócritas en el 2017,0,Quiero hacer un brindis por menos personas hipócritas en el dos mil diecisiete,hacer brindis personas hipócritas 2017,hacer brindis personas hipócritas dos mil diecisiete,"Quiero hacer un brindis Por menos personas hipócritas en el 2017
","hacer brindis personas hipócritas 2017
"
@user @user Ninguno de los clubes lo hizo oficial pero se dice que sí,1,@user @user ninguno de los clubes lo hizo oficial pero se dice que sí,clubes lo hizo oficial sí,clubes lo oficial sí,@user @user ningún club lo hizo oficial pero se dice que sí,"clubes lo hizo oficial sí
"
@user @user bienvenido al lugar en el que una bufanda nunca sobra,2,@user @user bienvenido al lugar en el que una bufanda nunca sobra,@user @user bienvenido lugar bufanda sobra,@user @user bienvenido lugar bufanda sobra,"@user @user bienvenido al lugar en el que una bufanda nunca sobra
","@user @user bienvenido lugar bufanda sobra
"
"Rivera y Rajoy no han pactado que Nivea vuelva a lanzar pelotas de playa desde una avioneta, como cuando era pequeño. Nos vemos el 25D",0,"Rivera y Rajoy no han pactado que Nivea vuelva a lanzar pelotas de playa desde una avioneta, como cuando era pequeño. Nos vemos el 25D.
",Rivera Rajoy pactado Nivea lanzar pelotas playa avioneta cuando pequeño. Vemos 25D.,Rivera Rajoy pactado Nivea lanzar pelotas playa avioneta pequeño Nos vemos 25D.,"Rivera y Rajoy no han pactado que Nivea vuelva a lanzar pelotas de playa desde una avioneta, como cuando era pequeño. Nos vemos el 25D","Rivera Rajoy pactad Nivea lanzar pelotas playa avioneta cuando pequeñ Vemos 25D.
"
"Soy de esos que, aún cuando la comida esté lista y tenga hambre, si no me sirven me da pereza y no como",1,"Soy de esos que, aún cuando la comida esté lista y tenga hambre, si no me sirven me da pereza y no como.
",Soy de esos que aún cuando comida esté lista tengo hambre si no me sirven me da pereza no como.,"de esos que aún cuando comida esté lista tengo hambre si no me sirven me da pereza no como.
","Soy de esos que, aún cuando la comida esté lista y tenga hambre, si no me sirven me da pereza y no como
","Soy de esos que aún cuando comida esté lista tengo hambre si no me sirven me da pereza no como.
"
"Se nos está volviendo costumbre del domingo por la noche, ver el episodio anterior de SNL y eso me hace recibir el lunes en un mejor mood",2,"Se nos está volviendo costumbre del domingo por la noche, ver el episodio anterior de SNL y eso me hace recibir el lunes en un mejor ánimo.",nos costumbre domingo noche ver episodio anterior SNL eso recibir lunes mejor mood,"Nos costumbre domingo noche ver episodio anterior SNL eso me recibir lunes mejor ánimo.
","Se nos está volviendo costumbre del domingo por la noche, ver el episodio anterior de SNL y eso me hace recibir el lunes en un mejor mood
","nos costumbre domingo noche ver episodio anterior snl eso recibir lunes mejor mood
"
@user pero después de ducharme tampoco se queda así,0,pero después de ducharme tampoco se queda así,"user después ducharme tampoco se queda así
","después ducharme tampoco se queda así
","@user pero después de ducharme tampoco se queda así
","usér después ducharme tampoco se queda así
"
"URGENTE!!! VENTA MY NAME TIKETS!!! Tengo dos tickets ULTIMATE VIP pero no podemos ir  los vendo más baratos, contactad conmigo!!!",1,"URGENTE!!! VENTA MI NOMBRE TIKETS!!! Tengo dos tickets ULTIMATE VIP pero no podemos ir los vendo más baratos, contactad conmigo!!!
","Venta my name tickets Tengo dos tickets ULTIMATE VIP pero no podemos ir los vendo más baratos contactad conmigo
","Venta nombre tickets Tengo dos tickets ULTIMATE VIP vendo baratos contactad
","URGENTE!!! VENTA MY NAME TIKETS!!! Tengo dos tickets ULTIMATE VIP pero no podemos ir los vendo más baratos, contactad conmigo!!!
","venta my name tickets tengo dos tickets ultimate vip pero no podemos ir los vendo más baratos contactad conmigo
"
Esta tarde me voy a comprar un juego que estuve esperando muchísimo tiempo... posiblemente lo suba esta tarde-noche  Yoshi aparece,2,Esta tarde me voy a comprar un juego que estuve esperando muchísimo tiempo... posiblemente lo suba esta tarde-noche Yoshi aparece,"Esta tarde juego esperando mucho tiempo. Posiblemente suba tarde-noche Yoshi aparece.
","Esta tarde juego esperando muchísimo tiempo Yoshi aparece.
","Esta tarde me voy a comprar un juego que estuve esperando muchísimo tiempo... posiblemente lo suba esta tarde-noche Yoshi aparece
","Esta tarde juego esperando mucho tiempo. Posiblemente suba tarde-noche Yoshi aparece.
"
"@user @user escríbele cosas bonitas, así no te va a dar ❤️",0,"@user @user escribíbles cosas bonitas, así no te va a dar ❤️
",escríbeles cosas bonitas te va dar ❤️,"escribíbles cosas bonitas te va dar 
","@user @user escribile cosas bonitas, así no te va a dar ❤️","escríbeles cosas bonitas te va dar ❤️
"
@user @user o al menos pasad fuentes! Yo estoy viendo para reciclarme un poco,1,@usuario @usuario o al menos pasad fuentes! Yo estoy viendo para reciclarme un poco,user user o al menos fuentes yo estoy viendo reciclarme poco,usuario usuario fuentes yo estoy viendo reciclarme poco,"@user @user o al menos pasad fuentes! yo estoy viendo para reciclarme un poco
","user user o al menos fuentes yo estoy viendo reciclarme poco
"
@user @user Tu no tienes familia con huerta y perros no? Los tienen en unas condiciones estupendas,2,@user @user tu no tienes familia con huerta y perros no? los tienen en unas condiciones estupendas,user user tienes familia huerta perros condiciones estupendas,@user @user tienes familia huerta perros condiciones estupendas,@user @user tu tienes familia huerta perro condicio estupenda,"user user tienes familia huerta perros condiciones estupendas
"
Oye @user tiraros un descuentiyo asi del 40% aprox que quiero subir a bilbao y sale muy caro  todo sea por ser cliente fiel,0,oye tirar un descuento así del 40% aprox que quiero subir a bilbao y sale muy caro todo ser cliente fiel,Oye user descuento 40% subir bilbao caro cliente fiel,oye tirar descuento 40% subir bilbao caro cliente fiel,oye usu client fiel descuentiyo 40% aprox subir bilbao caro todo ser,"oye user descuento 40% subir bilbao caro cliente fiel
"
¿y por qué con el morado o azul no pasa lo mismo? sería genial cagar de colores,1,¿y por qué con el morado o azul no pasa lo mismo? sería genial cagar de colores,y por qué con morado o azul no pasa mismo sería genial cagar colores,y por qué con morado o azul no pasa lo mismo sería genial,¿y por qué con el morado o azul no pasa lo mismo? sería genial cagar de colores,"y por qué con morado o azul no pasa mismo sería genial cagar colores
"
Listo. A empezar con las metas del año,2,"Listo. A empezar con las metas del año.
",Listo empezar metas año,"Metas año.
","Listo. A empezar con las metas del año.
","Listo empezar metas año
"
"@user hacia ti no   En fin, echán2te de menos, quiero ir a verteeee, seguro que me pones una excusa a mi tambien -_-",0,"@usuario hacia ti no
En fin, echánmelo de menos, quiero ir a verte, seguro que me pones una excusa a mí también –_-
","user hacia verte quiero ir verte excusa tambien
","usuario ti
fin echánmelo menos, quiero ir verte, seguro me pones excusa mí también –_–
","@user hacia ti no   En fin, echán de menos, quiero ir a verte, seguro que me pones una excusa a mi tambien -_-
","user hacia verte quiero ir verte excusa tambien
"
si mal no recuerdo creo este es el último capitulo dónde escucharemos a tanaka kazunari haciendo de ukai,1,si mal no recuerdo creo este es el último capítulo dónde escucharemos a tanaka kazunari haciendo de ukai,"creo último capitulo escucharemos tanaka kazunari ukai
",creo capítulo último escucharemos tanaka kazunari ukai,"si mal no recuerdo creo este es el último capitulo dónde escucharemos a tanaka kazunari haciendo de ukai
","creo últim capitulo escucharemos tanaka kazunari ukai
"
Amo los vestidos largos y los enterizos,2,Amo los vestidos largos y los enteros,los vestidos largos enterizos,"vestidos largos enteros
",Amo vestidos largos y enterizos,"los vestidos largos enterizos
"
"@user yo estoy igual, he dormido nada o menos... Y en una hora en marcha a currar",0,"@user yo estoy igual, he dormido nada o menos... Y en una hora en marcha a currar",user igual dormido nada hora marcha currar,"user igual dormido nada hora marcha currar
","@user yo estoy igual, he dormido nada o menos... Y en una hora en marcha a currar
","user igual dormido nada hora marcha currar
"
@user ahh no eso fijo... Pero en este caso en especifico hablo solamente de vestimenta,1,ahh no eso fijo pero en este caso en específico hablo solamente de vestimenta,"ahh caso vestimenta
","ahh fijo hablo vestimenta
","@user ahh no eso fijo... Pero en este caso en especifico hablo solamente de vestimenta
","ahh caso vestimenta
"
"Hola @user gracias por la información, tomamos nota  Qué tengas un buen día",2,"Hola usuario gracias por la información, tomamos nota qué tengas un buen día",Hola usuario gracias información tomamos nota Qué tengas buen día,Hola usuario gracias información tomamos nota tengas buen día,"Hola usuario gracias información tomamos nota qué tengas buen día
",Hola usuari gracias informaci tomamos not Qu tengas buén diá
Que os peten el ojete,0,Que os piten el objete,geten ojete,"os piten objete
","Que os pete el oje
","geten ojete
"
"@user Como lo dijo @user, menores de 16 años",1,"@usuario como lo dijo @usuario, menores de dieciséis años",Como dijo menores 16 años,usuario dijo menores dieciséis años,"@user como lo dijo @user, menores de 16 años",Como dijo menores 16 años
"@user Sí, lo que imaginaba. Todos los días se aprende algo nuevo, gracias",2,"@user sí, lo que imaginaba. todos los días se aprende algo nuevo, gracias.
","@user Lo imaginaba. Todos días aprende algo nuevo, gracias.","sí algo nuevo gracias
","@user sí, lo que imaginaba. todos los días se aprende algo nuevo, gracias
","@user Lo imaginaba. Todos días aprende algo nuevo, gracias.
"
"@user ay si, pero no puedo cambiar el username y soy un numero raro  aiuda",0,"@usuario sí, pero no puedo cambiar el nombre de usuario y soy un número raro ayuda","ay si pero no puedo cambiar username soy numero raro ayuda
",usuario puedo cambiar nombre usuario número raro ayuda,"@user ay si, pero no puedo cambiar el username y soy un numero raro aiuda
","ay si pero no puedo cambiar username soy numero raro ayuda
"
@user algunos callaos pa que no nos digan reventaores la Yihad!,1,"@user algunos callados para que no nos digan reventadores la Yihad!
",algunos pa no nos digan reventaores Yihad,@user callados para no nos digan reventadores Yihad,"@user algunos callaos pa que no nos digan reventaores la Yihad!
","algunos pa no nos digan revengar
"
Ay qué bonito todo! Demasiado extraño no estar sufriendo a estas alturas Vamos Seleeeeee,2,"Ay qué bonito todo. Demasiado extraño no estar sufriendo a estas alturas vamos.
","qué bonito extraño estar sufriendo alturas Vamos
",qué bonito extraño estar sufriendo alturas,"Ay qué bonito todo! Demasiado extraño no estar sufriendo a estas alturas Vamos 
","qué bonito extraño estar sufriendo alturas Vamos
"
"Otra vez quieren desnaturalizar el tema #BienestarAnimal, dejando en el texto de iniciativa popular sólo a perros y gatos.",0,"Otra vez quieren desnaturalizar el tema #BienestarAnimal, dejando en el texto de iniciativa popular sólo a perros y gatos.
","Quieren desnaturalizar tema Bienestar Animal, dejando texto iniciativa popular sólo perros gatos.",quierem desnaturalizar temabienestaranimaldejando textoiniciativapopularperros gatos,"Otra vez quieren desnaturalizar el tema #BienestarAnimal, dejando en el texto de iniciativa popular sólo a perros y gatos.
","Quieren desnaturalizar tema Bienestar Animal, dejando texto iniciativa popular sólo perros gatos.
"
"@user mándame tu dirección postal a pdeveraoficial@yahoo.es para que pueda mandártelo, o habla con @user  Un besazo!",1,"mándame tu dirección postal a pdeveraoficial@yahoo.es para que pueda mandártelo, o habla con",@user dirección postal pdeveraoficialyahoo.es mandártelo besazo,mándame dirección postal pdeveraoficialyahooes que pueda mandártelo habla,"@user mándame tu dirección postal a pdeveraoficial@yahoo.es para que pueda mandártelo, o habla con @user  Un besazo!
",@user dirección postal pdeveraoficialyahoo.es mandártelo besazo
@user jajajaja si si. Buscaré en Pinterest algo así  gracias 😘,2,@usuario jajajaja sí sí. buscaré en pinterest algo así gracias 😘,"Buscaré Pinterest algo gracias
","usuario jajaja sí algo gracias
","@user jajajaja si si. buscaré pinterest algo así gracias 😘
","Buscar Pinterest algo gracias
"
"En pleno 2016 ya no debería existir la siguiente conversación: Hola! -Hola Como estas? -Bien, vos? (Esa conversación q no pasa de ahí)",0,"En pleno 2016 ya no debería existir la siguiente conversación: Hola! –Hola ¿Cómo estás? –Bien, vos? (Esa conversación que no pasa de ahí)",En pleno 2016 ya no debería conversación: Hola Como estas Bien vos (Esa conversación q pasa ahí),"Pleno 2016 ya no debería existir conversación: Hola ¿Cómo estás? Bien vos? (Esa conversación que no pasa ahí)
","En pleno 2016 ya no debería existir la siguiente conversación: Hola! -Hola Como estas? -Bien, vos? (Esa conversación q no pasa de ahí)
","En pleno 2016 ya no debería conversación: Hola Como estas Bien vos (Esa conversación q pasa ahí)
"
@user ah wno no es que me pase nada es que cuando el Hype está tan alto y se habla tanto tengo la sensación de que ya la he visto,1,"@user ah, uno no es que me pase nada, es que cuando el hype está tan alto y se habla tanto, tengo la sensación de que ya la he visto.
",@user  algo  tengo  sensación  ya  la  he  visto,ah uno no es que me pase nada cuando hype está alto se habla tanto tengo sensación ya he visto,"@user ah wno no es que me pase nada es que cuando el hype está tan alto y se habla tanto tengo la sensación de que ya la he visto
","@user algo tengo sensación ya la he visto
"
que feliz voy a ser a las 3,2,que feliz voy a ser a las 3,feliz voy ser 3,feliz voy ser 3,"que feliz voy a ser a las 3
","feliz voy ser 3
"
Nota menta las felicitaciones automatizadas en LinkedIn cantan mucho cuando te llegan todas a la vez,0,"Nota menciona las felicitaciones automatizadas en LinkedIn cantan mucho cuando te llegan todas a la vez.
",Nota felicitaciones automatizadas LinkedIn cantan llegar todas vez.,Nota menciona felicitaciones automatizadas LinkedIn cantan mucho llegar todas vez.,Nota menta las felicitaciones automatizadas en LinkedIn cantan mucho cuando te llegan todas a la vez,nota felicitaciones automatizadas linkedin cantan llegar vez
Cuando todo es felicidad y falla un sector del disco de la laptop y se borran archivos muy importantes de la chamba,1,Cuando todo es felicidad y falla un sector del disco de la laptop y se borran archivos muy importantes de la chamba,"Cuando todo felicidad falla sector disco laptop borran archivos importantes chamba.
","Cuando todo felicidad falla sector disco laptop borran archivos importantes chamba.
","Cuando todo es felicidad y falla un sector del disco de la laptop y se borran archivos muy importantes de la chamba
","Cuando todo felicidad falla sector disco laptop borran archivos importantes chamba.
"
y el video de la campaña de este año del juego fue muy bueno pero no lo tengo,2,y el video de la campaña de este año del juego fue muy bueno pero no lo tengo,video campaña año juego bueno no tengo,"video campaña juego bueno no tengo
","y el video de la campaña de este año del juego fue muy bueno pero no lo tengo
","video campaña año juego bueno no tengo
"
Que dizque el debut de CM Punk en la UFC fue tan corto que puede entrar en un vídeo de Instagram. @user debe estar muy triste.,0,"Que dizque el debut de CM Punk en la UFC fue tan corto que puede entrar en un vídeo de Instagram. @user debe estar muy triste.
",dizque debut CM Punk UFC corto entrar vídeo Instagram usuario triste,"dizque debut CM Punk UFC corto Instagram triste
","Que dizque el debut de CM Punk en la UFC fue tan corto que puede entrar en un vídeo de Instagram. @user debe estar muy triste.
","dizque debut cm punk ufc corto entrar video instagram usuario triste
"
@user hombre pos claro. Lo dudabas?   Soy tortillero mayor del reino,1,@user hombre pos claro. Lo dudabas? Soy tortillero mayor del reino,"hombre claro Lo dudabas Soy tortillero reino
",hombre claro Lo dudabas Soy tortillero reino,"@user hombre pos claro. Lo dudabas? Soy tortillero mayor del reino
","hombre claro Lo dudabas Soy tortillero reino
"
@user El Valencia siempre a dado excelentes jugadores tanto a la Selección como a otras selecciones.,2,"@user El Valencia siempre ha dado excelentes jugadores tanto a la Selección como a otras selecciones.
",@user Valencia siempre jugadores excelentes Selección otras selecciones.,"Valencia jugadores excelentes Selección otras
","@user El Valenci siempre a dado excelentes jugadores tanto a la Selecció como a otras seleccions.
",@user valencia siempre jugadores excelentes selección otras selecciones
Siento que estoy tan gordo que en cualquier momento romperé la silla de plástico,0,"Siento que soy tan gordo que en cualquier momento romperé la silla de plástico.
","Siento gordo romperé silla plástico.
","Siento gordo romperé silla plástico.
","Siento que estoy tan gordo que en cualquier momento romperé la silla de plástic
","Siento gordo romperé silla plástico.
"
El verano pasado estaba ligerameeente más gordita y la ropa que compré ya no me queda igual,1,"El verano pasado estaba ligeramente más gordita y la ropa que compré ya no me queda igual.
",verano ropa no queda,verano ropa queda,El verano pasado estaba ligerameeente más gordita y la ropa que compré ya no me queda igual,"verano ropa no queda
"
"@user justo cuando se terminan las fiestas de verano, me viene genial",2,"justo cuando se terminen las fiestas de verano, me viene genial",justo cuando fiestas verano me viene genial,justo cuando fiestas verano me viene genial,"@user justo cuando se terminan las fiestas de verano, me viene genial
","justo cuando fiestas verano me viene genial
"
"@user ""surgen""  está el que se relaja con un plajo y el que nunca va a la caja pero farda de que saca un buen trabajo",0,surgen está el que se relaja con un plaja y el que nunca va a la caja pero farda de que saca un buen trabajo,user relaja plajo nunca caja farda saca trabajo,"surgen plaja farda trabajo
","@user ""surgen"" está el que se relaja con un plajo y el que nunca va a la caja pero farda de que saca un buen trabajo
","user relaja plaza nunca caja tarda saca trabajo
"
"En una propuesta/solicitud de servicio lo que debe quedar muy claro son los ENTREGABLES. Si esto no está claro, habrá problemas.",1,"En una propuesta/solicitud de servicio lo que debe quedar muy claro son los entregables. Si esto no está claro, habrá problemas.
","propuesta solicitud servicio entregables problemas
","propuesta solicitud servicio entregables problemas
","En una propuesta/solicitud de servicio lo que debe quedar muy claro son los entregables. Si esto no está claro, habrá problemas.
","propuesta solicitud servicio entregables problemas
"
11. siiii fue super gracioso teniamos que habernos sacado una foto,2,"11. fue super gracioso teniamos que habernos sacado una foto
",si fue gracioso teniamos foto,"fue gracioso teniamos foto
",11. siiii fue super gracioso teniamos que habernos sacado una foto,"si fue gracioso teniamos foto
"
"@user que va tío, aún no lo he probado",0,"@usuario que va tío, aún no lo he probado","user va tío probado
","usuario tío probado
","@user que va tío, aún no lo he probado
","usuario tio probado
"
"@user aaahm bueno, disfruta la vida por esos lares, yo me vuelvo a Rusia en breve",1,"@user aah, bueno, disfruta la vida por esos lugares, yo me vuelvo a Rusia en breve",aaahm vida Rusia breve,aah bueno disfruta vida lugares yo vuelvo Rusia breve,"@user aaahm bueno, disfruta la vida por esos lares, yo me vuelvo a Rusia en breve","vida Rusia breve
"
Morí @user me dio like #Bombon,2,Muri me dio like #Bombon,Morí user dio like Bombon,"Muri dio like Bombon.
",Morí @user me dio like #Bombon,"Morí user dio like Bombon
"
"Ayer más que nunca extrañé a mi amigo Rumors, teníamos la casi tradición ir a Zapote los 25 juntos.",0,"Ayer más que nunca extrañé a mi amigo Rumores, teníamos la casi tradición ir a Zapote los 25 juntos.","Ayer amigo Rumors extrañé Zapote juntos.
",Ayer amigo Rumores extrañé Zapote juntos.,"Ayer más que nunca extrañé a mi amigo Rumors, teníamos la casi tradición ir a Zapote los 25 juntos.
","Ayer amigo rumors extrañé zapote juntos.
"
"@user eso es de Grammar 1, no de inglés 7! de Inglés 7 yo hice resumen el cuatri pasado",1,"@user eso es de Gramática 1, no de inglés 7! de inglés 7 yo hice resumen el cuatri pasado.","@user es de Grammar 1, no de inglés 7. Inglés 7 hice resumen cuatri pasado.
","@user Gramática 1, no inglés 7. hice resumen cuatri pasado.
","@user eso es de gramat 1, no de inglés 7! de inglés 7 yo hice resum el cuatri pasad","@user es de Grammar 1, no de inglés 7. Inglés 7 hice resumen cuatri pasado.
"
"¡Buenos días! #YeimyTeMueve a partir de este momento. ""Escribí en tu corazón que cada día es el mejor del año…",2,"¡Buenos días! #YeimyTeMueve a partir de este momento. ""Escribí en tu corazón que cada día es el mejor del año…""
",Buenos días. #YeimyTeMueve a partir de este momento. Escribí en corazón que cada día mejor del año…,Buenos días. YeimyTeMueve a partir de este momento. Escribí en corazón que cada día mejor año…,"¡Buenos días! #YeimyTeMueve a partir de este momento. ""Escribí en tu corazón que cada día es el mejor del año…""
","Buenos días. #YeimyTeMueve a partir de este momento. Escribí en corazón que cada día mejor del año…
"
"""Contigo porque me matas y ahora sin ti ya no vivo"" -->Tal cual! Te mereces todo lo que has conseguido y conseguirás @user",0,"Contigo porque me matas y ahora sin ti ya no vivo
","Contigo porque matas ahora sin ti ya vivo
","Contigo porque matas ahora sin ti ya vivo
","Contigocuipocuimemmatasyanotiinovivo
","Contigocuencamatsahoraxitivilivo
"
"@user y, según yo, miradas a los ojos que valen por mil (todo de manera independiente a la sustancia ""amor"")",1,"@usuario y, según yo, miradas a los ojos que valen por mil (todo de manera independiente a la sustancia ""amor"")","miradas ojos valen mil sustancia amor
",usuario miradas ojos valen mil sustancia amor,"@user y, según yo, miradas a los ojos que valen por mil (todo de manera independiente a la sustancia ""amor"")
","mirada ojo valen mil sustancia amor
"
y ahors me puedo tirar como horas viendo videos de conciertos suyos pq me encanta como se mueve en el escenario y como todo de vd  mi niño,2,y ahor me puedo tirar como horas viendo videos de conciertos suyos pq me encanta como se mueve en el escenario y como todo de vd  mi niño,"ahors puedo tirar viendo videos conciertos suyos pq me encanta como se mueve escenario todo vd niño
","ahor puedo tirar horas viendo videos conciertos suyos pq me encanta como se mueve escenario como todo vd niño
","y ahors me puedo tirar como horas viendo videos de conciertos suyos pq me encanta como se mueve en el escenario y como todo de vd  mi niño
","ahor pued tir vid vid conc conc su pq me encam com se mue scen tod vd niñ
"
No se porque hay gente tan renegara donde dice que fue el peor año.. no solo lloraron TAMBIÉN FUERON FELICES,0,No se porque hay gente tan renegada donde dice que fue el peor año. No solo lloraron también fueron felices.,"gente renegara peor año lloraron felices
","porque gente renegada dice peor año lloraron felices.
",No se porque hay gente tan renegada donde dice que fue el peor año.. no solo lloraron también fueron felices,"gente renegara peor año lloraron felices
"
"@user Es que en el Ojeando el año pasado tampoco, tiene muchas canciones ya jajajajaja",1,"es que en el ojeando el año pasado tampoco, tiene muchas canciones ya jajajajaja","Ojeando año pasado tampoco tiene muchas canciones jajajajaja
","que año tampoco tiene muchas canciones 
","@user Es que en el Ojeando el año pasado tampoco, tiene muchas canciones ya jajajajaja
","Ojeando año tampoco tiene muchas canciones jajajajaja
"
@user Aquí seguirá El Teide esperando tu próxima visita. Felicidades por la proeza,2,@user aquí seguirá El Teide esperando tu próxima visita. Felicidades por la proeza,Aquí Teide esperando visita. Felicidades proeza.,El Teide esperando visita. Felicidades proeza.,@user aquí seguir El Teide esperar próxima visita. Felicidades proeza,"Aquí Teide esperando visita. Felicidades proeza.
"
Todo era mejor en la playa,0,Todo era mejor en la playa,"playa
",playa mejor,"Todo era mejor en la playa
","playa
"
@user el mismo de que sale el juego ppppppero la campa;a 30 dias antes de que salga osea el 5 de Octubre,1,@usuario el mismo de que sale el juego ppppppero la campaña 30 días antes de que salga o sea el 5 de octubre,@user juego ppppppero campa;a 30 dias antes Octubre,usuario juego ppppppero campaña días octubre,"@user el mismo de que sale el juego ppppppero la campa;a 30 dias antes de que salga osea el 5 de Octubre
","@user juego ppppppero camp;a 30 dias antes Octubre
"
@user Hola bella Andrea!! Qué tengas un maravilloso día!! Besitos!,2,"@user Hola bella Andrea!! Qué tengas un maravilloso día!! Besitos!
","@user Hola Andrea
","@user bella Andrea día Besitos
","@user hola bella andrea!! que tengas un maravilloso día!! besitos!
","@user hola andrea
"
"Hablando en serio, como no apruebe matemáticas me tiro desde la ventana de mi cuarto, que es un décimo y así no sobrevivo",0,"Hablando en serio, como no apruebe matemáticas me tiro desde la ventana de mi cuarto, que es un décimo y así no sobrevivo","Serio, no apruebe matemáticas, tiro ventana cuarto, décimo así no sobrevivo.
","Serio, no apruebe matemáticas tiro ventana cuarto décimo así sobrevivo.","Hablando, serio, como no apruebe matematicas, me tiro desde la ventana de mi cuarto, que es un décimo y así no sobrevivo
","Serio, no apruebe matematicas, tiro ventana cuarto, decimo asi no sobrevivo.
"
En versión extendida. 4 horas. Y no vamos ni por la segunda,1,"En versión extendida. Cuatro horas. Y no vamos ni por la segunda.
",Versión extendida. 4 horas. Vamos segunda.,Versión extendida. Cuatro horas. Vamos segunda.,"En versión extendida. 4 horas. Y no vamos ni por la segunda
","Versión extendida. 4 horas. Vamos segunda.
"
"Cuando no puedo dormir, escribo todo lo que preocupa en una libreta que alguien me regaló y es como un somnífero instantáneo",2,"Cuando no puedo dormir, escribo todo lo que preocupa en una libreta que alguien me regaló y es como un somnífero instantáneo.
","Cuando no puedo dormir, escribo todo lo que preocupa en libreta alguien me regaló como somnífero instantáneo.
","Cuando preocupo escribo libreta regalo somnífero.
","Cuando no puedo dormir, escribo todo lo que preocupa en una libreta que alguien me regaló y es como un somnífero instantáneo","Cuando no puedo dormir, escribo todo lo que preocupa en libreta alguien me regaló como somnífero instantáneo."
@user @user @user las de los usuarios? porque la verdad que SFV quita las ganas de jugar a los que somos mortales.,0,@usuario @usuario @usuario las de los usuarios? porque la verdad que SFV quita las ganas de jugar a los que somos mortales.,"@user @user @user las usuarios porque verdad SFV quita ganas jugar mortales.
","usuario usuario usuario las usuarios porque verdad SFV quita ganas jugar mortales.
","@user @user @user las de los usuarios? porque la verdad que sfv quita las ganas de jugar a los que somos mortales.
","@user @user @user las usuarios porque verdad SFV quita ganas jugar mortales.
"
@user no se cual de los dos estaba más cansado. Y hasta aquí puedo leer...  #modoMayraGomezKempON,1,@usuario no sé cuál de los dos estaba más cansado. Y hasta aquí puedo leer... #modoMayraGomezKempON,@user cansado dos estaba más. hasta aquí puedo leer. modoMayraGomezKempON,usuario sé cuál dos cansado hasta aquí puedo leer modoMayraGomezKempON,"@user no se cual de los dos estaba más cansado. Y hasta aquí puedo leer... #modomayragomezkempon
","@user cansado dos estaba más. hasta aquí puedo leer. modomayragomezkempon
"
"@user Ambas son mindblowing, lástima White Collar terminara así de repente, y esperando a la segunda par de la 5ta de Suits",2,"@user Ambas son impactantes, lástima White Collar terminara así de repente, y esperando a la segunda par de la 5ta de Suits","Ambas mindblowing, lástima White Collar terminara así repente, esperando segunda par 5ta Suits.
","Ambas impactantes, lástima White Collar terminara así repente, esperando segunda par 5ta Suits.","@user Ambas son mindblowing, lástima White Collar terminara así de repente, y esperando a la segunda par de la 5ta de Suits
","Ambas mindblowing, lástima White Collar terminara así repente, esperando segunda par 5ta Suits.
"
"Ay, que ya he perdido el bus por primera vez este año",0,"Ay, que ya he perdido el bus por primera vez este año",Ay ya he perdido bus primera vez año,Ay perdido bus primera vez año,"Ay, que ya he perdido el bus por primera vez este año
","ay ya he perdid bus prim ver añ
"
"@user @user @user pero hombre, eso ya lo había leído  La pregunta es... ¿Cuál pretende ser el titular completo?",1,"@user @user @user pero hombre, eso ya lo había leído la pregunta es... ¿cuál pretende ser el titular completo?",@user @user @user hombre eso ya había leído pregunta titular completo,"@user @user @user hombre eso ya había leído pregunta es cuál pretende ser titular completo
","@user @user @user pero hombre, eso ya lo había leído  La pregunta es... ¿Cuál pretende ser el titular completo?","@user @user @user hombre eso ya había leído pregunta titular completo
"
@user  -felicidades!!! 🎉 -sales genial en tu icon -no te conozco casi nada -,2,@usuario -felicidades!!! 🎉 -sales genial en tu icon -no te conozco casi nada -,@user felicidades nada conozco casi te -,usuario felicidades sales genial icon no te conozco nada,"@user -felicidades!!! 🎉 -sales genial en tu icon -no te conozco casi nada -
","@user felicidades nada conozco casi te -
"
@user @user Soy un esclavo de fines de semana,0,"@user @user soy un esclavo de fines de semana
",user user soy esclavo fines semana,@user @user soy un esclavo,"@user @user soy un esclav de fines semana
","user user soy esclavo fines semana
"
"→ ¡Ya lo sabes, sigue a @user en sus Redes Sociales! Excelente semana para todos",1,"¡Ya lo sabes, sigue a @user en sus redes sociales! Excelente semana para todos.",Ya sabes sigue user Redes Sociales Excelente semana todos,Ya sabes sigue usuario redes sociales Excelente semana todos,"¡Ya lo sabes, sigue a @user en sus Redes Sociales! Excelente semana para todos
","Ya sabes sigue user Redes Sociales Excelente semana todos
"
@user me alegro mucho!! es importante darnos cuenta del gran valor que podemos aportar y encontrar nuestra misión,2,@user me alegre mucho!! es importante darnos cuenta del gran valor que podemos aportar y encontrar nuestra misión,alegro mucho importante darnos cuenta gran valor aportar misión,"user alegre importante valor aportar misión
","@user me alegro mucho!! es importante darnos cuenta del gran valor que podemos aportar y encontrar nuestra misión
","alegro mucho importante darnos cuenta gran valor aportar misión
"
Y lo que se sabe no se preguntan para el dolor de muchos no soy pita soy SCORT  no cobro dos lochas ni doy culo gratis como muchos.,0,"Y lo que se sabe no se preguntan para el dolor de muchos no soy pita soy SCORT no cobro dos lochas ni doy culo gratis como muchos.
",lo sabe no preguntan para dolor muchos no soy pita soy SCORT no cobro dos lochas doy culo gratis muchos.,"lo sabe no preguntan para dolor muchos no soy pita soy SCORT no cobro lochas ni doy culo gratis muchos.
",y lo q se sabe no se preguntan para el dolor de muchos no soy pita soy SCORT  no cobro dos lochas ni doy culo gratis como muchos,"lo sabe no preguntan para dolor muchos no soy pita soy SCORT no cobro dos lochas doy culo gratis muchos.
"
@user eso me lo decías hace un año y medio pero en otro contexto,1,"@user eso me lo decías hace un año y medio pero en otro contexto
",@user me lo decías año medio contexto,"@user me lo decías año medio contexto
",@user eso me lo decías hace un año y medio pero en otro contexto,"@user me lo decías año medio contexto
"
@user @user @user ¡Qué bonito que nos recomiende un padre! Eu non falo moito o galego pero GRACIÑAS,2,"@user @user @user ¡Qué bonito que nos recomiende un padre! Eu non falo moito o galego pero GRACIÑAS.
",¡bonito padre GRACIÑAS,¡bonito padre GRACIÑAS,"@user @user @user ¡Qué bonito que nos recomiende un padre! eu non falo moito o galego pero graciñas
","¡bonito padre GRACÍAS
"
@user yo tmbn me tienes abandonadisimo,0,@user yo también me tienes abandonadisimo,"user me tienes abandonadisimo
",user también me tienes abandonadisimo,"@user yo tmbn me tienes abandonadisimo
","usermetienesabandonadisimo
"
"@user @user si, desde aqui se te vé La Fosa de las Bermudas, clarito y con vegetacion",1,"@user @user si, desde aqui ser te ve La Fosa de las Bermudas, clarito y con vegetacion",@user @user si desde aqui se te vé La Fosa Bermudas clarito vegetacion,@user @user si desde aqui ser te ve La Fosa Bermudas vegetacion,"@user @user si, desde aqui se te vé La Fosa de las Bermudas, clarito y con vegetacion
","@user @user si desde aqui se te vé La Fosa Bermudas clarito vegetacion
"
@user no creas. Pero me gusta tener a la gente engañada  @user,2,"@usuario no crea. pero me gusta tener a la gente engañada @usuario
","user creas gente engañada
","usuario crea pero me gusta tener gente engañada
","@user no creas. Pero me gusta tener a la gente engañada @user
","user creas gente engañad
"
"La vara es que ya tengo como 3 quiz, una eición, dos exámenes, un ensayo, y lo peor es que mis vacaciones ya casi acaban",0,"La vara es que ya tengo como 3 quiz, una edición, dos exámenes, un ensayo, y lo peor es que mis vacaciones ya casi acaban.
",Vara tengo quiz eición exámenes ensayo vacaciones acaban,vara tengo quiz edición exámenes ensayo vacaciones acaban,"La vara es que ya tengo como 3 quiz, una eición, dos exámenes, un ensayo, y lo peor es que mis vacaciones ya casi acaban.
","vara tengo quiz eición exámenes ensayo vacaciones acaban
"
"@user @user @user sí, es usual en País Vasco y zonas limítrofes, pero no me cabía lo último en el tuit",1,"@user @user @user sí, es usual en País Vasco y zonas limítrofes, pero no me cabía lo último en el tuit",@user @user @user sí es usual País Vasco zonas limítrofes pero no me cabía tuit,@user @user @user sí es usual País Vasco zonas limítrofes pero no me cabía lo último tuit,"@user @user @user sí, es usual en País Vasco y zonas limítrofes, pero no me cabía lo último en tuit","@user @user @user sí es usual país vasco zonas limítrofes pero no me cabía tuit
"
"@user efectivamente  , un buena píldora viral muy ilustrativa.",2,"efectivamente, un buena píldora viral muy ilustrativa
","efectivamente, buena píldora viral ilustrativa.
","efectivamente buena píldora viral ilustrativa
","@user efectivamente, un buena píldora viral muy ilustrativa.
","efectivamente, buena píldora viral ilustrativa.
"
@user yo siempre deseo eso y cuando estoy libre;como hoy> ando desde temprano dando vueltas y sin sueño,0,@user yo siempre deseo eso y cuando estoy libre; como hoy ser ando desde temprano dando vueltas y sin sueño,@user deseo eso cuando estoy libre como dando vueltas sin sueño,user siempre deseo eso cuando estoy libre como hoy ando desde temprano dando vueltas sin sueño,"@user yo siempre deseo eso y cuando estoy libre;como hoy> ando desde temprano dando vueltas y sin sueño
",@user deseo eso cuando estoy libre como dando vueltas sin sueño
!Feliz año nuevo! este 2017 sea realmente un año muy lindo y maravilloso ^_^,1,¡Feliz año nuevo! este 2017 sea realmente un año muy lindo y maravilloso ^_^,"Año nuevo 2017 lindo maravilloso
","Feliz año nuevo 2017 lindo maravilloso
","¡Feliz año nuevo! este 2017 sea realmente un año muy lindo y maravilloso ^_^
","año nuevo 2017 lindo maravilloso
"
"De nuevo lo veo imposible con tanta mención @user #FollowSpree. Por favor, mi apoyo lo tienes siempre",2,"De nuevo lo veo imposible con tanta mención @user #FollowSpree. Por favor, mi apoyo lo tienes siempre.",veo imposible tanta mención apoyo tienes siempre,"veo imposible tanta mención apoyo tienes siempre.
","De nuevo lo veo imposible con tanta mención @user #FollowSpree. Por favor, mi apoyo lo tienes siempre","veo imposibl tanta mención apoyes siempre
"
he soñado una cosa muy rara con los personajes de PLL y luego como que estaba en la real life y conocia a Shay y a Lucy y y y,0,he soñado una cosa muy rara con los personajes de PLL y luego como que estaba en la real life y conocía a Shay y a Lucy,"soñado cosa rara personajes PLL real life conocía Shay Lucy
","soñado cosa rara personajes PLL luego estaba real life conocía Shay Lucy
","he soñado una cosa muy rara con los personajes de PLL y luego como que estaba en la real life y conocia a Shay y a Lucy y y y
","soñado cosa rara personajes pll real life conocía shay lucy
"
"@user @user @user Más bien imposible. A no ser q se convierta al Islam, claro",1,"@user @user @user más bien imposible. a no ser que se convierta al islam, claro","@user @user @user Más imposible. ser Islam, claro.",user user user bien imposible ser islam claro,"@user @user @user más bien imposible. a no ser q se convierta al islam, claro","@user @user @user más imposible. ser Islam, claro.
"
@user que bien yuriko. Felicidades,2,"@user que bien yuriko. felicidades
","user bien yuriko felicidades
","yuriko
felicidades
","@user que bien yuriko. felicidades
","user bien yuriko felicidades
"
Y también dice caca solo que no me ha dado tiempo a grabarle,0,Y también dice caca solo que no me ha dado tiempo a grabarle,Dice caca solo tiempo grabarle.,dice solo tiempo grabarle,"Y también dice caca solo que no me ha dado tiempo a grabarle
","Dice caca solo tiempo grabarle.
"
"@user yo tuve el pelo rojo … ._."" #YaChau …",1,"@user yo tuve el pelo rojo …._."" #YaChau … ser","@user pelo rojo YaChau
","pelo rojo ser
","@user yo tuve el pelo rojo …._."" #YaChau …'
","@user pelo rojo YaChau
"
@user dos para vos un gran abrazo homosexual 🤗,2,dos para vos un gran abrazo homosexual,"dos vos gran abrazo homosexual
",dos abrazo gran homosexual,@user dos para vos un gran abrazo homosexual 🤗,"dos vos gran abrazo homosexual
"
@user hola odiosa me hace falta,0,"@user hola odioso me hace falta
",@user odiosa hace falta,"@user odioso me falta
","@user hola odiosa me hace falta
","@user odiosa hace falta
"
@user jajaja claro como olvidarlo!ay ya quisiera pero llego a mi casa a las 10 11pm por mis clases y no puedo ni siquiera ver nada,1,@user jajaja claro como olvidarlo!ay ya quisiera pero llego a mi casa a las 10:11 pm por mis clases y no puedo ni siquiera ver nada.,@user claro no olvidarlo ay ya quisiera llego casa 10 11pm clases no puedo ver nada,@user claro no olvidarlo ay quisiera llegar mi casa 10:11 pm clases no puedo ver nada,"@user jajaja claro como olvidarlo!ay ya quisiera pero llego a mi casa a las 10 11pm por mis clases y no puedo ni siquiera ver nada
","@user claro no olvidarlo ay ya quisiera llego casa 10 11pm clases no puedo ver nada
"
"VALE YA FUNCIONA ALELUYA he tenido que cambiar el boton de la palanza derecha, por el de la izquierda q estaba roto",2,"vale ya funciona aleluya he tenido que cambiar el botón de la palanca derecha, por el de la izquierda que estaba roto","Vale funciona Aleluya cambi botón palanza derecha, botón izquierda roto.","funciona aleluya cambiar botón palanca derecha izquierda roto
","VALE YA FUNCIONA ALELUYA he tenido que cambiar el boton de la palanza derecha, por el de la izquierda q estaba roto
","vale funciona aleluya cambi boton palanza derecha, boton izquierda roto.
"
@user estar un poco poseída nada más,0,"estar un poco poseída nada más
","user poseída nada
","un poco poseída
","@user estar un poco poseída nada más
","user poseída nada
"
@user Sería un puntazo que te dieran los domingos de descanso o que trabajases de mañana y así tener la tarde libre para verlo,1,"sería un puntazo que te dieran los domingos de descanso o que trabajases de mañana y así tener la tarde libre para verlo
",user puntazo domingos descanso trabajases tarde libre verlo,"puntazo descansos trabajases tarde verlo
","@user Sería un puntazo que te dieran los domingos de descanso o que trabajases de mañana y así tener la tarde libre para verlo
","user puntazo domingos descanso trabajases tarde libre verlo
"
@user Que linda y grande que está Holly,2,"@user que linda y grande que está Holly
","Holly grande
","@user linda grande Holly
","@user Que linda y grande que está Holly
","Holly grande
"
Porque si estaba bien me tiene que dar calentura de nuevo ??,0,"porque si estaba bien me tiene que dar fiebre de nuevo ¿?
","si bien me tiene calentura de nuevo
","porque si fiebre
","porque si estar bien tener calentura nuevo
","si bien me tiene calentura de nuevo
"
@user @user ta entonces me entendes porque no hablo chino amorrr,1,"@user @user ta entonces me entendes porque no hablo chino amorrr
","entonces te entiendo porque no hablo chino amorrr
","@user @user entonces me entendes porque hablo chino amorrr
","@user @user ta entonces me entendes porque no hablo chino amorrr
","entonces te entiendo porque no hablo chino amorrr
"
"Estoy seguro de que todo va a salir bien, suerte viejita",2,"Estoy seguro de que todo va a salir bien, suerte viejita","seguro todo salir bien suerte
","seguro todo salir bien suerte
","Estoy seguro de que todo va a salir bien, suerte viejita
","seguro todo salir bien suerte
"
a mi me llegas a poner los cuernos y posiblemente no vivas pa contarlo porque te arranco la puta cabeza,0,a mí me llegas a poner los cuernos y posiblemente no vivas para contarlo porque me arranco la puta cabeza,"llegas poner cuernos no vivas arranco cabeza
",mí poner cuernos no vivas contarlo arranco cabeza,"a mi me llegas a poner los cuernos y posiblemente no vivas pa contarlo porque te arranco la puta cabeza
","llegar poner cuerno no viva arrancar cabeza
"
Estoy toda estresada para el examen de mañana como que si lo fuese a perder jaja Pero ya pasé el curso y todo,1,Estoy todo estresada para el examen de mañana como que si lo fuese a perder jaja Pero ya pasé el curso y todo,estresada examen mañana como perder pasé curso todo,estresada examen mañana como perder pasé curso todo,"Estoy toda estresada para el examen de mañana como que si lo fuese a perder jaja Pero ya pasé el curso y todo
","estresada examen mañana como perder pasé curso todo
"
mi espalda esta bien chicos no os preocupeis  P espero que el juicio sea lento y me libre de la carcel http,2,mi espalda está bien chicos no os preocupéis  espero que el juicio sea lento y me libre de la cárcel,"espalda bien chicos preocupeis P espero juicio lento libre carcel
",espalda bien chicos preocupéis espero juicio lento libre cárcel,"mi espalda esta bien chicos no os preocupeis p espero que el juicio sea lento y me libre de la carcel http
","espalda bien chicos preocupeis p espero juicio lento libre carcel
"
"@user bueno,  es algo..  Cuando encima no sabes porque te pasan las cosas todo es un poco peor  lo dicho, muchos ánimos",0,"@user bueno, ser algo.. cuando encima no sabes porque te pasan las cosas todo es un poco peor lo dicho, muchos ánimos
",bueno algo Cuando encima sabes porque te pasan cosas todo poco peor dicho muchos ánimos,"bueno ser algo cuando encima sabes porque te pasan cosas todo peor ánimos
","@user bueno, es algo.. Cuando encima no sabes porque te pasan las cosas todo es un poco peor lo dicho, muchos ánimos
","bueno algo Cuando encima sabes porque te pasan cosas todo poco peor dicho muchos ánimos
"
@user lo mejor que tengo es uno de 200 o así,1,@user lo mejor que tengo es uno de doscientos o así,@user mejor tengo uno 200 así,@user mejor doscientos así,@user lo mejor que tengo es uno de 200 o así,@user mejor tengo uno 200 así
"@user Jajajaja en cuanto salga de mi bucle infinito con la casa, me imprimo los mapas a dos y lo estreno!!",2,"@user Jajajaja en cuanto salga de mi bucle infinito con la casa, me imprimo los mapas a dos y lo estreno!!
","Jajajaja casa mapas estreno
",Jajajaja casa mapas estreno,"@user jajaja en cuanto salga de mi bucle infinito con la casa, lo imprimo los mapas a dos y lo estreno!!
","Jajajaja casa mapas estreno
"
"@user yo tengo que aguantar 4 niños pequeños, no sé que es peor",0,"@user yo tengo que aguantar cuatro niños pequeños, no sé qué es peor",yo tengo niños pequeños sé peor,tengo niños pequeños sé peor,"@user yo tengo que aguantar 4 niños pequeños, no sé que es peor","yo tengo niños pequeños sé peor
"
Quiero y tengo que ir a ver animales fantásticos antes que salga de cartelera,1,Quiero y tengo que ir a ver animales fantásticos antes que salga de cartelera,Quiero ver animales fantásticos salga de cartelera.,"Quiero ir ver animales fantásticos antes salga cartelera.
","Quiero y tengo que ir a ver animal fantástic antes que sal de cartelera
",Quiero ver animal fantástic sal de cartelera
"@user Para ser un filler tiene bastante chicha... XDD, si es muy bueno entra al Olimpo con el Duel, los 2 mejores filler",2,"@user para ser un relleno tiene bastante chispa... XD, si es muy bueno entra al olimpo con el duelo, los 2 mejores relleno","Para filler bastante chicha Duel mejores filler.
",user relleno chispa bueno olimpo duelo mejores,"@user para ser un filler tiene bastante chica... xdd, si es muy bueno entra al olimpo con el duel, los 2 mejores filler
","Para filler bastante chicha Duel mejores filler.
"
"@user bufeo a los bombarderos y que arreglen a los putos rammers que salen ilesos, si no no juego",0,"@user bufeo a los bombarderos y que arreglen a los putos rammers que salen ilesos, si no no juego",user bombarderos arreglen rammers ilesos no juego,"user bufeo bombarderos arreglen rammers salen ilesos no juego
","@user bufeo a los bombarderos y que arreglen a los putos rammers que salen ilesos, si no no juego
","usuario bombarderos arreglen rammers ilesos no juego
"
En cuanto se vaya fabi no pienso salir de mi casa en por lo menos tres días,1,"En cuanto se vaya Fabi, no pienso salir de mi casa en por lo menos tres días.",cuanto fabi no pienso salir casa tres días,"Fabi se vaya, no pienso salir casa tres días.",En cuanto se vaya fabi no pienso salir de mi casa en por lo menos tres días,"cuanto fabi no pienso salir casa tres días
"
"Hoy estoy muy feliz! Podre subir videos de nuevo, mi grabador ya no me da error Volvere con todo y con un super evento por los 1000",2,"Hoy estoy muy feliz. Podré subir videos de nuevo, mi grabador ya no me da error. Volveré con todo y con un super evento por los 1000.
","Hoy feliz! Podre videos nuevo, grabador error Volvere todo super evento 1000.
","Hoy feliz. Podré subir videos nuevo, grabador error. Volveré todo super evento 1000.
","Hoy estoy muy feliz! Podre subir videos de nuevo, mi grabador ya no me da error Volvere con todo y con un super evento por los 1000.
","hoy feliz! podre videos nuevo, grabador error volvere todo super evento 1000.
"
"@user @user @user  ""Cosa Nostra"" en estado puro... Ni Don Vito llegó tan lejos...",0,"cosa nostra en estado puro... ni don víto llegó tan lejos...
",Cosa Nostra estado puro. Don Vito lejos.,"cosa nuestra estado puro lejos
","@user @user @user  ""cosa"" en estado puro... Ni don ""vito"" ""llegar"" tan lejos...
","Cosa estado puro. Don lejos.
"
@user @user @user @user @user quiero un polo así,1,@user @user @user @user @user quiero un polo así,"quiero polo así
","quiero polo así
","@user @user @user @user @user quiero un polo así
","quiero polo así
"
@user vas a ser un gran comunicador,2,"vas a ser un gran comunicador
",vas ser gran comunicador,"ser comunicador
","@user vas a ser un gran comunicador
","vas ser gran comunicador
"
"El colmo de tener que madrugar y tardar en quedarte dormido, o perderte en los mundos de la lectura",0,"El colmo de tener que madrugar y tardar en quedarte dormido, o perderse en los mundos de la lectura",Colmo madrugar tardar quedarte dormido perder mundos lectura.,"tener que madrugar tardar quedarte dormido perderse lectura
","El colmo de tener que madrugar y tardar en quedarte dormido, o perderte en los mundos de la lectura","Colmo madrugar tardar quedarte dormido perder mundos lectura.
"
@user Son las grandes promesas nuestras,1,"ser grandes promesas nuestras
","grandes promesas nuestras
","nuestras
","@user son las grand promesas nuestras
","grandes promesas nuestras
"
@user Espero que te guste  Escocia es precioso!,2,@user Espero que te guste Escocia es precioso,Espero te guste Escocia precioso.,"Espero te gusta Escocia precioso
",@user Espero que te guste Escocia es precioso,"Espero te guste Escocia precioso
"
"@user tú norte, yo sur  - levante, humedad, mosquitos, caló azotado por levante pero al menos tienes playa...aquí no hay de eso",0,"@user tú norte, yo sur – levante, humedad, mosquitos, caló azotado por levante pero al menos tienes playa...aquí no hay de eso","norte, sur, levante, humedad, mosquitos, playa, eso",@user norte yo sur levante humedad mosquitos caló azotado levante playa aquí no,"@user tú norte, yo sur - levante, humedad, mosquitos, caló azotado por levante pero al menos tienes playa...aquí no hay de eso
","norte, sur, levante, humedad, mosquitos, playa, eso
"
"Doght es amable,Doght es cariñoso,todos quieren un Doght,disponibles,en ninguna parte",1,"Perro es amable, perro es cariñoso, todos quieren un perro, disponibles, en ninguna parte","Doght amable, Doght cariñoso, todos quieren un Doght, disponibles, ninguna parte.
","Perro amable perro cariñoso quieren perro disponibles parte.
","Dog es amable,Dog es cariñoso,todos quieren un Dog,disponibles,en ninguna parte
","Doght amable, Doght cariñoso, todos quieren un Doght, disponibles, ninguna parte.
"
"Al parecer tu casita no es tan ""ita""...iSe ve divina chinita @user! Que felicidad por uds. - seguro Dormy tb está re feliz",2,"Al parecer tu casita no es tan ""ita""...se ve divina chinita @usuario! Que felicidad por ustedes. - seguro Dormy tb está re feliz","Parece casita no tan ""ita""...Se ve divina chinita usuario! Felicidad por uds. - seguro Dormy tb está re feliz.
","Parece casita no tan ""ita""... se ve divina chinita usuario! Felicidad ustedes. Seguro Dormy tb está feliz.","Al parecer tu casita no es tan ""ita""...iSe ve divina chinita @user! Que felicidad por uds. - seguro Dormy tb está re feliz","Parece casita no tan ""ita""...Se ve divina chinita usuario! Felicidad por uds. - seguro Dormy tb está re feliz.
"
Ojala yo presentándome para el concurso de shawn pero como vergonzosa se nace y  seguro que no me dejan participar pues aqui estoy,0,"Ojalá yo presentándome para el concurso de Shawn pero como vergüenzosa se nace y seguro que no me dejan participar pues aquí estoy.
",Ojala presentándome concurso shawn pero como vergonzosa se nace seguro no me dejan participar pues aquí estoy.,"Ojalá presentándome concurso Shawn vergüenzosa nace seguro dejar participar aquí estoy.
","ojala yo presentándome para el concurso de shawn pero como vergonzosa se nace y seguro que no me dejan participar pues aqui estoy
","Ojala presentándome concurso shawn pero como vergonzosa se nace seguro no me dejan participar pues aquí estoy.
"
@user me ha pasado algo similar te entiendo cariño,1,@usuario me ha pasado algo similar te entiendo cariño,@user me ha pasado similar te entiendo cariño,usuario algo similar cariño,"@user me ha pasado algo similar te entiendo cariño
",@user me ha pasad similar te entiendo carini
@user es que Nacho está haciendo una cadena graciosa,2,@user es que Nacho está haciendo una cadena graciosa,Nacho está haciendo cadena graciosa.,"Nacho está haciendo cadena graciosa.
","@user es que Nacho está haciendo una cadena graciosa
","Nacho está haciendo cadena graciosa.
"
@user la web que tenías para ver los pokemon que veian tus rastreadores ya no funciona? Que llevo dos días entrando y ya no va,0,@usuario la web que tenía para ver los pokemon que veían tus rastreadores ya no funciona. ¿Qué llevo dos días entrando y ya no va.,user web tenías ver pokemon veian rastreadores funciona ya dos días entrando ya no va,usuario web ver pokemon rastreadores no funciona. ¿llevo dos días entrando no va.,"@user la web que tenías para ver los pokemon que veian tus rastreadores ya no funciona? Que llevo dos días entrando y ya no va
","user web tenía ver pokemon veian rastreadores funciona ya dos días entrando ya no va
"
alberto que tal por punta?,1,"alberto que tal por punta
","alberto tal punta
","alberto tal punta
","albert que tal punt
","alberto tal punta
"
"¡Hoy habrá nuevo campeón!, que pase lo que sea, que @user sea campeón o que @user pierda #CarlsenKarjakin",2,"¡Hoy habrá nuevo campeón!, que pase lo que sea, que @user sea campeón o que @user pierda #CarlsenKarjakin","Hoy habrá campeón
pase lo que sea
@user sea campeón
@user pierda #CarlsenKarjakin","Hoy habrá campeón
pase lo que sea
@user sea campeón
@user pierda #CarlsenKarjakin","¡Hoy habrá nuevo campeón!, que pase lo que sea, que @user sea campeón o que @user pierda #CarlsenKarjakin","hoy habrá campeón
pase sea
@user sea
@user pierda #CarlsenKarjakin"
"@user Es que se lee cada cosa , menos mal que a ese lo deje de seguir cuando terminó la temporada pasada .Mi salud es lo primero",0,"es que se lee cada cosa, menos mal que a ese lo deje de seguir cuando terminó la temporada pasada. mi salud es lo primero.
","@user se lee cosa, menos mal a lo deje seguir temporada pasada. Salud lo primero.","que lee cosa menos mal ese deje seguir terminó temporada salud lo primero.
","@user es que se lea cada cosa, menos mal que a ese lo deje de seguir cuando terminó la temporada pasada.Mi salud es lo primero
","@user se lee cosa, menos mal a lo deje seguir temporada pasada. Salud lo primero.
"
@user sí. Se desató una lluvia intensa y me empapó las únicas zapatillas que tenía y ahora ya no puedo salir a comprar comida,1,"@user sí. Se desató una lluvia intensa y me empapó las únicas zapatillas que tenía y ahora ya no puedo salir a comprar comida.
",user lluvia intensa empapó zapatillas no puedo salir comprar comida,"user lluvia intensa empapó zapatillas no puedo salir comprar comida
",@user sí. Se desató una lluvia intensa y me empapó las únicas zapatiLLas que tenía y ahora ya no puedo salir a comprar comida,"user lluvia intensa empapó zapatillas no puedo salir comprar comida
"
#EVDLV @user es el hombre perfecto,2,"#EVDLV @user es el hombre perfecto
",EVDLV user hombre perfecto,"EVDLV user hombre perfecto
","#EVDLV @user es el hombre perfecto
","EVDLV user hombre perfecto
"
@user si lugar de incalculables arrochadas,0,@user si lugar de incalculables arrochadas,"lugar incalculables arrochadas
","@user lugar incalculables arrochadas
","@user si lugar de incalculables arrochadas
","lugar incalculables arrochadas
"
"Aveces cuando leo sus tuits y no entiendo algo, me dan ganas de preguntarles para entender mejor. Pero soy tímido y me quedo con la duda",1,"A veces cuando leo sus tuits y no entiendo algo, me dan ganas de preguntarles para entender mejor. Pero soy tímido y me quedo con la duda.","A veces cuando leo tus tuits y entiendo algo, me dan ganas preguntarles entender mejor. Pero soy tímido quedo duda.","A veces cuando leo tus tuits no entiendo algo, me dan ganas preguntarles entender mejor. Pero soy tímido quedo duda.","Aveces cuando leo sus tuits y no entiendo algo, me dan ganas de preguntarles para entender mejor. Pero soy tímido y me quedo con la duda.
","A veces cuando leo tus tuits y entiendo algo, me dan ganas preguntarles entender mejor. Pero soy tímido quedo duda.
"
@user ya sabia yo que si,2,"@usuario ya sabía yo que si
","@user sabia si
","@usuario sabía yo que
","@user ya sabia yo que si
","@user sabia si
"
oir a @user  y a @user que haran directos del wow pero no se acuerdan que el server lo mas seguro ni que vaya  jaja,0,oír a @user y a @user que harán directos del wow pero no se acuerdan que el servidor lo más seguro ni que vaya  jaja,oir user user hagan directos wow no acuerdan server seguro vaya jaja,oír user user directos wow no se acuerdan servidor vaya jaja,"oir a @user  y a @user que haran directos del wow pero no se acuerdan que el server lo mas seguro ni que vaya  jaja
","oir user user hagan directos wow no acuerdan server seguro vaya jaja
"
"@user jajajaa sii, aunque acabo en un año comunica y convalido mis 3 años de derecho, sumado a los electicos que iré llevando",1,"@user jajaja sí, aunque acabo en un año comunica y convalido mis 3 años de derecho, sumado a los electicos que iré llevando.
",@user jajaa sii aunque acabo año comunica convalido años derecho electicos iré llevando,user sí aunque comunica convalido años derecho electicos iré llevando.,"@user jajajaa sii, aunque acabo en un año comunica y convalido mis 3 años de derecho, sumado a los electicos que iré llevando
",@user jajaa sii aunque acabo año comunica convalido años derecho electicos iré llevando
@user pero si es preciosa,2,"pero si es preciosa
","user preciosa
","pero preciosa
","@user pero si es preciosa
","user preciosa
"
en japonés no se escucha tanto,0,en japonés no se escucha tanto,japonés escucha tanto,japonés escucha tanto,"en japonés no se escucha tanto
","japonés escucha tanto
"
"Dice tu papá que esto pasará, dice tu mamá que tú me olvidarás... @user van 20 años, y el amor sigue intacto y será hasta la muerte",1,"Dice tu papá que esto pasará, dice tu mamá que tú me olvidarás... van 20 años, y el amor sigue intacto y será hasta la muerte.
","Papá mamá tú me olvidarás usuario van años amor sigue intacto muerte.
",papá mamá olvidarás años amor muerte,"Dice papá que esto pasará, dice mamá que tú me olvidarás... @user van 20 años, y amor sigue intacto y será hasta muerte.
","Papá mamá tú mí olvidarás usuári van año amor sigu intacto muert.
"
"@user Bueno, me piro a la piscina , que hace un día estupendo",2,"bueno, me piro a la piscina, que hace un día estupendo",@user  piro piscina día estupendo,"piro piscina día estupendo
","@user bueno, me piro a la piscina, que hace un día estupendo
","@user piro piscina día estupend
"
"Confirmao tengo el pie roto, he notado como el puto hueso se movía",0,"Confirmado tengo el pie roto, he notado como el puto hueso se movía.
","Confirmado tengo pie roto notado hueso se movía.
","Confirmado pie roto notado hueso movía.
","Confirmó tengo el pie roto, he notado como el puto hueso se movía.
","confirmado tengo pie roto notado hueso se movía.
"
"@user aw ! recién veo esto, sorrry ! tu pues me dices algo y luego queda en nada vamos hoy a la reu de mi prima? le dije a Mari",1,"@user a, ¡recién veo esto, lo siento! tu pues me dices algo y luego queda en nada, vamos hoy a la reunión de mi prima? le dije a Mari.","@user ¡recién veo esto, disculpa! tu pues me dices algo y luego queda en nada vamos hoy a la reu de mi prima le dije Mari","@user recien veo esto, lo siento! tu dices algo y luego queda nada, vamos reunión prima? le dije Mari.","@user aw! recien veo esto, sorrry! tu pues me dices algo y luego queda en nada vamos hoy a la reu de mi prima? le dije a Mari
","@user ¡recién veo esto, disculpa! tu pues me dices algo y luego queda en nada vamos hoy a la reu de mi prima le dije Mari
"
"@user @user hoy tocaba ir al del oeste, por cambiar. Sí, el cambio es a mejor",2,"@user @user hoy tocaba ir al del oeste, por cambiar. Sí, el cambio es a mejor.
",@user @user hoy tocaba ir oeste cambiar Sí cambio mejor,"@user @user hoy ir del oeste cambiar mejor
","@user @user hoy tocaba ir al del oeste, por cambiar. Sí, el cambio es a mejor","@user @user hoy tocava ir oeste cambiar sí cambio mejor
"
"Qué depresión me entra, de seguro gana gente que solo dio RT porque sí, por probar suerte y no verdaderos fans",0,"qué depresión me entra, de seguro gana gente que solo dio RT porque sí, por probar suerte y no verdaderos fans","Depresión entra gente probó suerte fans.
","depresión entra gente probó suerte fans
","qué depresión me entra, de seguro gana gente que solo dio rt porque sí, por probar suerte y no verdaderos fans
","Depresión entra gente probó suerte fans.
"
Yo quiero una rosa eterna,1,"Yo quiero una rosa eterna
","quiero rosa eterna
","quiero rosa eterna
","Yo quiero una rosa eterna
","quiero rosa eterna
"
"Cada vez que escucho ""Instituciones"" de Sui Generis se me escarapela la piel por lo hermosa que es y también me acuerdo de ti",2,"Cada vez que escucho ""Instituciones"" de Sui Generis se me escarapela la piel por lo hermosa que es y también me acuerdo de ti","escucho Instituciones Sui Generis me escarapela piel hermosa también acuerdo ti.
",escucho Instituciones Sui Generis me escarapela piel hermosa también acuerdo ti,"Cada vez que escucho ""Instituciones"" de Sui Generis se me escarapela la piel por lo hermosa que es y también me acuerdo de ti","escucho Instituciones Sui Generis me escarapela piel hermosa también acuerdo ti.
"
No puedo apoyar la planta del pie casi y tengo que irme a trabajar todo el dia enterito,0,"No puedo apoyar la planta del pie casi y tengo que irme a trabajar todo el día entero.
",apoyar planta pie trabajar dia,"apoyar planta pie trabajar
","No puedo apoyar la planta del pie casi y tengo que irme a trabajar todo el día entero
","apoyar planta pie trabajar dia
"
"@user Pero retomas y ya (y bueno, lo que dices, es mi razón para no ir a un gym, por eso prefiero entrenar en casa )",1,"pero retomas y ya (y bueno, lo que dices, es mi razón para no ir a un gym, por eso prefiero entrenar en casa )","Pero retomas ya razón no ir gym prefiero entrenar casa
",pero retomas y ya bueno lo que dices razón no ir gym por eso prefiero entrenar casa,"@user pero retomo y ya (y bueno, lo que dices, es mi razón para no ir a un gym, por eso prefiero entrenar en casa )","Pero retomas ya razón no ir gym prefiero entrenar casa
"
@user Ves quedándote con los sitios bonitos que hay que ver que en unos meses estoy yo por allí para el SSS,2,@user Ves quedándote con los sitios bonitos que hay que ver que en unos meses estoy yo por allí para el SSS,"Ves quedándote sitios bonitos ver meses yo allí SSS.
","Ves quedándote sitios bonitos ver meses yo allí SSS.
","@user ves quedándote con los sitios bonitos que hay que ver que en unos meses estoy yo por allí para el sss
","Ves quedándote sitios bonitos ver meses yo allí SSS.
"
@user y és una lastima porque tiene muy buenas ideas de diseño y al no pasar por Java rinden guay...pero MicroSoft y sus cosas,0,@usuario y es una lástima porque tiene muy buenas ideas de diseño y al no pasar por Java rinden guay...pero Microsoft y sus cosas,@user ideas diseño rinden guay MicroSoft cosas,usuario ideas diseño rinden guay Microsoft cosas,@user y es una lastima porque tiene muy buenas ideas de diseño y al no pasar por Java rinden guay...pero Microsft y sus cosas,@user ideas diseño rinden guay MicroSoft cosas
@user Denada y muy op lo del 6.16,1,denada y muy op lo del seis dieciséis,Denada op 616,denada op seis dieciséis,@user denada muy op 616,"Denada op 616
"
"Las eresiones mas comunes de un país, muestran su cultura, en Costa Rica es ""Pura Vida"" nada que pueda agregar",2,"Las erecciones más comunes de un país, muestran su cultura, en Costa Rica es ""Pura Vida"" nada que pueda agregar.
","Las eres cultura, Costa Rica Pura Vida nada agregar.
","Las erecciones muestran su cultura. Costa Rica Pura Vida nada agregar.
","Las eresiones mas comunes de un país, muestran su cultura, en Costa Rica es ""Pura Vida"" nada que pueda agregar
","Las eres cultura, Costa Rica Pura Vida nada agregar.
"
Hoy nos tocó de últimos en el Festival Navideño de PZ y lloviendo. Adivinen cómo quedé.,0,"Hoy nos toco de últimos en el Festival Navideño de PZ y lloviendo. Adivinen como quede.
","Hoy nos tocó últimos Festival Navideño PZ lloviendo. Adivinen quedé.
","Hoy nos toco últimos Festival Navideño PZ lloviendo Adivinen quede.
","Hoy nos tocó de últim en el Festival Navideño de PZ y lloviendo. Adivinen cómo quedé.
","Hoy nos tocó últimos Festival Navideño PZ lloviendo. Adivinen quedé.
"
No me llamo Laura pero te casarias conmigo?  #ElRaboDe8cho @user,1,"No me llamo Laura pero te casarías conmigo? #ElRaboDe8cho @user
","me llamo Laura pero casarias conmigo usuario
","me llamo Laura te casarías conmigo 
","No me llamo Laura pero te casarías conmigo? #ElRaboDe8cho @user
","me llamo Laura pero casaría conmigo usari
"
PPK hizo una mención especial a todos los jóvenes que marcharon anoche. La lucha no fue en vano. #MensajeALaNación #LaEducaciónSeRespeta,2,PK hizo una mención especial a todos los jóvenes que marcharon anoche. La lucha no fue en vano. #MensajeALaNación #LaEducaciónSeRespeta,"mención jóvenes marcharon lucha vano. MensajeNaciónEducaciónRespeta.
","mención jóvenes marcharon lucha vano. MensajeNaciónEducaciónRespeta.
","PPK hizo una mención especial a todos los jóvenes que marcharon anoche. La lucha no fue en vano. #MensajeALaNación #LaEducaciónSeRespeta
","mención jóvenes marcharon lucha vano. mensaje nacióneducaciónrespeta.
"
Lo que se enojó cuando le dije que me iva a ir a pachanga :v jajajajajaja lindo amiguito resultó ser,0,Lo que se enojó cuando le dije que me iba a ir a pachanga :v jajajajajaja lindo amigo resultó ser,se enojó dije ir pachanga lindo amiguito,"se enojó dije ir pachanga amigo
","Lo que se enojó cuando le dije que me iba a ir a pachanga :v jajajajaja lindo amiguito resultó ser
","se enojó dije ir panga lindo amiguito
"
@user ya no puedo tomar - cero alcohol- ayer estuve internada en la clínica como 6 horas.,1,@usuario ya no puedo tomar - cero alcohol - ayer estuve internada en la clínica como 6 horas.,user puedo tomar cero alcohol ayer estuve clínica horas,usuario puedo tomar cero alcohol ayer estuve clínica horas,"@user ya no puedo tomar - cero alcohol- ayer estuve internada en la clínica como 6 horas.
","usuar pod tom cer alcohol ayer estuv clin horas
"
"@user querida, veo tu tuit ahora!!! No nos vimos, pero fluimos en un mismo sentir",2,"@usuario querida, veo tu tuit ahora!!! No nos vimos, pero fluimos en un mismo sentir.
",querida tuit no nos vimos fluimos mismo sentir,"querida tuit no nos vimos fluimos mismo sentir
","@user querida, veo tu tuit ahora!!! No nos vimos, pero fluimos en un mismo sentir
",querida tuit no nos vim fluir mis sentir
"Ya es oficia nos quedamos sin Konoplyanka en @user   Eso sí, será una alternativa barata a Reus en la Bundes http",0,"Ya es oficial nos quedamos sin Konoplyanka en @user   Eso sí, será una alternativa barata a Reus en la Bundesliga.
","Ya quedamos Konoplyanka alternativa barata Reus Bundes.
","Ya oficial quedamos Konoplyanka user alternativa barata Reus Bundesliga.
","Ya es oficia nos quedamos sin Konoplyanka en @user   Eso sí, será una alternativa barata a Reus en la Bundes http","Ya quedamos Konoplyanka alternativa barata Reus Bundes.
"
@user @user Muy pero que muy bueno. Lo dejaron solo al pobre chaval en una batalla contra Afganistán,1,@user @user muy pero que muy bueno. lo dejaron solo al pobre chaval en una batalla contra afganistán,@user @user bueno Lo dejaron chaval batalla Afganistán,@user @user bueno lo dejaron chaval batalla afganistán,@user @user muy pero que muy bueno. lo dejaron solo al pobre chaval en una batalla contra afganistán,"@user @user bueno lo dej chaval batalla afganistán
"
Bienvenida a los juegos mentales,2,Bienvenida a los juegos mentales,Juegos mentales,Juegos mentales,"Bienvenida a los juegos mentales
","Juegos mentales
"
Siempre las mejores personas son las que más sufren  #GetWellSoonSelenaFromSpain,0,Siempre las mejores personas son las que más sufren,Siempre personas mejores sufren,"Siempre personas mejores sufren
","Siempre las mejores personas son las que más sufren  #GetWellSoonSelenaFromSpain
","Siempre personas mejores sufren
"
Extraño tener a mis padres juntos,1,Extraño tener a mis padres juntos,Extraño padres juntos,Tengo padres juntos,"Extraño tener a mis padres juntos
","Extraño padres juntos
"
"@user ya  Si algún día soy rica te llevo conmigo a verlo a donde sea, promesita 👉👈",2,"@user ya si algún día soy rica te llevo conmigo a verlo a donde sea, promesita 👉👈","@user rica te llevo verlo donde sea promesita 
","@user si algún día rica te llevo verlo donde sea promesita 
","@user ya si algún día soy rica te llevo conmigo a verlo a donde sea, promesita 👉👈
","@user rica te llevo verlo donde sea promesita 
"
"@user ingrato, solo porque usted sí",0,"@user ingrato, solo porque usted sí",@user ingrato solo usted sí,@user ingrato solo usted sí,"@user ingrat, solo porque usted sí
",@user ingrato solo usted sí
Sólo piensa q diste todo... y duermes tranquila,1,Sólo piensa que diste todo... y duermes tranquila,"piensa q diste todo duermes tranquila
","piensa diste duermes
",Sólo piensa q diste todo... y duermes tranquila,"piensa q diste todo duermes tranqui
"
Que bueno que le gustara @user @user,2,Que bueno que le gustara,bueno gustara usuario usuario,"bueno gustara
","Que bueno que le gustara usuario usuario
","bueno gustara usuario usuario
"
Yo hasta ahora veo el vídeo del pingüino no lo puedo creer. ¿Es normal que esté tan triste? Díganme que ustedes también lloraron.,0,Yo hasta ahora veo el vídeo del pingüino no lo puedo creer. ¿Es normal que esté tan triste? Díganme que ustedes también lloraron.,Veo vídeo pingüino no puedo creer. ¿Normal esté triste? Díganme lloraron.,Veo vídeo pingüino no puedo creer. ¿Normal triste? Díganme lloraron.,"Yo hasta ahora veo el vídeo del pingüino no lo puedo creer. ¿Es normal que esté tan triste? Díganme que ustedes también lloraron.
","Veo vídeo pingüino no puedo creer. ¿Normal esté triste? Díganme lloraron.
"
"@user mira el hilo, que está explicado  es el primer planeta (b) de la estrella Próxima Centaur Próxima Centauri b",1,"@user mira el hilo, que está explicado es el primer planeta (b) de la estrella Próxima Centaur Próxima Centauri b",mira hilo explicado primer planeta b estrella Próxima Centaur Próxima Centauri b,mira hilo explicado primer planeta b estrella Próxima Centaur Próxima Centauri b,"@user mira hilo, que está explicado es primer planeta (b) de estrella Próxima Centaur Próxima Centauri b","mira hilo explicado primer planeta b estrella Próxima Centaur Próxima Centauri b
"
"@user que va tía, muchos son viejos de mi madre, otros del chino. Los que me encantan y me estoy comprando son los del Kiko",2,"@usuario que va tía, muchos son viejos de mi madre, otros del chino. Los que me encantan y me estoy comprando son los del Kiko.
","user va tía muchos son viejos madre otros chino. Los me encantan comprando son del Kiko.
","usuario madre chino Kiko
","@user que va tía, muchos son viejos de mi madre, otros del chino. Los que me encantan y me estoy comprando son los del Kiko
","usuario tia muchos son viejos madre otros chino. los me encantan comprando son del kiko.
"
"Mi mejor amigo me quiere revender un cupón para un fds en un Hotel en Chincha. Qué, voy sola o qué? te pasaste de pendejo @user",0,"Mi mejor amigo me quiere revender un cupón para un fin de semana en un hotel en Chincha. Qué, voy sola o qué? te pasaste de idiota @user","mejor amigo quiere revender cupón Hotel Chincha Qué voy sola qué te pasaste pendejo
","mejor amigo quiere revender cupón fin semana hotel Chincha Qué voy sola qué te pasaste idiota 
","mi mejor amigo me quiere revender un cupón para un fds en un Hotel en Chincha. qué, voy sola o qué? te pasaste de pendejo @user
","mejor amigo quiere revender cupón hotel chincha qué voy sola qué te pasaste pendejo
"
"Al principio él no te gusta , pero te acaba gustando y cuando te deja lo extrañas",1,"Al principio él no te gusta, pero te acaba gustando y cuando te deja lo extrañas","Principio él no te gusta, pero te acaba gustando cuando te deja lo extrañas.",Principio él no te gusta pero te acaba gustando cuando te deja lo extrañas,"Al principio él no te gusta, pero te acaba gustando y cuando te deja lo extrañas","principio él te gusta, pero te acaba gustando cuando te dejas lo extrañas.
"
Una semana siendo vegetariano. Es un pequeño gran logro para mí,2,Una semana siendo vegetariano. Es un pequeño gran logro para mí.,"Semana vegetariano. Logro mí.
","Semana vegetariano. Pequeño gran logro.
","Una semana siendo vegetariano. Es un pequeño gran logro para mí.
","Semana vegetariano. Logro mí.
"
Luego la rara soy yo,0,"Luego la rara soy
","rara yo
","rara
","Luego la rara soy
","rara yo
"
@user perdida ya no tomo coca.,1,"perdida ya no tomo coca.
","perdida coca
","perdida no tomo coca
","@user perdida ya no tomo coca.
","perdida coca
"
@user Muchas gracias  Muy feliz y dulce finde,2,"@user Muchas gracias muy feliz y dulce finde
",@user gracias feliz dulce finde,"@user gracias feliz dulce finde
","@user muchas gracias  muy feliz y dulce finde
","@user gracias feliz dulce finde
"
Tú que he ido a cenar a mar de cristal y me he inflado y me duele la barriga,0,"tú que he ido a cenar a mar de cristal y me he inflado y me duele la barriga
","ido cenar mar cristal duele barriga
","he ido cenar mar cristal duele barriga
","tú que he ido a cenar a mar de cristal y me he inflado y me duele la barriga
","ido cenar mar cristal duele barriga
"
@user hace una semana que se sabe  yo ya espero la edicion completa del juego,1,@usuario hace una semana que se sabe yo ya espero la edición completa del juego,"se sabe espero edicion completa juego
",usuario sabe espero edición juego,"@user hace una semana que se sabe yo ya espero la edicion completa del juego
","se sabe espero edicion complet juego
"
@user Tienes un buen KI. Para luchar contra los malos en Chicago PD.,2,@user tienes un buen KI. para luchar contra los malos en Chicago PD.,"Tenes KI buen luchar malos Chicago PD.
",tienes KI buen luchar malos Chicago PD,"@user tienes un buen ki. para luchar contra los malos en chicago pd.
","Tienes KI buen luchar malos Chicago PD.
"
Estaba el autobús Benidorm-Madrid al lado con las puertas abiertas y me ha tentado subirme y volver.,0,"Estaba el autobús Benidorm-Madrid al lado con las puertas abiertas y me ha tentado subirme y volver.
",autobús Benidorm-Madrid puertas abiertas subirme volver,"autobús Madrid volver
","Estaba el autobús Benidorm-Madrid al lado con las puertas abiertas y me ha tentado subirme y volver.
","autobús benidorm-madrid puertas abiertas subirme volver
"
hace mucho no e tenido que ver mi nombre en otras cuentas por que sera? a cierto yo le dije que no lo hiciera Gracias por hacer caso,1,hace mucho no he tenido que ver mi nombre en otras cuentas por que será? a cierto yo le dije que no lo hiciera gracias por hacer caso,hace mucho no e tenido ver nombre otras cuentas por cierto yo le dije no lo hiciera Gracias hacer caso,hace mucho no he tenido que ver mi nombre otras cuentas será yo le dije no lo hiciera gracias hacer caso,hace mucho no he tenido que ver mi nombre en otras cuentas por que será? a cierto yo le dije que no lo hiciera gracias por hacer caso,hace mucho no he tenido ver nombre otras cuentas por cierto yo le dije no lo hiciera gracias hacer caso
"@user Pues sí, es precioso como bien puedes ver en el vídeo",2,"pues, sí, es precioso como bien puedes ver en el vídeo",Pues precioso ver vídeo,pues precioso ver vídeo,"@user pues sí, es precioso como bien puedes ver en el vídeo","Pues precioso ver vídeo
"
"@user Hay que hacer algo contra los Incendios Forestales, ya basta, estamos jodidos.",0,"hay que hacer algo contra los incendios forestales, ya basta, estamos jodidos",Hacer algo incendios forestales basta jodidos.,"hacer contra incendios forestales basta jodidos
","@user Hay que hacer algo contra los incendios forestales, ya basta, estamos jodidos.
","Hacer algo incendios forestales basta jodidos.
"
necesito hacerme una sesión de fotos de estas en plan bonitas,1,necesito hacerme una sesión de fotos de estas en plan bonitas,hacerme fotos sesión bonitas,"hacerme fotos sesión plan bonitas
","necesito hacerme una sesión de fotos de estas en plan bonitas
","hacerme fotos sesión bonitas
"
"@user Jejeje te has explicado muy bien, tranqui, y si prefieres hablar por otro sitio, lo hacemos  Pues Sue la ""reservaron"" +",2,"@user jejeje te has explicado muy bien, tranquilo, y si prefieres hablar por otro sitio, lo hacemos pues sue la “reservaron”",@user Jejeje te has explicado bien tranqui si prefieres hablar otro sitio lo hacemos Pues Sue reservaron,"@user tranquilo sue reservaron
","@user jejeje te has explicado muy bien, tranqui, y si prefieres hablar por otro sitio, lo hacemos pues sue la ""reservaron"" +
","@user jejeje te has explic bien tranqui si prefieres hablar otro sitio lo hacemos Pues sue reservaron
"
sabes que tu vida es muy puta cuando empiezas las clases en menos de una semana,0,sabes que tu vida es muy mala cuando empiezas las clases en menos de una semana,sabes vida puta clases semana,sabes vida mala empieza clases semana,"sabes que tu vida es muy puta cuando empiezas las clases en menos de una semana
","sabes vida puta clases semana
"
Pero solo cojo 5 días porque me cambio de curro y,1,"Pero solo cojo 5 días porque me cambio de curro y
","Pero solo cojo días cambio curro
","Pero solo cojo días cambio curro
","Pero solo cojo 5 días porque me cambio de curro y
","Pero solo cojo días cambi curro
"
"Mi palabra preferida para este 2016, fue gratitud. Todo funciona mejor agradeciendo.",2,"Mi palabra preferida para este 2016, fue gratitud. Todo funciona mejor agradeciendo.
","Mi palabra gratitud 2016, funciona mejor agradeciendo.",palabra preferida gratitud funciona agradeciendo,"Mi palabra preferida para este 2016, fue gratitud. Todo funciona mejor agradeciendo.
","Mi palabra gratitud 2016, funciona mejor agradeciendo.
"
"@user A mi tampoco me va, bueno, te queda cerrar los ojos sin dormir o joderte y sufrir",0,"@usuario A mí tampoco me va, bueno, te queda cerrar los ojos sin dormir o joderte y sufrir",usuario No me va bueno te queda cerrar ojos sin dormir o joderte sufrir,usuario tampoco me va cerrar ojos dormir joder sufrir,"@user a mi tampoco me va, bueno, te queda cerrar los ojos sin dormir o joderte y sufrir
",usuario No me va bueno te queda cerrar ojos sin dormir o joderte sufrir
@user si algún día quieres echar una ojeada al plan de transportes de Madrid de 1988 ya sabes,1,"@usuario si algún día quieres echar una ojeada al plan de transportes de Madrid de 1988 ya sabes
",@user quieres plan transportes Madrid 1988 sabes,@usuario quieres plan transportes Madrid 1988 sabes,"@user si algún día quieres echar una ojeada al plan de transportes de Madrid de 1988 ya sabes
","@user quiere plan transportes Madrid 1988 sabe
"
"Hoy hice el gol de mi vida, perdimos 8-1 pero hice el gol de mi vida",2,"Hoy hice el gol de mi vida, perdimos 8-1 pero hice el gol de mi vida",Hoy gol vida perdimos 81 gol vida.,"Hoy hice gol vida perdimos 81 hice gol vida.
","Hoy hice el gol de mi vida, perdimos 8-1 pero hice el gol de mi vida
","Hoy gol vida perdimos 81 gol vida.
"
#LaPoderosaKeiko solo puede tener poder en el 4to país más ignorante del mundo: Perú,0,#La poderosa Keiko solo puede tener poder en el 4to país más ignorante del mundo: Perú,La Poderosa Keiko poder tener poder 4to país ignorante Perú.,poderosa Keiko poder país ignorante Perú,#LaPoderosaKeiko solo puede tener poder en el 4to país más ignorante del mundo: Perú,"La poderosa keiko poder tener poder 4to país ignorante Perú.
"
"@user Monsefuana, tienes que configurar eso. Jajajaja. No se puede vivir en paz con el carrete lleno de memes. Te daré los tips.",1,"@usuario, monsefuana, tienes que configurar eso. Jajajaja. No se puede vivir en paz con el carrete lleno de memes. Te daré los tips.","@user Monsefuana, tienes configurar eso. Jajajaja. No se puede vivir paz carrete lleno memes. Daré tips.
",usuario monsefuana tienes configurar eso Jajajaja no se puede vivir paz carrete lleno memes Te daré tips.,"@user monsefuana, tienes que configurar eso. jajajaja. no se puede vivir en paz con el carrete lleno de memes. te daré los tips.
","@user monsefuana, tienes configurar eso. jajajaja. no se puede vivir paz carrete lleno memes. daré tips.
"
"Uno tiene que abrir burbuja #feliz sábado tuiteros..disfrutar del coctel maravilloso que sigue, la felicidad.",2,"uno tiene que abrir burbuja feliz sábado tuiteros disfrutar del coctel maravilloso que sigue, la felicidad","tiene abrir burbuja feliz sábado tuiteros disfrutar coctel maravilloso felicidad
","tiene abrir feliz sábado tuiteros disfrutar coctel maravilloso sigue felicidad
","uno tener abrir burbuja feliz sábado tuiter disfrutar coctel maravilloso felicidad
","tiene abrir burbuja feliz sabado tuiteros disfrutar coctel maravilloso felicidad
"
"@user gracias, yo también estoy triste porque no te vi",0,"@user gracias, yo también estoy triste porque no te vi","gracias también triste te vi
",gracias también triste te vi,"@user gracias, yo también estoy triste porque no te vi","gracias también triste te vi
"
cual es su mejor recuerdo juntos? #BntResponde,1,"¿cuál es su mejor recuerdo juntos? #BntResponde
",¿mejor recuerdo juntos? #BntResponde,"mejor recuerdo juntos 
","¿cual es su mejor recuerdo juntos? #BntResponde
","¿mejor recuerdo juntos? #BntResponde
"
"Se pone interesante la cosa, ganas de evolucionar para tener pokemon fuertes en casi todos los tipos",2,"Se pone interesante la cosa, ganas de evolucionar para tener pokemon fuertes en casi todos los tipos.","pone interesante cosa, ganas evolucionar tener pokemon fuertes casi tipos","Cosa, ganas evolucionar pokemon fuertes tipos.","Se pone interesante la cosa, ganas de evolucionar para tener pokemon fuertes en casi todos los tipos.
","pone interesante cosa, ganas evolucionar tener pokemon fuertes casi tipos"
Mae yo soy tan idiota que tome jarabe por que tenía mucha tos y ahora estoy como si estuviera borracha y no puedo estudiar,0,Me yo soy tan idiota que tome jarabe por que tenía mucha tos y ahora estoy como si estuviera borracha y no puedo estudiar,yo soy idiota tome jarabe tenía tos ahora estoy borracha no puedo estudiar,"Soy tan idiota tome jarabe tenía tos ahora estoy borracha no puedo estudiar.
","Mae yo soy tan idiota que tome jarabe por que tenía mucha tos y ahora estoy como si estuviera borracha y no puedo estudiar
","yo soy idiota tome jarabe tenía tos ahora estoy borracha no puedo estudiar
"
clrealy no es una indirecta,1,claramente no es una indirecta,clrealy no es una indirecta,claramente indirecta,"clrealy no es una indirecta
","clrealy no es una indirecta
"
"Me esta encantando la animacion encerio :,) Cuando veo el final me da un poco ganas de llorar :,) Bueno solo me falta background y texto",2,"Me está encantando la animación en serio :). Cuando veo el final me da un poco ganas de llorar :). Bueno solo me falta fondo y texto.
",Animación encerio. Cuando veo el final me da ganas de llorar. Bueno solo me falta background y texto.,"animación serio
veo final me da ganas llorar
Bueno solo falta fondo texto
",Me esta encantando la anim encerio :) Cuando veo el final me da un poco ganas de llorar :) Bueno solo me falta background y texto,"Animación encerio. Cuando veo el final me da ganas de llorar. Bueno solo me falta background y texto.
"
@user ah mae que duro eso en este día,0,@user ah mmae que duro eso en este día,"user duro día
","@user mmae duro día
",@user ah mae que duro eso en este día,"user duro día
"
"@user @user Brutal... Y al parecer los que hacen de periodistas, también siguen con su grupo de wassap un año después",1,"@usuario @usuario Brutal... Y al parecer los que hacen de periodistas, también siguen con su grupo de wassap un año después",Brutal periodistas wassap año,usuario usuario Brutal periodistas wassap año,"@user @user brutal... y al parecer los que hacen de periodista, también siguen con su grupo de wassap un año después
","brutal periodistas wassap año
"
@user bonito día para hacer un tweet con esta foto,2,@user bonito día para hacer un tweet con esta foto,bonito día hacer tweet foto,"bonito día hacer tweet foto
","@user bonito día para hacer un tweet con esta foto
","bonito día hacer tweet foto
"
Ptmr hoy se presenta trébol clan y recuerdo que en gotica se presentó y fue la última vez que lo vi y hice mi cagada claro,0,ptmr hoy se presenta trébol clan y recuerdo que en gotica se presentó y fue la última vez que lo vi y hice mi cagada claro,Hoy presenta trébol clan recuerdo gotica fue última vez lo vi hice cagada claro,ptmr hoy se presenta trébol clan recuerdo gotica se presentó fue última vez lo vi hice cagada claro,"ptmr hoy se presenta trbol clan y recuerdo que en gotica se present y fue la ltima vez que lo vi y hice mi cagda claro
","hoy presenta trbol clan recuerdo gotica fue ltima vez lo vi hice cagada claro
"
"¿Mañana stream?  ! Espero que mi internet no se vuelva loco como antes, aunque estos dias funciona bien!",1,"¿Mañana stream?! Espero que mi internet no se vuelva loco como antes, aunque estos días funciona bien!
",¿Mañana stream Espero internet no se vuelve loco aunque días funciona bien,Mañana stream Espero internet no se vuelva loco aunque días funciona bien,"¿Mañana stream? ! Espero que mi internet no se vuelva loco como antes, aunque estos dias funciona bien!
","¿Mañana stream Espero internet no se vuelve loco aunque días funciona bien
"
"@user muchas gracias niñuca, tú tienes una gran sensibilidad por eso valoro mucho tu opinión. Feliz noche",2,"@user muchas gracias, tú tienes una gran sensibilidad por eso valoro mucho tu opinión. Feliz noche","@user gracias niñuca tienes gran sensibilidad valoro opinión. Feliz noche.
",@user gracias sensibilidad valoro opinión Feliz noche,"@user muchas gracias niñuca, tú tienes una gran sensibilidad por eso valoro mucho tu opinión. Feliz noche
",@user gracias nina tienes gran sensibilidad valoro opinión. Feliz noche.
"@user y con ""las conozco"", me refiero a Maria y Krisbell . Mandale mis saluditos, somos ingratas todas",0,"@usuario y con ""las conozco"", me refiero a Maria y Krisbell. Mandale mis saluditos, somos ingratas todas.
",user con conozco Maria Krisbell saluditos ingratas todas,usuario conozco Maria Krisbell saluditos ingratas,"@user y con ""las conozco"", me refiero a Maria y Krisbell. Mandale mis saluditos, somos ingratas todas
",user con conozco mari krisbell saluditos ingratas todas
"Bueno, Yixing tuvo pocas líneas como siempre, pero no voy a andar de pesada. Al menos no esta vez",1,"Bueno, Yixing tuvo pocas líneas como siempre, pero no voy a andar de pesada. Al menos no esta vez.
","Bueno Yixing pocas líneas siempre pero voy andar pesada Al menos vez
",Yixing pocas líneas siempre no voy pesada. Al menos vez.,"Bueno, Yixing tuvo pocas lineas como siempre, pero no voy a andar de pesada. Al menos no esta vez.
","buen yixing pocas lineas siempre pero voy andar pesada al menos vez
"
"Este año la quiniela perfecta de los mundiales da como premio las 3 skins definitivas, interesante...",2,"Este año la quiniela perfecta de los mundiales da como premio las 3 pieles definitivas, interesante...
","año quiniela premios skins interesante
","año quiniela premios interesante
","Este año la quiniela perfecta de los mundiales da como premio las 3 skins definitivas, interesante.","año quiniela premios skins interesante
"
al final me ha dejado llorando y pues bien  yo que estaba hoy pensando saltos de los feliz que estaba. Al pelo todo,0,al final me ha dejado llorando y pues bien yo que estaba hoy pensando saltos de los feliz que estaba. al pelo todo,"final llorando pues feliz todo.
",final llorando pues feliz pelo todo.,"al final me ha dejado llorando y pues bien yo que estaba hoy pensando saltos de los feliz que estaba. Al pelo todo
","final llorando pues feliz todo
"
Vamos a pasar año nuevo a la playa No? Bueno,1,"Vamos a pasar año nuevo a la playa, ¿no? Bueno.
",Pasar año nuevo playa No Bueno,Pasar año playa ¿no Bueno,"Vamos a pasar año nuevo a la playa No? Bueno
","Pasar año nuevo playa No Bueno
"
Mi papá emocionado hasta las lágrimas con los tenores... hay conciertos que se quedan en el alma para siempre.,2,"Mi papá emocionado hasta las lágrimas con los tenores... hay conciertos que se quedan en el alma para siempre.
","Papá emocionado lágrimas tenores conciertos alma.
",papá emocionado lágrimas tenores conciertos alma,"Mi papá emocionado hasta las lágrimas con los tenores... hay conciertos que se quedan en el alma para siempre.
","Papá emocionado lágrimas tenores conciertos alma.
"
@user @user te lleguen a entender y a respetar. Muy malos tienen que ser para obligarte a comer algo a la fuerza,0,@user @user te lleguen a entender y a respetar. Muy malos tienen que ser para obligarte a comer algo a la fuerza,"@user @user entender respetar malos obligarte comer fuerza
","@user @user entender respetar malos obligarte comer fuerza.
",@user @user te llegue entender respetar. Muy malos tener obligarte comer fuerza,"@user @user entender respetar malos obligarte comer fuerza
"
"Voy asi: Silvio Rodríguez, Ismael Serrano, Cristian Castro (homenaje a José José) y el Buki... el asunto es serio",1,"Voy así: Silvio Rodríguez, Ismael Serrano, Cristian Castro (homenaje a José José) y el Buki... el asunto es serio.","Silvio Rodríguez, Ismael Serrano, Cristian Castro, José José, Buki, asunto serio.
","Silvio Rodríguez, Ismael Serrano, Cristian Castro, homenaje José José, Buki, asunto serio.
","Voy asi: Silvio Rodríguez, Ismael Serrano, Cristian Castro (homenaje a José José) y el Buki... el asunto es serio","Silvio Rodríguez, Ismael Serrano, Cristian Castro, José José, Buki, asunto serio.
"
@user Agradecidos. Nos miras con buenos ojos  @user,2,agradecidos. miráis,"Agradecidos Miras buenos ojos
","agradecidos 
miráis
",@user agradecid@ nos mir@ con buend ojo@,"Agradecidos Miras buenos ojos
"
me mantengo optimista pero se me hace difícil a veces de verdad,0,me mantengo optimista pero me hace difícil a veces de verdad,mantengo optimista difícil verdad,mantengo optimista difícil verdad,"me mantengo optimista pero se me hace difícil a veces de verdad
","mantengo optimista difícil verdad
"
"Regresé de la playa hoy y literal todo el día he dormido, y aún sigo con sueño",1,"Regresé de la playa hoy y literalmente todo el día he dormido, y aún sigo con sueño.
",Regresé playa hoy literal día dormido aún sigo sueño.,Regresé playa hoy dormido sigo sueño.,"Regresé de la playa hoy y literal todo el día he dormido, y aún sigo con sueño
","regresé playa hoy literal día dormido aún sigo sueño
"
@user have fun Antu! Los mejores deseos,2,@usuario diviértete Antu! Los mejores deseos,"@user divertido Antu! mejores deseos
",@usuario diviértete Antu mejores deseos,@user have fun Antu! Los mejores deseos,"@user divertido antu! mejores deseos
"
@user Pos sí que eras tú limitada en encontrar formas de no aburrirse en clase,0,@user pos sí que eras tú limitada en encontrar formas de no aburrirse en clase,Pos sí eras limitada encontrar formas no aburrirse clase,user pos sí eras limitada encontrar formas no aburrirse clase,"@user pos sí que eras tú limitada en encontrar formas de no aburrirse en clase
","Pos sí ser limitad encontrar forma no aburrirse clase
"
"Pablo continúa su hilo, imprescindible.  Luego haremos crowfunding entre todos para hacerle un ""Medium""  http",1,"Pablo continúa su hilo, imprescindible. Luego haremos crowdfunding entre todos para hacerle un ""Medium"" http
","Pablo continúa hilo imprescindible Luego haremos crowfunding todos hacerle Medium http
",Pablo continúa hilo imprescindible Luego haremos crowdfunding todos hacer Medium,"Pablo continúa su hilo, imprescindible. Luego haremos crowfunding entre todos para hacerle un ""Medium"" http
","Pablo continúa hilo imprescindible Luego haremos crowfunding todos hacerle Medium http
"
Sin duda ha sido la semana más larga del mundo a su vez ha sido una de las más bellas,2,Sin duda ha sido la semana más larga del mundo a su vez ha sido una de las más bellas,duda semana larga mundo vez belleza,"Duda semana larga mundo vez belleza.
","Sin duda ha sido la semana más larga del mundo a su vez ha sido una de las más bellas
","duda semana larga mundo vez belleza
"
@user la próxima vez que vaya a Madrid no estarás en mis planes. Maldita,0,"@user la próxima vez que vaya a Madrid no estarás en mis planes. Maldita
","@user próxima vez vaya Madrid estar planes Maldita
",vaya Madrid planes Maldita,"@user la próxima vez que vaya a Madrid no estarás en mis planes. Maldita
","@user próxima vez vaya Madrid estar planes Maldita
"
¿Conoces la pubalgia relacionado con la lesión de Messi? El doctor Quesada lo explica en el video siguiente  http,1,"¿Conoces la pubalgia relacionada con la lesión de Messi? El doctor Quesada lo explica en el video siguiente http
",Conoces pubalgia lesión Messi doctor Quesada explica video siguiente.,Conoces pubalgia lesión Messi doctor Quesada explica video siguiente,"¿Conoces la pubalgia relacionado con la lesión de Messi? El doctor Quesada lo explica en el video siguiente http
","Conoces pubalgia lesión doctor explica video siguiente
"
"@user hombreee, poco a poco, los 5 primeros minutos que montes en bici te sabrán a gloria  así que ánimo que todo llega",2,"@user hombre, poco a poco, los cinco primeros minutos que montes en bici te sabrán a gloria así que ánimo que todo llega.
","@user hombre, poco, minutos, montes, bici, gloria, ánimo, todo","@user hombre poco poco cinco primeros minutos montes bici te sabrán gloria ánimo todo llega.
","@user hombre, poco, poco, los 5 primeros minutos que montes bici te sabrán gloria así que ánimo que todo llega
","@user hombre, poco, minuto, monte, bici, gloria, animo, todo
"
Aún no estoy listo para una nueva mamá,0,Aún no estoy listo para una nueva mamá,"Aún listo nueva mamá.
",Aún listo nueva mamá.,"Aún no estoy listo para una nueva mamá
","Aún listo nueva mamá.
"
Para mi mamá toda la ropa que escojo es fea hasta que me la ve puesta,1,Para mi mamá toda la ropa que elijo es fea hasta que me la ve puesta,mi mamá ropa escojo fea ve puesta,"mi mamá ropa elijo fea ve puesta
","Para mi mamá toda la ropa que escojo es fea hasta que me la ve puesta
","mi mamá ropa escojo fea ve puesta
"
"Voy con demasiados sueños locos. Y demasiados, siempre son pocos  #Yolo #mondaymotivation",2,"Voy con demasiados sueños locos. Y demasiados, siempre son pocos #Yolo #mondaymotivation","Voy sueños locos. Y muchos, siempre pocos #Yolo #mondaymotivation
","Voy sueños locos.  Siempre pocos #Yolo #mondaymotivation
","Voy con demasiados sueños locos. Y demasiados, siempre son pocos #Yolo #mondaymotivation
","Voy sueños locos. Y muchos, siempre pocos #Yolo #mondaymotivation
"
La operación de Carmen me tiene muy triste,0,La operación de Carmen me tiene muy triste,Operación Carmen me triste.,Operación Carmen me triste,La operación me tiene muy triste,"Operación Carmen me triste.
"
@user @user @user se conserva la misma cuenta. Pero el programa será distinto,1,"@user @user @user se conserva la misma cuenta. Pero el programa será distinto.
","cuenta programa distinto
","cuenta programa distinto
",@user @user @user se conserva la misma cuenta. Pero el program será distinto,"cuenta programa distinto
"
@user  Buenos dias y feliz domingo  abrazo♡,2,@user buenos días y feliz domingo abrazo♡,Buenos dias feliz domingo abrazo,"@user días feliz domingo abrazo
",@user  buenos dias y feliz domingo  abrazo♡,"buenos dias feliz domingo abrazo
"
@user @user Conmigo no los tiene abiertos porque me bloqueó,0,@user @user conmigo no los tiene abiertos porque me bloqueó,user user Conmigo no los tiene abiertos porque me bloqueó,@user @user conmigo los abiertos porque me bloqueó,"@user @user conmigo no los tiene abiertos porque me bloqueó
","usuario usuario conmigo no los tiene abiertos porque me bloqueó
"
"Entre lo positivo, está el hecho de que no tendré esas responsabilidades extra que adquiría sí yo quedaba electo. Pero mae yo quería",1,"Entre lo positivo, está el hecho de que no tendré esas responsabilidades extra que adquiría si yo quedaba electo. Pero, más yo quería.
","Entre positivo, hecho no tendré responsabilidades extra adquiría yo quedaba electo. Pero quería.","Entre positivo, hecho no tendré responsabilidades extra adquiría si electo. Pero, más quería.
","Entre lo positivo, está el hecho de que no tendré esas responsabilidades extra que adquiría sí yo quedaba electo. Pero mae yo quería.
","Entre positivo, hecho no tendré responsabilidades extra adquiría yo quedaba electo. Pero quería.
"
"@user oye, 7/8 no está nada mal",2,"@usuario oye, siete o ocho no está nada mal",oye 7/8 no mal,usuario oye siete ocho mal,"@user oye, 7/8 no está nada mal
","oye 7/8 no mal
"
"@user estaba en momento ""odio eterno"" necesitaba compartirlo  además yo hace poco que tengo canal y no me siento NADA identificada",0,@user estaba en momento “odio eterno” necesitaba compartirlo además yo hace poco que tengo canal y no me siento NADA identificada,@user momento odio eterno necesitaba compartirlo además yo poco tengo canal no me siento NADA identificada,"user momento odio compartirlo yo poco tengo canal no nada identificada
","@user estaba en momento ""odio eterno"" necesitaba compartirlo además yo hace poco que tengo canal y no me siento NADA identificada
","@user momento odio eterno necesitaba compartirlo además yo poco tengo canal no me siento NADA identificada
"
"Como te elicas algo que no viste venir, ¿Cómo?",1,"Como te eliges algo que no viste venir, ¿cómo?",Como te eligas algo no viste venir Cómo,Como eliges algo no viste venir cómo,"Como te eliges algo que no viste venir, ¿Cómo?
","Como te eliges algo no viste venir Cómo
"
"@user un placer guapa!! @user es un sol!! bueno, los dos los sois",2,"@user un placer guapa!! @user es un sol!! bueno, los dos los sois
","user placer guapa sol dos sois
","user placer guapa sol dos sois
","@user un placer guapa!! @user es un sol!! bueno, los dos los sois","user placer guapa sol dos sois
"
Qué triste ver que el odio por una mujer esté por encima de la razón,0,Qué triste ver que el odio por una mujer esté por encima de la razón,"triste ver odio mujer razón
",Triste ver odio mujer razón.,"Qué triste ver que el odio por una mujer esté por encima de la razón
","triste ver odio mujer razón
"
"@user @user @user yo solo quiero saber si tienen mi libreta y los llaveros de llamas que les di son 2, blanca y negra",1,"@user @user @user yo solo quiero saber si tienen mi libreta y los llaveros de llamas que les di son 2, blanca y negra",quiero saber si tienen libreta llaveros llamas blanca negra,yo quiero saber si tienen libreta llaveros llamas blanca negra,"@user @user @user yo solo quiero saber si tienen mi libreta y los llaveros de llamas que les di son 2, blanca y negra","quiero saber si tienen libreta llaveros llama blanca negra
"
"@user Yo, he probado con pisco, y buenazo tmb, ah.",2,"yo, he probado, con pisco, y buenazo también","probado pisco buenazo
","he probado pisco buenazo
","@user yo, he probado con pisco, y buenazo tmb, ah.
","probado pisco buenazo
"
"Que tristes son los velorios y entierros, mi Papá está llorando peor que un bebito recien nacido",0,"Que tristes son los velorios y entierros, mi papá está llorando peor que un bebé recién nacido.
","Tristes velorios entierros Papá llorando bebito recien nacido.
","tristes velorios entierros papá llorando bebé recién nacido
","Que tristes son los velorios y entierros, mi Papá está llorando peor que un bebito recien nacido
","Tristes velorios entierros Papá llorando bebito recien nacido.
"
Nominada por @user   Aquí van nuestras pelis y nuestros taggeados.  http,1,"Nominada por usuario. Aquí van nuestras pelis y nuestros taggeados. http
","Nominada por usuario. Nuestras pelis nuestros taggeados. http
","Nominada usuario. Nuestras pelis nuestros taggeados. http
","Nominada por user Aquí van nuestras pelis y nuestros taggeados http
","Nominada usuario. Nuestras pelis nuestros taggeados. http
"
"Cosas q debemos usar para simplificar nuestra vida: el cerebro, sentido común, una sonrisa y eliminar a quién no nos interesa. Simple",2,"Cosas que debemos usar para simplificar nuestra vida: el cerebro, sentido común, una sonrisa y eliminar a quien no nos interesa. Simple.",Cosas cerebro sentido común sonrisa eliminar quién no interesa Simple,"Cosas cerebro sentido común sonrisa eliminar quien no interesa Simple.
","Cosas q debemos usar para simplificar nuestra vida: el cerebro, sentido común, una sonrisa y eliminar a quién no nos interesa. Simple
","Cosas cerebro sentido común sonrisa eliminar quién no interesa Simple
"
@user @user me parece que sueles reclamar demasiados sobrentendidos,0,@user @user me parece que sueles reclamar demasiados malentendidos,sueles reclamar sobrentendidos,reclamar malentendidos,"@user @user me parece que sueles reclamar demasiados sobrentendidos
","sueles reclamar sobrentendidos
"
"@user jajajaja fácil,o derrepente ya nos lo cambiaron por uno nuevo",1,"@user jajajaja fácil, o derrepente ya nos lo cambiaron por uno nuevo","user fácil o repente ya nos lo cambiaron uno nuevo
",@user fácil derrepente nos cambiaron nuevo,"@user jajajaja fácil,o derrepente ya nos lo cambiaron por uno nuevo
","usér fácil o repente ya nos lo cambian uno nuevo
"
@user tu ventilador me mira con cara seductora.,2,"@usuario tu ventilador me mira con cara seductora.
",ventilador mira cara seductora,"usuario ventilador mira cara seductora
","@user tu ventilador me mira con cara seductora.
","ventilador mira cara seductora
"
@user @user porque al final siempre llegan a lo mismo: es que ella debió asumir más su lado femenino,0,@user @user porque al final siempre llegan a lo mismo: es que ella debió asumir más su lado femenino,@user @user porque final llegan mismo ella asumir lado femenino,@user @user porque final llegan mismo ella asumir lado femenino,"@user @user porque al final siempre llegan a lo mismo: es que ella debió asumir más su lado femenino
","@user @user porque final llegan mismo ella asumir lado femenino
"
@user recién me conectooooo Juan está enfermo mañana te prometo que te recojo,1,@user recién me conecto Juan está enfermo mañana te prometo que te recojo,Juan enfermo mañana prometo recojo,"Juan enfermo mañana te recojo.
",@user recién me conecto Juan está enfermo mañana te prometo que te recojo,"Juan enfermo mañana prometo recojo
"
El sol echa el cierre a un día estupendo en  #VillardeOlalla #Cuenca Preparados para otra noche de fiesta  http,2,"El sol echa el cierre a un día estupendo en VillardeOlalla Cuenca Preparados para otra noche de fiesta 
","Sol cierre día estupendo noche fiesta.
",sol cierre día estupendo VillardeOlalla Cuenca Preparados noche fiesta,"El sol echa el cierre a un día estupendo en  VillardeOlalla Cuenca Preparados para otra noche de fiesta  
","Sol cierre día estupendo noche fiesta.
"
hoy me han traído a mi perra después de seis días sin verla y está to nerviosa y más delgada,0,hoy me han traído a mi perra después de seis días sin verla y está nerviosa y más delgada,hoy perra seis días verla nerviosa delgada,hoy perra seis días verla nerviosa delgada,"hoy me han traído a mi perra después de seis días sin verla y está to nerviosa y más delgada
","hoy perra seis días verla nerviosa delgada
"
"Ma, mira... - Qué? La Paca? Sí, cómo supiste? - Porque es lo único que haces.",1,"Ma, mira... - Qué? La Paca? Sí, cómo supiste? - Porque es lo único que haces.
","Ma, mira. Qué. Paca. Sí, cómo supiste. Porque lo único haces.","Ma, mira Qué La Paca Sí cómo supiste Porque único haces.
","Ma, mira... - Qué? La Paca? Sí, cómo supiste? - Porque es lo único que haces.
","Ma, mira. Qué. Paca. Sí, cómo supiste. Porque lo único haces.
"
Creo k es la primera vez k estoy deseando k llegue septiembre de una vez,2,"Creo que es la primera vez que estoy deseando que llegue septiembre de una vez.
","Creo deseando llegue septiembre vez.
","Creo primera vez deseando llegue septiembre una vez.
",Creo k es la primera vez k estoy deseando k llegue septiembre de una vez,"Creo desear llegue septiembre vez.
"
@user a mi me gustaba antes. Ahora todo es super cuadrado y feo,0,"@usuario a mí me gustaba antes. Ahora todo es super cuadrado y feo.
","user gustaba antes Ahora todo cuadrado feo
","usuario gustaba antes ahora todo cuadrado feo
","@user a mi me gustaba antes. Ahora todo es super cuadrado y feo
","usuar gustab ante ahor tod cuadrad feo
"
@user las tuyas y las nuestras  ajajajaj,1,@user las tuyas y las nuestras  ajajajaj,las nuestras ajajajaj,"las nuestras
",@user las tuyas y las nuestras  ajajajaj,"las nuestras ajajajaj
"
"@user gracias niñuca es preciosa, te prometo que me has alegrado la tarde con este detalle tan Bello y enternecedor. Mil besos",2,"@user gracias niñuca ser preciosa, te prometo que has alegrado la tarde con este detalle tan bello y enternecedor. Mil besos",gracias niñuca preciosa te prometo alegrado tarde detalle Bello enternecedor besos,gracias ser preciosa te prometo has alegrado tarde detalle bello enternecedor Mil besos,"@user gracias nina es preciosa, te prometo que me has alegrado la tarde con este detalle tan bello y enternecedor. mil besos
","gracias niñuca preciosa te prometo alegrado tarde detalle bello enternecedor besos
"
Que duro iniciar el día con noticias tristes,0,Que duro iniciar el día con noticias tristes,Duro iniciar día noticias tristes,"Duro iniciar día noticias tristes
","Que duro iniciar el día con noticias tristes
","Duro iniciar día noticias tristes
"
@user yo estaba todo feliz,1,@user yo estaba todo feliz,"@user feliz
","user feliz
","@user yo estaba todo feliz
","@user feliz
"
"@user sep, mi familia es MUY lectora y mi círculo de amistades también",2,"@user sep, mi familia es muy lectora y mi círculo de amistades también.
","familia lectora amistades
","familia lectora amistades
","@user sep, mi familia es MUY lectora y mi círculo de amistades también","familia lectora amistades
"
@user yo nunca la he podido ver entera porque literalmente me duermo,0,@user yo nunca la he podido ver entera porque literalmente me duermo,user nunca la he ver entera porque literalmente me duermo,user nunca la he ver entera porque literalmente me duermo,"@user yo nunca la he podido ver entera porque literalmente me duermo
","user nunca la he ver entera porque literalmente me duermo
"
@user La carta compuesta es un factor más. También está la #sinastría que ayuda a suavizar una compuesta difícil,1,la carta compuesta es un factor más. también está la sinastría que ayuda a suavizar una compuesta difícil,"Carta factor más. También sinastría ayuda suavizar compuesta difícil.
",carta factor más sinastría ayuda suavizar difícil,"@user la carta compuest/a es un factor más. También está la sinastría que ayuda a suavizar una compuest/a difícil.
","Carta factor más. También sinastría ayuda suavizar compuesta difícil.
"
"@user No sé si saldrá algo relacionado con Escocia, pero los paisajes son increíbles",2,"@user No sé si saldrá algo relacionado con Escocia, pero los paisajes son increíbles.
",sé saldrá Escocia paisajes increíbles,"sé saldrá Escocia paisajes increíbles
","@user No sé si saldrá algo relacionado con Escocia, pero los paisajes son increíbles.
","sé saldrá Escocia paisajes increíbles
"
Creo que soy muy rencorosa,0,Creo que soy muy rencorosa,Creo soy rencorosa,Creo soy rencorosa,"Creo que soy muy rencorosa
","Creo soy rencorosa
"
"@user Una vez mi prima me besó sin previo aviso. Ese fue mi primer beso, y nunca he vuelto a tener uno",1,"@user Una vez mi prima me besó sin previo aviso. Ese fue mi primer beso, y nunca he vuelto a tener uno.
",prima besó aviso primer beso vuelto,prima besó aviso primer beso vuelto,"@user una vez mi prima me besó sin previo aviso. ese fue mi primer beso, y nunca he vuelto a tener uno
","prima besó aviso primer beso vuelto
"
@user ojalá sigan juntos mucho tiempo,2,"ojalá sigan juntos mucho tiempo
",user sigan juntos tiempo,sigan juntos tiempo,@user ojalá sigan juntos mucho tiempo,"usig sigan junt timp
"
Quiero entrar en tantas clases pero soy pobre.,0,"Quiero entrar en tantas clases pero soy pobre.
","entrar clases pobre
","entrar clases pobre
","Quiero entrar en tantas clases pero soy pobre.
","entrar clases pobre
"
@user ay no mms ARELIIIII.A los añooooos sdfjksf te extraño we,1,@user ay no mms arel. a los años sdfjksf te extraño we,@user mms ARELIIIII. añooooos te extraño,"user años extraño
",@user ay no mms arelii.a años sdfjksf te extraño we,@user mms arelii. añoo. te extrañ.
Ha vuelto @user con energías renovadas. Los lunes por la noche el Doctor Amor y su consulta te esperan en su #periscope,2,"Ha vuelto con energías renovadas. Los lunes por la noche el Doctor Amor y su consulta te esperan en su periscope.
",Vuelto energías renovadas Doctor Amor consulta periscope,"Vuelto energías renovadas Doctor Amor consulta periscope.
",Ha vuelto @user con energías renovadas. Los lunes por la noche el Doctor Amor y su consulta te esperan en su #periscope,"vuelto energías renovadas doctor amor consulta periscope
"
"@user Prohibirlo, no. Se pueden hacer campañas, pedagogía... y no aplaudir como están haciendo muchas pseudo-feministas  @user",0,"prohibir, no. poder hacer campañas, pedagogía… y no aplaudir como están haciendo muchas pseudo-feministas
",Prohibirlo no. campañas pedagogía aplaudir pseudo-feministas.,prohibir poder campañas pedagogía aplaudir,"@user prohibir, no. hacer, pedagog, aplaudir, pseudo-feminist","Prohibir no. campaña pedagüi aplaudir pseudo-feminista.
"
"Mi último trabajo por obra y gracia de @user @user @user, un spot para el @user #megapanic  http",1,"Mi último trabajo por obra y gracia de usuarios, un spot para el mega panic.
","trabajo obra gracia user spot user megapanic
","trabajo obra gracia usuarios spot mega panic
","Mi último trabajo por obra y gracia de user user user, un spot para el user #megapanic http
","trabajo obra gracia user spot user megapanic
"
"Nunca es tarde para hacer un sueño..con una mente soñadora, un puñado de ganas, fe y un corazón de amor, todo es posible.",2,"Nunca es tarde para hacer un sueño…con una mente soñadora, un puñado de ganas, fe y un corazón de amor, todo es posible.
",Nunca sueño mente soñadora puñado ganas fe corazón amor posible.,nunca tarde sueño mente soñadora puñado ganas fe corazón amor posible,"Nunca es tarde para hacer un sueño..con una mente soñadora, un puñado de ganas, fe y un corazón de amor, todo es posible.
","Nunca sueño mente soñadora puñado ganas fe corazón amor posible.
"
No debí cogerme la cara con las manos suciaaaaas!!,0,No debí coger la cara con las manos sucias.,"debí cara manos suciaaaaas
","debí coger cara manos sucias
","No debí cogerme la cara con las manos sucias!!
","debí cara manos suciaaaaas
"
"+ a VOSOTROS, y siempre intento daros bola y responder a vuestras cosas.  Pero bueno, se ve que no es suficiente",1,"+ a vosotros, y siempre intento daros bola y responder a vuestras cosas. Pero bueno, se ve que no es suficiente","a vosotros, siempre intento daros bola responder vuestras cosas. Pero bueno, se ve no es suficiente.",vosotros siempre intento daros responder vuestras cosas Pero bueno se ve no suficiente,"+ a vosotros, y siempre intento daros bola y responder a vuestras cosas. Pero bueno, se ve que no es suficiente.
","a vosotros, siempre intento daros bola responder vuestras cosas. Pero bueno, se ve no es suficiente.
"
Creo que lo mas jodido del 2016 ya me ha pasado y ya estoy lista para lo que venga! jodidamente bien,2,Creo que lo más jodido del 2016 ya me ha pasado y ya estoy lista para lo que venga. Jodidamente bien.,"Creo lista vengo bien.
","Creo lista venga bien.
","Creo que lo mas jodido del 2016 ya me ha pasado y ya estoy lista para lo que venga! jodidamente bien
","Creo lista vengo bien.
"
"@user "" En algún momento empecé a mirar más al suelo que al cielo "" "" Estoy harto de llorar, así que intento sonreír """,0,"@user "" En algún momento empecé a mirar más al suelo que al cielo "" "" Estoy harto de llorar, así que intento sonreír ""
","@user "" algún momento empecé mirar suelo cielo "" "" Estoy harto llorar así intento sonreír ""","@user "" algún momento empecé mirar suelo cielo "" "" harto llorar intentar sonreír","@user "" En algún momento empecé a mirar más al suelo que al cielo "" "" Estoy harto de llorar, así que intento sonreír ""
","@user "" algún momento empecé mirar suelo cielo "" "" Estoy harto llorar así intento sonreír ""
"
lo mejor es que son conversaciones normales y corrientes sin ningún ánimo de ligar pero  simplemente porque no se ligar,1,lo mejor es que son conversaciones normales y corrientes sin ningún ánimo de ligar pero simplemente porque no se liga,mejor conversaciones normales corrientes ánimo ligar simplemente no se ligar,"mejor conversaciones normales corrientes ánimo ligar simplemente no se liga
",lo mejor es que son conversaciones normales corrientes sin ningún animo ligar simplemente porque no ligar,mejor conversaciones normales corrientes ánimo ligar simplemente no se ligar
@user por supuesto amigo mí que pases buen domingo,2,@usuario por supuesto amigo mío que pases buen domingo,"user amigo pases buen domingo
","usuario amigo domingo
","@user por supuesto amigo mí que pases buen domingo
","user amigo pases buen domingo
"
Que horrible sensación cuando se te atasca una pastilla en la garganta #Meduele.,0,"Que horrible sensación cuando se le atasca una pastilla en la garganta #Meduele.
",horrible sensación pastilla garganta,horrible sensación pastilla garganta,"Que horrible sensación cuando se te atasca una pastilla en la garganta #Meduele.
","horrible sensación pastilla garganta
"
"@user Mi ciudad bonitaa llena de nieve fijo  , gracias, es que pensaba que solo estaba en netflix",1,"@user mi ciudad bonita llena de nieve fijo, gracias, es que pensaba que solo estaba en netflix","Mi ciudad nieve fijo, gracias, pensaba solo estaba netflix.
","user ciudad bonita nieve fijo gracias pensaba solo estaba netflix
","@user mi ciudad bonita llena de nieve fijo, gracias, es que pensaba que solo estaba en netflix
","mi ciudad nieve fijo, gracias, pensaba solo estaba netflix.
"
Esas costillitas se ven demasiado buenas... Ya quiero cenar!,2,esas costillas se ven demasiado buenas ya quiero cenar,"costillitas se ven buenas quiero cenar
","costillas buenas quiero cenar
","Esas costillitas se ven demasiado buenas... Ya quiero cenar!
","costillitas se ven buenas quiero cenar
"
Creo que mi amor platónico de tw es gay y me acabo de poner tan triste,0,Creo que mi amor platónico de tw es gay y me acabo de poner tan triste,Creo amor platónico tw gay triste,"Creo amor platónico tw gay triste.
","Creo que mi amor platónico de tw es gay y me acabo de poner tan triste
","creo amor platónico tw gay triste
"
"@user @user @user @user @user a mí como a veces me piden ""la firma escaneada en el doc""...",1,@user @user @user @user @user a mí como a veces me piden “la firma escaneada en el doc”…,"me piden firma escaneada doc
",a mí como veces piden firma escaneada doc,"@user @user @user @user @user a mí como a veces me piden ""la firma escaneada en el doc""...
","me piden firma escaneada doc
"
"@user ya yo voy de vuelta, pero le dejé la pampa lindísima",2,"@usuario ya yo voy de vuelta, pero le dejé la pampa lindísima","voy vuelta pampa lindísima
","usuario voy vuelta dejé pampa lindísima
","@user ya yo voy de vuelta, pero le dejé la pampa lindísima","voy vuelta pampa lindísima
"
"Si es que llegáis aquí desde mi Favstar del cretácico y claro, luego no me duráis ni un suspiro. Que mis neuronas no son como antes, jopé",0,"Si es que llegáis aquí desde mi Favstar del cretácico y claro, luego no me duráis ni un suspiro. Que mis neuronas no son como antes, jopé.
",llegáis aquí Favstar cretácico claro duráis suspiro neuronas jopé,llegáis cretácico duráis suspiro neuronas jopé,"Si es que llegáis aquí desde mi Favstar del cretácico y claro, luego no me duráis ni un suspiro. Que mis neuronas no son como antes, jopé.
",llegáis aquí Favstar cretácico claro duráis suspiro neuronas jopé
"@user justo vi en Ig que lo tenías y te quería preguntar. Cuando lo hagas, espero el review! Y sí, yo tb tengo varios pendientes",1,"justo vi en ig que lo tenías y te quería preguntar. cuando lo hagas, espero el review! y sí, yo tb tengo varios pendientes",justo vi Ig lo tenías te quería preguntar Cuando lo hagas espero review sí tengo varios pendientes,justo vi ig lo tenías querías preguntar cuando hagas espero review sí tengo varios pendientes,"@user justo vi en ig que lo tenías y te queria preguntar. cuando lo hagas, espero review! y sí, yo tb tengo varios pendientes
","justo vi ig lo tenías te queria preguntar cuando lo hagas espero review si tengo varios pendientes
"
"@user @user no importa con esa linea como sino juegas nada, seguirás siendo buenisimo ( con cariño jeje  )",2,"@user @user no importa con esa linea como sino juegas nada, seguirás ser buenisimo ( con cariño jeje )",@user @user importa linea como juega nada seguirás siendo buenisimo ( con cariño jeje ),@user @user importa linea como juegas nada seguirás ser buenisimo ( cariño jeje ),"@user @user no importa con esa linea como sino juegas nada, seguirás siendo buenisimo ( con cariño jeje  )
","@user @user importa linea como juega nada seguirás siendo buenisimo ( con cariño jeje )
"
@user LOL miguez tu eres guapo no le hagas ni caso no ves que es VASCA y alli NO SE FOLLA pero no es culpa tuya,0,@user lol miguez tu eres guapo no le hagas ni caso no ves que es vasca y allí no se folla pero no es culpa tuya,user miguez guapo caso ni caso ves vasca alli no se folla culpa tuya,@user guapo caso caso ves vasca allí no se folla culpa tuya.,"@user lol miguez tu eres guapo no le hagas ni caso no ves que es vasca y alli no se folla pero no es culpa tuya
","user miguez guapo caso ni caso ves vasca alli no se folla culpa tuya
"
Buenos días!!!! mi pensamiento esta mañana al despertar es que si o si tengo que ir a dar un paseo al parque y disfrutar de la naturaleza,1,Buenos días!!!! mi pensamiento esta mañana al despertar es que si o si tengo que ir a dar un paseo al parque y disfrutar de la naturaleza,pensamiento mañana despertar tengo ir paseo parque disfrutar naturaleza,pensamiento mañana despertar si tengo ir dar paseo parque disfrutar naturaleza,"Buenos días!!!! mi pensamiento esta mañana al despertar es que si o si tengo que ir a dar un paseo al parque y disfrutar de la naturaleza
",pensami mañana despertar tengo ir paseo parque disfrut natur
"@user bueno no es tan mala, tiene muuuchos elementos de las primeras dos películas (eso es lo mejor) y le agregan otros nuevos",2,"@user bueno no es tan mala, tiene muchos elementos de las primeras dos películas (eso es lo mejor) y le agregan otros nuevos",@user buena tiene muchos elementos primeras dos películas mejor agregan nuevos,@user buena tiene muchos elementos primeras dos películas mejor agregan nuevos,"@user bueno no es tan mala, tiene muuuchos elementos de las primeras dos películas (eso es lo mejor) y le agregan otros nuevos",@user buena tiene muchos elementos primeras dos películas mejor agregan nuevos
"@user @user @user @user Pero son los periodistas de La Nación, ud dijo que eran los dueños de la verdad y vea.11 ideal",0,"@user @user @user @user pero son los periodistas de la nación, usted dijo que eran los dueños de la verdad y vea.11 ideal", periodistas Nación dueños verdad vea ideal,@user @user @user @user periodistas nación usted dijo eran dueños verdad vea ideal,"@user @user @user @user pero son los periodistas de La Nación, ud dijo que eran los dueños de la verdad y vea.11 ideal
","periodista Nación dueño verdad vea ideal
"
"Vale: MAE HOY CONOCI UN MAE SUPER GUAPO, SUAVE YA TE ENSEÑO UNA FOTO *5 min despues me lo enseña* Yo: Valeria ese es mi ex Jajajaj siaa.",1,"Vale: Mae hoy conocí un mae super guapo, suave ya me enseñó una foto *5 minutos después me lo enseña* Yo: Valeria ese es mi ex Jajajaj siaa.","Vale, Mae hoy conocí Mae super guapo, suave ya te enseñó foto. *5 min despues me enseña* Yo: Valeria ese ex Jajajaj siaa.","Mae hoy conocí mae super guapo, suave ya me enseñó foto minutos después me enseña Yo Valeria ese ex Jajajaj siaa","Vale: MAE HOY CONOCI UN MAE SUPER GUAPO, SUAVE YA TE ENSEÑO UNA FOTO *5 min despues me lo enseña* Yo: Valeria ese es mi ex Jajajaj siaa.
","Vale, Mae hoy conocí Mae super guapo, suave ya te enseñó foto. *5 min despues me enseña* Yo: Valeria ese ex Jajajaj siaa.
"
@user es que son super perfectas para la otra DIOS NECESITO QUE ALGUN DIA SE CONFIRME,2,@user es que son super perfectas para la otra dios necesito que algún día se confirme,user son perfectas otra necesito confirme,"user son perfectas otra necesito confirme
","@user es que son super perfectas para la otra dios necesito que algun dia se confirme
","user son perfectas otra necesito confirme
"
"@user pero me jode no encontrar un pantalon pitillo que me quede PITILLO , y es horrible porque mi vida son los vaqueros",0,"pero me jode no encontrar un pantalón pitillo que me quede pitillo, y es horrible porque mi vida son los vaqueros","@user pero jode encontrar pantalon pitillo quede PITILLO horrible vida vaqueros
","pero me jode encontrar pantalón pitillo quede pitillo horrible vida vaqueros
","@user pero me jode no encontrar un pantalon pitillo que me quede pitillo, y es horrible porque mi vida son los vaqueros
","@user pero jode encontrar pantalon pitillo quede pitillo horrible vida vaqueros
"
Dibujé a Chikorita (mi pokemon fav) y lo malogré con 'mi técnica de pintar con acuarelas'...tmr!,1,"Dibujé a Chikorita (mi pokemon fav) y lo malogré con pintura
","Dibujé Chikorita pokemon fav lo malogré técnica pintar acuarelas tmr
",Dibujé Chikorita pokemon fav malogré pintura,Dibujé a chikori (mi pokmon fav) y lo malogré con'mi técnica de pintar con acuarelas'...tmr,"Dibujé Chikorita pokemon fav lo malogré técnic pintar acuarelas tmr
"
"Haces que se vaya mi melancolía, me devuelves de nuevo a la vida",2,"Haces que se vaya mi melancolía, me devuelves de nuevo a la vida","Haces vida devuelves melancolía.
",Haces vida devuelves melancolía.,"Haces que se vaya mi melancolía, me devuelves de nuevo a la vida","Haces vida devuelves melancolía.
"
@user los ábacos si están permitidos. Sobre todo porque la mayoría no saben usarlo,0,"@user los abacos si están permitidos. Sobre todo porque la mayoría no saben usarlo.
",@user ábacos permitidos. mayoría saben usarlo.,"abacos permitirán mayoría saben usarlo
","@user los ábacos si están permitidos. Sobre todo porque la mayoría no saben usarlo
","@user ábacos permitidos. mayoría saben usarlo.
"
@user Xinia de mi vida tenía toda la intención pero se me hizo imposible al final del día,1,@user Xinia de mi vida tenía toda la intención pero se me hizo imposible al final del día,"Xinia vida intención imposible final día
","Xinia vida intención imposible final día
","@user xinia de mi vida tenía toda la intención pero se me hizo imposible al final del día
","xinia vida intención imposible final día
"
@user En lo relativo a la secesión mi estimado @user es un amante de las marcianadas. Pero debatir con él es entretenido,2,"@usuario En lo relativo a la secesión mi estimado usuario es un amante de las marcianadas. Pero debatir con él es entretenido.
","@user secesión amante marcianadas debatir entretenido
",usuario secesión amante marcianadas debatir entretenido,"@user En lo relativo a la secesión mi estimado @user es un amante de las marcianadas. Pero debatir con él es entretenido.
","@user secesión amante marcianadas debatir entretenido
"
"Si, yo soy un cabron y no tengo orgullo",0,"Sí, yo soy un cabrón y no tengo orgullo.
","Si soy cabron no tengo orgullo.
","Sí soy cabrón no tengo orgullo.
","Si, yo soy un cabron y no tengo orgullo
","Si soy cabron no tengo orgullo.
"
"@user Un poquito. Pero es normal porque es oscuro.   Anyways, sigue viéndosete un poquito pelirrojo. ^^ Reflejos o algo así.",1,"@user Un poco. Pero es normal porque es oscuro.
Anyways, sigue viéndote un poco pelirrojo. ^^ Reflejos o algo así.
","@user Poco. Normal oscuro. Anyways, sigue viéndote pelirrojo. Reflejos algo así.
","Un poco Pero normal oscuro.
Sigue viéndote pelirrojo.
Reflejos algo.
","@user un poco. pero es normal porque es oscuro. anyways, sigue viéndote un poco pelirrojo. ^^ reflejos o algo así.
","@user poco. normal oscuro. anyways, sigue viéndote pelirrojo. reflejos algo así.
"
"@user pues todo muy bien   Eso sí, muchos cambios desde la ultima vez que hablamos 😁",2,"pues todo muy bien eso sí, muchos cambios desde la ultima vez que hablamos 😁
","todo cambios ultima hablamos
","todo bien cambios ultima hablamos
","@user pues todo muy bien   Eso sí, muchos cambios desde la ultima vez que hablamos 😁
","todo cambri ultim habl
"
@user voy a ir con un árbol de Navidad en la camisa a taller solo para arruinar su día,0,voy a ir con un árbol de Navidad en la camisa a taller solo para arruinar su día,"user ir árbol Navidad camisa taller arruinar día
",ir árbol Navidad camisa taller arruinar día,"@user voy a ir con un árbol de Navidad en la camisa a taller solo para arruinar su día
","usuario ir arbol navidad camisa taller arruinar dia
"
Gracias a todos por regalarme sus comentarios a mi columna de hoy. Invaluable obsequio para mí.,1,Gracias a todos por regalarme sus comentarios a mi columna de hoy. Invaluable obsequio para mí.,Gracias todos comentar columna hoy. Obsequio mí.,Gracias a todos comentarios columna hoy. Obsequio mí.,"gracias a todos por regalarme sus comentarios a mi columna de hoy. invaluable obsequio para mí.
","gracias todos comentar columna hoy. obsequio mí.
"
Estoy emocionado por primera vez realice una llamada internacional a Chile.,2,"Estoy emocionado por primera vez realicé una llamada internacional a Chile.
",Emocionado primera vez llamada internacional Chile.,"Emocionado primera vez llamada internacional Chile.
","Estoy emocionado por primera vez realicé una llamada internacional a Chile.
","Emocion primera vez llamada internacional Chile.
"
"Con este día, cuatro y el tambor en la playa. Qué mala es la vuelta a la rutina para algunos...",0,"Con este día, cuatro y el tambor en la playa. Qué mala es la vuelta a la rutina para algunos...",día tambor playa mala rutina,"día tambor playa mala rutina
","Con este día, cuatro y el tambor en la playa. Qué mala es la vuelta a la rutina para algunos...
","día tambor playa mala rutina
"
@user buenas tardes! Se puede pasar?,1,"@user buenas tardes! ser pasar?
",user tardes pasar,@user pasar,"@user buenas tardes! se pueda pasar?
","user tardes pasar
"
"Bueno, pues vamos a recuperar el tiempo perdido. Empezare por descargarme el Manchester City - West Ham, a ver que tal",2,"Bueno, pues vamos a recuperar el tiempo perdido. Empezaré por descargarme el Manchester City - West Ham, a ver que tal.
","Vamos recuperar tiempo perdido. Empezare descargar Manchester City - West Ham, a ver.",recuperar tiempo perdido descargarme Manchester City West Ham ver,"Bueno, pues vamos a recuperar el tiempo perdido. Empezare por descargarme el Manchester City - West Ham, a ver que tal
","Vamos recuperar tiempo perdido. Empezare descargar Manchester City - West Ham, a ver.
"
@user lástima que la foto de la derecha eclipse un texto certero!,0,@usuario lástima que la foto de la derecha eclipse un texto certero,"lástima foto derecha eclipse texto certero
",usuario lástima foto derecha eclipse texto certero,"@user lástima que la foto de la derecha eclipse un texto certero!
","lástima foto derecha eclipse texto certero
"
@user jajajaja tiene pinta más bien de que lo hicieron colombiano por el acento,1,@user jajajaja tiene pinta más bien de que lo hicieron colombiano por el acento,jajajaja pinta colombiano acento,"jajajaja pinta colombiano acento
",@user jajajaja tiene pinta más bien de que lo hicieron colombiano por el acento,"jajajaja pinta colombiano acento
"
@user muchas gracias mariaa! Tenlo claro que te avisaré!  un beso!!,2,"@user muchas gracias mariaa! Tener claro que te avisaré! un beso!!
","muchas gracias maria beso
","muchas gracias maria beso
","@user muchas gracias mariaa! Tenlo claro que te avisaré!  un beso!!
","muchas gracias maria beso
"
Shits happens! En el concilio de Nicea se debe haber fumado de todo o no me lo explico  http http,0,"Shit ocurre. En el concilio de Nicea se debe haber fumado de todo o no me lo explico.
","Shits ocurre Concilio Nicea fumado todo no me explico
","Ocurre concilio Nicea fumado todo no explico.
","Shits happens! En el concilio de Nicea se debe haber fumado de todo o no me lo explico  http http
","shit ocurre concilio nice fumado todo no me explico
"
"@user @user estamos iniciando combate, en cuanto estés disponible avisa y te apuntamos para la siguiente ronda",1,"@user @user estamos iniciando combate, en cuanto estés disponible avisa y te apuntamos para la siguiente ronda",iniciando combate avisa disponibilidad ronda,"iniciando combate, cuanto estés disponible avisa, apuntamos ronda.
","@user @user estamos iniciando combate, en cuanto estés disponible avisa y te apuntamos para la siguiente ronda
","iniciando combate avisa disponibilidad ronda
"
@user @user asi tiene que ser .. yo m alegro solo si el barca pierde en algo qe influya a madrid cmo la liga ayer tuani,2,@user @user así tiene que ser.. yo m alegro solo si la barca pierde en algo que influya a madrid como la liga ayer tuani,"@user @user asi tiene que ser yo m alegro solo si barca pierde algo cmo liga ayer tuani
",@user @user así tiene que ser yo m alegro solo si barca pierde algo influya madrid liga ayer,@user @user asi tiene q ser.. yo m alegro solo si barca pierde en algo q influya madrid cmo liga ayer tuani,"@user @user asi tener ser yo m alegro solo si barca pierde algo cmo liga ayer tuani
"
"@user @user IA no llegó a ser social. Fue un espacio social de dinamización, muy útil, pero con fecha de caducidad. Y abrumador.",0,"@user @user ia no llegó a ser social. fue un espacio social de dinamización, muy útil, pero con fecha de caducidad. y abrumador.","@user @user IA no llegó social. Fue social dinamización, útil, caducidad. Y abrumador.",@user @user ia no llegó social espacio social dinamización útil fecha caducidad abrumador.,"@user @user ia no ser social. Fue espacio social dinamización, útil, caducidad. Y abrumador.
","@user @user ia no llegó social. fue social dinamización, útil, caducidad. y abrumador.
"
Y es jvsto en ese preciso instante en el cval le dices a tv papá Qve qvieres ser Dj y al final tome la decicion de mandarte a la mrd,1,"Y es justo en ese preciso instante en el cual le dices a tu papá que quieres ser DJ y al final tome la decisión de mandarte a la mierda.
",es justo ese instante cavale dices papá quieres ser Dj final tome decicion mandarte mrd,justo instante dices papá quieres DJ final toma mandarte mierda,y es jvsto en ese preciso instante en el cval le dices a tv papá Qve qvieres ser Dj y al final tome la decicion de mandarte a la mrd,"es justo instante cavale dices papá quieres ser Dj final tome decicion mandarte mrd
"
¡¡Entramos en el mes de septiembre con las pilas cargadas!! Bienvenidos de nuevo a vuestra clínica dental de confianza,2,¡Entramos en el mes de septiembre con las pilas cargadas! Bienvenidos de nuevo a vuestra clínica dental de confianza.,Entramos mes septiembre pilas cargadas Bienvenidos clínica dental confianza,Entramos mes septiembre pilas cargadas Bienvenidos nuevo vuestra clínica dental confianza,¡¡Entramos en el mes de septiembr con las pilas cargadas!! Bienvenidos de nuevo a vuestra clínica dental de confianza,"Entramos mes septiembre pilas cargadas Bienvenidos clínica dental confianza
"
Lamentable informan que murió Gabriel Badilla. #RIPGladiador,0,Lamentable informan que murió Gabriel Badilla. #RIPGladiador,Lamentable informan murió Gabriel Badilla RIPGladiador,Lamentable informan murió Gabriel Badilla RIPGladiador,"Lamentable informan que murió Gabriel Badilla. #RIPGladiador
","lamentable informan murió gladiador
"
"@user Y Noel significa Navideño, pedo también lo asumimos. Pero alguien lo tuvo que poner por primera vez",1,"@user Y Noel significa Navideño, pedo también lo asumimos. Pero alguien lo tuvo que poner por primera vez","@user Noel significa Navideño, también lo asumimos. Pero alguien lo tuvo que poner primera vez.
","@user Noel significa Navideño, asumimos también lo. Pero alguien lo puso por primera vez.
","@user Y Noel significa Navideño, pedo también lo asumimos. Pero alguien lo tuvo que poner por primera vez.
","@user Noel significa Navideño, también lo asumimos. Pero alguien lo tuvo que poner primera vez.
"
Dios guarda para mi lo mejor por que mi fe en el siempre perdurara por la eternidad. Quien busca encuentra y no se conforma con poco.,2,"Dios guarda para mí lo mejor porque mi fe en el siempre perdurará por la eternidad. Quien busca encuentra y no se conforma con poco.
","Dios guarda eternidad. Busca encuentra no se conforma poco.
","Dios guarda eternidad fe siempre busca encuentra no se conforma poco.
","Dios guarda para mi lo mejor por que mi fe en el siempre perdurara por la eternidad. Quien busca encuentra y no se conforma con poco.
","Dios guarda eternidad. Busca encuentra no se conforma poco.
"
"Broder, que pinxe tráfico hay en Salaverry, por UPC. No jodas, voy a llegar tarde de nuevo",0,"Broder, que pinxe tráfico hay en Salaverry, por UPC. No jodas, voy a llegar tarde de nuevo","Broder tráfico Salaverry UPC No jodas voy llegar tarde.
","Broder, tráfico hay Salaverry, UPC. No jodas, voy llegar tarde.","Broder, que pinxe tráfico hay en Salaverry, por UPC. No jodas, voy a llegar tarde de nuevo
","Broder tráfico Salaverry UPC No jodas voy llegar tarde.
"
Imposible no subir de peso aquí ( Chiclayo y sus comidas ),1,Imposible no subir de peso aquí ( Chiclayo y sus comidas ),Imposible subir peso Chiclayo comidas,Imposible subir peso Chiclayo comidas,"Imposible no subir de peso aquí ( Chiclayo y sus comidas )
","Imposible subir peso Chiclayo comidas
"
@user  pues mañana sales por la noche es solucionao',2,pues mañana sales por la noche es solucionado,"mañana sales noche solucionao
",mañana sales noche solucionado,"@user pues mañana sales por la noche es solucionao
","mañana sales noche solucion
"
"@user Que casualidad que la primera llamada que le hacen al ""arruinado"" la coge,pero las otras no.No será que es el mismo. Un abrazo",0,"@user Que casualidad que la primera llamada que le hacen al ""arruinado"" la coge, pero las otras no. No será que es el mismo. Un abrazo.
",@user casualidad primera llamada coge otras no es mismo. Abrazó,casualidad llamada coge otras mismo abrazo.,"@user Que casualidad que la primera llamada que le hacen al ""arruinado"" la coge,pero las otras no.No será que es el mismo. Un abrazo
","@user casualidad primera coge otras no es mismo. Abrazó
"
"@user Ayyy, no debí haber tuiteado esto. Olvidé que estabas por acá, no me odies ( Hablo en serio, no es sarcasmo )",1,"Ayyy, no debí haber tuiteado esto. Olvidé que estabas por acá, no me odies ( Hablo en serio, no es sarcasmo ).
",Ayyy no debí haber tuiteado esto Olvidé estabas acá no me odies Hablo serio no es sarcasmo,Ayyy no debí haber tuiteado esto Olvidé estabas acá no me odies Hablo serio no es sarcasmo,"@user Ayyy, no debí haber tuiteado esto. Olvidé que estabas por acá, no me odies ( Hablo en serio, no es sarcasmo )
","Ayyy no debí haber tuiteado esto Olvidé estabas acá no me odies Hablo serio no es sarcasmo
"
@user no existen palabras para agradecerte tantísimo que me das...así que sólo puedo decirte...GRACIAS!!,2,"@user no existen palabras para agradecerte tantísimo que me das… así que sólo puedo decirte… GRACIAS!!
","user agradecer tantísimo das sólo decir GRACIAS
","agradecer tantísimo que me das sólo puedo decirte GRACIAS
","@user no existen palabras para agradecerte tantísimo que me das...así que sólo puedo decirte...GRACIAS!!
","user agradecer tantísimo das sólo decir GRACIAS
"
"Obviamente las preguntas tienen que ir en el e-mail, no ENCIMA del vídeo ni nada parecido, sino no podré usarlo",0,"Obviamente las preguntas tienen que ir en el e-mail, no encima del vídeo ni nada parecido, sino no podré usarlo.","Preguntas ir e-mail, no encima vídeo nada parecido, sino no podré usarlo.
","Obviamente preguntas ir e-mail, no encima vídeo nada parecido, no podré usarlo.
","Obviamente las preguntas tienen que ir en el e-mail, no ENCIMA del vídeo ni nada parecido, sino no podré usarlo","Preguntas ir e-mail, no encima vídeo nada parecido, sino no podré usarlo.
"
"Yo pensaba que el descanso también iba a ser para el fandom, PERO NO! nosotras nunca descansamos Re100 robado #VideoMTV2016 Niall Horan",1,"yo pensaba que el descanso también iba a ser para el fandom, pero no! nosotras nunca descansamos re100 robado #videomtv2016 niall horan
",pensaba que descanso iba fandom PERO no descansamos Re100 robado Niall Horan,pensaba descanso fandom no descansamos robado videomtv2016 niall horan,"yo pensaba que el descanso también iba a ser para el fandom, pero no! nosotras nunca descansamos re100 robado #videomtv2016 niall horan
","pensaba que descanso iba fandom PERO no descansamos Re100 robado Niall Horan
"
"@user ahi voy , cambiando hábitos y haciendo un nuevo estilo de vida",2,"@user ahí voy, cambiando hábitos y haciendo un nuevo estilo de vida","@user voy cambiando estilo vida
","cambiando hábitos haciendo nuevo estilo vida
","@user ahi voy, cambiando hábitos y haciendo un nuevo estilo de vida","@user voy cambiando estil vida
"
"@user @user No le enseñes, que lo aprenda como lo hicimos los demás! Yo también queria tu coaching...",0,"@user @user no le enseñes, que lo aprenda como lo hicimos los demás! yo también quería tu coaching...",user user le enseñes que lo aprenda como hicimos demás queria coaching,@user @user  le enseñes  lo aprenda  lo hicimos  demás  yo  quería  tu coaching.,"@user @user No le enseñes, que lo aprenda como lo hicimos los demás! Yo también queria tu coaching...
","user user le enseñes que lo aprenda como hicimos demás queria coaching
"
"@user abcesos de pus en la espalda, pero coge el alta el día 8.",1,"@user abscesos de pus en la espalda, pero coge el alta el día 8.","abcesos pus espalda coge alta día 8
","abscesos pus espalda coge alta día 8
","@user abscesos pus espalda, pero coge alta día 8.
","abcesos pus espalda coge alta día 8
"
En paseo hay un raptor 700R special edition a $ 12 000 y es una BELLEZA . Lástima que no tengo $ 12 000,2,"En paseo hay un raptor 700R special edition a doce mil doscientos dólares y es una belleza. Lástima que no tengo doce mil doscientos dólares.
",paseo raptor 700R special edition $ 12 000 belleza Lástima no tengo $ 12 000,"paseo raptor 700R special edición doce mil doscientos dólares belleza. Lástima no tengo doce mil doscientos dólares.
",En paseo hay un raptor 700R special edition a $ 12 000 y es una BELLEZA. Lástima que no tengo $ 12 000,"paseo raptor 700r special edition belleza lástima no tengo
"
Me he sentado en un hormiguero,0,"Me he sentado en un hormiguero
","Sentado hormiguero.
","Me sentado hormiguero
","Me he sentado en un hormiguero
","Sentado hormiguero.
"
Alguien me explica por qué dicen 'Casimiro' a @user siempre? Es así la pronunciación en portugués o qué pasa? Que alguien me aclare,1,"Alguien me explica por qué dicen 'Casimiro' a @user siempre? Es así la pronunciación en portugués o qué pasa? Que alguien me aclare.
","Alguien explica por qué dicen Casimiro a usuario siempre? Así pronunciación portugués o qué pasa? Alguien aclare.
",Casimiro @user siempre pronunciación portugués aclare.,"Alguien me explica por qué dicen 'Casimiro' a usuario siempre? Es así la pronunciación en portugués o qué pasa? Que alguien me aclare
","Alguien explica por qué dicen Casimiro a usuario siempre? Así pronunciación portugués o qué pasa? Alguien aclare.
"
@user estarás super mona  cuando pueda lo miraré yo también. Me molaría grupal de 'chicas Spidey',2,"estarás super mona cuando pueda lo miraré yo también. Me molaría grupal de 'chicas Spidey'.
",super mona miraré chicas Spidey,"miraré
molaría
chicas Spidey","@user estar ser super mona cuando pod miraré yo también. Me molería grupal de 'chicas Spidey'.
","super mona miraré chicas Spidey
"
"@user tio me estoy rallando, necesitamos comunicado oficial de lo que ha pasado",0,"@usuario tío me estoy rascando, necesitamos comunicado oficial de lo que ha pasado",@user tio me estoy rallando necesitamos comunicado oficial lo ha pasado,"usuario rascando necesitamos comunicado oficial pasado
","@user tio me estoy rallando, necesitamos comunicado oficial de lo que ha pasado
","@user tio me estoy rallando necesitamos comunicado oficial lo ha pasado
"
@user mi camara es lo unico que permite que no la cambie,1,@user mi cámara es lo único que permite que no la cambie,mi cámara única permite no cambiarla,cámara única permite no cambie,"@user mi camara es lo unico que permite que no la cambie
","mi cámara única permite no cambiarla
"
"@user ok, vea el lado positivo, tiene un motivo para hacerle drama el resto de si vida.",2,"@user ok, vea el lado positivo, tiene un motivo para hacerle drama el resto de su vida.
","user lado positivo tiene motivo drama vida
",@user lado positivo tiene motivo drama vida,"@user ok, vea el lado positivo, tiene un motivo para hacerle drama el resto de si vida.
","usad positiv mot drama vid
"
Qué pobre soy no puedo ver los VMA,0,"Qué pobre soy, no puedo ver los VMA.
","pobre puedo ver VMA
","pobre ver VMA
","Qué pobre soy no puedo ver los VMA
","pobre puedo ver vma
"
"@user Ya bueno, es lo que hay",1,"@user Ya bueno, es lo que hay
","@user bueno lo hay
","@user bueno lo hay
","@user ya bueno, es lo que hay
","@user bueno lo hay
"
@user Esta bastante guay porque es muy flexible en cuanto a horarios y tecnica que quieras explorar,2,"@user esta bastante guay porque es muy flexible en cuanto a horarios y técnica que quieras explorar
",user bastante guay flexible horarios tecnica explorar,user bastante guay flexible horarios técnica explorar,"@user esta bastante guay porque es muy flexible en cuanto a horarios y tecnica que quieras explorar
","usuario bastante guay flexible tecnica explorar
"
En la vet pq Aslitan está enfermito ...Hay una Sra. que está llorando pq a su perrito lo están operando,0,"En la vet pq asisten está enfermito...Hay una Sra. que está llorando pq a su perrito lo están operando.
","vet pq Aslitan enfermito
Hay Sra. llorando perrito operando","vet pq asisten enfermito
Sra llorando perrito operando
","En la vet pq Aslitan está enfermito...Hay una Sra. que está llorando pq a su perrito lo están operando
","vet pq aslitn enfermito
hay sra. llorndo perrito operndo"
@user me agarran de buen humor por fin de año.,1,@user me agarran de buen humor por fin año.,"agran buen fin año
",agran buen fin,"@user me agarran de buen humor por fin año
","agran buen fin año
"
Un AI The 100 sería lo mejor.,2,"Un IA El cien sería lo mejor.
","AI 100 sería mejor.
",IA sería lo mejor.,"Un AI The 100 sería lo mejor.
","AI 100 sería mejor.
"
No se me enciende el ruter,0,No se me enciende el router,"ruter 
",router enciende,No se me enciende el ruter,"ruter
"
Hoy es el último taller de año,1,Hoy es el último taller de año,"Último taller año
",último taller año,"Hoy es el último taller de año
","Último taller año
"
"que bueno , dan más mg a más jajaja pero wee",2,"que bueno, dan más mg a más, jajaja pero wee","bueno dan mg jajaja wee
",bueno dan más mg más jajaja wee,"que bueno, dan más mg a más jajaja pero wee","bueno dan mg jajaja wee
"
Veo que sí la depresión tropical se convierte en huracán se llamará Otto. Que comience el MemeFest!,0,"Veo que sí la depresión tropical se convierte en huracán se llamará Otto. Que comience el MemeFest.
",Veo depresión tropical se convierte huracán llamará Otto. Comience MemeFest.,Veo depresión tropical huracán Otto MemeFest.,"Veo que sí la depres tropical se convierta en huracán se llamará Otto. Que comience el MemeFest!
","Veo depresión tropical se convierte huracán llamará Otto. Comience MemeFest.
"
Tan Rico escuchar música con audífonos de tapones pero tan malo para mí,1,Tan rico escuchar música con audífonos de tapones pero tan malo para mí.,Rico escuchar música audífonos tapones malo mí,rico escuchar música audífonos tapones malo mí,Tan rico escuchar música con audífonos de tapones pero tan malo para mí,"Rico escuchar música audífonos tapones malo mí
"
@user solo recuerda que Iman es tranquila,2,@user solo recuerde que Iman es tranquila,"Iman tranquila
","recuerde Iman tranquila
",@user solo recuerd que Im es trquil,Iman tranquil
Este cuarto se siente muy vacío sin mis amiguitos y su bulla,0,Este cuarto se siente muy vacío sin mis amiguitos y su bullicio.,"cuarto siente vacío amiguitos bulla
","cuarto siente vacío amiguitos bullicio
","Este cuarto se siente muy vacío sin mis amiguitos y su bulla
","cuarto siente vacío amiguitos bulla
"
"A pesar de nuestras limitaciones humanas, el Señor quiere obrar de maneras asombrosas a través de nuestras oraciones..",1,"A pesar de nuestras limitaciones humanas, el Señor quiere obrar de maneras asombrosas a través de nuestras oraciones.
","A pesar limitaciones humanas, Señor quiere obrar maneras asombrosas oraciones.
","A pesar nuestras limitaciones, Señor quiere obrar maneras asombrosas oraciones.
","A pesar de nuestras limitaciones humanas, el Señor quiere obrar de maneras asombrosas a través de nuestras oraciones.
","A pesar limitaci\_humanas, Señor quiere obrar maneras asombrosas oraciones.
"
"@user parece, parece razonablemente jajajajaja  Bon dia. Egun on!",2,"parece, parecer razonablemente, jajajajaja, buen día, egun on","parece razonablemente jajajajaja
Bon dia
Egun on
","razonablemente
jajajajaja
buen día
egun","@user parece, parece razonablementejajajajajaBon dia. Egun on!
","parecer razonable jajajajaja
bon dia
egun on
"
"Y los tres reyes magos llegaron con oro,incienso y mirra Melchoro Alan, Toledo vastadehuasquear y Ollanta nadinevagastar, de odebrechlen",0,"Y los tres reyes magos llegaron con oro, incienso y mirra Melchoro Alan, Toledo vastadehuasquear y Ollanta nadinevagastar, de odebrechlen","tres reyes magos oro incienso mirra
Melchoro Alan Toledo
Ollanta",tres reyes magos oro incienso mirra Melchoro Alan Toledo vastadehuasquear Ollanta nadinevagastar de odebrechlen,"Y los tres reyes magos llegaron con oro,incienso y mirra Melchoro Alan, Toledo vastadehuasquear y Ollanta nadinevagastar, de odebrechlen
","tres rey mago oro incienso mirra
Melchoro Alan Toledo
Ollanta
"
Hace poquito me dieron las 12 uvas para las 12pm y ya sólo me quedan 5,1,"Hace poco me dieron las doce uvas para las doce de la tarde y ya solo me quedan cinco.
","poco me dieron uvas 12 quedán 5
","poco me dieron uvas tarde quedan
","Hace poquito me dieron las 12 uvas para las 12pm y ya sólo me quedan 5
","poco me dieron uvas 12 quedan 5
"
Gracioso q se puedan acercar hasta los videos jaja,2,gracioso que se puedan acercar hasta los videos jaja,"Gracioso se puedan acercar videos.
",videos jaja,"gracioso q se pueda acercar hasta los videos jaja
","gracioso se pueda acercar videos
"
Se me a escapao un dragonite y arcanie sin nivel con bayas frambu y superball,0,"se me ha escapado un dragonite y arcano sin nivel con bayas frambuesa y superball
",dragonite arcanie nivel bayas frambu superball,"dragonite arcano nivel bayas frambuesa superball
",Se me a escapao un dragonite y arcani sin nivel con bayas frambu y superball,"dragonite arcanie nivel bayas frambu superball
"
tenía un mensaje directo y estaba,1,"tenía un mensaje directo y estaba
","mensaje directo estaba
","tenía mensaje directo estaba
","tenía un mensaje directo y estaba
","mensaje directo estaba
"
Que bonitos que son los zorros,2,"Que bonitos que son los zorros
","bonitos zorros
",bonitos zorros,"Que bonitos que son los zorros
","bonitos zorros
"
@user De las impotencias más grandes. Entiende uno qué significa la resignación,0,"De las impotencias más grandes. Entiende uno qué significa la resignación.
",@user de impotencias grandes Entiende uno qué resignación,"De impotencias grandes. Entiende uno qué resignación.
",@user De las impotencias más grandes. Entiende uno qué significa la resignación,@user de impotencia grand Entiende uno resignació
"- Hola insomnio, cómo estás? - echale la culpa a la comida - ok",1,"- Hola insomnio, cómo estás? - echele la culpa a la comida - ok","- insomnio, cómo estás?
- culpa comida
- ok
","Hola insomnio cómo estás echele culpa comida ok
","- hola insomnio, cómo estás? - echa culpa comida - ok
","- insomio, cómo estás?
- culpa comida
- ok
"
Me siento más ignorada que de costumbre lo bueno es que soy estudiante universitaria y en vez de lamentarme puedo aprovechar el tiempo,2,Me siento más ignorada que de costumbre lo bueno es que soy estudiante universitaria y en vez de lamentarme puedo aprovechar el tiempo,Siento ignorada costumbre buena estudiante universitaria vez lamentarme aprovechar tiempo,siento ignorada costumbre buena estudiante universitaria vez lamentarme aprovechar tiempo,"Me siento más ignorada que de costumbre lo bueno es que soy estudiante universitaria y en vez de lamentarme puedo aprovechar el tiempo
","siento ignorada costumbre buena estudiante universitaria vez lamentarme aprovechar tiempo
"
@user sigo siendo feo pero es que cuando me conociste no tenía el pelo rojo,0,@user sigo siendo feo pero es que cuando me conociste no tenía el pelo rojo,sigo feo conociste pelo rojo,sigo feo conociste pelo rojo,"@user sigo siendo feo pero es que cuando me conociste no tenía el pelo rojo
","sigo feo conociste pelo rojo
"
@user La felicidad también es algo seguro solo debemos buscarla en las pequeñas cosas de la vida.,1,"@user La felicidad también es algo seguro solo debemos buscarla en las pequeñas cosas de la vida.
","@user felicidad algo seguro debemos buscar pequeñas cosas vida.
","@user felicidad buscarla pequeñas cosas vida
","@user la felizdad también es algo segur solo debemos buscarl en las pequeñ cos de la vida.
","@user felicidad algo seguro debemos buscar pequeñas cosas vida.
"
Que buena vibra me transmite @user,2,Que buena vibra me transmite usuario,buena vibra transmite usuario,"buena vibra transmite
",Que buena vibra me transmite @user,"buena vibra transmite usuario
"
"Alicante 36,5°C a la sombra. Que bien voy a estar los primeros días de clase.",0,"Alicante 36,5°C a la sombra. Que bien voy a estar los primeros días de clase.
","Alicante 36,5°C sombra. Bien voy estar primeros días clase.
","Alicante 36C sombra
bien voy estar primeros días clase
","Alicante 36,5°C a la sombra. Que bien voy a estar los primeros días de clase.
","Alicante 36,5°C sombra. Bien voy estar primeros días clase.
"
Esta semana ha sido tan chachiosa que ya puedo decir que el verano se ha acabado de una manera decente  y lloro,1,"Esta semana ha sido tan chachosa que ya puedo decir que el verano se ha acabado de una manera decente y lloro.
","semana chachiosa verano acabado decente lloro
","semana chachosa verano acabado decente lloro
","Esta semana ha sido tan chachisosa que ya puedo decir que el verano se ha acabado de una manera decente y lloro
","semana chachiosa verano acab decente lloro
"
"Buenos días, esta noche es noche buena, Feliz navidad para todos",2,"Buenos días, esta noche es noche buena, feliz navidad para todos.
",días noche buena navidad todos,días noche buena feliz navidad todos,"Buenos días, esta noche es noche buena, Feliz navidad para todos
","días noche buena navidad todos
"
Sin comenzar y ya el 2017 con malas noticias... No vamos a tener GoT este año,0,"Sin comenzar y ya el 2017 con malas noticias... No vamos a tener *Game of Thrones* este año.
",comenzar año malas noticias no vamos tener GoT año,comenzar año malas noticias Game of Thrones año,"Sin comenzar y ya el 2017 con malas noticias... No vamos a tener GoT este año.
","comenzar año malas noticias no vamos tener GoT año
"
"@user @user @user @user Ah! No se, yo uso sickrage que no entiende de divisiones",1,"@user @user @user @user Ah, no sé, yo uso sickrage que no entiende de divisiones.
",Ah no yo uso sickrage que entiende divisiones,Ah no sé uso sickrage divisiones,"@user @user @user @user Ah! no se, yo uso sickrage que no entiende de divisiones
","Ah no yo uso sickrage que entiende divisiones
"
"Viendo Looking, Queers as Folk y así, me doy cuenta que nunca he tenido un grupo de mejores amigos gays. ¿alguien me adopta?",2,"Viendo, queers as folk y así, me doy cuenta que nunca he tenido un grupo de mejores amigos gays. ¿alguien me adopta?
","Viendo, Queers as Folk, me doy cuenta nunca he tenido grupo mejores amigos gays, alguien me adopta.
","Viendo, me doy cuenta nunca he tenido grupo mejores amigos gays alguien adopta.","Viendo, looking, queer, folk, así, dar, cuenta, nunca, tener, grupo, mejor, amigo, gay, alguien, adoptar
","Viendo, Queer, Folk, me doy cuenta nunca he tenido grupo mejores amigos gays, alguien me adopta.
"
"@user chiqui, chill con el colacao que me estás poniendo nerviosa con tanto grito de mayúscula",0,"@user chiqui, tranquilo con el colacao que me estás poniendo nerviosa con tanto grito de mayúscula",user chiqui chill colacao poniendo nerviosa grito mayúscula,user chiqui tranquilo colacao poniendo nerviosa grito mayúscula,"@user chiqui, chill con el colac colac que me estás pon nerviosa con tanto grito de mayúscula","user chiqui chill colacao poniendo nerviosa grito mayúscula
"
"40 min. tarde al brete, pero ya entrené y la gocé en el gym. Pobre la familia del mae que falleció en el accidente, les deseo mucha paz",1,"40 minutos tarde al brete, pero ya entrené y la gocé en el gym. Pobre la familia del mae que falleció en el accidente, les deseo mucha paz.",tarde brete entrené gocé gym familia mae falleció accidente paz,"40 minutos tarde brete entrené gocé gym. Pobre familia mae que falleció accidente, les deseo paz.","40 min. tarde al brete, pero ya entrené y la gocé en el gym. Pobre la familia del mae que falleció en el accidente, les deseo mucha paz.
",tard brete entrené gocé gym famili ma faellid accid paz
@user Tengo la curiosa fortuna de que en estas semanas solo puede ver las etapas del finde,2,@user tengo la curiosa fortuna de que en estas semanas solo puede ver las etapas del fin de semana,"Tengo curiosa fortuna ver etapas finde.
","tengo fortuna ver etapas fin semana
","@user tengo la curiosa fortuna de que en estas semanas solo puede ver las etapas del finde
","Tengo curiosa fortuna ver etapas finde.
"
"@user te juro que no me acuerdo solo sé que alba hizo el vídeo inmitándole, no recuerdo absolutamente nada del original",0,"@usuario te juro que no me acuerdo solo sé que alba hizo el vídeo inmitándole, no recuerdo absolutamente nada del original",user juro que no me acuerdo solo sé alba hizo vídeo inmitándole no recuerdo nada original,usuario juro recordar alba vídeo inmitándole recuerdo nada original,"@user te juro que no me acuerdo solo sé que alba hizo el vídeo inmitándole, no recuerdo absolutamente nada del original","user juro que no me acuerdo solo sé alba hizo vídeo inmitándole no recuerdo nada original
"
"@user de hecho lo confirmo, los caminos y las casitas son las mismas",1,"@usuario de hecho lo confirmo, los caminos y las casitas son las mismas","confirmó caminos casitas mismas
","usuario caminos casitas mismas
","@user de hecho lo confirmo, las camins y las casitas son las mismas","confirmó caminos casitas mismas
"
Buenas noches @user ya tenemos ganas de verte el miércoles 😻 te queremos!! sí te tengo abandonada jo  te echo de menos 💜,2,Buenas noches @user ya tenemos ganas de verte el miércoles 😻 te queremos!! sí te tengo abandonada jo  te echo de menos 💜,tenemos ganas verte miércoles te queremos te tengo abandonada echo de menos,tememos verte miércoles 😻 queremos te tengo abandonada echo de menos 💜,"Buenas noches @user ya tenemos ganas de verte el miércoles 😻 te queremos!! sí te tengo abandonada jo  te echo de menos 💜
",tenemos ganas verte miércoles te queremos te tengo abandonada echo de menos
"@user esa palabra es de Yaco , asi le decia a Patricio y yo creo que el no es el mejor personalmente",0,"@user esa palabra es de Yaco, así le decía a Patricio y yo creo que él no es el mejor personalmente.
","@user palabra Yaco le decia Patricio yo creo no es mejor personalmente
","Yaco Patricio no mejor.
","@user esa palabra es de Yaco, asi le decia a Patricio y yo creo que el no es el mejor personalmente
","@user palabra Yaco le decia Patricio yo creo no es mejor personalmente
"
Mi madre me deja ponerme rubia pero no el pelo morado,1,Mi madre me deja ponerme rubia pero no el pelo morado,"madre ponerme rubia pelo morado
","madre ponerme rubia pelo morado
","Mi madre me deja ponerme rubia pero no el pelo morado
","madre ponerme rubia pelo morado
"
"@user Enhorabuena por los geniales resultados económicos de récord del trimestre pasado, hacéis un gran trabajo",2,"enhorabuena por geniales resultados económicos de récord del trimestre pasado, hacéis un gran trabajo",Enhorabuena resultados económicos récord gran trabajo,enhorabuena resultados económicos gran trabajo,"@user enhorabuena por los genial resultado económico récord trimestre pasado, hacéis gran trabajo
",Enhorabuena resultados económicon récord gran trabaol
"Iba a decir otra cosa peero si digo lo que siento, me detienen",0,"iba a decir otra cosa pero si digo lo que siento, me detienen","iba decir otra cosa pero si digo lo que siento, me detienen
","iba decir otra cosa si digo lo que siento me detienen
","Iba a decir otra cosa peero si digo lo que siento, me detienen
","iba decir otra cosa pero si digo lo que siento, me detienen
"
No he visto el nuevo episodio de #TWD,1,No he visto el nuevo episodio.,"visto episodio TWD
","visto episodio nuevo
",No he visto el nuevo episodio de #TWD,"visto episodio TWD
"
Es que me lo como de lo bonito que es,2,Es que me lo como de lo bonito que es,"que bonito es
","que bonito es
","Es que me lo como de lo bonito que es
","que bonito es
"
@user es triste que sea así. Y lo es,0,@user es triste que sea así. Y lo es,"@user triste así lo
","@user triste así lo
","@user es triste que sea así. Y lo es
","@user triste así lo
"
"Es increíble y tal pero no , no voy a ir al TH",1,"es increíble y tal pero no, no voy a ir al th","increíble tal ir TH
","increíble tal no voy ir th
","Es increíble y tal pero no, no voy a ir al TH
",increíble tal ir
"No puedo creer que en unas horas sere egresada!!! 21 años,2 carreras,estudios en europa,excelente trabajo Gracias Dios!",2,"no puedo creer que en unas horas ser egresada
21 años,2 carreras,estudios en europa,excelente trabajo gracias dios","puedo creer horas egresada 21 años carreras estudios europa trabajo Dios
",no creer que horas egresada años carreras estudios europa excelente trabajo dios,"No puedo creer que en unas horas ser egresada!!! 21 años,2 carreras,estudios en europa,excelente trabajo Gracias Dios!
","puedo creer hora egresada año carrera estudio europa trab Dios
"
"@user dr que tratamiento,medicina natural..para las alergias como al aire acondionado, o agentes de este tipo..es una pesadilla",0,"@user dr que tratamiento, medicina natural…para las alergias como al aire acondicionado, o agentes de este tipo…es una pesadilla","@user tratamiento medicina natural alergias aire acondionado agentes tipo pesadilla
","@user tratamiento medicina natural alergias aire acondicionado agentes tipo pesadilla
","@user dr que tratamientomedicina natural..para las alergias como al aire acondicionad, agente de este tipo..es una pesadilla
","@user tratamient medic natur alergia aire acondic agent tip pesad
"
"—¿A dónde vas tan maquillada? —A una fiesta, mamá. —¿Eres el payaso? —¡MAMÁAAA! —JAJAJÁ, cállate y hazme reír o no vas. —Ok.",1,"—¿A dónde vas tan maquillada? —A una fiesta, mamá. —¿Eres el payaso? —¡MAMÁAAA! —JAJAJÁ, cállate y hazme reír o no vas. —Ok.
","—¿Adónde vas tan maquillada? —Una fiesta, mamá. —¿Eres el payaso? —¡MamáAAA! —JAJAJÁ, cállate y hazme reír o no vas. —Ok.
","—¿Dónde vas maquillada? —Fiesta, mamá. —¿Eres payaso? —¡Mamá! —JAJAJÁ, cállate y hazme reír o no vas. —Ok.
","—¿A dónde vas tan maquillad? —A una fiesta, mamá. —¿Eres el payas? —¡MAMÁAAA! —JAJAJÁ, cállate y hazme reír o no vas. —Ok.
","—¿Adónde vas tan maquillada? —Una fiesta, mamá. —¿Eres el payaso? —¡MamáAAA! —JAJAJÁ, cállate y hazme reír o no vas. —Ok.
"
@user Amo los Lunes libres,2,@user amo lunes libres,Amo Lunes libres,"amo lunes libres
",@user amo los lunes libres,"Amo Lunes libres
"
"Llego a la casa a las 9:20 caminando, no hay comida, todos están dormidos, mañana tengo clases a las 8am, todo esta bien",0,"Llego a la casa a las 9:20 caminando, no hay comida, todos están dormidos, mañana tengo clases a las 8 am, todo está bien.
","Llego casa 9:20 caminando. Comida, todos dormidos. Mañana clases 8am. Bien.","Llego casa 9:20 caminando, no hay comida, todos dormidos, mañana tengo clases 8 am, todo bien.
","Llego casa 9:20 caminando, no hay comida, todos dormidos, mañana tengo clases 8am, todo esta bien","Lleg casa 9:20 caminando. Comida, todos dormidos. Mañana clases 8am. Bien.
"
Mis demonios internos me dicen tatuajillos pero mi corona me dice no,1,"Mis demonios internos me dicen tatuajillos pero mi corona me dice no.
",demonios internos tatuajillos corona no,"demonios internos dicen tatuajillos corona dice no.
","Mis demonios internos me dicen tatuajillos pero mi corona me dice no.
","demonios internos tatuajillos corona no
"
"@user Oh, nice nice, yo estoy viéndome por cuarta vez Kill Bill",2,"@usuario Oh, bueno bueno, yo estoy viéndome por cuarta vez Kill Bill",@user nice nice estoy viéndome cuarta vez Kill Bill,usuario estoy viéndome Kill Bill,"@user oh, nice nice, yo estoy viéndome por cuarta vez kill bill","@user nice nice estoy viéndome cuarta vez Kill Bill
"
"@user muy triste  La prensa es lo que es. Un medio oportunista, en muchas ocaciones, que por vender, lo que sea",0,"@usuario muy triste la prensa es lo que es. un medio oportunista, en muchas ocasiones, que por vender, lo que sea","@user triste
Prensa oportunista.","@usuario triste prensa medio oportunista vender
","@user muy triste  la prens es lo es. un medio oportunista, en muchas ocasn, que por vender, lo es.","@user triste
prensa oportunista"
Por cierto @user podria hablar contigo por md? Gracias,1,"Por cierto usuario podría hablar contigo por mensaje? Gracias.
","certo user hablar contigo md Gracias
","usuario hablar mensaje Gracias
","Por cierto usuario podria hablar contigo por md? Gracias
","certo user hablar contigo md Gracias
"
@user #seestrenasietevidas Sería un gato tipo Garfield porqué soy un poco vago y porqué me encanta la lasaña!!,2,"@user #seestrenasietevidas sería un gato tipo garfield porque soy un poco vago y porque me encanta la lasaña!!
","@user #seestrenasietevidas Sería gato tipo Garfield porqué soy vago porqué me encanta lasaña
","seestrenasietevidas gato garfield vago lasaña
","@user #seestrenasietevidas Sería un gato tipo Garfield porqué soy un poco vago y porqué me encanta la lasaña!!
","@user #seestrenasietevidas Sería gato tipo Garfield porqué soy vago porqué me encanta lasaña
"
Mg y pongo un adjetivo super repelente a vuestro nombre,0,Mg y pongo un adjetivo super repelente a vuestro nombre,Mg pongo adjetivo repelente nombre,Mg pongo adjetivo repelente nombre,"Mg y pongo un adjetivo super repelente a vuestro nombre
","Mg pongo adjetivo repelente nombre
"
@user Aunque te extraño mucho y quisiera abrazarte y besarte con todo mi amor y cariño,1,@user Aunque extraño mucho y quisiera abrazarte y besarte con todo mi amor y cariño,"user extraño mucho quisiera abrazarte besarte amor cariño
","@user extraño amor cariño
","@user aunque te extraño mucho y quisiera abrazarte y besarte con todo mi amor y cariño
","usuario extraño mucho quisiera abrazar besar amor cariño
"
"@user se muestran solitos, no está difícil la cosa felizmente",2,"@user se muestran solitos, no está difícil la cosa felizmente","user muestra solitos difícil felizmente
","usuario muestra solos no dificil cosa felizmente
","@user se muestre solito, no esté dificil la cosa felizmente","usuario muestra solitos difícil felizmente
"
"@user @user @user lo bueno y lo malo, ojo. Que a nosotros fijo que nos quitan alguno.",0,"@user @user @user lo bueno y lo malo, ojo. Que a nosotros fijo que nos quitan alguno.
","bueno malo ojo fijo quitan alguno
",bueno malo ojo nosotros quitan alguno,"@user @user @user lo bueno y lo malo, ojo. Que a nosotros fijo que nos quitan alguno.
","bueno malo ojo fijo quitan alguno
"
"Estoy a punto de comprarme EL VESTIDO para Año Nuevo, lo malo es que si lo compro los días que faltan me mataré haciendo cardio y abs",1,"Estoy a punto de comprarme el vestido para año nuevo, lo malo es que si lo compro los días que faltan me mataré haciendo cardio y abdominales.
","Punto comprarme vestido Año Nuevo, malo días faltan mataré cardio abs.
","comprarme vestido año nuevo lo malo días faltan mataré cardio abdominales
","Estoy a punto de comprarme EL VESTIDO para Año Nuevo, lo malo es que si lo compro los días que faltan me mataré haciendo cardio y abs.
","punto comprarme vestido Año Nuevo, malo días faltan mataré cardio abs.
"
Hoy queremos felicitar por su cumple a una de las mejores personas que hemos conocido gracia al #páde #RafaGuerrero  @user,2,Hoy queremos felicitar por su cumple a una de las mejores personas que hemos conocido gracia al #páde #RafaGuerrero @user,Hoy queremos felicitar cumple mejores personas hemos conocido gracia #páde #RafaGuerrero user.,"Hoy queremos felicitar cumple mejores personas hemos conocido gracia páde RafaGuerrero user.
","Hoy queremos felicitar por su cumple a una de las mejores personas que hemos conocido gracia al páde rafa guerrero usuario
","hoy queremos felicitar cumple mejores personas hemos conocido gracia
"
@user Yo además vengo de una mañana de natación y una comida que me ha dejado en una modorra importante. Y tengo que repasar,0,yo además vengo de una mañana de natación y una comida que me ha dejado en una modorra importante. y tengo que repasar,Yo natación comida modorra repasar.,"vengo natación comida modorra repasar
",@user yo además vengo una mañana natación una comida me dejado modorra importante. tengo repasar,"yo natación comida modorra repasar
"
@user Ps porque tú lo eres conmigo,1,"@user pq tú lo eres conmigo
","@user Ps porque lo eres conmigo
","@user lo conmigo
","@user ps porque tú lo eres conmigo
","@user ps porque lo eres conmigo
"
"Que ladilla, yo soy chevere",2,"Que ladilla, yo soy chévere",ladilla soy chevere,"ladilla soy chévere
","Que ladilla, yo soy chevere
","ladilla soy chevere
"
@user @user Todos somos asesinos por nuestra codición de humanos ya que total depende de nuestras acciones,0,@user @user todos somos asesinos por nuestra condición de humanos ya que total depende de nuestras acciones,"Todos somos asesinos acciones.
","todos somos asesinos acciones
",@user @user todos somos asesinos por codición humanos ya que total depende acciones,"todos somos asesino acción
"
"Solo porque UNA persona diga que me conoce y opine sobre cómo soy, y convenza a otra de ello no significa que sea así",1,"Solo porque una persona diga que me conoce y opine sobre cómo soy, y convenza a otra de ello no significa que sea así.",Solo porque persona diga que me conoce opine cómo soy convenza otra ello no significa ser así.,Solo porque persona diga me conoce opine cómo soy convenza otra ello no significa sea así.,"Solo porque una persona diga que me conoce y opine sobre cómo soy, y convenza a otra de ello no significa que sea así
","Solo porque persona diga que me conoce opine cómo soy convenza otra ello no significa ser así.
"
@user Congratulations Dr. Alejandro eres orgullo peruano. Dios no te eligió para gobernar porque el congreso esta manchado,2,@user congratulations doctor alejandro eres orgullo peruano. dios no te eligió para gobernar porque el congreso está manchado,Dr. Alejandro orgullo peruano. Dios no te eligió gobernar congreso manchado.,cong felicitaciones doctor alejandro orgullo peruano dios no te eligió gobernar congreso manchado,@user congratulación Dr. alejandro eres orgullo peruano. dios no te eligió gobernar porque congreso manchado,"Dr. Alejandro orgullo peruano. Dios no te eligió gobernar congreso manchado.
"
@user el final volviendo a la aldea es quizá demasiado tierno,0,"@user el final volviendo a la aldea es quizá demasiado tierno
",final volviendo aldea quizá tierno,"final volviendo aldea quizá tierno
","@user el final volviendo a la aldea es quizá demasiado tierno
","final volviendo aldea quizá tierno
"
"@user @user no ! Según UMMéxico, ese no será el nuevo single",1,"@user @user no! Según UMMéxico, ese no será el nuevo single","@user @user ! Según UMMéxico, ese no será el nuevo single.
",@user @user! Según UMMéxico ese no será el nuevo single.,"@user @user no! según uméxico, ese no será el nuevo single
","@user @user! según uméxico, ese no será el nuevo single.
"
@user @user @user @user @user @user @user gracias  me lo paso genial haciéndolo!,2,@user @user @user @user @user @user @user gracias me lo paso genial haciéndolo,"gracias paso genial haciéndolo
","gracias me paso genial haciéndolo
","@user @user @user @user @user @user @user gracias  me lo paso genial haciéndolo!
","gracias paso genial haciéndo
"
@user pensba q iba a hacer @user una reflexion profunda de las q me hace a mi pero,0,@usuario pensaba que iba a hacer @usuario una reflexión profunda de las que me hacen a mí pero.,user pensaba iba hacer reflexion profunda me,usuario pensaba hacer reflexión profunda me,"@user pensba q iba a hacer @user una reflexion profunda de las q me hace a mi pero
","user pensaba iba hacer reflexion profunda me
"
@user tío peguemos al Lau  Sigues teniendo mi primer grinder?,1,"@usuario tío peguemos al Lau Sigues teniendo mi primer grinder?
",@user tío peguemos Lau Sigues grinder,usuario tío peguemos Lau Sigues grinder,"@user tío peguemos al Lau Sigues teniendo mi primer grinder?
","@user tío peguemos lau sigues grinder
"
@user hola teneis algun proximo evento por madrid? Mi amiga es muy fan vuestra y nos gustaria saberlo  gracias,2,"@user hola tenéis algún próximo evento por madrid? mi amiga es muy fan vuestra y nos gustaría saberlo gracias
","@user evento madrid amiga fan vuestra saberlo gracias
",hola evento madrid amiga fan vuestra saberlo,"@user hola teneis algun prox evento por madrid? amiga es muy fan vuestra y nos gustaria saberlo gracias
","@user evento madrid amiga fan vuestra saberlo gracias
"
"Esta ceniza me tiene mala ya. Ando con alegría y me arden los ojos, no puedo usar lentes de contacto.",0,"Esta ceniza me tiene mala ya. Ando con alegría y me arden los ojos, no puedo usar lentes de contacto.
",ceniza mala alegría ojos no puedo lentes contacto,ceniza alegría arden ojos no puedo lentes contacto,"Esta ceniza me tiene mala ya. Ando con alegría y me arden los ojos, no puedo usar lentes de contacto.
","ceniza mala alegría ojos no puedo lentes contacto
"
@user ya lo sé  te tengo que contar mi vida que ahora hay muchas cosas nuevas y y y y,1,"@usuario ya lo sé te tengo que contar mi vida que ahora hay muchas cosas nuevas y y y y
","@user lo sé te tengo contar vida muchas cosas nuevas.
",usuario vida cosas nuevas,"@user ya lo sé te tengo que contar mi vida que ahora hay muchas cosas nuevas y y y y
","@user lo sé te tengo contar vida muchas cosas nuevas.
"
"Vale mi cuenta de Twitter a llegado a lo mejor, me sigue una psicóloga cristiana",2,"Vale, mi cuenta de Twitter a llegado a lo mejor, me sigue una psicóloga cristiana.","cuenta Twitter psicóloga cristiana
","Vale cuenta Twitter llegado mejor sigue psicóloga cristiana.
","Vale mi cuenta de Twitter a llegado a lo mejor, me sigue una psicóloga cristiana","cuenta Twitter psicóloga cristiana
"
"OMG esta no he acertado, premio para Calvin que tampoco está  1 de 2 aciertos #VMAs",0,"OMG esta no he acertado, premio para Calvin que tampoco está siendo 1 de 2 aciertos #VMAs",OMG premio Calvin tampoco aciertos.,OMG premio Calvin tampoco 1 aciertos.,"OMG esta no he acertado, premio para Calvin que tampoco está  1 de 2 aciertos #VMAs
","premio Calvin tampoco aciertos
"
@user Son un escándalo los 4 juntos? hay fotos?,1,@user son un escándalo los 4 juntos? hay fotos?,user escándalo fotos,usuario escándalo fotos,"@user son un escándalo los 4 juntos? hay fotos?
","usuario escándalo fotos
"
@user tiene que dar un gustazo dibujarte tus propios posters.. te envio Amanda,2,@usuario tiene que dar un gustazo dibujarme tus propios pósters.. te envío Amanda,"user dar gustazo dibujar posters enviar Amanda
","usuario gustazo pósters enviar Amanda
","@user tiene que dar un gustazo dibujarte tus propios posters.. te envio Amanda
","usuario dar gustazo dibujar enviar amanda
"
Lo peor de mi cumple es que ese día empiezo mis clases de nuevo!!,0,Lo peor de mi cumple es que ese día empiezo mis clases de nuevo,"peor cumple clases
","Peor cumple clases nuevo.
","Lo peor de mi cumple es que ese día empiezo mis clases de nuevo!!
","peor cumple clases
"
"@user Hola Julio, para que las pizzas lleguen en las mejores condiciones, marcamos la pizza, no la cortamos",1,"@user hola julio, para que las pizzas lleguen en las mejores condiciones, marcamos la pizza, no la cortamos",@user Julio Hola pizzas mejores condiciones marcamos pizza no cortamos,@user julio hola pizzas mejores condiciones marcamos pizza no cortamos,"@user hola julio, para que las pizzas lleguen en las mejores condiciones, marcamos la pizza, no la cortamos
","@user julio hola pizzas mejores condiciones marcamos pizza no cortamos
"
@user @user me dejo congelado. Por algo es el amo de los ratings!!!,2,@user @user me dejo congelado. Por algo es el amo de los ratings!!!,@user @user me congelado. Por amo ratings.,@user @user me congelado. Por amo ratings.,@user @user me dejo congelado. Por algo es el amo de los ratings!!!,"@user @user me congelado. Por amo ratings.
"
@user justo esta mañana no ha podido insultarlos porque estaba en comisaria AMPLIANDO LA DENUNCIA POR ACOSO,0,justo esta mañana no ha podido insultarlos porque estaba en comisaría ampliando la denuncia por acoso,justo mañana no ha podido insultarlos porque estaba comisaria ampliando denuncia acoso,justo mañana no ha podido insultarlos porque estaba comisaría ampliando denuncia acoso,"@user justo esta mañana no ha podido insultarlos porque estaba en comisaria ampliando la denuncia por acoso
","justo mañana no ha podido insultarlos porque estaba comisaria ampliando denuncia acoso
"
"Agradece todo, cada momento, cada situación, sea positiva o negativa, ya que la positiva nos hace felices y la negativa nos hace sabios",1,"Agradece todo, cada momento, cada situación, sea positiva o negativa, ya que la positiva nos hace felices y la negativa nos hace sabios.
","Agradece todo momento situación positiva negativa sabios.
",Agradece todo momento situación positiva negativa felices sabios,"Agradece todo, cada momento, cada situación, sea positiva o negativa, ya que la positiva nos hace felices y la negativa nos hace sabios","Agradece todo momento situación positiva negativa sabios.
"
Acabo de descubrir a Filip van der Cruyssen y sus increibles #fotografia de #retratos ...yo quiero   http,2,Acabo de descubrir a Filip van der Cruyssen y sus increíbles fotografías de retratos...yo quiero   http,"descubrir Filip van der Cruyssen retratos quiero
","descubrir Filip van der Cruyssen fotografías retratos quiero 
","Acabo descubrir Filip van der Cruyssen sus increibles #fotografia #retratos...yo quiero http
","descubrir Filip van der Cruyssen retratos quiero
"
@user pero del practico ya? No me dijiste que hacías prácticas.,0,pero del práctico ya? no me dijiste que hacías prácticas.,@user practico ya no me dijiste hacías prácticas.,"pero práctico ya no me dijiste hacías prácticas.
","@user pero del practico ya? No me dijiste que hacias practicas.
","@user practico ya no me dijiste hacías practicas.
"
Totoro casi listo #Imelda #torta #totoro #cake #designcake #pastelería #lima #diseño…,1,Totoro casi listo #Imelda #torta #totoro #cake #diseño…,casi listo #Imelda torta #totoro cake diseñocake pastelería lima diseño,casi listo #Imelda torta diseño,Totoro casi listo #Imelda #torta #totoro #cake #designcake #pastelería #lima #diseño,"casi listo #Imelda torta #totoro diseñocake pastelería lima diseño
"
@user me encantan los VAPES gracias por estar ahí todos los días y alegrarnos,2,@usuario me encantan los vapores gracias por ser ahí todos los días y alegrarnos,"VAPES gracias estar alegrarnos
",usuario vapores gracias ser ahí días alegrarnos,@user me encantan los vapes gracias por estar ahí todos los días y alegrarnos,"VAPES gracias estar alegrarnos
"
"Ahora sí conejito, llámala y mándala a la mierda de mi parte",0,"Ahora sí conejito, llámala y mándala a la mierda de mi parte",Ahora conejito llámala mándala mierda parte,Ahora sí conejito llámala mándala mierda parte,"Ahora sí conejo, llama y mándala a la mierda de mi parte
","ahora conejo llamar manda mierda parte
"
@user báñate con agua fría para que la temperatura de tu cuerpo sea menor que la del ambiente,1,@user báñate con agua fría para que la temperatura de tu cuerpo sea menor que la del ambiente,báñate agua fría temperatura cuerpo menor ambiente,báñate agua fría temperatura cuerpo menor ambiente,"@user báñate con agua fría para que la temperatura de tu cuerpo sea menor que la del ambiente
","báñate agua fría temperatura cuerp menor ambien
"
Lo bueno de la vida es que te hace coincidir con personas realmente increíbles,2,Lo bueno de la vida es que te hace coincidir con personas realmente increíbles,Buena vida hacer coincidir personas increíbles.,bueno vida hacer coincidir personas increíbles,"Lo buen de la vid es que te hace coincidir con personas realment incrble.
","Buena vida hacer coincidir personas increíbles.
"
"@user na, que son las fiestas de mi pueblo y me hallo a 1000km, en mi puta casa, con catarro y sin planes",0,"@user na, que son las fiestas de mi pueblo y me hallo a 1000km, en mi puta casa, con catarro y sin planes","user fiestas pueblo casa catarro planes
","usuario fiestas pueblo casa catarro planes
","@user na, que son las fiestas de mi pueblo y me hallo a 1000km, en mi puta casa, con catarro y sin planes
","user fiestas pueblo casa catarro planes
"
@user de parte de mi hermana ella dice que por que no te vuelves a pintar de rubio que asi de rubio te queda mejor piensalo,1,@user de parte de mi hermana ella dice que porque no te vuelves a pintar de rubio que así de rubio te queda mejor piénsalo,"user hermana dice que te vuelves rubio asi rubio queda mejor piensalo
","user hermana dice porque no te vuelves rubio así queda mejor piénsalo
","@user de parte de mi hermana ella dice que por que no te vuelves a pintar de rubio que asi de rubio te queda mejor piensalo
","user hermana dice que te vuelves rubio asi rubio queda mejor piensalo
"
"@user Gracias a ti hoy soy muy feliz Descansa, que sueñes bonito. Te quiero un montón",2,"@user gracias a ti hoy soy muy feliz descansa, que sueñes bonito. te quiero un montón",Gracias ti hoy feliz Descansa sueñes bonito Te quiero montón,"gracias ti hoy soy feliz descansa sueñes bonito te quiero montón
","@user gracias a ti hoy soy muy feliz descansa que sueñes bonito te quiero un montón
","gracias ti hoy feliz descansa sueñes bonito te quiero montón
"
@user no creo que hayan diseñado una tipo propia,0,@usuario no creo que hayan diseñado una tipo propia,"creo diseñar tipo propia
","usuario creo hayan diseñado tipo propia
","@user no creo que hayan diseñado una tipo propia
","crear diseñar tipo propia
"
"@user Que tampoco ahora mayoría absoluta, eh?",1,"@user que tampoco ahora mayoría absoluta, eh","@user mayoría absoluta eh
",@user absoluta ahora,"@user que tampoco ahora mayoría absoluta, eh?
","@user mayoría absoluta eh
"
@user estamos condicionados por nuestras lecturas  Vienen tiempos gloriosos,2,estamos condicionados por nuestras lecturas vienen tiempos gloriosos,user condicionados lecturas tiempos gloriosos,condicionados tiempos gloriosos,"@user estamos condicionados por nuestras lecturas Vienen tiempos gloriosos
","usuario condicionados lecturas tiempos gloriosos
"
Me volvieron a dejar sola,0,Me volvieron dejar sola,Volvieron dejar sola,Volvieron dejar sola,"Me volvieron a dejar sola
","Volvieron dejar sola
"
Hazme un favor y has lo posible por no cruzarte conmigo este año,1,"Hágame un favor y haga lo posible por no cruzarse conmigo este año.
",favor posible cruzarte año,"Favor hacer posible cruzarse conmigo año.
","Hazme un favor y has lo posible por no cruzarte conmigo este año
","favor posible cruzarte año
"
@user @user Abrazote enorme!! Sos un éxito!,2,"@user @user abrazote enorme!! sos un éxito!
",Abrazote éxito,"abrazote éxito
",@user @user abrazote enorme!! sos un éxito!,Abrazote éxito
Hoy una mosca no me dejó dormir y me cago en su puta vida,0,Hoy una mosca no me dejó dormir y me cago en su puta vida,"Hoy mosca dormir cago vida
","Hoy mosca dormir cago vida
","Hoy una mosca no me dejó dormir y me cago en su puta vida
","hoy mosca dormir cago vida
"
@user Que ya ha empezado tio,1,"@user que ya ha empezado tío
","ha empezado tio
","@user ha empezado 
","@user que ya ha empezado tio
","ha empezado tio
"
Fue un buen momento en familia,2,"Fue un buen momento en familia
","buen momento familia
","Buen momento familia
","Fue un buen momento en familia
","buen momento famili
"
"@user Ni que fueran cámaras de cobalto. Tengo mucho tiempo de no broncearme por unas manchas en mi cara, son solo ganas de verme mejor",0,"ni que fueran cámaras de cobalto. tengo mucho tiempo de no broncearme por unas manchas en mi cara, son solo ganas de verme mejor","cámaras cobalto tiempo broncearme manchas ganas verme
",que fueran cámaras cobalto tengo mucho tiempo no broncearme manchas cara ganas verme mejor,"@user ni que fueran cámaras cobalto. tengo mucho tiempo no broncearme manchas cara, son solo ganas verme mejor","cámara cobalto tiempo broncearme manchas ganas verme
"
@user @user q pasa con VY1884 y VY1885? Mi madre sta en berlin y no sabe si el avion sale hoy  any info?????,1,@user @user qué pasa con VY1884 y VY1885? mi madre está en berlín y no sabe si el avión sale hoy alguna información?????,@user @user pasa VY1884 VY1885 madre berlin sabe avion sale hoy info,@user @user pasa VY1884 VY1885 madre berlín sabe avión hoy información,@user @user q pasa con vy1884 y vy1885? mi madre sta berlin y no sabe si el avion sale hoy any info?????,"@user @user pasa vy1884 vy1885 madre berlin sabe avion sale hoy info
"
⚠ me pareces un niño muy gracioso jajaja y me encanta hablar contigo a ver si hablamos mas,2,me pareces un niño muy gracioso jajaja y me encanta hablar contigo a ver si hablamos más,pareces niño gracioso encanta hablar contigo a ver hablamos mas,pareces niño gracioso encanta hablar contigo a ver si hablamos más,⚠ me pareces un niño muy gracioso jajaja y me encanta hablar contigo a ver si hablamos mas,"parece niño gracioso encanta hablar contigo a ver hablamos mas
"
"lo único que quiero es que mi gato aparezca, no quiero vivir sin él, necesito escucharlo y verlo",0,"lo único que quiero es que mi gato aparezca, no quiero vivir sin él, necesito escucharlo y verlo","quiero gato aparezca, quiero vivir él, necesito escucharlo verlo.
","quiero gato aparezca, quiero vivir él, necesito escucharlo verlo.
","lo único que quiero es que mi gato aparezca, no quiero vivir sin él, necesito escucharlo y verlo","quiero gato aparezca, quiero vivir él, necesito escucharlo verlo.
"
"Y bueno, fue un año nuevo diferente. Pero se acabó y ahora toca volver a la realidad",1,"Y bueno, fue un año nuevo diferente. Pero se acabó y ahora toca volver a la realidad.
",Bueno año nuevo diferente Pero acabó ahora volver realidad,"Año nuevo diferente. Se acabó volver realidad.
","Y bueno, fue un año nuevo diferente. Pero se acabó y ahora toca volver a la realidad.","Bueno año nuevo diferente Pero acabó ahora volver realidad
"
Venir a Murcia y no pasarte por el MUSU a por un buen bocadillo de lomo es delito. #Musucomotequierojoderperoatusbocadillosmás.,2,"Venir a Murcia y no pasarte por el MUSU a por un buen bocadillo de lomo es delito. #Musucomotequierojoderperoatusbocadillosmás.
","Venir Murcia pasarte MUSU por bocadillo lomo delito. #Musucomotequierojoderperoatusbocadillosmás.
","Venir Murcia pasarte MUSU bocadillo lomo delito. #Musucomotequierojoderperoatusbocadillosmás.
","Venir a Murcia y no pasarte por el MUSU a por un buen bocadillo de lomo es delito. #Musucomotequierojoderperoatusbocadillosmás.
","venir Murcia pasarte MUSU por bocadillo lomo delito. #MUSUcomotequierojoderperoatusbocadillosmás.
"
"@user @user el problema que ya no hay 2x1 en grandes ni tampoco los puntos Hut, son dos pésimas noticias",0,"@user @user el problema que ya no hay dos por uno en grandes ni tampoco los puntos Hut, son dos pésimas noticias","problema dos x uno grandes puntos Hut pésimas noticias.
","problema dos uno grandes puntos Hut pésimas noticias
","@user @user el problm q ya no hay 2x1 en grandes ni tampoco los puntos Hut, son dos psimas ntcias","problema dos x uno grandes puntos Hut pésimas noticias
"
"Pasan los años pero las resacas siguen siendo un misterio. Ayer tomé ron puro y me he levantado tan pancho, tan fresco. Aquí no pasó nada",1,"Pasán los años pero las resacas siguen siendo un misterio. Ayer tomé ron puro y me he levantado tan pancho, tan fresco. Aquí no pasó nada.
",Años resacas misterio Ayer tomé ron levantado pancho fresco Aquí pasó nada,"años resacas misterio ayer tomé ron levantado pancho fresco nada
","Pasan años pero resacas siguen misterio. Ayer tomé ron puro y me he levantado tan pancho, tan fresco. Aquí pasó nada.
",años resacas misterio ayer tomé ron levantado pancho fresco aquí pasó nada
@user felicidades pareja!!! Peazo abuelo va a tener tu hijo....estará pletorico,2,@user felicidades pareja!!! peazo abuelo va a tener tu hijo....estará pletórico,"pareja abuelo hijo pletorico
",felicidades pareja abuelo hijo pletórico,"@user felicidad pareja!!! peazo abuelo va tener tu hijo....estará pletorico
","pareja abuelo hijo pletorico
"
"@user me duele la pierna del puñetazo que me diste aye, en dos sitios, agresivo",0,"me duela pierna del puñetazo que di aye, dos sitios, agresivo",duele pierna puñetazo agresivo,"duela pierna puñetazo di aye sitios agresivo
","@user me duele la pierna del puñetazo que me diste aye, en dos sitios, agresivo","duele pierna puñetazo agresivo
"
"@user No se me ocurre más que que estás guapísima, por eso no valgo para la seducción",1,"@user No se me ocurre más que que estás guapísima, por eso no valgo para la seducción","user guapísima seducción
",user guapísima seducción,"@user no se me ocurre más que que estás guapísima, por eso no valgo para la seducción
","usér guapís seduc
"
Que rico es dormir con el sonido de la lluvia,2,Que rico es dormir con el sonido de la lluvia,"dormir sonido lluvia
","dormir sonido lluvia
","Que rico es dormir con el sonido de la lluvia
","dormir sonido lluvia
"
Desearía que aurin no estuviera sucia y mojada para que duerma cnmigo,0,"desearía que aurin no estuviera sucia y mojada para que duerma conmigo
","Desearía aurin mojada amigo.
","desearía aurin no estuviera sucia mojada duerma conmigo
","Desearía que aurin no estuviera sucia y mojada para que duerma amigo
","Desearía aurin mojada amigo.
"
@user Me sabía la versión femenina  Mujer refranera...mujer puñetera...,1,"@user me sabía la versión femenina mujer refranera... mujer puñetera...
","Me sabía versión femenina
Mujer refranera
mujer puñetera
","@user sabía versión mujer refranera mujer puñetera
","@user Me sabía la versión femenina Mujer refranera...mujer puñetera...
","me sabía versión femenina
mujer refranera
mujer puñetera
"
"@user por la lucha y el aprendizaje obtenido, ¿te suena? ;), todavía no sé notas pero son lo de menos",2,"@usuario por la lucha y el aprendizaje obtenido, ¿te suena? ;), todavía no sé notas pero son lo de menos",lucha aprendizaje obtenido te suena no sé notas son de menos,usuario lucha aprendizaje obtenido suena no sé notas menos,"@user por la lucha y el aprendizaje obtenido, ¿te suena? ;), todavía no sé notas pero son lo de menos
","lucha aprendizaje obtenido te suena no sé notas son de menos
"
Comenzando mal la semana enfermandome,0,Comenzando mal la semana enfermarme,"Comenzando mal semana enfermandome
",Comenzando mal enfermarme,"Comenzando mal la semana enfermandome
","Comenzando mal semana enfermandome
"
"@user Pues va a estar difícil, porque jugamos fuera, pero hay buen equipo este año. A ver...",1,"pues va a estar difícil, porque jugamos fuera, pero hay buen equipo este año. a ver.
","Va equipo año. A.
","va equipo año
","@user pues va estar difícil, porque jugamos fuera, pero hay buen equipo este año. a ver","Va equipo año. A.
"
@user yo acabo de aportar mi pequeña contribución. Te sientes tan bien!,2,"@user yo acabo de aportar mi pequeña contribución. Te sientes tan bien.
","auser contribución
Te sientes bien","auser contribución siento bien
","@user yo acabo de aportar mi pequeña contribución. Te sientes tan bien!
","auser contribución
te sientes bien
"
Echo tantísimo de menos mi vida en Irlanda,0,Echo tanto de menos mi vida en Irlanda,"Tantísimo menos vida Irlanda.
",Mi vida Irlanda.,"Echo tantísimo de menos mi vida en Irlanda
","tantísimo menos vida Irlanda
"
"La felicidad no es un estado en el que podemos permanecer siempre, pero si una actitud que podemos elegir al valorar pequeños momentos",1,"La felicidad no es un estado en el que podemos permanecer siempre, pero si una actitud que podemos elegir al valorar pequeños momentos.","Felicidad actitud elegir valorar momentos.
","Felicidad no estado permanecer siempre, actitud elegir valorar momentos.","La felicidad no es un estado en el que podemos permanecer siempre, pero si una actitud que podemos elegir al valorar pequeños momentos.
","Felicidad actitud elegir valorar momentos.
"
@user ¡De nada! Me gustó mucho ese paseo alternativo por otro Gante,2,@user ¡De nada! Me gustó mucho ese paseo alternativo por otro Gante,user paseo Gante,user paseo Gante,"@user ¡De nad! Me gust much ese pase alternativ por otr Gant.
","user paseo Gante
"
"Si está claro, la culpa es mía",0,"Si está claro, la culpa es mía.
","claro culpa mía
","claro culpa mía
","Si está claro, la culpa es mía.
","claro culpa mía
"
"@user Eso sería lo más maravilloso! Después de mi 2º viaje, pensé que iría una vez más y la guerra...",1,"@user eso sería lo más maravilloso! después de mi segundo viaje, pensé que iría una vez más y la guerra...","@user seria maravilloso viaje guerra
","@user sería maravilloso después viaje pensé ir vez guerra
","@user eso serí lo más maravilhoso! después de mi 2º viaje, pensé que irí una vez más y la guerra...
","@user seria maravilloso viaje guerra
"
"@user buenas tardes, si fuese posible actualizar el presupuesto con las indicaciones que he dejado en la consulta #296798  Gracias",2,"@user buenas tardes, si fuese posible actualizar el presupuesto con las indicaciones que he dejado en la consulta #296798 gracias",user tardes posible actualizar presupuesto indicaciones consulta 296798 Gracias,user tardes posible actualizar presupuesto indicaciones consulta,"@user buenas tardes, si fuese posible actualizá el presupuest con las indicac que he dejá en la consult #296798 Gracias
","usuario tardes posible actualizar presupuesto indicaciones consulta 296798 gracias
"
El señor @user no quiere jugar duoq conmigo,0,El señor no quiere jugar duoq conmigo,señor usuario quiere jugar duoq conmigo,"señor quiere jugar conmigo
","El señor ‎@user no quiere jugar duoq conmigo
","señor usuario quiere jugar duoq conmigo
"
@user además de verdad verdadera  Catalina! @user,1,además de verdad verdadera catalina,"Catalina 
","verdad catalina
","@user además de verdad verdadero Catalina! @user
","Catalina
"
No se porque pongo ahora la carita triste pero me parece mas cuqui todo con ella,2,No se porque pongo ahora la carita triste pero me parece mas cuqui todo con ella,pongo carita triste me parece cuqui todo ella,pongo carita triste me parece cuqui todo ella,No se porque pongo ahora la carita triste pero me parece mas cuqui todo con ella,"pongo carita triste me parece cuqui todo ella
"
recuerdo cuando me dijiste que odiabas lo superficial y ahora solo mencionas cuanto dinero ganas y todo lo que te compras,0,recuerdo cuando me dijiste que odiabas lo superficial y ahora solo mencionas cuanto dinero ganas y todo lo que te compras,recuerdo dijiste odiabas superficial ahora mencionas dinero ganas compras,"recuerdo dijiste odiabas superficial ahora mencionas dinero ganas compras
","recuerd cuando me dijiste que odiabas lo superfic y ahora solo mencionas cuanto dinero ganas y todo lo que te compras
","recuerda dijiste odiaba superficial ahora menciona dinero ganas compra
"
Vale el huracán no me a afectado y supongo que a mis seres amados tampoco así que estoy mushio mejo' sabiendo que no paso nada,1,vale el huracán no me ha afectado y supongo que a mis seres amados tampoco así que estoy mucho mejor,huracán afectado seres amados tampoco paso nada,huracán afectado seres amados tampoco mejor,val huracán no me afectado y supongo que a mis seres amados tampoco así que estoy mushio mejo sabiendo que no paso nada,"huracán afectado ser amado tampoco pasar nada
"
@user yo solo quiero que tu cuerpo este tan fuerte como tu mente,2,@user yo solo quiero que tu cuerpo esté tan fuerte como tu mente,quiero cuerpo fuerte mente,"quiero cuerpo fuerte mente
","@user yo solo quiero que tu cuerpo este tan fuerte como tu mente
","quiero cuerpo fuerte mente
"
Este año ha sido el que mejor me he llevado con mi hermano sin duda y se va en nada y voy a llorar y no quiero ser hija única y,0,"este año ha sido el que mejor me he llevado con mi hermano sin duda y se va en nada y voy a llorar y no quiero ser hija única y
","Año hermano duda va nada llorar quiero hija única.
","año hermano duda va nada llorar quiero hija única
","Este año ha sido el que mejor me he llevado con mi hermano sin duda y se va en nada y voy a llorar y no quiero ser hija única y
","año hermano duda va nada llorar quiero hija única.
"
"@user jajajaja... yo no insulto a nadie, ni bloqueo... yo me comporto en el Twitter como en mi vida normal...",1,"@usuario jajajaja... yo no insulto a nadie, ni bloqueo... yo me comporto en el twitter como en mi vida normal...","yo no insulto nadie ni bloqueo yo comporto Twitter vida normal
","usuario jajaja yo no insulto nadie bloqueo comporto twitter vida normal
","@user jajajaja... yo no insulto a nadie, ni bloqueo... yo me comporto en el Twitter como en mi vida normal...","yo no insulto nadie ni bloqueo yo comporto Twitter vida normal
"
"@user No te cambiaria , ni por la mujer más bella del mundo , Porqué Solo tengo ojos para ti",2,"@usuario No te cambiaría, ni por la mujer más bella del mundo, porque solo tengo ojos para ti.
","user cambiar mujer bella mundo Porqué ojos ti
",usuario cambiaría mujer bella mundo ojos ti,"@user No te cambiaria, ni por la mujer mas bella del mundo, Porqué Solo tengo ojos para ti
","user cambiar mujer bella mundo porqué ojos ti
"
@user @user la costra me da cosas. Pero qué lindo por la enfermerita.,0,"@user @user la costra me da cosas. Pero qué lindo por la enfermerita.
","costra lindo enfermerita
","costra lindo enfermerita
","@user @user la costra me da cosas. Pero qué lindo por la enfermerita.
","costra lindo enfermerita
"
"puxa, @user como te pasea @user? alli si no eres inquisidor!",1,"puxa, usuario como te pasea usuario? allí si no eres inquisidor!",puxa user como pasea user alli no eres inquisidor,puxa usuario como pasea usuario allí no eres inquisidor,"puxa, @user como te pasea @user? alli si no eres inquisidor!
",puxa user como pasea user alli no eres inquisidor
Es que es muy guapa,2,Es que es muy guapa,que guapa,que guapa,"Es que es muy guapa
","que guapa
"
"Decepcionado , este dolor ya lo tengo acostumbrado",0,"Decepcionado, este dolor ya lo tengo acostumbrado.","Decepcionado dolor tengo acostumbrado.
","Decepcionado dolor tengo acostumbrado.
","Decepcionado, dolor acostumado
","Decepcion dolor acostumado
"
"Amis @user, el Sáb. estaré en Chimbote x chamba y quiero saber si el chinito bello cantará en evento o privado, para ir",1,"Amigos, el sábado estaré en Chimbote por trabajo y quiero saber si el chinito bello cantará en evento o privado, para ir.
","Amis user, Sáb estaré Chimbote chamba quiero saber chinito bello cantará evento privado ir.","Amigos sábado Chimbote trabajo quiero saber chinito bello cantará evento privado ir.
","Amis @user, el Sb. estaré en Chimbote x chamba y quiero saber si el chinito bello cantará en evento o privado, para ir
","amis user, sab estar chimbote chamba quiero saber chinito bello cantara evento privado ir
"
Qué foto más hermosa  @user @user @user @user @user @user @user @user,2,"qué foto más hermosa
",foto hermosa user user user user user user user user,"foto hermosa
",Qué foto más hermosa  @user @user @user @user @user @user @user @user,"foto hermosa user user user user user user user user
"
"@user Si juegan bien, pero no saben chutar, estamos apañados.  Ninguno sabe chutar a gol en el Valencia?",0,"@user Si juegan bien, pero no saben chutar, estamos apañados. Ninguno sabe chutar a gol en el Valencia?","juegan gol Valencia
","juegan gol Valencia
","@user Si juegan bien, pero no saben chutar, estamos apañados. Ninguno sabe chutar a gol en el Valencia?
","juegan gol Valenci
"
Es el único trago que tomó puro,1,Es el único trago que tomó puro,"único trago tomó puro
",único trago tomó puro,"Es el único trago que tomó puro
","único trago tomó puro
"
@user Que bueno Caeli. Pronto te vas a sentir mucho mejor.,2,"@user Que bueno Caeli. Pronto te vas a sentir mucho mejor.
",user bueno Caeli te vas sentir mejor,"Caeli te sentir mejor
","@user Que bueno Caeli. Pronto te vas a sentir mucho mejor.
","user bueno Caeli te vas sentir mejor
"
Lo malita que estoy y lo poco que me quejo,0,Lo malito que estoy y lo poco que me quejo,"Malita que estoy poco que me quejo
",Malito que estoy poco que me quejo,"Lo malit que estoy y lo poco que me quejo
","malita que estoy poco que me quejo
"
Y ya estoy en ese momento en el que estoy suscrito a los boletines de 12 embajadas y sus correspondientes Agencias de Investigación,1,Y ya estoy en ese momento en el que estoy suscrito a los boletines de 12 embajadas y sus correspondientes agencias de investigación,"Estoy momento suscrito boletines embajadas Agencias Investigación.
",estoy suscrito boletines embajadas agencias investigación,"Y ya estoy en ese momento en el que estoy suscrito a los boletines de 12 embajadas y sus correspondientes Agencias de Investigaci.
","Estoy momento suscrito boletines embajadas Agencias Investigación.
"
"@user para el frio la solucion es hacer lo que dice esta frase ""sabado sabadete camisa nueva y ....""",2,@user para el frío la solución es hacer lo que dice esta frase “sábado sabadete camisa nueva y....”,"@user frio solucion hacer frase sabado sabadete camisa nueva
","@user frío solución hacer frase sábado camisa nueva 
","@user para el frio la solucion es hacer lo que dice esta frase ""sabado sabadete camisa nueva y....","@user frio solucion hacer frase sabado sabadete camisa nueva
"
@user @user ¿Socialistas honrados? Esto es un oxímoron.,0,"@user @user ¿socialistas honrados? esto es un oxímoron.
","Socialistas honrados. Esto oxímoron.
","socialistas honrados oxímoron
","@user @user ¿socialista honesto? esto es un oxímoron.
","Socialistas honrados. Esto oxímoron.
"
"Esta semana estoy de vacaciones, mañana o pasado os publico un vídeo y el domingo directo como siempre",1,"Esta semana estoy de vacaciones, mañana o pasado os publico un vídeo y el domingo directo como siempre","Semana vacaciones, mañana pasado publico vídeo domingo directo siempre.","semana vacaciones, mañana pasado publico vídeo domingo directo siempre","Esta semana estoy de vacaciones, mañana o pasado os publico un vídeo y el domingo directo como siempre","semana vacaciones, mañana pasado publico vídeo domingo directo siempre.
"
Que lindo es levantarse sin resaca,2,Que lindo es levantarse sin resaca,Lindo levantarse sin resaca.,lindo levantarse resaca,"Que lindo es levantarse sin resaca
","Lindo levantarse sin resaca.
"
@user Gracias por la información. Parece que el olor ha cesado. Ayer pasó lo mismo sobre la misma hora,0,@user gracias por la información. parece que el olor ha cesado. ayer pasó lo mismo sobre la misma hora,Gracias información. Olor cesado. Ayer pasó mismo hora.,"gracias información parece olor cesado ayer pasó misma hora
","@user gracias por la información. parece que el olor ha cesado. ayer pasó lo mismo sobre la misma hora
","gracias información. olor cesado. ayer pasó mismo hora.
"
"Tan rápido Domingo? Yo ni sentí el Viernes. No siento los temblores, los días pasar. Ah, pero ojalá dejara de sentir hambre.",1,"Tan rápido domingo? Yo ni sentí el viernes. No siento los temblores, los días pasar. Ah, pero ojalá dejara de sentir hambre.","Tan rápido Domingo. Yo ni sentí Viernes. No siento temblores, días pasar. Ah, pero ojalá dejara de sentir hambre.
",Rápido domingo Yo ni sentí viernes No siento temblores días pasar Ah pero ojalá dejara sentir hambre,"Tan rápido Domingo? Yo ni sentí el Viernes. No siento los temblores, los días pasar. Ah, pero ojalá dejara de sentir hambre.
","Tan rápido Domingo. Yo ni sentí Viernes. No siento temblores, días pasar. Ah, pero ojalá dejara de sentir hambre.
"
"Al parecer si me darán mi canasta navideña, aparte de mi panetón y un vino Gracias proveedores Nos engríen más que los jefes",2,"Al parecer si me darán mi canasta navideña, aparte de mi panetón y un vino gracias proveedores nos engríen más que los jefes.",Parecen dar canasta navideña panetón vino Gracias proveedores Engríen más jefes.,Parecen dar canasta navideña panetón vino gracias proveedores jefes.,"Al parec si me darán mi canasta navideña, aparte de mi panetón y un vino Gracias proveedores Nos engríen más que los jefes","Parecen dar canasta navideña panetón vino Gracias proveedores Engríen más jefes.
"
"@user @user si va comer gallina mejor quedese calladito, tomese sus pastillitas y siga echandole el cuento a youtubers",0,"@user @user si va comer gallina mejor quedese calladito, tome sus pastillitas y siga echando el cuento a youtubers",@user @user va comer gallina quedese calladito tomese pastillitas siga echando cuento youtubers,@user @user va comer gallina quedese calladito tome pastillitas siga cuento youtubers,"@user @user si va comer gallina mejor quedese calladito, tomese sus pastillitas y siga echandole el cuento a youtubers",@user @user va comer gallina quedese calladito tomese pastillitas siga echando cuento youtubers
@user @user jajaja ya somos un pollito! La próxima semana? a ver que dice @user,1,@usuario @usuario jajaja ya somos un pollito! La próxima semana? a ver que dice @usuario,"@user @user jajaja ya somos pollito La próxima semana a ver dice @user
",usuario usuario jajaja ya somos pollito próxima semana a ver dice usuario,@user @user jajaja ya somos un pollito! La próxima semana? a ver que dice @user,"@user @user jajaja ya somos pollito la próxima semana a ver dice @user
"
"@user ayyy pero  que genial, quiero que vengas ya",2,"@user pero que genial, quiero que vengas ya","user genial quiero vengas ya
",user pero genial quiero vengas ya,"@user ayyy pero que genial, quiero que vengas ya
","usuario genial quiero vengas ya
"
"Y yo, pero de soniditos, somos de mundos musicales distintos bb  @user",0,"Y yo, pero de soniditos, somos de mundos musicales distintos bb","yo soniditos mundos musicales distintos
",yo soniditos mundos musicales distintos,"yo, pero de soniditos, somos de mundos musicales distintos bb
","yo sonidito mundo musical distinto
"
"@user no tengo en la casa apenas entre, te mando uno así jaja",1,"@usuario no tengo en la casa apenas entre, te mando uno así jaja","casa entre te mando así jaja
",usuario tengo casa apenas entre te mando así jaja,"@user no tengo en la casa apenas entre, te mando uno así jaja
","casa entre te mando así jaja
"
@user @user @user ohhhhh eso tiene que ser muy divertido  me imagino que los hombres están vetados no?😀😀😀,2,"@user @user @user ohhhhh eso tiene que ser muy divertido me imagino que los hombres están vetados no😀😀😀
",ohhhhh eso divertido hombres vetados,"ohhhhh eso divertido imagino hombres vetados no😀😀😀
",@user @user @user ohhhhh eso tiene que ser muy divertido me imagino que los hombres están vetados no😀😀😀,"ohhhhh eso divertido hombres vetados
"
"Buenos días. Va, vamos a catear inglés.",0,"Buenos días. Va, vamos a catear inglés.
","Buenos días. Va catear inglés.
","Buenos días. Vamos catear inglés.
","Buenos días. Va, vamos a catear inglés.
","Buenos días. Va catear inglés.
"
@user no ayudas ya voy.. y tomo foto para mostrar,1,@usuario no ayudas ya voy.. y tomo foto para mostrar,ayudas foto mostrar,usuario ayudas voy foto mostrar,"@user no ayudo ya voy.. y tomo foto para mostrar
","ayuda foto mostrar
"
"@user lo mismo puedo decir de tu fanart  y por cierto, tu cómic, muy divertido!",2,"@user lo mismo puedo decir de tu fanart y por cierto, tu cómic, muy divertido",@user puedo decir fanart divertido,"user puedo decir fanart cómic divertido
","@user lo mismo puedo decir de tu fanart y por cierto, tu cómic, muy divertido","@user puedo decir fanart divertido
"
"@user por eso  vente a la nuestra, hemos tenido bronca y yo paso de gente así  hicimos una propia con barcos y putas",0,"@user por eso, vente a la nuestra, hemos tenido bronca y yo paso de gente así hicimos una propia con barcos y putas",user bronca gente paso barcos putas,"user bronca gente propia barcos putas
","@user por eso  vente a la nuestra, hemos tenido bronca y yo paso de gente así  hicimos una propia con barcos y putas","user bronca gente paso barcos putas
"
"@user ta weno, es que me pongo celosa",1,"@user ta bueno, es que me pongo celosa",user weno me pongo celosa,"user bueno me pongo celosa
","@user ta weno, es que me pongo celosa
","user weno me pongo celosa
"
@user pues te propongo un cambi yo te regalo un poco de mi calor y tú un poquito también de ese frío  un poquito de tu Argentina,2,pues te propongo un cambio yo te regalo un poco de mi calor y tú un poquito también de ese frío un poquito de tu Argentina,"@user cambi yo regalo calor tú poquito frío Argentina
","te propongo cambio yo regalo poco calor tú poquito también frío tu Argentina
","@user pues te propongo un cambi yo te regalo un poco de mi calor y tú un poquito también de ese frío  un poquito de tu Argentina
","@user cambi yo regalo calor tú poquito frío Argentina
"
"@user @user Claro, es que es muy común que en los pueblos no los tengan en pisos, los llevan a la huerta y los tienen solos",0,"@user @user claro, es que es muy común que en los pueblos no los tengan en pisos, los llevan a la huerta y los tienen solos","@user @user Claro común pueblos no tienen pisos, llevan huerta tienen solos.
","@user @user claro común pueblos pisos huerta solos
","@user @user claro, es que es muy común que en los pueblos no los tengan en pisos, los llevan a la huerta y los tienen solos","@user @user claro común pueblo no tener piso, llevar huerta tener solos.
"
#FinDeSemanaPara perderse hasta las últimas con los amigos,1,"#FinDeSemanaPara perderse hasta las últimas con los amigos
","FinSemana perderse últimas amigos
","FinSemana perderse últimas amigos
","#FindeSemanaPara perderse hasta las últimas con los amigos
","FinSemana perderse últimas amigos
"
Quiero un puzzle grandote y bonito para viciarme tras los exámenes...,2,Quiero un puzzle grandote y bonito para viciarme tras los exámenes,"puzzle bonito viciarme exámenes
",puzzle bonito viciarme exámenes,Quiero un puzzl grandot y bonit para viciarme tras ls examens,"puzzle bonito viciarme exámenes
"
"@user nooo, quiero que me vaya pordede",0,"@usuario no, quiero que me vaya por dónde",quiero que vaya pordede,usuario quiero que vaya dónde,"@user nooo, quiero que me vaya pordede","quiero que vaya pordede
"
Después de 5 días! CREO que mi cronograma de viajes por trabajo ya está listo,1,"Después de cinco días! Creo que mi cronograma de viajes por trabajo ya está listo.
",Después días CREO cronograma viajes trabajo listo,Después días Creo cronograma viajes trabajo listo,"Después de 5 días! CREO que mi cronograma de viajes por trabajo ya está listo
","Después días CREO cronograma viajes trabajo listo
"
"Dentro de 9 horas y 20 minutos empiezan mis vacaciones, buenos días",2,"Dentro de 9 horas y 20 minutos empiezan mis vacaciones, buenos días.","Vacaciones, buenos días.","Vacaciones, buenos días.","Dentro de 9 horas y 20 minutos empiezan mis vacaciones, buenos días","Vacaciones, buenos días.
"
Es tan feo y sin sabor.,0,"Es tan feo y sin sabor.
",tan feo sabor.,"tan feo sabor.
","Es tan feo y sin sabor.
","tan feo sabor.
"
"@user Shi, pero como el año pasado no jajaja ah creo que no fuiste",1,@user Pero como el año pasado no jajaja ah creo que no fuiste,Shi pero como año pasado no jajaja ah creo fuiste,"Pero año pasado no fuiste.
","@user shi, pero como el año pasado no jajaja ah creo que no fuiste
","Shi pero como año pasado no jajaja ah creo fuiste
"
"@user @user @user @user @user Querido Arturo, viniendo de ti, se agradece el cumplido.",2,"@user @user @user @user @user Querido Arturo, viniendo de ti, se agradece el cumplido.
","Arturo, cumplido.
","Arturo cumplido
","@user @user @user @user @user Querido arturo, viniendo de ti, se agradece el cumplido.
","Arturo, cumplido.
"
No se como titular el vídeo,0,"No sé cómo titular el vídeo.
",como titular vídeo,sé cómo titular vídeo.,"No se como titular el vídeo
","como titular vídeo
"
@user en todos nuestros centros comerciales,1,"@usuario en todos nuestros centros comerciales
",@user centros comerciales,"@usuario centros comerciales
","@user en todos nuestros centros comerciales
","@user centros comerciales
"
@user ostia... jugaba a uno de los primeros en la SNES en japonés!! Y lo jodido es que lo acabé  Me encantaban estos juegos!,2,@user ostia... jugaba a uno de los primeros en la snes en japonés!! Y lo jodido es que lo acabé  Me encantaban estos juegos!,@user jugaba uno primeros SNES japonés. Lo jodido que lo acabé. Me encantaban juegos.,@user jugaba uno primeros snes japonés. Lo jodido que lo acabé. Me encantaban juegos.,"@user ostia... jugaba a uno de los primeros en la snes en japonés!! Y lo jodido es que lo acabé  Me encantaban estos juegos!
","@user jugaba uno primeros SNES japonés. Lo jodido que lo acabé. Me encantaban juegos.
"
Quería salir a grabar una cosa al amanecer pero mis amigos me han dejado to tirado y no quieren,0,quería salir a grabar una cosa al amanecer pero mis amigos me han dejado tirado y no quieren,"Salir grabar cosa amanecer amigos tirado no quieren.
","quería salir grabar cosa amanecer amigos dejaron tirado no quieren
","Quería salir a grabar una cosa al amanecer pero mis amigos me han dejado to tirado y no quieren
","Salir grabar cosa amanecer amigos tirado no quieren.
"
Dateame: albañil bueno bonito y barato please. Pintor de fachada y carpintero. Se agradece!,1,Dateame: albañil bueno bonito y barato por favor. Pintor de fachada y carpintero. Se agradece!,Dateame albañil bonito barato. Pintor fachada carpintero. Agradece.,"Dateame albañil bonito barato por favor Pintor fachada carpintero Agradece
","Dateame: albañil bueno bonito y barato please. Pintor de fachada y carpintero. Se agradece!
","Dateame albañil bonito barato. Pintor fachada carpintero. Agradece.
"
"@user mi otro queso favorito #UberEmpanadas (?) jaja, provecho guapa",2,"@user mi otro queso favorito #UberEmpanadas (?) jaja, provecho guapa
",mi queso favorito UberEmpanadas jaja provecho guapa,mi queso favorito UberEmpanadas jaja provecho,"@user mi otro queso favorito #UberEmpanadas (?) jaja, provecho guapa
","mi queso favorito UberEmpanadas jaja provecho guapa
"
@user @user @user @user @user n escarmentams a ver si van a ser mismas encueshshtasshs eh @user,0,@user @user @user @user @user n escarmentams a ver si van a ser mismas encueshshtasshs eh @user,"@user @user @user @user @user  escarmentams a ver si van mismas encueshshtasshs @user
","@user @user @user @user @user  escarmentams a ver si van mismas encueshshtasshs @user
",@user @user @user @user @user n escarmentams a ver si van a ser mismas encueshshtasshs eh @user,"@user @user @user @user @user escarmentams a ver si van mismas encueshshtasshs @user
"
@user @user @user @user mañana 2° recordatorio subliminal #OigoFanatica,1,@usuario @usuario @usuario @usuario mañana segundo recordatorio subliminal #OigoFanatica,mañana recordatorio subliminal,"mañana recordatorio subliminal 
","@user @user @user @user mañana 2° recordatorio subliminal #OigoFanatica
","mañana recordatorio subliminal
"
@user Igual vos. Lindo día y un fuerte abrazo,2,"igual vos, lindo día y un fuerte abrazo
",user día fuerte abrazo,"lindo día abrazo
","@user igual vos. lindo día y un fuerte abrazo
","usér dié forté abráz
"
@user seguro las productoras estaban centradas en traer los de siempre,0,@user seguro las productoras estaban centradas en traer los de siempre,seguro productoras centradas traer de siempre,seguro productoras centradas traer siempre,"@user seguro las productoras estaban centradas en traer los de siempre
","seguro productoras centradas traer de siempre
"
Mañana es año nuevo y yo sin planes,1,Mañana es año nuevo y yo sin planes,Año nuevo planes.,"Año nuevo planes.
","Mañana es año nuevo y yo sin planes
","Año nuevo planes.
"
"@user gracias, compa. Es algo que no he olvidado jamás. Es calidad humana.  Besos y mucho ánimo!",2,"gracias, compa. es algo que no he olvidado jamás. es calidad humana. besos y mucho ánimo","gracias compa olvidado jamás calidad humana Besos ánimo
",gracias compa calidad humana besos ánimo,"@user gracias, compa. es algo que no he olvidado jamás. es calidad humana. besos y mucho ánimo!
","gracias compa olvidado jamás calidad humana besos ánimo
"
@user Weee estoy hasta el perno en la U solo me queda salvar lo que pueda también te extraño pishe palo,0,@user Weee estoy hasta el perno en la U solo me queda salvar lo que pueda también te extraño pishe palo,"U solo queda salvar pueda también extraño palo.
","U solo queda salvar lo que pueda también te extraño palo.
","@user Weee estoy hasta el perno en la U solo me queda salvar lo que pueda también te extraño pishe palo
","U solo queda salvar pueda también extraño palo.
"
"@user yeah! yo lo intente but se veia todo oscuro, luego me dasanimé je...pero estaría bien que todo el fandom lo haga",1,"@user sí! yo lo intenté pero se veía todo oscuro, luego me animé je... pero estaría bien que todo el fandom lo haga.
","@user sí lo intente pero veía todo oscuro, luego me animé je...pero estaría bien que todo el fandom lo haga",user intenté oscuro animé fandom haga,"@user yeah! yo lo intente but se veia todo oscuro, luego me dasanimé je...pero estaría bien que todo el fandom lo haga
","@user sí lo intente pero veía todo oscuro, luego me anime je...pero estaría bien que todo el fandom lo haga"
"Buen amigo eres @user, gracias por compartir tu pregunta en ese Ask 2.0",2,"Buen amigo eres, gracias por compartir tu pregunta en ese Ask 2.0.
",amigo gracias compartir pregunta Ask usuario,amigo gracias compartir pregunta Ask,"Buen amigo eres @user, gracias por compartir tu pregunta en ese Ask 2.0
","amigo gracias compartir pregunta ask usuario
"
@user cierto es que el Maruchi está al lado de una peña del Barça y no íbamos a quedar bien,0,cierto es que el Maruchi está al lado de una peña del Barça y no íbamos a quedar bien,certo Maruchi peña Barça quedar,cierto Maruchi peña Barça quedar,@user cierto es que el Maruchi está al lado de una peña del Barça y no íbamos a quedar bien,"certo Maruchi peña Barça quedar
"
"@user Argi es mucha Argi  pasa como digo siempre, demasiado buena para ganar.",1,"@user Argi es mucha Argi pasa como digo siempre, demasiado buena para ganar.
","Argi buena ganar.
","Argi buena ganar.
","@user argi es mucha argi pasa como digo siempre, demasiado buena para ganar.
","argui buena ganar.
"
@user @user me super encanta el estudio esta perfecto!!!,2,@user @user me super encanta estudiar esta perfecto,"estudio perfecto
","estudiar perfecto
","@user @user me super encanta estudi perfect
","estudió perf
"
Yo a las 5 a No puedo dormir *se pone a ver Peppa Pig*esto es peor,0,"Yo a las 5 a No puedo dormir puesto a ver Peppa Pig, esto es peor.
","puedo dormir Peppa Pig peor
","puedo dormir ver Peppa Pig peor
","Yo a las 5 a No puedo dormir *se pone a ver Peppa Pig*esto es peor
","puedo dormir Peppa Pig peor
"
@user pero es verdah pe!,1,"@user pero esverdad pe!
","@user pero verdah pe
","pero verdad pe
","@user pero es verdah pe!
","@user pero verdah pe
"
Queremos mas temporadas de Scream!! @user Sabeis si va a haber una tercera o la abandonan ya,2,Queremos más temporadas de Scream!! Sabemos si va a haber una tercera o la abandonan ya.,Queremos temporadas Scream!! user Sabeis tercera abandonan ya.,Queremos temporadas Scream!! Sabemos si habrá tercera o abandonan ya.,"Queremos mas temporadas de Scream!! @user Sabeis si va a haber una tercera o la abandonan ya
","Queremos temporadas Scream!! user Sabeis tercera abandonan ya.
"
"Como cuando te sientes fea, gorda y sin plata",0,"Como cuando te sientes fea, gorda y sin plata", sientes fea gorda plata,"Cuando sientes fea, gorda, sin plata.
","Como cuando te sientes fea, gorda y sin plata
"," sientes fea gorda plata
"
"Dios aprieta pero no ahorca, creo que es muy cierto",1,"Dios aprieta pero no ahorca, creo que es muy cierto","Dios aprieta no ahorca creo cierto
","Dios aprieta no ahorca creo cierto.
","Dios aprieta pero no ahorca, creo que es muy cierto","Dios aprieta no ahorca creo cierto
"
@user Espero que la hayas pasado lindo,2,@user Espero que la hayas pasado lindo,"Espero hayas pasado lindo
","Espero hayas pasado lindo
","@user Espero que la hayas pasado lindo
","Espero hayas pasad lind
"
@user pfff esque he llegado al 7 y se me ha hecho pesadisimo xd no me gusta,0,@user pfff que he llegado al siete y se me ha hecho pesado xd no me gusta,user pfff llegado siete pesadisimo xd no me gusta,user pfff he llegado siete se me pesado no me gusta,"@user pfff esque he llegad 7 y se me ha hech pesadisim xd no me gusta
","user pfff llegado siete pesadisimo xd no me gusta
"
@user aquel señor amigo suyo hizo un numerito hoy de esos que le encanta hacer. Otro día en que la ginebra empezó a fluir temprano!,1,"@user aquel señor amigo suyo hizo un numerito hoy de esos que le encanta hacer. Otro día en que la ginebra empezó a fluir temprano.
",señor amigo hizo numerito esos le encanta día ginebra empezó fluir,señor amigo hizo numerito temprano,"@user aquel señor amigo suyo hizo un numerito hoy de esos que le encanta hacer. Otro día en que la ginebra empezó a fluir temprano!
","señor amigo hizo numerito esos le encanta día ginebra empezó fluir
"
@user Está hermosa esa niña. ¿Quién no se anima a planchar así? Saludos,2,está hermosa esa niña. ¿quién no se anima a planchar así? saludos, niña. ¿ quién se anima planchar así? Saludos,hermosa niña quién no se anima planchar saludos,@user está hermosa esa niña. ¿Quién no se anima a planchar así? saludos,"niña. ¿ quién se anima planchar así? saludos
"
@user la mitología de por sí es maravillosa 😍 pero es tan cara la colección  y son 60 tomos 😫,0,@user la mitología de por sí es maravillosa 😍 pero es tan cara la colección y son sesenta tomos 😫,@user mitología cara colección tomos,"@user mitología cara colección sesenta tomos
","@user la mitología de por sí es maravillosa 😍 pero es tan cara la colección y son 60 tomos 😫
","@user mitología cara colección tomos
"
"Al final el vídeo lo subo mañana, que acabo de llegar a casa.",1,"Al final el vídeo lo subo mañana, que acabo de llegar a casa.
",final vídeo subo mañana acabo llegar casa,"video subo mañana llegar casa
","Al final el vídeo lo subo mañana, que acabo de llegar a casa.
","final vídeo subo mañana acabo llegar casa
"
"A la gente buena, le pasan cosas buenas ... al resto a veces también nos pasan cosas buenas",2,"a la gente buena, les pasan cosas buenas... al resto a veces también nos pasan cosas buenas",gente cosas resto cosas,"gente buena, pasan cosas buenas resto a veces también pasan cosas buenas","A la gente buena, le pasan cosas buenas... al resto a veces también nos pasan cosas buenas
","gente cosas resto cosas
"
El jarabe para la tos hace que mi jugo de naranja sepa feo. ️ Ese jugo es lo mejor de mi vida.,0,"El jarabe para la tos hace que mi jugo de naranja sepa feo. Ese jugo es lo mejor de mi vida.
",Jarabe tos jugo naranja sepa feo. Ese jugo mejor vida.,jarabe tos jugo naranja sepa feo jugo vida,"El jarabe para la tos hace que mi jugo de naranja sepa feo. ️ Ese jugo es lo mejor de mi vida.
","jarabe tos jugo naranja sepa feo. ese jugo mejor vida.
"
@user y según tu ojo crítico  debe abrir toda la ciudad o solo zona puerto-anaga-plaza España?,1,@usuario y según tu ojo crítico debe abrir toda la ciudad o solo zona puerto-anaga-plaza españa?,user ciudad abrir zona puerto-anaga-plaza España,usuario ojo crítico abrir ciudad zona puerto-anaga-plaza españa,"@user y según tu ojo crítico  debe abrir toda la ciudad o solo zona puerto-anaga-plaza España?
","user ciudad abrir zona puerto-anaga-plaza España
"
@user Léete el cómic. Está bien y acaba rápido,2,léete el cómic. está bien y acaba rápido,Léete cómic acaba rápido.,lé comic bien acaba rápido,@user léete el cómíc. está bien y acaba rápid,"Léete cómics acab rápida.
"
"Casi el 80% de los pobladores estamos mal ubicados, en un terremoto estiman 50 mil muertos en Lima",0,"Casi el 80% de los pobladores estamos mal ubicados, en un terremoto estiman 50 mil muertos en Lima.
","Casi 80% pobladores mal ubicados terremoto estiman 50 mil muertos Lima.
",Casi 80% pobladores mal ubicados terremoto estiman 50 mil muertos Lima.,"Casi el 80% de los pobladores estamos mal ubicados, en un terremoto estiman 50 mil muertos en Lima","Casi 80% poblador mal ubicad terremoto estimar 50 mil mortu Lima.
"
Viendo con mi gordiflaqui LOCA POR LAS COMPRAS y el diciendo se parece un poco a ti o tu a ella jjajajajaja yo no compro tanto,1,Viendo con mi gorda por las compras y el diciendo se parece un poco a ti o tu a ella jjajajajaja yo no compro tanto,Viendo mi LOCA LAS COMPRAS se parece un poco a o tu a ella jjajajajaja no compro tanto.,Viendo gorda compras diciendo parece poco ti ella no compro tanto,Viendo con mi gordiflaqui loca por las compras y el diciendo se parece un poco a ti o tu a ella jjajajajaja yo no compro tanto,"viendo mi loca las compras se parece un poco a o tu a ella jjajajajaja no compro tanto
"
Tengo ganas ya de días de lluvia para poder tirarme una tarde de domingo entera con mi gordi en el sofá,2,Tengo ganas ya de días de lluvia para poder tirarme una tarde de domingo entera con mi gorda en el sofá,"Tengo días lluvia poder tirarme tarde domingo entera gordi sofá.
","Tengo días lluvia poder tirarme tarde domingo entera gorda sofá.
","Tengo ganas ya de días de lluvia para poder tirarme una tarde de domingo entera con mi gordi en el sofá
","Tengo días lluvia poder tirarme tarde domingo entera gordi sofá.
"
La vida no es bella,0,La vida no es bella,"Vida bella
","Vida bella
","La vida no es bella
","Vida bella
"
"Un País tan afectado como Haití, necesita del mundo entero.",1,"Un país tan afectado como Haití, necesita del mundo entero.",País afectado mundo.,País afectado mundo entero.,"Un País tan afectado como Haití, necesita del mundo entero.
",País afectado mundo
"@user es lo que tiene Amazon  a uno que conozco le llega el Lunes, siéntete afortunada",2,"@user es lo que tiene Amazon a uno que conozco le llega el lunes, siéntete afortunada.
",Amazon a uno conozco Lunes afortunada,"Amazon a uno conoce afortunada
","@user es lo que tiene Amazon a uno que conozco le llega el Lunes, siéntete afortunada
","Amazon a uno conozco Lunes afortunada
"
No hay mayores problemas dice vocero Lewin Mejía sobre amago de incendio... es un centro comercial no una bodega @user @user,0,No hay mayores problemas dice vocero Lewin Mejía sobre amago de incendio… es un centro comercial no una bodega @user @user,"dice vocero Lewin Mejía incendio centro comercial bodega user user
",dice vocero Lewin Mejía incendio centro comercial bodega user user,"No hay mayores problemas dice vocero Lewin Mejía sobre amago incendio... es centro comercial no bodega @user @user
","dice vocero lewin mejia incendio centro comercial bodega user user
"
"@user esta tarde a las 20:30, no obstante, tenemos programa especial retransmitiendo el #LaPS4Meeting @user y yo",1,"@usuario esta tarde a las veinte y treinta, no obstante, tenemos programa especial retransmitiendo el #LaPS4Meeting @usuario y yo.
",@user tarde 20:30 programa especial retransmitiendo LaPS4Meeting @user yo,usuario tarde veinte treinta no obstante programa especial retransmitiendo LaPS4Meeting usuario yo,"@user esta tarde a las 20:30, no obstante, tenemos program especial retransmitiendo el #LaPS4Meeting @user y yo
","@user tarde 20:30 program especial retransmitiendo LaPS4Meeting @user yo
"
"Acabo de jugar en manual a PES 2017 y dios, como cambia el juego, jugando en leyenda, en 0 de velocidad, IMPRESIONANTE #PES2017",2,"Acabo de jugar en manual a PES 2017 y dios, como cambia el juego, jugando en leyenda, en 0 de velocidad, impresionante #PES2017",jugar manual PES 2017 dios cambia juego jugando leyenda velocidad IMPRESIONANTE,jugar manual PES 2017 dios cambia juego jugando leyenda velocidad 0 impresionante,"Acabo jugar manual PES dios cambia juego, jugando leyenda, 0 velocidad, IMPRESIONANTE #PES2017
","jugar manual pes 2017 dios cambia juego jugando leyenda velocidad impresionante
"
"@user Melanie era la mejor, encima la echaron el dia de su cumple  SINVERGUENZAS",0,"@user Melanie era la mejor, encima la echaron el día de su cumple SINVERGUENZAS",Melanie mejor echaron día cumple SINVERGUENZAS,Melanie mejor echaron día cumple sinvergüenzas,"@user melanie era la mejor, encima la echaron el dia de su cumple SINVERGUENZAS
","Melanie mejor echaron día cumple SINVERGUENZAS
"
@user no sabía que la remasterizada se parecía a la primera temporada de Falcon Crest,1,@usuario no sabía que la remasterización se parecía a la primera temporada de Falcon Crest,"sabía remasterizada parecía primera temporada Falcon Crest
",usuario sabía remasterización parecía primera temporada Falcon Crest,"@user no sabía que la remasterizada se parecía a la primera temporada de Falcon Crest
","sabía remasterizada parecía primera temporada Falcon Crest
"
Todo es mejor de lo que parece cuando recordamos que Dios está de nuestro lado.,2,"Todo es mejor de lo que parece cuando recordamos que Dios está de nuestro lado.
","Todo recordamos Dios nuestro lado.
","Todo mejor parece Dios nuestro.
","Todo es mejor de lo que parece cuando recordamos que Dios está de nuestro lado.
","Todo recordamos Dios nuestro lado.
"
@user Bajón + Ed Sheeran llorera asegurada. Me pasa,0,bajón + ed sheeran llorera asegurada. me pasa,"Bajón Ed Sheeran llorera Me pasa
","bajón
Sheeran
llorera
asegurada
Me pasa
","@user bajón + ed sheeran llorera asegurada. me pasa
","Bajón Ed Sheeran llorera Me pasa
"
"@user @user @user @user Está de camino, friéndose bajo el sol sevillano",1,"@user @user @user @user está de camino, se friéndose bajo el sol sevillano",camino sol sevillano,"de camino, friéndose sol sevillano
","@user @user @user @user está de camino, friéndose bajo el sol sevillano
","camino sol sevillano
"
"@user me quedo tranquilo entonces, pero iré mirando la opción del coche",2,"@usuario me quedo tranquilo entonces, pero iré mirando la opción del coche.",usuario tranquilo entonces iré mirando opción coche,"usuario tranquilo opción coche
","@user me quedo tranquilo entonces, pero iré mirando la opción del coche","usuario tranquilo entonces iré mirando opción coche
"
"No estoy aburrida  -Estás aburrida No  -Si,  reconocelo Vale estoy aburrida de verte ver la tele  -.. Por que haces esto?  Por que me abu+",0,"No estoy aburrida -Estás aburrida No -Si, reconócelo Vale estoy aburrida de verte ver la tele -.. Por que haces esto? Por que me aburro.
","estoy aburrida
Estás aburrida
No
Si
reconocelo
estoy aburrida de verte ver la tele
Por que haces esto
Por que me abu","estoy aburrida Estás aburrida No Si reconócelo Vale estoy aburrida verte ver tele Por que haces esto Por que me aburro.
","No estoy aburrida -Estás aburrida No -Si, reconocelo Vale estoy aburrida de verte ver la tele -.. Por que haces esto? Por que me abur.
","estoy aburrida
estás aburrida
no
si
reconocelo
estoy aburrida de verte ver la tele
por que haces esto
por que me abu"
@user khaaaa? Ese concierto ha sido más publicitado que la campaña de Keiko... pero... pobreza,1,@user khaaaa? ese concierto ha sido más publicitado que la campaña de keiko... pero... pobreza,"user concierto pobreza
","user concierto pobreza
","@user khaaaa? Ese concierto ha sido más publicitado que la campaña de Keiko... pero... pobreza
","usuario concierto pobreza
"
"@user triana , Me gustaria saber deti ,  Contacta conmigo cuando puedas!",2,"@user triana, me gustaría saber de ti, contacta conmigo cuando puedas.","triana, gustaria saber, Contacta conmigo cuando puedas","triana, gustaría saber ti, contacta conmigo cuando puedas.
","@user triana, Me gustaria saber deti, Contacta conmigo cuando puedas!
","triana, gustaria saber, contacta conmigo cuando puedas
"
Me siento tan estúpido de haber abierto una herida ya cicatrizada a alguien que aún me sigue importando.... lo siento,0,"Me siento tan estúpido de haber abierto una herida ya cicatrizada a alguien que aún me sigue importando.... lo siento.
","Siento estúpido herida cicatrizada alguien sigue importando. Siento.
","siento estúpido herida cicatrizada alguien sigue importando siento.
","Me siento tan estúpido de haber abierto una herida ya cicatrizada a alguien que aún me sigue importando.... lo siento
","Siento estúpido herida cicatrizada alguien sigue importando. Siento.
"
@user esta la página petada desde hace días,1,@user esta la página pedida desde hace días,"usuario página petada días
","@user página pedida días
","@user esta pag petad desd dás
","usuario página petada días
"
"Bueno por dicha ya estoy en Zarcero, no estoy en la calle. haha",2,"bueno por dicha ya estoy en Zarcero, no estoy en la calle. haha","dicha Zarcero calle haha
","bueno dicha estoy Zarcero no estoy calle haha
","Bueno dicha ya estoy Zarcero, no calle. haha
","dicha zarcero calle haha
"
@user @user Mmmm yo tampoco te puedo decir nada  Supongo que lo lógico sería que lo tuvieran pero a saber,0,@user @user mmm yo tampoco te puedo decir nada supongo que lo lógico sería que lo tuvieran pero a saber,@user @user Mmmm tampoco te puedo decir nada Supongo lógico que lo tuvieran a saber,yo tampoco te puedo decir nada lógico sería que lo tuvieran saber,"@user @user mmmm yo tampoco te puedo decir nada  supongo que lo lógico sería que lo tuvieran pero a saber
","@user @user mmmm tampoco te puedo decir nada supongo lógico que lo tuvieran a saber
"
"@user Tejida en técnica de crochet (Sólo tejida con las manos - ""Mi dedo es un Crochet"") Tiempo Récord de ejecución: 3 horas..!!!",1,"tejida en técnica de crochet sólo tejida con las manos mi dedo es un crochet tiempo récord de ejecución 3 horas
","@user técnica crochet dedo Crochet Tiempo récord ejecución 3 horas
",tejida crochet manos dedo crochet tiempo récord ejecución horas,@user tejid tecn croche d manoj dedo croche,"@user técnica crochet dedo Crochet Tiempo récord ejecución 3 horas
"
"Bienvenido #Septiembre mes que marca como un nuevo comienzo de año, muchos objetivos por cumplir, con una gran sonrisa  #FelizJueves",2,"Bienvenido septiembre mes que marca como un nuevo comienzo de año, muchos objetivos por cumplir, con una gran sonrisa feliz jueves",Bienvenido Septiembre nuevo comienzo año objetivos gran sonrisa FelizJueves.,"Bienvenido septiembre año objetivos cumplir sonrisa feliz jueves.
","Bienvenid Sembre Septiembre mes que marca como un nuevo comec miento de año, muchos objetiv por cumplir, con una gran sonris Felijueves
","Bienvenid Septiembre nuev comienz año objetiv gran sonris Felijuev.
"
"Despues de todo sigues pendiente de mi y lo sabes, pero autoengañarse is moreee easyy",0,"Después de todo, sigues pendiente de mí y lo sabes, pero autoengañarse es más fácil.
",Después de todo sigues pendiente de mí lo sabes autoengañarse fácil,"todo sigues pendiente mí sabes autoengañarse fácil.
","Después de todo sigues pendientde mi y lo sabes, pero autoengañarse is moreee easyy
",Después de todo sigues pendient de mí lo sabes autoenga fácil
@user pues al igual q vosotros el follar,1,pues al igual que vosotros el follar,"user follar
","follar
","@user pues al igual q vosotros el follar
","user follar
"
"@user Yo, con lo bueno que soy...",2,"yo, con lo bueno que soy
","@user bueno soy
","con bueno soy
","@user yo, con lo bueno que soy...
","@user bueno soy
"
@user No terminamos el año vivos,0,@usuario No terminamos el año vivos,"user terminamos año vivos
","usuario terminamos año vivos
",@user No terminamos el año vivos,"user terminamos año vivos
"
@user por lo menos hoy he mirado dos albergues   mañana pago,1,@user por lo menos hoy he mirado dos albergues mañana pago,@user albergues mañana pago,user albergues mañana pago,"@user por lo menos hoy he mirado dos albergues mañana pago
","@user albergues mañana pago
"
@user y lo bueno que no engordo,2,@usuario y lo bueno que no engorde,@user lo bueno no engordo,"usuario bueno no engorde
","@user y lo bueno que no engordo
","@user lo bueno no engord
"
@user Perdóneme pero estuve hace un mes y lo encontré todo poco excitante. Cocina rutinaria para el oficinismo de medio día.,0,perdóneme pero estuve hace un mes y lo encontré todo poco excitante. cocina rutinaria para el oficinismo de medio día.,"@user Perdón pero estuve mes encontré todo poco excitante. Cocina rutinaria oficinismo medio día.
","perdóneme estuve mes lo encontré todo poco excitante cocina rutinaria oficinismo medio día
","@user Perdóneme pero estuve hace un mes y lo encontré todo poco excitante. Cocina rutinaria para el oficinismo de medio día.
","@user perdón pero mese encontré todo poco excitante. cocina rutinaria oficinismo medio día.
"
Es obvio que me has pillado,1,Es obvio que me has pillado,Obvio me has pillado.,obvio me has pillado,"Es obvio que me has pillado
","Obvio me has pillado.
"
@user @user @user @user @user poh como yo  lo divertida que podría ser esa retransmisión!,2,@user @user @user @user @user poh como yo lo divertida que podría ser esa retransmisión,poh como divertida retransmisión,"poh como divertida retransmisión
","@user @user @user @user @user poh como yo lo divertida que podría ser esa retransmisión!
",poh como divertida retransmisión
Hola estoy que reviento por haberme comido un box de kebab ayudadme a morir gracias,0,Hola estoy que reviento por haberme comido un box de kebab ayudadme a morir gracias,"Hola estoy reviento haberme comido box kebab ayudadme morir gracias
","Hola estoy reviento haberme comido box kebab ayudadme morir gracias
","hol estoy que revient por haberme comid un box de keb ayudadm a morir gracias
","hola estoy reviento haberme comido box kebab ayudadme morir gracias
"
@user jajajajajajaj la desesperación pues loca,1,"@user jajajajajajaj la desesperación pues loca
","desesperación loca
","@user desesperación loca
",@user jajajajajajaj desespyr loc,"desesperación loca
"
"Lo bueno de mi plan es que tienen Internet ilimitado en 3G y 4G, es ilimitado desde que lo contrate hace 5 años",2,"Lo bueno de mi plan es que tienen Internet ilimitado en 3G y 4G, ilimitado desde que lo contrate hace 5 años.
","Bueno plan Internet ilimitado 3G 4G ilimitado contrate años.
",bueno plan Internet ilimitado 3G 4G contrate años,"Lo bueno de mi plan es que tienen Internet ilimitado en 3G y 4G, es ilimitado desde que lo contrate hace 5 años.
","buen plan internet ilimitado 3g 4g ilimitado contrate años.
"
Me aso  santander estaba mejor,0,me aso santander estaba mejor,"aso santander mejor
","aso santander mejor
","Me aso santander estaba mejor
","aso santander mejor
"
@user el viaje de ida fue largo y el bus incomodón. La vuelta en la Peri estuvo muy bien. Y con internet gratis por 20 minutos!,1,@user el viaje de ida fue largo y el bus incomodón. La vuelta en la Peri estuvo muy bien. Y con internet gratis por 20 minutos,@user viaje ida largo bus incomodón vuelta Peri estuvo bien internet gratis minutos,"Viaje ida largo bus incomodón. Vuelta Peri bien. Internet gratis 20 minutos.
",@user el viaje de ida fue largo y el bus incomodón. La vuelta en la Peri estuvo muy bien. Y con internet gratis por 20 minutos!,"@user viaje ida largo bus incomodón vuelta peri bien internet gratis minutos
"
Ser productora radiofónica es lo mejor de la vida,2,Ser productora radiofónica es lo mejor de la vida,"productora radiofónica mejor vida
","productora radiofónica mejor vida
","Ser productora radiofónica es lo mejor de la vida
","productora radiofónica mejor vida
"
No salí el fin de semana porque hoy tenía examen y salgo del examen y nadie quiere ir por una torta chilena,0,"No salí el fin de semana porque hoy tenía examen y salgo del examen y nadie quiere ir por una torta chilena.
",salí examen nadie quiere ir torta chilena,salí examen salgo examen nadie quiere ir torta chilena,"No salí el fin semana porque hoy tenía examen y salgo del examen y nadie quiere ir por una torta chilena
","salí examén nadie quiere ir torta chilena
"
Me he puesto a llorar en plena oficina porque no podía abrir mi bolsa de m&m's y no quería pedir ayuda para no tener que invitar,1,Me he puesto a llorar en plena oficina porque no podía abrir mi bolsa de m&m’s y no quería pedir ayuda para no tener que invitar.,"Me puesto llorar oficina no podía abrir bolsa m&m no quería pedir ayuda no tener invitar.
","Me llorar oficina no podía abrir bolsa m&m no quería pedir ayuda no tener invitar.
","Me he puesto a llorar en plena oficina porque no podía abrir mi bolsa de m&m's y no quería pedir ayuda para no tener que invitar
","Me puesto llorar oficina no podía abrir bolsa m&m no quería pedir ayuda no tener invitar.
"
".@user en los #FF a ... por ser la persona más amable y cariñosa. Quiero achucharte  #TuitUtil... ponéis ""amable"" 2 veces",2,"en los #FF a... por ser la persona más amable y cariñosa. quiero achucharte #TuitUtil... ponéis ""amable"" 2 veces",user FF persona amable cariñosa. Quiero achucharte TuitUtil ponéis amable dos veces.,los persona amable cariñosa quiero achucharte TuitUtil ponéis amable,".@user en los #ff a... por ser la persona más amable y cariñosa. Quiero achucharte #tuitutil... ponéis ""amable"" 2 veces","user persona amable cariños. quiero achuchar TuitUtil ponéis amable dos veces.
"
"Entró una venezolana a trabajar en la empresa donde laboro. Me apena la crisis en su país, está bien jodido todo allá.",0,"Entró una venezolana a trabajar en la empresa donde laboré. Me apena la crisis en su país, está bien jodido todo allá.
","Entró venezolana trabajar empresa donde laboro. Me apena crisis país, está jodido todo allá.
","Entró venezolana trabajar empresa donde laboré. Me apena crisis país está jodido todo allá.
","Entró una venezolana a trabajar en la empresa donde laboró. Me apena la crisis en su país, está bien jodido todo allá.
","Entró venezolana trabajar empresa donde laboro. Me apena crisis país, está jodido todo allá.
"
"@user tolerancia pilu, tolerancia siempre nadie es mejor o peor por la musica que escucha shaky shaky shaky shaky shaky",1,"@user tolerancia pilu, tolerancia siempre nadie es mejor o peor por la musica que escucha shaky shaky shaky shaky shaky","@user tolerancia pilu, tolerancia siempre nadie mejor peor musica escucha shaky shaky shaky shaky shaky
",@user tolerancia pilu tolerancia siempre nadie mejor peor musica escucha shaky shaky shaky shaky shaky,"@user tolerancia pilu, tolerancia siempre nadie es mejor o peor por la musica que escucha shaky shaky shaky shaky shaky","@user tolerancia pilu, tolerancia siempre nadie mejor peor musica escucha shaky shaky shaky shaky shaky
"
@user la líder de las Gerudo? Podría ser aunque en bonito,2,@user la líder de las gerudo? podría ser aunque en bonito,"líder Gerudo bonito
","líder gerudo bonito
","@user la lider de las Gerudo? Podria aunque en bonito
","líder Gerudo bonito
"
@user lcp te da solo una galleta rellenita de 30 céntimos y un vasito de cifrut,0,@usuario lcp da solo una galleta rellenita de 30 céntimos y un vasito de cifrut,lcp galleta rellenita céntimos cifrut,"usuario lcp galleta cifrut
",@user lcp te da solo una galleta rellenita de 30 céntimos y un vasito de cifrut,"lcp galleta rellenita céntimos cifrut
"
Algún alma caritativa me tiene que prestar el Pokemon,1,Algún alma caritativa me tiene que prestar el Pokémon,me prestar Pokemon,"Pokémon prestar.
",Algún alma caritativa me tiene que prestar el Pokemon,me prestar Pokémon
Sigamos siendo felices felices felices,2,Sigamos ser felices felices felices,"Sigamos ser felices.
",Sigamos ser felices.,"Sigamos siendo felices felices felices
","Sigamos ser felices.
"
@user @user Cuidado con lo que deseas  ¿No te acuerdas de lo pesados que fuimos cuando sacamos la primera parte?,0,@user @user Cuidado con lo que deseas ¿No te acuerdas de lo pesados que fuimos cuando sacamos la primera parte?,Cuidado deseas te acuerdas pesados sacamos primera parte.,Cuidado deseas te acuerdas pesados sacamos parte.,@user @user cuidado con lo que deseas ¿no te acuerdas de lo pesados que fuimos cuando sacamos la primera parte?,"cuidad deseas te acuerdas pesad sacam prim parta
"
Echo de menos las barras libres del Tángara.. aunque después tuviera las resacas del siglo,1,"Echo de menos las barras libres del Tángara, aunque después tuviera las resacas del siglo.
","Barras libres Tángara resacas siglo.
","Barras libres Tángara resacas siglo.
","Echo de menos barras libres Tángara aunque después tuviera resacas siglo
","Barras libres Tángara resacas siglo.
"
Pocas maneras mejores se me ocurren para empezar una semana...  http,2,"Pocas maneras mejores se me ocurren para empezar una semana... http
","Pocas maneras mejores empezar semana http
","Pocas maneras mejores empezar semana
","Pocas maneras mejores se me ocurren para empezar una semana... http
","Pocas maneras mejores empezar semana http
"
@user se que no me vas a leer pero si pudieras decirme a que hora coges el ave a mañana me harias muy feliz. No he podido verte hoy,0,sé que no me vas a leer pero si pudieras decirme a qué hora coges el ave a mañana me harías muy feliz. no he podido verte hoy,@user  puedieras decirme hora coges ave mañana harias feliz.  No he podido verte hoy.,sé pudieras decirme hora coges ave mañana harías feliz no he podido verte hoy,@user se que no me vas a leer pero si pudieras decirme a que hora coges el ave a mañana me harias muy feliz. No he podido verte hoy,"@user puedes decir hora coges ave mañana harias feliz. No he podido verte hoy.
"
@user jajaja ya sabes que las canciones hablan mucho de cosas ficticias,1,@user jajaja ya sabes que las canciones hablan mucho de cosas ficticias,usuario jajaja sabes canciones hablan cosas ficticias,usuario risas ya sabes canciones hablan cosas ficticias,"@user jajaja ya sabes que las canciones hablan mucho de cosas ficticias
","usuario jajaja sabes canciones hablan cosas ficticias
"
#postrecito para endulzarme un poquito,2,"#postrecito para endulzarme un poquito
",postrecito endulzarme poquito,postrecito endulzarme poquito,"#postrecito para endulzarme un poquito
","postrecito endulzarme poquito
"
"@user Pues yo no me crei esa expulsion, me parecio otro tongo como la de Ares, los dos mayores robados de aquella temporada",0,"pues yo no me creí esa expulsión, me pareció otro tongo como la de Ares, los dos mayores robados de aquella temporada",user expulsion creí parecio tongo Ares mayores robados temporada,"yo no creí expulsión, pareció tongo como la de Ares, dos mayores robados aquella temporada.
","@user pues yo no me crei esa expulsi, me pareci otro tongo como la de Ares, los dos mayores robad de aquella temporad","usuario expulsión creí pareció tongo Ares mayores robados temporada
"
"@user ya ahí si no sabría decirte generalmente siempre hace sol temprano, se llega a poner nublado es como luego de las 3pm.",1,"@usuario ya ahí si no sabría decirte generalmente siempre hace sol temprano, se llega a poner nublado es como luego de las 3pm.",@user ahí si sabría decirte generalmente temprano se llega nublado 3pm.,"@usuario ahí si sabría decirte generalmente siempre hace sol temprano se llega nublado luego 3pm.
","@user ya ahí si no sabría decirte generalmente siempre hace sol temprano, se llega a poner nublado es como luego de las 3pm.
","@user ahí si sabría decirte generalmente temprano se llega nublado 3pm.
"
"@user sin animo de ofender a las focas, que son lo mas mejor de este mundo",2,"@user sin ánimo de ofender a las focas, que son lo más mejor de este mundo","user animo ofender focas mundo
","user ánimo ofender focas lo mejor mundo
","@user sin animo de ofender a las focas, que son lo mas mejor de este mundo
","user animo ofender focas mundo
"
Me siento estafada con la hamburguesa pensé que era de pollo pero de pollo con pavo 🦃 #nomegusta,0,Me siento estafada con la hamburguesa pensé que era de pollo pero de pollo con pavo,sentimiento estafada hamburguesa pensé pollo pavo 🦃 #nomegusta,estafada hamburguesa pensé pollo pavo,"Me siento estafada con la hamburguesa pensé que era de pollo pero de pollo con pavo 🦃 #nomegusta
","sentimiento estafa hamburguesa pens pensé pol pavo 🦃 #nomegusta
"
"@user @user Alguien sabrá, alguien en ese extraño lugar que es el futuro. Esto es una empresa para la humanidad",1,"@user @user alguien sabrá, alguien en ese extraño lugar que es el futuro. esto es una empresa para la humanidad",@user @user Alguien sabrá extraño lugar futuro empresa humanidad.,"alguien sabrá extraño lugar empresa humanidad
","@user @user Alguien sabrá, alguien en ese extraño lugar que es el futuro. Esto es una empresa para la humanidad
","@user @user alguien sabrá extraño lugar futuro empresa humanidad
"
En comentarios: - Que linda. - Graciaaas. ¡¡Te extraño!! Tenemos que vernos de todas. Por FBC - ¡Hola! - *Visto a las...*,2,En comentarios: - Que linda. - Gracias. ¡¡Te extraño!! Tenemos que vernos de todas. Por FBC - ¡Hola! - *Visto a las...*,"Comentarios:
- Linda.
- Graciaaas.
¡¡Te extraño!!
Tenemos que vernos de todas.
Por FBC
- Hola!
*Visto a las...*
","Comentarios:
- Linda.
- Gracias.
¡¡Te extraño!!
Tenemos que vernos de todas.
Por FBC
- Hola!
*Visto a las...*
","En comentarios: - Que linda. - Graciaaas. ¡¡Te extraño!! Tenemos que vernos de todas. Por FBC - ¡Hola! - *Visto a las...*
","Comentarios:
- Linda.
- Graaas.
¡¡Te extraño!!
Tenemos que vernos de todas.
Por FBC
- Hola!
*Visto a las...*
"
@user LO vi !! lamentable realidad,0,"lo vi!! lamentable realidad
","LO vi realidad.
","vi lamentable realidad
","@user lo vi!! lamentable realidad
","LO vi realidad.
"
"@user ya pss quiero ver juego , aguita pa ti!!!",1,"@usuario ya quiero ver juego, aguita pa ti!!!
","user quiero ver juego aguita ti
",usuario juego aguita,"@user ya pss quiero ver juego, aguita pa ti","user quiero ver juego aguita ti
"
"@user gracias, guapa!! menuda promoción me haces!! eres un sol",2,"@user gracias, guapa!! menuda promoción me haces!! ser un sol",gracias guapa promoción haces sol,gracias guapa promoción haces sol,"@user gracias, guapa!! menuda promoción me haces!! eres un sol
","gracias guapa promoción haces sol
"
"@user y me dices cual es  Maldita gentuza envidiosa, que dejen de denunciar sin sentido ¬¬",0,"@usuario y me dices cuál es maldita gentuza envidiosa, que dejen de denunciar sin sentido ¬¬",user me dices cual gentuza envidiosa dejen denunciar sentido,"usuario gentuza envidiosa dejen denunciar sentido
","@user y me dices cual es gentuza envidiosa, que dejen de denunciar sin sentido ¬¬","user me dices cual gentuza envidiosa dejen denunciar sentido
"
@user Pero a veces también pongo cara de simpático,1,pero a veces también pongo cara simpático,"Pero a veces pongo cara simpático.
",pero a veces también pongo cara simpático,@user Pero a veces también pongo cara simpático,"Pero a veces pongo cara simpátic.
"
"@user @user ¡gracias por el saludo! Jonasito está calentando la voz para entonar el ""feliz cumpleaños"" a lo Wagner",2,"@user @user ¡gracias por el saludo! Jonasito está calentando la voz para entonar el ""feliz cumpleaños"" a lo Wagner",Jonasito calentando voz entonar feliz cumpleaños Wagner.,Jonasito calentando voz entonar feliz cumpleaños Wagner,"@user @user ¡gracias por el saludo! Jonasito está calentando la voz para entonar el ""feliz cumpleaños"" a lo Wagner","Jonasito calentando voz entonar feliz cumpleaños Wagner.
"
Que este año se verá el desánimo del  soberanismo ha dicho Arrimadas. Casi 400.000 inscritos + cientos de miles x libre.  Desánimo.,0,Que este año se verá el desánimo del soberanismo ha dicho Arrimadas. Casi 400.000 inscritos más cientos de miles por libre. Desánimo.,Este año desánimo soberanismo Arrimadas. Cerca 400000 inscritos cientos miles x libre. Desánimo.,"Este año desánimo ha dicho Arrimadas. Cientos miles libre. Desánimo.
","que este año se verá el desánimo del soberanismo ha dicho Arrimadas. casi 400000 inscritos + cientos de miles x libre. desánimo.
","Este año desánimo soberanismo Arrimadas. Cerca 400000 inscritos cientos miles x libre. Desánimo.
"
"@user @user Los de estos últimos 2 años son muy bonitos y no tyengo ninguno   Diego, podrías traerme algunos, ¿no?",1,"@user @user los de estos últimos 2 años son muy bonitos y no tengo ninguno diego, podrías traerme algunos, ¿no?",@user @user años bonitos ninguno Diego traerme algunos ¿,@user @user estos últimos dos años bonitos ninguno diego traerme algunos ¿,"@user @user los de estos últimos 2 años son muy bonitos y no tyengo ninguno Diego, podrías traerme algunos, ¿no?
","@user @user años bonitos ninguno Diego traerme algunos ¿
"
"@user En Castalla (Alicante) muy oportunamente, a primeros de mes celebran sus fiestas de Moros i Cristians i todos están de fiesta!",2,"@user En Castalla (Alicante) muy oportunamente, a primeros de mes celebran sus fiestas de Moros i Cristians i todos están de fiesta",@user Castalla Alicante fiestas Moros Cristians fiesta,@user Castalla Alicante fiestas Moros Cristians están fiesta,"@user En Castalla (Alicante) muy oportunamente, a primeros de mes celebran sus fiestas de Moros i Cristians i todos están de fiesta!
","@user Castalla Alicante fiestas Moros Cristians fiesta
"
"@user yo puedo cambiar de opinión, de cara es más difícil, porque vale una pasta.",0,"@user yo puedo cambiar de opinión, de cara es más difícil, porque vale una pasta.","yo puedo cambiar opinión cara difícil vale pasta
",yo puedo cambiar opinión cara difícil vale pasta,"@user yo puedo cambiar de opinión, de cara es más difícil, porque vale una pasta.
","yo puedo cambiar opinión cara difícil vale pasta
"
@user hola   ¿me podrían seguir para hacer una consulta por Mensaje Directo? Muchas gracias,1,"@user hola ¿me podrían seguir para hacer una consulta por mensaje directo? muchas gracias
",@user hola consulta Mensaje Directo Muchas gracias,"@user hola consulta mensaje directo muchas gracias
","@user hola   ¿me podrían seguir para hacer una consulta por Mensaje Directo? Muchas gracias
","@user hola consulta mensaje directo muchas gracias
"
Pero bueno es Año Nuevo y tengo que transmitir buena vibra ¡Feliz año!,2,"Pero bueno es año nuevo y tengo que transmitir buena vibra ¡feliz año!
","Pero bueno Año Nuevo tengo transmitir vibra Feliz año
","año nuevo vibra feliz año
","Pero bueno es Año Nuevo y tengo que transmitir buena vibra ¡Feliz año!
","Pero bueno año nuevo tengo transmitir vibra feliz año
"
@user pues si. Pero por lo menos podrían ser actores  puestos a hacer el paripe. Que sean profesionales,0,pues si. pero por lo menos podrían ser actores puestos a hacer el paripe. que sean profesionales,pues si actores paripe profesionales,pues si pero por lo menos podrían actores puestos hacer paripe que sean profesionales,@user pues si. pero por lo menos podrían ser actores puestos a hacer el paripe. que sean profesionales,"pues si actor paripe profesional
"
"!! Yo solía amarla,Yo sabía que la echaría de menos !! #GNR   Empezando El Dia Griss",1,"Yo solía amarla, yo sabía que la echaría de menos. Empezando el día griss.
","Solía amarla, sabía echaría de menos #GNR Empezando Dia Griss","solía amarla sabía echaría de menos Empezando día griss
","!! Yo solía amarla,Yo sabía que la echaría de menos!! #GNR   Empezando El Dia Griss
","Solía amar, sabía echaría de menos #GNR Empezando Dia Griss
"
"@user ¿eliminada? Nooo, no la han eliminado. Pasó a la semifinal el otro día",2,@user eliminada nooo no la han eliminado pasó a la semifinal el otro día,@user eliminada Nooo no han eliminada Pasó semifinal otro día,"eliminada semifinal otro día
","@user ¿eliminada? Nooo, no la han eliminado. Pasó a la semifinal el otro día.
","@user eliminada Nooo no han eliminada Pasó semifinal otro día
"
@user era más cantoso en returns la carga religiosa,0,@user fue más cantoso en returns la carga religiosa,"user cantoso returns carga religiosa
","user cantoso returns carga religiosa
","@user era más cantoso en returns la carga religiosa
","usuario cantoso retorna carga religiosa
"
Pasa la noche conmigo bonita y quédate mañana todo el día,1,Pasa la noche conmigo bonita y quédate mañana todo el día,Noche conmigo bonita quedate mañana día,"Noche conmigo bonita quedate mañana día.
","Pasa la noche conmigo bonita y quédate mañana todo el día
","noche conmigo bonita quedate mañana día
"
@user los trabajos de ese curso son bonitos. ¿Qué tiene q hacer?,2,@user los trabajos de ese curso son bonitos. ¿Qué tiene que hacer?,"trabajos curso bonitos ¿hacer
","trabajos curso bonitos ¿hacer
","@user los trab jos de ese curs son bonitos. ¿Qué tiene q hacer?
","trabajo curso bonito hacer
"
@user Yo he citado varias veces a Heidegger en tuíter y me meto contigo,0,yo he citado varias veces a Heidegger en tuíteres y me meto contigo,He citado varias veces Heidegger tuíter me meto contigo.,citado Heidegger tuíteres meto contigo,@user yo he citado varias veces a heidgger en tuiter y me meto contigo,"He citado varias veces Heidegger tuíter me meto contigo.
"
@user  sumo a los que tuviera yo a eso ^-^,1,sumo a los que tuviera yo a eso ^-^,"sumo a los que tuviera 
",sumo a los que tuviera yo,"@user  sumo a los que tuviera yo a eso ^-^
","sumo a los que tuviera
"
Vamos @user !  Un esfuerzo esta segunda parte  y a ver si con la victoria @user os deja un rato en la feria de Albacete,2,"Vamos @usuario! Un esfuerzo esta segunda parte y a ver si con la victoria @usuario os deja un rato en la feria de Albacete.
",Vamos user! esfuerzo segunda parte a ver victoria user os deja feria Albacete.,esfuerzo victoria feria,"Vamos @user! Un esfuerzo esta segunda parte y a ver si con la victoria @user os deja un rato en la feria de Albacete.
","vamos user esfuerzo segunda parte a ver victoria user os deja feria Albacete
"
@user no fui al último concierto pq nadie me quería acompañar,0,@usuario no fui al último concierto porque nadie me quería acompañar,"user concierto nadie acompañar
",usuario fui concierto nadie quería acompañar,"@user no fui al último concierto pq nadie me quería acompañar
","user concierto nadie acompañar
"
Esta tarde me compro el primer libro de Biblioteca Mitológica que sólo cuesta 2€. Ya los demás no que son casi 10€,1,"Esta tarde me compro el primer libro de Biblioteca Mitológica que sólo cuesta 2€. Ya los demás no que son casi 10€.
",Esta tarde compré el primer libro Biblioteca Mitológica cuesta 2€. Ya demás no que son casi 10€.,"Esta tarde compré primer libro Biblioteca Mitológica cuesta 2€. Ya demás no que son casi 10€.
","Esta tarde me compro el primer libro de Biblioteca Mitológica que sólo cuesta 2€. Ya los demás no que son casi 10€.
","Esta tarde compré el primer libro Biblioteca Mitológica cuesta 2€. Ya demás no que son casi 10€.
"
"@user ahh, por lo menos. Es que si me decia Alicia o Emilia la mandaba a dar por perdido porel curso. ¡RELAJESE! NO SE VA QUEDAR.",2,"ahh, por lo menos. es que si me decía Alicia o Emilia la mandaba a dar por perdido por el curso. ¡relájese! no se va quedar.
",ahh por lo menos Es si me decia Alicia Emilia mandaba dado curso RELAJESE NO SE VA QUEDAR,"ahh por lo menos es que si me decía Alicia Emilia mandaba dar perdido curso relájese no se va quedar.
","@user ahh, por lo menos. Es que si me decia Alicia o Emilia la mandaba a dar por perdido porel curso. ¡RELAJESE! NO SE VA QUEDAR.
","ahh por lo menos es si me decia alicia emilia mandaba dado curso relajese no se va quedar
"
"Madrid está lleno de comida y crushes, no me llevéis de aquí",0,"Madrid está lleno de comida y crushes, no me llevéis de aquí.
","Madrid lleno comida crushes no me llevéis aquí.
","Madrid comida crushes no llevéis aquí.
","Madrid está lleno de comida y crushes, no me llevéis de aquí.
","madrid lleno comida crushes no me llevéis aquí.
"
"Hoy ha sido un día duro, y me he pillado un dedo con una puerta y me duele mucho  pero se me pasa sabiendo que mañana veo a @user 💚💚",1,"Hoy ha sido un día duro, y me he pillado un dedo con una puerta y me duele mucho pero se me pasa sabiendo que mañana veo a @user 💚💚",Hoy día duro me pillado dedo puerta duele mucho pero se me pasa sabiendo mañana veo user.,Hoy día duro me pillado dedo puerta duele mucho pasa mañana veo user.,"Hoy ha sido un día duro, y me he pillado un dedo con una puerta y me duele mucho pero se me pasa sabiendo que mañana veo a user.
","hoy día duro me pillado dedo puerta duele mucho pero se me pasa sabiendo mañana veo user.
"
"#Guerrero es, de leeejos, la mejor película comercial que ha lanzado @user hasta hoy. Lo cual no será decir mucho, pero es lo que es",2,"#Guerrero es, de lejos, la mejor película comercial que ha lanzado @user hasta hoy. Lo cual no será decir mucho, pero es lo que es.",Guerrero de lejos mejor película comercial lanzado user hoy lo no será decir mucho es lo que es.,"Guerrero mejor película comercial lanzado user hoy. Lo no será decir mucho, es lo que es.
","#Guerrero es, de lejos, la mejor película comercial que ha lanzado @user hasta hoy. Lo cual no será decir mucho, pero es lo que es.
","Guerrero de lejos mejor película comercial lanzado user hoy lo no será decir mucho es lo que es.
"
@user sigo sin acostumbrarme a su nueva boca/dientes,0,sigo sin acostumbrarme a su nueva boca/dientes,"sigo acostumbrarme nueva boca dientes
",acostumbrarme nueva boca dientes,@user sigo sin acostumbrarme a su nueva boca/dientes,sigo acostumbrarme nuev boca dent
@user el nuevo Dr Vet @user ayudeme mi perrita no acepta a un cachorro que le hemos dado temporal que hago?,1,@user el nuevo Dr Vet @user ayudeme mi perrita no acepta cachorro temporal que hago,"Dr Vet perrita cachorro temporal hago
","Dr Vet perrita no acepta cachorro temporal hago
",@user el nuevo Dr Vet @user ayudeme mi perrita no acepta un cachorro que le hemos dado temporal hago?,"dr vet perrita cachorro temporal hago
"
"@user y también #ciudadochicos  muchísimas gracias jajajaj pero aún queda  muchísimo, solo he adelgazado y aumentado músculo ;",2,"@user y también ciudadanos muchísimas gracias jajajaj pero aún queda muchísimo, solo he adelgazado y aumentado músculo.",@user chicos gracias mucho queda mucho adelgazado aumentado músculo.,"usuario ciudadanos gracias jajajaj queda muchísimo adelgazado aumentado músculo.
","@user y también #ciudadochicos  muchísimas gracias jajajaj pero aún queda  muchísimo, solo he adelgazado y aumentado músculo
","@user chicos gracias mucho queda mucho adelgazado aumentado músculo.
"
"Mario Bros cruzó 200 mundos, mató a 4000 enemigos sólo para ver a su princesa y tú no eres capaz de mandarle un jodido mensaje.-.- idiota",0,"Mario Bros cruzó 200 mundos, mató a 4000 enemigos sólo para ver a su princesa y tú no eres capaz de mandarle un jodido mensaje.---idiota","Mario Bros cruzó mundos mató enemigos sólo ver princesa tú no eres capaz mandarle mensaje idiota.
","Mario Bros cruzó mundos mató enemigos sólo ver princesa tú no eres capaz mandarle mensaje idiota.
","Mario Bros cruzó 200 mundos, mató a 4000 enemigos sólo para ver a su princesa y tú no eres capaz de mandarle un jodido mensaje.-.- idiota
","Mario Bros cruzó mundos mató enemigos sólo ver princesa tú no eres capaz mandarle mensaje idiota.
"
@user @user no sabia que eran pareja.,1,@user @user no sabía que eran pareja.,"user pareja
","usuario usuario no sabia eran pareja
","@user @user no sabia que eran pareja.
","user pareja
"
Es grandioso conocer a personas maravillosas como ustedes @user @user se quedan en el corazón de las que las conocen.,2,Es grandioso conocer a personas maravillosas como ustedes @user @user se quedan en el corazón de las que las conocen.,conocer personas maravillosas ustedes corazón que las conocen,conocer personas maravillosas ustedes corazón las,"es grandioso conocer a personas maravillosas como ustedes @user @user se quedan en el corazón de las que las conocen.
",conocer persona maravillos corazón que conocer
"@user ¡los médicos siempre te dicen cosas horribles, citizen!",0,"@user los médicos siempre te dicen cosas horribles, ciudadano!
","medicos dicen cosas horribles citizen
",médicos dicen cosas,"@user ¡los médicos siempre te dicen cosas horribles, citizen!
","médicos dicen cosas horribles citad
"
"Y Dalia, si ve esto cómase un moco ahno mentira pero es que es muy linda y... me entiende??",1,"Y Dalia, si ve esto comase un moco ahno mentira pero es que es muy linda y... me entiende?","Dalia, si ves cómase un moco ahno mentira pero es muy linda y... me entiende.
","Dalia, si ve esto comoco mentira pero es linda y... me entiende?
","Y Dalia, si ve cómase un ahno mentira pero es linda y... me entiende??
","Dalia, si ves cómase un moco ahno mentira pero es muy linda y... me entiende.
"
@user y yo hemos perdido el bus por segunda vez la vida nos sonríe,2,@usuario y yo hemos perdido el autobús por segunda vez la vida nos sonríe,"user hemos bus segunda vida sonríe
","usuario hemos autobús segunda vida sonríe
","@user y yo hemos perdido el bus por segunda vez la vida nos sonríe
","usar hemos bus seg vida sonr
"
@user Yo a veces hecho de menos mi pelo largo por eso mismo entre otras cosas,0,@user Yo a veces sé de menos mi pelo largo por eso mismo entre otras cosas,Yo pelo menos cosas,Yo pelo menos cosas.,"@user yo a veces hecho de menos mi pelo largo por eso mismo entre otras cosas
","yo pelo menos cosas
"
@user ¿en serio? :0 aprendo gracias a un sitio que una amiga me recomendó y ahora estoy viendo unos videos,1,@usuario ¿en serio? :0 aprendo gracias a un sitio que una amiga me recomendó y ahora estoy viendo unos videos,@user serio aprendo sitio amiga recomendó ahora viendo videos,@usuario serio aprendo sitio amiga recomendó videos,"@user ¿en serio? :0 aprendo gracias a un sitio que una amiga me recomendó y ahora estoy viendo unos videos
","@user serio aprendo sitio amiga recomendó ahora viendo videos
"
#Volverdevacaciones es menos duro cuando la oficina es como una vuelta a casa  @user,2,#volverdevacaciones es menos duro cuando la oficina es como una vuelta a casa,"Volver vacaciones menos duro oficina vuelta casa.
",volver vacaciones duro oficina vuelta casa,"#volverdevacaciones es menos duro cuando la oficina es como una vuelta casa @user
","volver vacaciones menos duro oficina vuelta casa.
"
La figura de magearna se esta retrasando un poco  Es raro en ese vendedor  aunque normalmente le pido un pack grande,0,"La figura de magearna se está retrasando un poco. Es raro en ese vendedor aunque normalmente le pido un pack grande.
","Figura magearna retrasando poco raro vendedor pack grande.
",Figura magearna retrasando poco raro vendedor pack grande.,"La figura de magearna se esta retrasando un poco Es raro en ese vendedor aunque normalmente le pido un pack grande
","figura magearna retrasando poco raro vendedor pack grande
"
Feliz Cumpleaños @user ! Te deseo los mayores éxitos muchacho! . @user un par de chelas heladas parfavar!,1,"Feliz cumpleaños usuario! Te deseo los mayores éxitos muchacho!. usuario un par de chelas heladas parfavar!
",Cumpleaños éxitos muchacho chelas heladas.,"Feliz cumpleaños usuario éxitos muchacho usuario par favar.
","feliz cumpleañ@s usu@r! te deseo los mayores éxitos muchacho!. usu@r un par de chelas heladas parfavar!
","cumpleaños éxitos muchacho chelas heladas
"
@user @user @user Sí! Yo creo que vamos a acabar muuuuuuuuy contentas,2,@user @user @user sí! yo creo que vamos a acabar muy contentas,"Sí creo contentas
",@user @user @user creo vamos acabar contentas,"@user @user @user sí! yo creo que vamos a acabar muuuuy contentas
","Sí creo content
"
"@user Entonces eres persona y sufres este calor   Intenta dormir más fresquita o más horas, si puedes",0,"@user Entonces es persona y sufre este calor
Intenta dormir más fresca o más horas, si puedes","Persona sufres calor
Intenta dormir horas","Persona sufre calor
Intenta dormir fresca horas","@user entonces ser persona y sufrir este calor
intenta dormir más fresquita o más horas, si puedes","Persona sufres calor
Intenta dormir horas
"
"@user y me responde, a no gracias estoy a dieta jjajajajaja",1,"@usuario y me responde, a no gracias estoy a dieta jjajajajaja","user me responde a no gracias estoy dieta jjajajajaja
","usuario responde dieta
","@user y me responde, a no gracias estoy a dieta jjajajajaja
","user me respondi a no gracias estoy dieta jjajajajaja
"
"No estaba muerte, andaba de parranda! Jejeje",2,"No estaba muerto, andaba de juerga. Jejeje
","mucha parranda
","estaba juerga
","No estuviera muerte, andaba de parranda! Jejeje
","mucha parranda
"
"@user Lo del podio para darle el premio es más cómico que la diferencia de altura, que la tenemos todos",0,"@user Lo del podio para darle el premio es más cómico que la diferencia de altura, que la tenemos todos","user premio cómico altura
",@user podio premio cómico altura tenemos,"@user Lo del podio para darle el premio es más cómico que la diferencia de altura, que la tenemos todos
","user premio cómico altura
"
Peeeeeero que necesidad hay para que tanto problema. JAJAJA,1,Pero que necesidad hay para que tanto problema. JAJAJA,"Pero necesidad problema. JAJAJA
","Pero necesidad problema JAJAJA
","Pero que necesidad hay para que tanto problema. JAJAJA
","pero necesidad problema JAJAJA
"
"@user si si, prendieron fuego !! La única que me sabía la cantaron cuando estaba haciendo fila en el baño 1 gusto conocerte!!",2,"@user si si, prendieron fuego!! la única que me sabía la cantaron cuando estaba haciendo fila en el baño 1 gusto conocerte!!
",prendieron fuego La única me sabía cantaron fila baño gusto,prendieron fuego cantaron fila baño gusto,"@user si si, prendieron fuego!! La única que me sabía la cantaron cuando estaba haciendo fila en el baño 1 gusto conocerte!!
","prendieron fuego baño gusto
"
@user Si no te explicas algo mejor...  @user @user @user,0,"@usuario Si no se explica algo mejor... @usuario @usuario @usuario
","@user algo mejor
@user @user @user
","@usuario se explica mejor 
","@user Si no te explicas algo mejor...  @user @user @user
","@user algo mejor
@user @user @user
'.
"
"@user mas o menos me pasa igual, salgo de Liberia a las 4:30 y llego tipo 10 a descansar",1,"@user más o menos me pasa igual, salgo de Liberia a las 4:30 y llego tipo 10 a descansar","usuario igual salgo Liberia 4:30 llego descansar
",user igual salgo Liberia 4:30 llego descansar,"@user mas o menos me pasa igual, salgo de Liberia a las 4:30 y llego tipo 10 a descansar","usuario igual salgo Liberia 4:30 llego descansar
"
Si todo va bien mañana habrá nuevo vídeo en mi canal  http,2,Si todo va bien mañana habrá nuevo vídeo en mi canal http,"todo va bien mañana vídeo canal
","todo va bien mañana habrá vídeo canal
","Si todo va bien mañana habrá nuevo vídeo en mi canal http
","todo va bien mañana video canal
"
"@user  solo una pregunta, ¿vuestro parlamento son monos sentados en ramas de árboles?",0,"@user solo una pregunta, ¿vuestro parlamento ser monos sentados en ramas de árboles?
",pregunta parlamento monos ramas árboles,@user pregunta parlamento ser monos ramas árboles,"@user solo una pregunta, ¿vuestro parlamento son monos sentados en ramas de árboles?","pregunta parlamento mono rama árbol
"
Es bueno aclarar las cosas,1,Es bueno aclarar las cosas,"bueno aclarar cosas
",bueno aclarar cosas,"Es bueno aclarar las cosas
","bueno aclarar cosas
"
"@user Muchísimas gracias por compartir mi post, me alegra que te haya gustado",2,"muchísimas gracias por compartir mi post, me alegra que te haya gustado","gracias compartir post me alegra gustado
",gracias compartir post me alegra te gustado,"@user muchísimas gracias por compartir mi post, me alegra que te haya gustado
","gracias compartir post me alegra gustado
"
no sabía que ya habían dado Pétalos en el viento en la tele  ahora voy a tener que ver la tercera del tirón tf,0,no sabía que ya habían dado pétalos en el viento en la tele ahora voy a tener que ver la tercera del tirón tf,"sabía habían dado Pétalos viento tele tener ver tercera tirón
","sabía ya habían pétalos viento tele ver tercera tirón
",no sabía que ya habían dado pétalos en el viento en la tele ahora voy a tener que ver la tercera del tirón tf,"sabía habían dado pétalos viento tener ver tercera tirón
"
"@user Mandale un saludito a Jonathan Duarte que esta en el hospital pasandola mal con una operacion, y solo ver tu videos",1,"@user mandarle un saludo a Jonathan Duarte que está en el hospital pasando mal con una operación, y solo ver tus vídeos",Jonathan Duarte hospital operacion ver videos,usuario saludo Jonathan Duarte hospital operación vídeos,@user mandale saludito Jonathan Duarte hospital pasandola mal operacion ver videos,"Jonathan Duarte hospital operacion ver videos
"
¡Gracias a ti @user! Que tengas una buena tarde  #FelizLunes,2,Gracias a ti @usuario! Que tengas una buena tarde #FelizLunes,"Gracias user FelizLunes
","Gracias usuario FelizLunes
","¡Gracias a ti @user! Que tengas una buena tarde #FelizLunes
","gracias user felizlunes
"
¿lo más gracioso? que si no defiendes/apoyas/eres activista del feminismo pues ya eres un machista opresor,0,"¿lo más gracioso? que si no defiendes/apoyas/eres activista del feminismo pues ya eres un machista opresor.
",lo gracioso que si no defiendes apoyas eres activista feminismo eres machista opresor,"lo gracioso defiendes apoyas activista feminismo machista opresor.
",¿lo más gracioso? que si no defiendes/apoyas/eres activista del feminismo pues ya eres un machista opresor,"lo gracioso que si no defiendes apoyas eres activista feminismo eres machista opresor
"
y no es así es así  ay perdona  y AAAAA NO ME HAS INSULTADO POR CORREGIRTE DAME UN ABRAZO PORFA,1,y no es así es así ay perdona y aaaaa no me has insultado por corregirte dame un abrazo porfa,ay perdona AAAAA no me has insultado corregirte abrazo porfa,"así así perdona aaaaa no me has insultado corre
","y no es así es así ay perdona y aaaaa no me has insultado por corregirte dame un abrazo porfa
","ay perdona AAAAA no me has insultado corregirte abrazo porfa
"
@user es muy bueno! jajaja han caido risas y está genialmente explicado,2,@user es muy bueno! jajaja han caído risas y está genialmente explicado,"bueno risas genialmente explicado
","bueno risas genialmente
","@user es muy bueno! jajaja han caido risas y está genialmente explicado
","bueno risas genialmente explicado
"
"Ya se porque me va mal en el amor, todo fue por no darle pelota a mi compañera que estuvo enamorada de mi desde primer grado hasta octavo",0,"Ya sé porque me va mal en el amor, todo fue por no darle pelota a mi compañera que estuvo enamorada de mí desde primero hasta octavo.
",Ya porque va mal amor todo fue darle pelota compañera estuvo enamorada mi desde grado octavo.,Sé porque va mal amor todo fue darle pelota compañera estuvo enamorada mí primero octavo.,"Ya se porque me va mal en el amor, todo fue por no darle pelota a mi compañera que estuvo enamorada de mi desde primer grado hasta octavo
","Ya porque va mal amor todo fue darle pelota compañera estuvo enamorada mi desde grado octavo.
"
"a mí me dicen ven a mi casa a las 2 y lo multiplico por 4, nos vemos a las 8, papu",1,"me dicen ven a mi casa a las 2 y lo multiplico por 4, nos vemos a las 8, papu",ven casa 2 multiplico 4 vemos 8 papu,ven casa 2 multiplico 4 vemos 8 papu,"a mí me dicen ven a mi casa a las 2 y lo multiplico por 4, nos vemos a las 8, papu
","ven casa 2 multiplico 4 vemos 8 papu
"
Me hacen feliz estos momentos,2,Me hacen feliz estos momentos,hacen feliz momentos,hacen feliz momentos,"Me hacen feliz estos momentos
","hacen feliz momentos
"
"Momento #emprendedores en el Congreso de los Diputados ahora mismo. Siempre se cita a las startups, no a los innovadores sociales",0,"Momento emprendedores en el congreso de diputados ahora mismo. Siempre se cita a las startups, no a los innovadores sociales.",Momento emprendedores Congreso Diputados ahora mismo Siempre cita startups innovadores sociales.,Momento emprendedores congreso diputados ahora siempre cita startups innovadores sociales.,"Momento #emprendedores en el Congreso de los Diputados ahora mismo. Siempre se cita a las startups, no a los innovadores sociales.
","Momento emprendedor Congreso Diputado ahora mismo Siempre cita startup innovador social.
"
"@user. ""Precaución amigo conductor que la senda es peligrosa...."". Lo importante es llegar.",1,"Precaución amigo conductor que la senda es peligrosa…. Lo importante es llegar.
",Precaución amigo conductor senda peligrosa llegar.,"Precaución conductor senda peligrosa importante llegar.
","@user. ""Precaución amigo conductor que la senda es peligrosa...."". Lo importante es llegar.
","Precaución amigo conductor senda peligrosa llegar
"
@user gracias! Era necesario jaja,2,@user gracias! era necesario jaja,"gracias era necesario jaja
","gracias necesario jaja
","@user gracias! era necesario jaja
","gracias era necesario jaja
"
"@user No me marca a cuantos sig ni me deja seguir a nadie, espero que sea algo temporal y se arregle pronto",0,"@usuario No me marca a cuantos sig ni me deja seguir a nadie, espero que sea algo temporal y se arregle pronto.",user marca sig dejar seguir nadie espero temporal arregle pronto,"usuario marca sig seguir nadie espero temporal arregle pronto.
","@user No me marca a cuantos sig ni me deja seguir a nadie, espero que sea algo temporal y se arregle pronto","user marca sig dejar seguir nadie espero temporal arregle pronto
"
Tengo ganas de decir una frase políticamente incorrecta: Hoy es... viernes niiiguiii!!!! #blackfriday,1,"Tengo ganas de decir una frase políticamente incorrecta: Hoy es... viernes niiiguiii!!!! #blackfriday
","Tengo ganas decir frase políticamente incorrecta Hoy viernes niiiguiii blackfriday
","Tengo ganas decir frase políticamente incorrecta Hoy viernes niiiguiii blackfriday
","Tengo ganas de decir una frase políticamente incorrecta: Hoy es... viernes niiiguiii!!!! #blackfriday
","Tengo ganas decir frase políticamente incorrecta Hoy viernes niiiguiii blackfriday
"
¡Buenos días! Vuelta al trabajo con una de mis asignaturas preferidas. ¿Empezamos?  #Oposalud… http,2,¡Buenos días! Vuelta al trabajo con una de mis asignaturas preferidas. ¿Empezamos? #Oposalud… http,"Buenos días Vuelta trabajo asignatura preferidas Empezamos 

#Oposalud
",Buenos días trabajo asignaturas preferidas Empezamos,"¡Buenos días! Vuelta al trabajo con una de mis asignaturas preferidas. ¿Empezamos? #Oposalud… http
","Buenos días Vuelta trabajo asignatura preferidas Empezamos 

#Oposalud
"
Qué jodido es ser del @user hoy,0,Qué jodido es ser del usuario hoy,"jodido ser user hoy
",jodido ser usuario hoy,"Qué jodido es ser del user hoy
","jodido ser user hoy
"
@user @user @user @user Yo creo que el consumo cerebral es inversamente proporcional a su uso,1,@user @user @user @user yo creo que el consumo cerebral es inversamente proporcional a su uso,creo que consumo cerebral inversamente proporcional uso,"creo consumo cerebral inversamente proporcional uso
","@user @user @user @user yo creo que el consum cerebral es inversamente proporcional a su us
","creo que consumo cerebral inversamente proporcional uso
"
"@user Pero es una alegría ver toda la gente que ha salido en defensa de los clásicos y la cultura, estoy gratamente sorprendida",2,"pero es una alegría ver toda la gente que ha salido en defensa de los clásicos y la cultura, estoy gratamente sorprendida
",user alegría ver gente salida defensa clásicos cultura sorprendida,"pero alegría ver gente salida defensa clásicos cultura, estoy sorprendida","@user pero es una alegría ver toda la gente que ha salido en defensa de los clásicos y la cultura, estoy gratamente sorprendida
","user alegría ver gente salida defensa clásicos cultura sorprendida
"
🤖 m caes mu bn y soy borde xq lo unico q m dices son cosas d q soy mu baja,0,🤖 me caes mucho bien y soy borde porque lo único que me dices son cosas de que soy muy baja,🤖 caes bien soy borde porque unico dices cosas soy baja,🤖 caes bien borde cosas baja,"🤖 m caes mu bn y soy borde xq lo unico q m dices son cosas d q soy mu baja
","🤖 caes bien soy borde porque unico dices cosas soy baja
"
@user dio que dice po que me hable si yo soy un libro abierto me puede habla pa conocerme quien quiera,1,"@user dio que dice porque me hable si yo soy un libro abierto me puede hablar para conocerme quien quiera
",dice po me hable si soy libro abierto puede conocerme quien quiera,"@user dice porque me hable yo libro abierto puede conocerme
","@user dio que dice po que me hable si yo soy un libro abierto me puede habla pa conocerme quien quiera
","dice po me hable si soy libro abierto puede conocerme quien quiera
"
@user es una sesion de clasicos! para eso tienes esta sesion   http  y yo soy be lo que quiero  un abrazo!,2,"@user es una sesión de clásicos! para eso tienes esta sesión http y yo soy be lo que quiero un abrazo!
","@user clasicos sesión sesión http yo quiero abrazo
","sesión clásicos sesión abrazo
","@user es una sesion de clasicos! para eso tienes esta sesion   http  y yo soy be lo que quiero  un abrazo!
",@user clasic sesión sesión http yo quiero abraz
"Es fácil imaginar que, si se ha reducido dinero en arreglar carreteras y prevenir accidentes, con los trenes esté pasando lo mismo.",0,"Es fácil imaginar que, si se ha reducido dinero en arreglar carreteras y prevenir accidentes, con los trenes esté pasando lo mismo.
",fácil imaginar si se ha reducido dinero arreglar carreteras prevenir accidentes trenes pasando mismo.,fácil imaginar reducir dinero arreglar carreteras prevenir accidentes trenes pasando mismo.,"Es fácil imaginar que, si se ha reducido dinero en arreglar carreteras y prevenir accidentes, con los trenes esté pasando lo mismo.
","fácil imaginar si se ha reducido dinero arreglar carreteras prevenir accidentes trenes pasando mismo
"
"@user no lo aprendes ni en el cole, ni en la universidad ni haciendo 100 posgrados. O naces o no. Es congénito",1,"@usuario no lo aprendes ni en el cole, ni en la universidad ni haciendo 100 posgrados. O naces o no. Es congénito.
",user aprendes cole universidad posgrados naces no Es congénito,usuario aprendes cole universidad posgrados naces no Es congénito.,"@user no lo aprendes ni en el cole, ni en la universidad ni haciendo 100 posgrados. O naces o no. Es congénito","user aprendes cole universidad posgrados naces no Es congénito
"
Encantado @user  estás siempre bienvenido. Espero visitaros en Málaga antes,2,"Encantado estás siempre bienvenido. Espero visitaros Málaga antes.
",Encantado user estás bienvenido Espero visitar Málaga antes,"Encantado bienvenido. Espero visitar Málaga antes.
",Encantad estar siempre bienvind. Espero visitaros Malag antes,"Encantad user estás bienvenid Espero visit Malag antes
"
"Ah vale, me suelta la puta subnormal, te estoy llamando.  Le digo que no me sale y dice ""ah, es que tengo el wifi apagado""",0,"Ah vale, me suelta la puta subnormal, te estoy llamando. Le digo que no me sale y dice “ah, es que tengo el wifi apagado”.
","Vale, me suelta subnormal, llamando. Le digo no sale y dice “es que tengo wifi apagado”.",vale subnormal llamando le digo no sale dice wifi apagado,"Ah vale, me suelta la puta subnormal, te estoy llamando.  Le digo que no me sale y dice ""ah, es que tengo el wifi apagado"".
","Vale, me suelta subnormal, llamando. Le digo no sale y dice “es que tengo wifi apagado”.
"
"@user @user @user @user @user @user @user hola miguel no,ahora estoy en ella",1,"@user @user @user @user @user @user @user hola miguel no, ahora estoy en ella
","hola miguel ahora estoy en ella
"," miguel ahora estoy ella
","@user @user @user @user @user @user @user hola miguel no,ahora estoy en ella
","hola miguel ahora estoy en ella
"
Lo del CuriousCat parece interesante. Creo que me voy a hacer uno a ver que tal,2,Lo del CuriousCat parece interesante. Creo que me voy a hacer uno a ver que tal,CuriosoCat interesante. Creo voy hacer uno ver tal.,CuriosoCat interesante. Creo voy hacer uno a ver tal.,"Lo del CuriousCat parece interesante. Creo que me voy a hacer uno a ver que tal
","Curiosocat interesante. Creo voy hacer ver tal.
"
están todos muy sad hoy no,0,"están todos muy triste hoy no
",todos sad hoy,todos triste hoy,"están todos muy sad hoy no
","todos sad hoy
"
"@user @user Yo no puedo ingerir bebidas alcoholicas, ni marihuana, ni tabaco. Pero yo los acompaño.",1,"@user @user yo no puedo ingerir bebidas alcohólicas, ni marihuana, ni tabaco. pero yo los acompaño.
","@user @user puedo ingerir bebidas alcoholicas marihuana tabaco. Pero los acompaño.
","@user @user puedo ingerir bebidas alcohólicas marihuana tabaco. acompaño.
","@user @user yo no puedo ingerir bebidas alcoholicas, ni marihuana, ni tabaco. pero yo los acompaño.
",@user @user puedo ingerir bebidas alcoholicas marihuana tabaco. Pero los acompaño.
"Antes de dormir quiero decir que fue una Navidad muy pero muy linda, estoy feliz. Buenas noches",2,"Antes de dormir quiero decir que fue una Navidad muy linda, estoy feliz. Buenas noches.
",dormir quiero decir fue Navidad linda feliz Buenas noches,"dormir Navidad linda feliz noches
","Antes de dormir quiero decir que fue una Navidad muy pero muy linda, estoy feliz. Buenas noches",dormir quiero decir fue Navidad linda feliz Buenas noches
Tener una panza de embarazada cuando terminas de comer no es normal.,0,Tener una panza de embarazada cuando terminas de comer no es normal.,Panza embarazada comer normal.,Panza embarazada comer normal.,"Tener una panza de embarazad cuando terminas de comer no es normal.
","Panza embarazada comer normal
"
"y @user hacia gestos para yo no voltear y oh sorpresa con quien me encuentro , me encontre a tu nuevo amigui @user",1,"y @usuario hacia gestos para yo no voltear y oh sorpresa con quien me encuentro, me encontré a tu nuevo amigo @usuario","hacia gestos voltear sorpresa encuentro tu amigui
","usuario gestos yo no voltear sorpresa usuario.
","y @user hacia gestos para yo no voltear y oh sorpresa con quien me encuentro, me encontre a tu nuevo amigui @user
","hacia gestos voltear sorpresa encuentro tu amigui
"
Apoyen a la Network @user !! Esta network tiene futuro !! P hare videos y directos ahi cuando habran,2,Apoyen a la Network @user!! Esta network tiene futuro!! P hare videos y directos ahi cuando habran,Apoyen Network user Futuro P videos directos ahi habran,"Apoyen Network user!! Network futuro!! hará videos directos ahi habran.
",Apoyen a la Network @user!! Esta network tiene futuro!! P hare videos y directos ahi cuando habran,"Apoyar Network user Futuro P videos directos ahi habran
"
@user @user Pero es absurdo! Y más si argumentamos que muchos españoles se ven obligados a salir de España...,0,"@user @user pero es absurdo! y más si argumentamos que muchos españoles se ven obligados a salir de españa...
", absurdo argumentamos españoles obligados salir España.,"@user @user absurdo argumentamos españoles obligados salir españa
",@user @user pero es absurdo! y más si argumentamos que muchos españoles se ven obligados a salir de españa," absurdo argumentamos españoles obligados salir España.
"
"@user el Sabueso es muy malo, el leñador mola   Quiero minero y mago de hielo",1,"@user el sabueso es muy malo, el leñador mola. Quiero minero y mago de hielo.","Sabueso malo
leñador mola
Quiero minero mago hielo",@user sabueso malo leñador mola Quiero minero mago hielo,"@user el sabueso es muy malo, el leñador mola quiero minero y mago de hielo
","sabueso malo
lenador mola
quiero minero mago hielo
"
"@user relaja sonyer, que ves juegos de verdad y te nos pones nervioso   @user",2,"relaja, sonyer, que ves juegos de verdad y te nos pones nervioso
",relaja sonyer juegos verdad nervioso,"relaja sonyer ves juegos verdad te pones nervioso
","@user relaja sonyer, que ves juegos de verdad y te nos pones nervioso   @user",relaja sonyer juego verdadi nervios
@user que triste es la realidad,0,"@usuario que triste es la realidad
","@user triste realidad
","@usuario triste realidad
",@user que triste es la realidd,"@user realidad
"
@user @user pero no están en el cantón central de SJO,1,@usuario @usuario pero no están en el cantón central de SJO,user user pero no están en cantón central SJO,usuario usuario pero no están cantón central SJO,"@user @user pero no están en el cantón central de sjo
","user user pero no están en cantón central sjo
"
"@user seguro no entendiste bien la trama, véala de nuevo, es toda linda.",2,"@user seguro no entendiste bien la trama, vea de nuevo, es toda linda.
","seguro entendiste trama véala linda
","seguro entendiste trama vea linda
","@user seguro no entendiste bien la trama, vea de nuevo, es toda linda.
","seguro entendiste trama véala linda
"
así que paso ojalá me salga mañana bien griego,0,así que paso ojalá me salga mañana bien griego,paso mañana bien griego,paso mañana bien griego,"así que paso ojalá me salga mañana bien grieco
","paso mañana bien griego
"
@user  -Cinefilo -Comunista -A ver cuando vienes tú a Coruña a verme  -Tu gatito 😍😍,1,@usuario -cinefilo -comunista -a ver cuando vienes tú a Coruña a verme -tu gatito 😍😍,Cinefilo Comunista ver cuando vienes Coruña verme gatito 😍😍,"cinefilo comunista ver cuando vienes Coruña verme gatito
","@user -cinefilo -comunista -ver cuando tú coruña verme -tu gatito 😍😍
","cinefilo comunista ver cuando vienes coruña verme gatito 😍😍
"
@user @user @user Búscame un Zapdos de esos legales que tanto te gustan wapo,2,@user @user @user búsqueme un Zapdos de esos legales que tanto le gustan wapo,"Búscame Zapdos legales gustarte wapo.
",Zapdos legales wapo,@user @user @user búsqueme zapdos esos legales tanto gustarte wapo,"Búscame Zapdos legales gustarte wapo.
"
"Hace 1 año recibí la peor noticia de mi vida, que mi sobrina mi hija ya no iba a estar mas en este mundo y que pasaría a ser mi Angelita",0,"Hace 1 año recibí la peor noticia de mi vida, que mi sobrina mi hija ya no iba a estar más en este mundo y que pasaría a ser mi Angelita.
","Año recibí peor noticia vida sobrina hija no iba estar mas mundo Angelita.
","recibí noticia vida sobrina hija no estar mundo Angelita.
","Hace 1 año recibí la peor noticia de mi vida, que mi sobrina mi hija ya no iba a estar mas en este mundo y que pasaría a ser mi Angelita
","Año recibí peor noticia vida sobrina hija no iba estar mas mundo Angelita.
"
@user Uno de mis mejores profes decía que es obligación de los abogados hablar sencillo.,1,uno de mis mejores profes decía que es obligación de los abogados hablar sencillo,"Uno mejores profes decía hablar sencillo.
",mis mejores profes decía hablar sencillo.,"@user uno de mis mejores profes decía que es obligación de los abogados hablar sencillo.
","Uno mejores profes decía hablar sencillo.
"
@user eres muy pero que muy inteligente,2,@user es muy pero que muy inteligente,@user inteligente,@user inteligente,"@user eres muy pero que muy inteligente
","@user inteligente
"
Que buenos somos todos cuando nos conviene,0,Que buenos somos todos cuando nos conviene,"buenos somos todos cuando conviene
",buenos somos todos cuando conviene,"Que buenos somos todos cuando nos conviene
","buenos somos todos cuando conviene
"
Las 7 y cuarto y yo aquí,1,Las siete y cuarto y yo aquí,7 cuarto yo aquí,"siete cuarto yo aquí
",Las 7 y yo aquí,"7 cuarto yo aquí
"
De aquí a una semana hará cuatro años que vivo en Barcelona. Creo que por el momento no se me ha dado nada mal,2,"De aquí a una semana hará cuatro años que vivo en Barcelona. Creo que por el momento no se me ha dado nada mal.
",De aquí semana hará cuatro años vivo Barcelona. Creo momento no se me dado mal.,"Aquí semana hará cuatro vivo Barcelona. Creo momento no se me dado mal.
","De aquí a una semana hará cuatro años que vivo en Barcelona. Creo que por el momento no se me ha dado nada mal
","De aquí semana hará cuatro años vivo Barcelona. Creo momento no se me dado mal.
"
"PONTE BONITA 5 DE ENERO .. No es Twitter, algo está mal con el ht o se hizo spam, ya fue",0,"Ponte bonita 5 de enero.. No es Twitter, algo está mal con el ht o se hizo spam, ya fue.
","Ponte bonita 5 enero No es Twitter algo mal ht se hizo spam ya fue.
",Ponte bonita enero ya,"PONTE BONITA 5 DE ENERO.. No es Twitter, algo está mal con el ht o se hizo spam, ya fue
","Pon bonit 5 ener No es Twit alg mal ht se hiz spm ya fu.
"
"@user En el contrato institucional que tengo, 2GB son 9€/mes y 5GB 10€/mes. No había color   Por cierto, acabo de agotarlos O_o",1,"@user En el contrato institucional que tengo, 2 gigabytes son 9 euros/mes y 5 gigabytes 10 euros/mes. No había color   Por cierto, acabo de agotarlos O_o",@user contrato institucional 2GB 9€mes 5GB 10€mes No color Por cierto acabo agotarlos,@user contrato institucional gigabytes euros mes No color Por cierto agotarlos,"@user En el contrac instituciona que tengo, 2GB son 9€/mes y 5GB 10€/mes. No habia color   Por cierto, acab de agotarlos O_O
","@user contrato institucional 2gb 9€mes 5gb 10€mes no color por cierto acabo agotarlos
"
@user @user nos hemos conocido hace unos cuantos años y claro surgió el amor,2,@user @user nos hemos conocido hace unos cuantos años y claro surgió el amor,user user hemos conocido años amor,"user user hemos conocido años amor
","@user @user nos hemos conocido hace unos cuantos años y claro surgió el amor
","user user hemos conocido años amor
"
"@user @user @user Noooo estamos todos en Lucena, q miedo ya no se puede estar tampoco tranquilos en la playa",0,"@user @user @user Noooo estamos todos en Lucena, q miedo ya no se puede estar tampoco tranquilos en la playa","estamos Lucena, miedo tranquilos playa.","estamos Lucena, miedo tranquilos playa
","@user @user @user Noooo estamos todos en Lucena, q miedo ya no se puede estar tampoco tranquilos en la playa","estamos Lucena, miedo tranquilos playa.
"
No entiendo la actitud agresiva gratén de tuiter. Si te jode lo que digo no masoquees y no me sigas. Es lo sano,1,"No entiendo la actitud agresiva gratén tuitear. Si te jode lo que digo, no masoees y no me sigas. Es lo sano.",Entiendo actitud agresiva tuiter. Si te jode lo que digo masoquees no me sigas. Es lo sano.,"Entiendo actitud agresiva tuitear. Si te jode lo que digo, no me sigas. Es lo sano.","No entiendo la actitud agresiva gratén tuiter. Si te jode lo que digo no masoquees no me sigas. Es lo sano.
","entiendo actitud agresiva tuiter. si te jode lo que digo masoquees no me sigas. es lo sano.
"
"@user @user @user @user yo ya la seguía, sigo y seguiré... Muy buena compa!  Besets!",2,"@user @user @user @user yo ya la seguía, sigo y seguiré... Muy buena compa! Beses!","user user user user yo ya sigo seguiré buena compa Besets
","yo ya sigo seguiré buena compa Beses
","@user @user @user @user yo ya la seguía, sigo y seguiré... Muy buena compa! Besets!
","user user user user yo ya sigo seguiré buena compa besets
"
Ahora con la bufanda me recuerda a boku dake ga inai machi todavía lloro y todo,0,"Ahora con la bufanda me recuerda a bando todavía lloro y todo.
","Ahora me recuerda machi lloro todo.
","Ahora bando lloro todo.
","ahora con la bufanda me recuerda a boku dake ga inai machi todavía lloro y todo
","Ahora me recuerda machi lloro todo.
"
"Cuando se tiene alguna enfermedad no se aprende a ser más fuerte, nunca, se sufre igual, solo se aprende a vivir con eso.",1,"Cuando se tiene alguna enfermedad no se aprende a ser más fuerte, nunca, se sufre igual, solo se aprende a vivir con eso.
","Cuando enfermedad fuerte, nunca sufre igual, aprende vivir eso.","Cuando enfermedad fuerte, nunca, sufre igual, solo aprende vivir eso.
","Cuando se tiene alguna enfermedad no se aprende a ser más fuerte, nunca, se sufre igual, solo se aprende a vivir con eso.
","Cuando enfer medad fuerte, nunca sufre igual, aprende vivir eso.
"
Con ganas ya de que llegue septiembre  Y comenzamos mañana nueva temporada en @user.  #adiosagosto,2,"Con ganas ya de que llegue septiembre
Y comenzamos mañana nueva temporada en @user.
#adiosagosto","ganas septiembre comenzamos temporada user adiosagosto
","ganas septiembre
comenzamos mañana temporada user
adiosagosto","Con ganas ya de que llegue septiembre
Y comenzamos mañana nueva temporada en user.
#adiosagosto
","ganas septiembr comenzaz tempad user adiosagost
"
extraño cantar todas las de @user con esta estupida @user,0,extraño cantar todas las de usuario con esta estupida usuario,extraño cantar todas con esta estupida,"extraño cantar usuario estupida
","extraño cantar todas las de usuario con esta estupida usuario
","extraño cantar todas con esta estupida
"
mis amiguitos drogos no me hablan,1,"mis amiguitos drogos no me hablan
","amiguitos drogos hablan
","amiguitos drogos hablan
","mis amiguitos drogos no me hablan
","amiguitos drogos hablan
"
"@user por suerte, curar el odio a través de la educación sí es posible",2,"@usuario por suerte, curar el odio a través de la educación sí es posible",curar odio educación posible,usuario suerte curar odio educación posible,"@user por suerte, curar el odio a través de la educación sí es posible","curar odio educación posible
"
tio que dolor de piernas,0,tío que dolor de piernas,"tio dolor piernas
",dolor piernas,"tio que dolor de piernas
","tio dolor pierna
"
Hay que respetar las posturas de todo el mundo frente a las situaciones que se le presentan. Por algo no somos todos iguales,1,"Hay que respetar las posturas de todo el mundo frente a las situaciones que se les presentan. Por algo no somos todos iguales.
","Respetar posturas mundo situaciones presentan. Algo no somos iguales.
",respetar posturas mundo situaciones no somos iguales,Hay que respetar las posturas de todo el mundo frente a las situaciones que se le presentan. Por algo no somos todos iguales,"Respetar posturas mundo situaciones presentan. Algo no somos iguales.
"
"El médico dice que voy estoy yendo por el buen camino, me alegro por ello  Ahora #RoadToPixel",2,"El médico dice que voy soy yendo por el buen camino, me alegro por ello ahora #RoadToPixel",médico dice camino alegre ello Ahora RoadPixel,"médico dice voy yendo camino alegro ello ahora
","El médico dice que voy estoy yendo por el buen camino, me alegro por ello Ahora RoadPixel","médico dice camino alegre ello ahora roadpixel
"
Que coraje me dan lxs prepotentxs,0,"Que coraje me dan prepotentes
","coraje prepotentes
","coraje prepotentes
","Que coraje me dan lxs prepotentxs
","coraje prepotentes
"
"@user @user totally agree. La frase es de Nicolás Buquet, otro representante de las nuevas generaciones",1,"@usuario @usuario totalmente de acuerdo. La frase es de Nicolás Buquet, otro representante de las nuevas generaciones.","user user totalmente acuerdo frase Nicolás Buquet representante generaciones
",usuario usuario totalmente acuerdo frase Nicolás Buquet representante nuevas generaciones.,"@user @user totally agree. la frase es de nicols buquet, otro representante de las nuevas generaciones","user user totalmente acuerdo frase Nicolás Buquet representante generaciones
"
A estas horas la Av Javier prado libre #salgantodos,2,"a estas horas la av javier prado libre salgantodos
","horas Av Javier prado libre salgantodos
","horas av javier prado libre salgantodos
","a estas horas la av javier libre salgantodos
","horas Av Javier prado libre salgantodos
"
@user ahhh pero ahí estaban las rubias -.- jajaja ( que mal que no se te quite),0,"@user ahhh pero ahí estaban las rubias -.- jajaja ( que mal que no se te quite)
","ahhh ahí rubias  jajaja mal  no se te quite
","ahí rubias mal no se quite
","@user ahhh pero ahí estaban las rubias -.- jajaja ( que mal que no se te quite)
","ahhh ahí rubias jajaja mal no se te quite
"
@user @user esperamos los nuevos capítulos,1,"esperamos los nuevos capítulos
",esperamos capítulos nuevos,esperamos capítulos,@user @user esperamos los nuevos capítulos,"esperamos capítulos nuevos
"
Han tenido buena iniciativa @user y encima son amigos,2,Han tenido buena iniciativa y encima son amigos,"Tienen iniciativa amigos.
",Tienen iniciativa amigos.,"Han tenido buena iniciativa @user y encima son amigos
","Tienen iniciativa amigos.
"
Soy el ser más distraído del mundo,0,Soy el ser más distraído del mundo,Ser distraído mundo.,Ser distraído mundo.,"Soy el ser más distraído del mundo
","Ser distraído mundo.
"
"@user @user O regalar bombitas y escopetas para que cada ""american"" se defienda. Lindo",1,@user @user o regalar bombitas y escopetas para que cada “american” se defienda. Lindo,"regalar bombitas escopetas defenderse Lindo
","@user @user regalar bombitas escopetas defender. Lindo.
",@user @user o regalar bombita escopeta para que cada “american” se defienda. Lindo,"regalar bombitas escopetas defenderse lindo
"
@user yo lo hice Con mi ex,2,@user yo lo hice con mi ex,@user hice Con ex.,@user hice lo ex,"@user yo lo hice Con mi ex
","@user hice con ex.
"
@user @user  Las políticas del PP puede ser discutibles.  Pero estos políticos. Son de lo que no hay.   Quw gente.,0,@user @user Las políticas del pp pueden ser discutibles. Pero estos políticos son de lo que no hay. Quw gente.,Políticas PP discutibles. Políticos. Gente.,políticas pp discutibles políticos lo no gente,"@user @user  las polític del pp pod ser discutible.  per est polític. son de lo que no hay.   quw gent.
","Políticas PP discutibles. Políticos. Gente.
"
@user @user vaya tela tu... relajate un par de dias y piensa con calma en vez de en caliente y gl tio,1,@usuario @usuario vaya tela tu... relájate un par de días y piensa con calma en vez de en caliente y gl tío,vaya tela tu relajate dias piensa calma vez caliente gl tio,"usuario usuario vaya tela tu relájate días piensa calma vez caliente gl tío
","@user @user vaya tela tu... relajate un par de dias y piensa con calma en vez de en caliente y gl tio
","vaya tela tu relajate dias piensa calma vez caliente gl tio
"
Muy bien @user ya es líder de la @user! Solo quedan 36 finales,2,"Muy bien usuario ya es líder de usuario! Solo quedan 36 finales.
","bien user líder líder finales
","usuario líder finales
",Muy bien @user ya es líder de la @user! Solo quedan 36 finales,"bien user líder líder finales
"
"Cuando tengo la luz prendida me da sueño , cuando la apago se me va el sueño",0,"Cuando tengo la luz encendida me da sueño, cuando la apago se me va el sueño.
","Cuando luz prendida sueño, cuando apago se me va sueño.","Cuando luz encendida me sueño, cuando apago se me va sueño.
","Cuando tengo la luz prendida me da sueño, cuando la apago se me va el sueño
","Cuando luz prendida sueño, cuando apago se me va sueño.
"
"Hasta lo peor de mi, quiere lo mejor para ti",1,"Hasta lo peor de mí, quiere lo mejor para ti.
",peor quiere mejor ti,"peor mí quiere mejor ti
","Hasta lo peor de mi, quiere lo mejor para ti
","peor quiere mejor ti
"
@user hay que ser optimistas,2,"hay que ser optimistas
","user ser optimistas
","ser optimistas
","@user hay ser optimistas
","user ser optimistas
"
@user siento haberle faltado el respeto a tu ego al no haberte mencionado,0,@user siento haberle faltado el respeto a tu ego al no haberte mencionado,"siento haberle faltado respeto ego mencionado
",siento haberle faltado respeto ego mencionar,"@user siento haberle faltado el respeto a tu ego al no haberte mencionado
","siento haberle faltado respeto ego mencionado
"
@user asi es la vida del adulto hermanito buenas vibras,1,@user así es la vida del adulto hermanito buenas vibras,"vida adulto
","adulto hermanito vibras
",@user asi es la vida del adulto hermanito buenas vibras,"vida adulto
"
@user ha aceptado reembolsarme la cobertura marítima de la que no me advirtió en su momento. Estoy contenta. Me parece justo.,2,"@user ha aceptado reembolsarme la cobertura marítima de la que no me advirtió en su momento. Estoy contenta. Me parece justo.
",user reembolso cobertura marítima advirtió contenta parece justo,ha reembolsar cobertura marítima no advirtió contenta parece justo,"@user ha aceptado reembolsarme la cobertura marítima de la que no me advirtió en su momento. Estoy contenta. Me parece justo.
","user reembolso cobertura marítima advirtió contenta parece justo
"
"La típica que nunca ha dicho la palabra ""picha"", siempre se la ha ""comido"".",0,"La típica que nunca ha dicho la palabra “picha”, siempre se la ha “comido”.
","Típica nunca ha dicho palabra ""picha"", siempre se la ""ha comido"".
","Típica nunca ha dicho palabra picha siempre la ha comido.
","La típica que nunca ha dicho la palabra ""picha"", siempre se la ha ""comido"".
","Típica nunca ha dicho palabra ""picha"", siempre se la ""ha comido"".
"
@user @user no tengo  La lejía seria un buen sustituto?,1,@user @user no tengo la lejía sería un buen sustituto,tengo La lejía buen sustituto,"tengo lejía sustituto
","@user @user no tengo la lejía seria un buen sustituto?
","tengo La lejía buen sustituto
"
Mami va a bajar la velocidad del internet pero mejor eso a que lo quite,2,Mamá va a bajar la velocidad del internet pero mejor eso a que lo quite.,Mami baja velocidad internet mejor eso que quite.,Mamá baja velocidad internet mejor eso que quite.,"Mami va bajar velocidad internet pero mejor eso que lo quite
","Mami baja velocidad internet mejor eso que quite.
"
"@user a. que puto mal escribo  b. me sigo surrando help   3. ha quedado raro el ""cómetelo"" ahí JAJAJAJA",0,@usuario a. que puto mal escribo b. me sigo durmiendo help 3. ha quedado raro el “comerlo” ahí JAJAJAJA,"@user escribo mal me sigo surrando ha quedado raro cómetelo JAJAJAJA
",@usuario escribo raro comerlo JAJAJAJA,"@user a. que puto mal escribo  b. me sigo surrando help   3. ha quedado raro el “cometelo” ahí JAJAJAJA
","@user escribo mal me sigo surrando ha quedado raro cómetelo JAJAJAJA
"
"@user @user @user si los Ramirez dicen q son honrados,becerril q es buen padre,Chacón q sí tiene educ.X q no me crees ?",1,"@user @user @user si los Ramirez dicen que son honrados, Becerril que es buen padre, Chacón que sí tiene educ.X que no me crees?","Ramirez dicen honrados,becerril buen padre,Chacón tiene educ.X no me crees","@user @user @user dicen Ramirez honrados, Becerril buen padre, Chacón tiene educ.X no me crees","@user @user @user si los ramirez dicen q son honrados,becerril q es buen padre,Chacón q sí tiene educ.X q no me crees?
","Ramirez dicen honrados,becerril buen padre,Chacón tiene educ.X no me crees
"
"Nunca esperes nada bueno de Nadie , es mas bonito vivir así.",2,"Nunca espere nada bueno de nadie, es más bonito vivir así.
",Nunca esperes nada bonito Nadie vivir así.,"Nunca espere bonito vivir así.
","Nunca esperes nada bueno de Nadie, es mas bonito vivir así.
","Nunca esperes nada bonito Nadie vivir así.
"
"@user jaja! Esto es tweet baiting ?  Hace tiempo que un follow no vale na... Venga, hecho",0,"jaja! esto es tweet baiting? hace tiempo que un follow no vale nada... venga, hecho.","jaja! Esto tweet baiting. Hace tiempo follow na... Venga, hecho.
","jaja esto tweet baiting hecho
","@user jaja! esto es tweet baiting? hace tiempo que un follow no vale na... venga, hecho
","jaja! esto tweet baiting. hace tiempo follow na... venga, hecho.
"
Creo que mi papá se ha enojado porque le dije que pasaría Año Nuevo con mi mamá y no con él,1,Creo que mi papá se ha enfadado porque le dije que pasaría Año Nuevo con mi mamá y no con él.,Creo papá se enojado porque dije pasar Año Nuevo mamá él.,Creo papá enfadado porque le dije pasaría Año Nuevo mamá él.,Creo que mi papá se ha enojado porque le dije que pasaría Año Nuevo con mi mamá y no con él,"Creo papá enojado porque dije pasar Año Nuevo mamá él.
"
@user Hola Feliz Cumplee pasala genial al lado de tu familia y amigos!! espero me respondas pronto...,2,"@user Hola feliz cumple pasala genial al lado de tu familia y amigos!! espero me respondas pronto...
",@user Feliz Cumple genial familia amigos espero respondas pronto,"@user feliz cumple pasala genial familia amigos espero respondas pronto
","@user hola feliz cumple pasala genial al lado de tu familia y amigos espero me respondas pronto
",@user feliz cumple genial famil amig espero respondas pront
pero si suenan a desmadre total me pongo muy nervioso porque no sé qué puede llegar a pasar,0,pero si suenan a desmadre total me pongo muy nervioso porque no sé qué puede llegar a pasar,pero suenan desmadre total me pongo nervioso porque sé qué puede pasar,pero suenan desmadre total pongo nervioso porque sé qué puede pasar,"pero si suenan a desmadre total me pongo muy nervioso porque no sé qué puede llegar a pasar
","pero suenan desmadre total me pongo nervioso porque sé qué puede pasar
"
y pues bueno seguiremos mirando pelis de terror,1,y pues bueno seguiremos mirando pelis de terror,"seguiremos mirando pelis terror
",seguiremos mirando pelis terror,"y pues bueno seguiremos mirando pelis terror
","seguiremos mirando pelis terror
"
"Gracias por cierto, al que ha donado 10 euros ya al proyecto. Gracias por todo chavales, solo necesitamos 40 al mes para un server",2,"Gracias por cierto, al que ha donado diez euros ya al proyecto. Gracias por todo chavales, solo necesitamos cuarenta al mes para un servidor.
",Gracias donado euros proyecto. Gracias todo chavales necesitamos 40 mes server.,"Gracias donado diez euros proyecto. Gracias todo chavales necesitamos cuarenta mes servidor.
","gracias por cierto, al que ha donado 10 euros ya al proyecto. gracias por todo chavales, solo necesitamos 40 al mes para un server
","gracias donado euros proyecto. gracias todo chavales necesitamos 40 mes server.
"
Lo más triste es que debo llegar a terninar un ensayo para mañana #prayforsergi,0,Lo más triste es que debo llegar a terminar un ensayo para mañana #prayforsergi,"Triste debo terninar ensayo mañana pray Sergi.
",triste debo terminar ensayo mañana praysergi,"Lo más triste es que debo llegar a terninar un ensayo para mañana #prayforsergi
","Triste debo terninar ensayo mañana pray Sergi.
"
"@user Me habría encantado participar o q alguien hubiera contactado conmigo, pero seguro q para próximas galas  Un abrazo",1,"@user Me habría encantado participar o que alguien hubiera contactado conmigo, pero seguro que para próximas galas Un abrazo",user participar alguien contactado seguro próximas galas abrazo,user participar alguien contactado próximas galas Un abrazo,"@user Me habría encantado participar o q alguien hubiera contactado conmigo, pero seguro q para próximas galas  Un abrazo",user participar alguien contactado seguro próximas galas abrazo
Bendito año el que me espera,2,Bendito año el que me espera,"año espera
","Bendito año me espera
","Bendito año el que me espera
","año espera
"
"Nos falta tanto a los peruanos, se nota que nunca tuvimos una gran emergencia, que ni evacuar sabemos eso tarde o temprano pasa factura",0,"Nos falta tanto a los peruanos, se nota que nunca tuvimos una gran emergencia, que ni evacuar sabemos eso tarde o temprano pasa factura.
","Falta peruanos, nota nunca tuvimos gran emergencia, tarde factura.
","Falta peruanos nota nunca tuvimos gran emergencia evacuar tarde factura.
","Nos falta tanto a los peruanos, se nota que nunca tuvimos una gran emergencia, que ni evacuar sabemos eso tarde o temprano pasa factura
","Falta peruanos, nota nunca tuvimos gran emergencia, tarde factura.
"
@user es que solo conozco a una paula y va a mi clase  igual si me pasas foto tuya te recuerdo mira a ver,1,@user es que solo conozco a una paula y va a mi clase igual si me pasas foto tuya te recuerdo mira a ver,@user solo conozco paula va clase te recuerdo mira ver,@user solo conozco paula va clase pasa foto tuya recuerdo mira ver,"@user es que solo conozco a una paula y va a mi clase igual si me pasas foto tuya te recuerdo mira a ver
","@user solo conozco paula va clase te recuerdo mira ver
"
@user Jaja que buena! Lo probare entonces,2,"@usuario Jaja que buena! Lo probaré entonces.
",Jaja buena probare,"usuario buena probaré
","@user jaja que buena! lo probare entonces
","Jaja buena probare
"
@user La quiero aniquilar. Desgraciada.,0,"@user la quiero aniquilar. desgraciada.
","La quiero aniquilar Desgraciada
",user quiero aniquilar desgraciada,"@user la quiero aniquilar. desgraciada
","La quiero aniquilar Desgraciada
"
"@user Jajaja nooo, lo digo porque me parece raro ... Sigo sin ánimos de beber",1,"@usuario Jajaja nooo, lo digo porque me parece raro... Sigo sin ánimos de beber","Jajaja raro ánimos beber.
",usuario raro beber ánimos nooo,"@user jajaja nooo, lo digo porque me parece raro... sigo sin animo de beber
","Jajaja raro ánimos beber.
"
Hermoso sábado del primer mes del 2017 espero disfrutar como espero que tu también..,2,Hermoso sábado del primer mes del 2017 espero disfrutar como espero que tú también.,"sábado primer mes 2017 disfrutar espero tu también
","sábado primer mes 2017 disfrutar espero tú también
","Hermoso sábado del primer mes del 2017 espero disfrutar como espero que tu también
","sábado primer mes 2017 disfrutar espero tu también
"
"@user Pero, baby. Todos merecemos una oportunimándaloalamierda.",0,"Pero, bebé. Todos merecemos una oportunidad.
","Baby. Todos merecemos oportunimándaloalamierda.
",Pero bebé Todos merecemos oportunidad.,"@user Pero, baby. Todos merecemos una oportunidádaloalamierda.
","Baby. Todos merecemos oportunidadaalamierda.
"
@user también que no parezca pulsera de reo eran deberes pendientes  Pero qué menos que 7-10 días,1,"@usuario también que no parezca pulsera de reo eran deberes pendientes. Pero qué menos que 7-10 días.
",@user deberes pendientes Pero menos días.,"usuario pulsera reo deberes días
","@user también que no parezca pulsera de reo eran deberes pendientes Pero qué menos que 7-10 días
","@user deberes pendientes Pero menos días.
"
Espero que mi jefe me de mañana libre,2,Espero que mi jefe me dé mañana libre,Espero jefe me libre,"jefe libre mañana
","Espero que mi jefe me de libre
","Espero jefe me libre
"
Mi hermana se ha adueñado del portátil y no puedo terminar la serie ni hacer nada,0,Mi hermana se ha adueñado del portátil y no puedo terminar la serie ni hacer nada,"hermana portátil terminar serie hacer
","hermana portátil terminar serie hacer
",Mi hermana se ha adueñado del portátil y no puedo terminar la serie ni hacer nada.,"hermana portátil terminar serie hacer
"
#superluna eectativa vs realidad. Gracias • • • • • • • #crc #puravida #costarica…,1,"superluna efectiva vs realidad. gracias.
","superluna reactividad realidad
","superluna realidad gracias
",#superluna eectativa vs realidad. Gracias • • • • • • • #crc #puravida #costarica…,"superluna reactividad realidad
"
@user es una de las cosas más lindas que te enseña la vida,2,@user es una de las cosas más lindas que te enseña la vida,@user cosas lindas vida,@user cosas lindas vida,"@user es una de las cosas más lindas que te enseña la vida
","@user cosas lindas vida
"
@user @user Gracias!! ^-^ Que pena   Pero a la próxima será 👍,0,@user @user gracias pero a la próxima será,Gracias Próxima Será,"gracias próxima será
","@user @user gracias pero pena próxima ser 👍
","Gracias próxima será
"
#puraresponde feliz navidad pura pasalo super,1,pura responde feliz navidad pura pasalo super,pura responde feliz navidad pasalo super,"responde feliz pasalo super
","#puraresponde feliz navidad pura pasalo super
","pura responde feliz navidad pasalo super
"
@user tanto libro chiva que hay Y buen punto... Comida entonces,2,tanto libro chiva que hay y buen punto comida entonces,"libro chiva punto Comida
","libro chiva comida punto buen
","@user tanto libro chiva que hay Y buen punto... Comida entonces
","libro chiva punto comida
"
"Si veis a dos personas tiradas en el suelo de camino al polideportivo de aluche, somos @user y yo sufrien2 por el calor",0,"Si veis a dos personas tiradas en el suelo de camino al polideportivo de aluche, somos @user y yo sufro por el calor.",veis personas tiradas suelo camino polideportivo aluche somos user yo sufrien,veis personas tiradas suelo camino polideportivo aluche somos user yo sufro calor,"Si veis a dos personas tiradas en el suelo de camino al polideportivo de aluche, somos @user y yo sufrin por el calor.","veis personas tiradas suelo camino polideportivo aluche somos user yo sufrien
"
"@user no te disculpes por ser tú misma, eso está genial, en serio",1,"@usuario no te disculpes por ser tú misma, eso está genial, en serio","user disculpes ser tú genial, serio.","usuario disculpes ser tú genial, serio.","@user no te disculpes por ser tú misma, eso está genial, en serio
","usuario disculpe ser tú genial, serio.
"
@user @user fijo está demasiado hermoso,2,"@user @user fijo está demasiado hermoso
",fijo hermoso,"@user @user fijo demasiado hermoso
","@user @user fijo está demasiado hermoso
","fijo hermoso
"
"Ando pillada de tiempo y esto no me deja mandar MP, a ver cuándo podemos comentar  un besazo!",0,"Ando pillada de tiempo y esto no me deja mandar MP, a ver cuándo podemos comentar un besazo",pilla tiempo mandar MP besazo,"Ando tiempo, no me deja mandar MP, ver cuándo podemos comentar besazo.
","Ando pillad de timp y est no me deja mand MP, a ver când pudem coment besaz.
","pilla tiempo mandar MP besazo
"
Es inevitable que salga mi lado niño cuando se trata de fútbol y/o carros,1,"Es inevitable que salga mi lado niño cuando se trata de fútbol y/o carros.
","salida niño fútbol carros
","salga niño fútbol carros
",Es inevitable que salga mi lado niño cuando se trata de fútbol y/o carros,"salida niño fútbol carros
"
Trabajar con un buen ambiente y gente que mola es otro nivel,2,"Trabajar con un buen ambiente y gente que gusta es otro nivel.
","Trabajar gente buen ambiente nivel.
","Trabajar gente buen ambiente gusta nivel.
",Trabajar con un buen ambiente y gente que mola es otro nivel,"trabajar gente buen ambiente nivel
"
"Que se hace cuando mi mamá tiene facebook, y no me da pelota por estar metida en el celular.",0,"que se hace cuando mi mamá tiene facebook, y no me da pelota por estar metida en el celular","se hace mamá facebook no me da pelota estar metida celular
","se mamá facebook, no me pelota estar metida celular.","Que se hace cuando mi mamá tiene facebook, y no me da pelota por estar metida en el celular.
","se hace mamá facebook no me da pelota estar metida celular
"
Mi niña que es tan inteligente me dijo esta mañana por teléfono: mamá que te vaya bien con el huracán. Dos días sin verla,1,"Mi niña que es tan inteligente me dijo esta mañana por teléfono: mamá que te vaya bien con el huracán. Dos días sin verla.
",Niña inteligente dijo mañana teléfono: mamá te vaya huracán. Dos días verla.,Niña inteligente dijo mañana teléfono: mamá te vaya huracán. Dos días verla.,"Mi niña que es tan inteligente me dijo esta mañana por teléfono: mamá que te vaya bien con el huracán. Dos días sin verla.
","Niña inteligente dijo mañana teléfono: mamá te vaya huracán. Dos días verla.
"
@user @user los dos amigos menos quejicas que tengo,2,@user @user los dos amigos menos quejicas que tengo,"amigos quejicas tengo
","amigos menos quejicas tengo
","@user @user los dos amigos menos quejicas que tengo
","amigos quejas tengo
"
Tengo una adicción muy seria al burguer King necesito ayuda profesional,0,Tengo una adicción muy seria al Burger King necesito ayuda profesional,"adicción burguer King ayuda profesional
",adicion Burger King ayuda profesional,Tengo una adicción muy seria al burguer King necesito ayuda profesional,"adicción burguer profesional
"
Amaia Montero en el estudio de grabación en Londres preparando una sorpresa muy especial. ¿Qué será?,1,Amaia Montero en estudio grabación Londres preparando sorpresa especial. ¿Qué será?,Amaia Montero estudio grabación Londres sorpresa. ¿Qué,Amaia Montero estudio grabación Londres preparando sorpresa,Amaia Montero en estudio grabación Londres preparando sorpresa especial ¿Qué,"Amaia Montero estudió grabación Londres sorpresa. ¿Qué
"
He vuelto a escuchar Orishas 5 años después y es maravilloso,2,"He vuelto a escuchar Orishas 5 años después y es maravilloso
","vuelvo escuchar Orishas años maravilloso
","vuelvo escuchar Orishas años maravilloso
","He vuelto a escuchar Orishas 5 años después y es maravilloso
","vuelvo escuchar orishas años maravilla
"
Nos están matando las rusas a la contra,0,Nos están matando las rusas a la contra,matando rusas contra,matando contra,"Nos estén matando las rusas a contra
","matando rusas contra
"
quién se viene conmigo mañana a beber a embarca ??,1,quién se venir conmigo mañana a beber a embarca,"viene mañana beber embarca
","venir beber embarca
","quién se viene conmigo mañana a beber a embarca??
","viene mañana beber embarca
"
@user siempre es bueno la opinión de un playo,2,"@user siempre es bueno la opinión de un playa
","bueno opinión playo
","bueno opinión playa
",@user siempre es bueno la opinión de un playo,"bueno opinión playo
"
Quiero mimos. Y un zumo de naranja. Estoy enfermita,0,"Quiero mimos. Y un zumo de naranja. Estoy enfermito.
","Quiero mimos zumo naranja enfermita.
","Quiero mimos  zumo naranja  Enfermito.
","Quiero mimos. Y un zumo de naranja. Estoy enfermita.
","Quiero mimos zumo naranja enfermita.
"
"Yo sé que a Yixing no se le da mucho el ser gracioso, pero se esfuerza. Cada que lo intenta nos sale con nuevos memes, pero se esfuerza",1,"Yo sé que a Yixing no se le da mucho el ser gracioso, pero se esfuerza. Cada que lo intenta nos sale con nuevos memes, pero se esfuerza.
","Sé que Yixing no se le da mucho el ser gracioso, pero esfuerza. Cada que lo intenta nos sale con nuevos memes, pero esfuerza.
","Sé que Yixing no se le da mucho ser gracioso, se esfuerza. Cada intenta nos sale nuevos memes, se esfuerza.
","Yo sé que a Yixing no se le da mucho el ser gracioso, pero se esfuerza. Cada que lo intenta nos sale con nuevos memes, pero se esfuerza.
","Sé que Yixing no se le da mucho el ser gracioso, pero esfuerza. Cada que lo intenta nos sale con nuevos memes, pero esfuerza.
"
"@user Hola, me dijo que estaba bien, fuertes aguaceros y mucho viento pero todo bajo control. Gracias por preguntar",2,"@user Hola, me dijo que estaba bien, fuertes aguaceros y mucho viento pero todo bajo control. Gracias por preguntar",@user Hola me dijo estaba bien fuertes aguaceros mucho viento todo bajo control Gracias preguntar,@user Hola me dijo estaba bien fuertes aguaceros mucho viento todo bajo control Gracias preguntar,"@user hola, me dij que estb bien, fuertes aguaceros y mucho viento pero todo bajo control. gracias por preguntar
",@user hola me dij estaba bien fuertes aguaceros mucho viento todo bajo control gracias preguntar
A esta ciudad la siento más propia cuando está la gente que quiero. Ni tenemos 25 y ya nos agarro la ola migratoria de amig,0,"A esta ciudad la siento más propia cuando está la gente que quiero. Ni tenemos 25 y ya nos agarra la ola migratoria de amigos.
",ciudad siento propia gente quiero. tenemos 25 ya agarro ola migratoria amig.,ciudad siento propia gente quiero tenemos 25 agarra ola migratoria amigos,"A esta ciudad la siento más propia cuando está la gente que quiero. Ni tenemos 25 y ya nos agarro la ola migratoria de amig
",ciudad siento propia gente quiero. tenemos 25 ya agarro ola migratoria amig
@user Lo normal es aburrido.,1,"lo normal es aburrido
","user aburrido
","normal aburrido
","@user lo normal es aburrid
","usuario aburrido
"
Pero fue bueno improvisadamente bueno.,2,"Pero fue bueno improvisadamente bueno.
","Pero fue bueno improvisadamente bueno.
","Pero fue bueno improvisadamente bueno.
","Pero fue bueno improvisadamente bueno.
","Pero fue bueno improvisadamente bueno.
"
Nunca voy a entender porque se fueron a eeg... El verdadero combate peru se fue ahi no se porque! TE VEO Y ME PICA VICICONTE,0,"Nunca voy a entender porque fueron a EEG... El verdadero combate Perú se fue ahí no se porque! Veo y pica vicontes.
","Nunca voy entender porque se fueron eeg... verdadero combate peru se fue ahi no se porque! TE VEO PICA VICICONTE.
","Nunca voy entender porque fueron EEG... verdadero combate Perú se fue ahí no se! Veo pica vicontes.
","Nunca voy a entender porque se fueron a eeg... El verdadero combate peru se fue ahi no se porque! TE VEO Y ME PICA VICICONTE
","Nunca voy entender porque se fueron eeg... verdadero combate peru se fue ahi no se porque! TE VEO PICA VICICONTE.
"
Jajajja recién. Me acuerdoo que ayer me metieron un galletaso jajaja,1,Jajajja recién. Me acuerdo de que ayer me metieron un galletazo jajaja,"Recién. Me acuerdo galletaso jajaja.
",Recién me acuerdo ayer me metieron galletazo jajaja,"Jajajja recién. Me acuerdo galletaso jajaja
","Recién. Me acuerdo galletaso jajaja.
"
@user es un amor viste el nuevo ep ¿¿¿ solo he visto el preview del ep de mañana y matan a la amiga de haesoo a pesar,2,es un amor viste el nuevo ep solo he visto el preview del ep de mañana y matan a la amiga de haesoo a pesar,user amor viste ep preview ep mañana matan amiga haesoo pesar,"amor viste nuevo ep solo he visto preview ep mañana matan amiga haesoo pesar
",@user es un amor viste el nuevo ep ¿¿¿ solo he visto el preview del ep de mañana y matan a la amiga de haesoo a pesar,"user amor viste ep preview ep mañana matan amiga haesoo pesar
"
"@user @user @user vale, pero de Rodrigo yo espero poco y Nani es una puta incógnita como va a rendir. Falta un 9",0,"@user @user @user vale, pero de rodrigo yo espero poco y nani es una puta incógnita como va a rendir. falta un 9.
", Rodrigo yo espero poco Nani incógnita va rendir Falta 9,"rodrigo nani puta incógnita va rendir falta 9
","@user @user @user vale, pero de rodrigo yo espero poco y nani es una puta incógnita como va a rendir. falta un 9
","Rodrigo yo espero poco Nani incógnita va rendir Falta 9
"
"@user y repito: lo siento por no haberte hecho nada hay un gran evento en mi país (La Romería) y no he tenido tiempo, apenas pueda",1,"@user y repito: lo siento por no haberte hecho nada hay un gran evento en mi país (La Romería) y no he tenido tiempo, apenas pueda",@user repito lo siento haberte nada gran evento país Romería no he tiempo apenas pueda,@user repito lo siento haberte hecho evento país Romería tiempo pueda,"@user y repito: lo siento por no haberte hecho nada hay un gran evento en mi país (la romería) y no he tenido tiempo, apenas pueda","@user repito lo siento haberte nada gran evento país romería no he tiempo apenas pueda
"
@user ningún inconveniente. Excelente servicio! 4G al máximo... Felices fiestas navideñas,2,"ningún inconveniente. excelente servicio! 4g al máximo... felices fiestas navideñas
","servicio
4G máximo
Felices fiestas","inconveniente, servicio, 4g, máximo, felices, fiestas, navideñas","@user ningún inconveniente. excelente servicio! 4g al máximo... felices fiestas navideñas
","servicio
4g máximo
felices fiestas
"
tengo súper ganas de comerme un peaso de ciego que flipasss pero la cosa es con quién pq nadie quiere beber,0,"tengo súper ganas de comer un peazo de ciego que flipe pero la cosa es con quién pq nadie quiere beber
",tengo ganas comerme peaso ciego flipasss cosa quién beber,"comer peazo flipe beber
","tengo súper ganas de comerme un peaso de ciego que flipass pero la cosa es con quién pq nadie quiere beber
","tengo ganas comer peaso ciego flip cosa quién beber
"
"Me gustaría pensar que me están haciendo un bluffing, de esos que yo haría. Pero algo me dice que no es así",1,"Me gustaría pensar que me están haciendo un bluff, de esos que yo haría. Pero algo me dice que no es así.
","pensar bluffing haría no es así
",pensar me están bluff esos haría no es así.,"Me gustaría pensar que me están haciendo un bluff, de esos que yo haría. Pero algo me dice que no es así.
","pensar bluffing haría no es así
"
"@user @user Pues perfecto, una buena cerveza entra siempre bien",2,"@user @user pues perfecto, una buena cerveza entra siempre bien",@user @user perfecto cerveza buena entra siempre bien,"user cerveza buena
","@user @user pues perfecto, una buena cerveza entra siempre bien
","@user @user perfecto cerveza buena entra siempre bien
"
@user pero esa no es bonita,0,pero esa no es bonita,"@user pero esa no bonita
","pero esa no bonita
","@user pero esa no es bonita
","@user pero esa no bonita
"
"@user Por cierto, para tu trabajo, el alcoholismo no es una opción.",1,"@user Por cierto, para tu trabajo, el alcoholismo no es una opción.
",@user trabajo alcoholismo opción.,"alcoholismo opción
","@user por cierto, para tu trabajo, el alcoholismo no es una opción.
","@user trabajo alcoholismo opción.
"
@user feliz navidad tu cuenta es maravillosa,2,@user feliz navidad tu cuenta ser maravillosa,"feliz navidad cuenta maravillosa
",feliz navidad cuenta maravillosa,"@user feliz navidad tu cuenta es maravillosa
","feliz navidad cuenta maravillosa
"
"@user vieras dolor jure nunca más volver a ese lugar, queda en PZ para los interesados",0,"@user viéras dolor jure nunca más volver a ese lugar, queda en PZ para los interesados
","vieras dolor jure volver lugar queda PZ interesados
","viéras dolor jure volver lugar quedar PZ interesados
",@user vier dolor jure nunca más volver lugar quedar PZ interesados,"vieras dolor jure volver lugar queda interes
"
"Me quedan 2 capítulos de la sexta temporada de PLL, y no quiero acabarla porque sino hasta que doblen la 7 no podré ver nada más",1,"Me quedan 2 capítulos de la sexta temporada de PLL, y no quiero acabarla porque sino hasta que doblen la 7 no podré ver nada más.
","Quedan capítulos sexta temporada PLL, quiero acabarla sino doblen 7 podré ver nada más.
","Quedan capítulos temporada sexta PLL no quiero acabarla porque sino doblen 7 no podré ver nada más.
","Me quedan 2 capítulos de la sexta temporada de PLL, y no quiero acabarla porque sino hasta que doblen la 7 no podré ver nada más.
","Quedan capítulos sexta temporada PLL, quiero acabarla sino doblen 7 podré ver nada más.
"
@user @user Ha sido un placer volver a veros juntos en #PreguntasWigetta,2,@user @user ha sido un placer volver a veros juntos en #preguntaswigetta,"Volver ver juntos PreguntasWigetta
","ha placer ver juntos preguntaswigetta
",@user @user ha sido un placer volver a veros juntos en #preguntaswigetta,"Volver ver juntos PreguntasWigetta
"
Se acabo lo bueno no tardes en volver   hasta el año que viene,0,Se acabó lo bueno no tardes en volver hasta el año que viene,acabo bueno tardes volver año viene,acabo bueno tardes volver año viene,"Se acab lo bueno no tardes en volver hasta el a o que viene
","acabo bueno tardes volver año viene
"
"@user Como embajador de @user, @user necesitaría una foto así  @user @user @user @user",1,"@user como embajador de @user, necesitaría una foto así @user @user @user @user","Como embajador foto así. 
","como embajador foto así
","@user como embajador de @user, @user necesitaría una foto así  @user @user @user @user
","Como embajador foto así.
"
Como me hace feliz caminar,2,Como me hace feliz caminar,Me hace feliz caminar,Como caminar feliz,"Como me hace feliz caminar
","Me hace feliz caminar
"
@user Te extraño un monton amor,0,@user te extraño un montón amor,@user amor extraño monton,user extraño montón amor,"@user te extraño un monton amor
","@user amor extraño monton
"
@user Quien es más fuerte Sophia Bush o Superman?,1,"@usuario ¿Quién es más fuerte, Sophia Bush o Superman?","Sophia Bush Superman
",¿usuario Sophia Bush Superman fuerte,@user quien fuerte Sophia Bush Superman,"Sophia Bush Superman
"
"@user Pues tan sencillo porque en su día me puse a hacerlo y es de lo que mas encargos me hacen, aparte tengo mas estilos crack",2,"pues, tan sencillo porque en su día me puse a hacerlo y es de lo que más encargos me hacen, aparte tengo más estilos crack",Pues sencillo porque día hice lo que mas encargos me hacen aparte estilos crack,sencillo hacerlo encargos más estilos,"@user pues sencillo porque en día me puse hacerlo y es de lo que mas encargos me hacen, aparte tengo mas estilos crack
","pues sencillo porque día hice lo que mas encargos me hacen aparte estilos crack
"
Último día Isla Bonita y mis amigas están tristes por eso las extrañaré,0,Último día Isla Bonita y mis amigas están tristes por eso las extrañaré,"Día Isla Bonita amigas tristes extrañaré.
","Día Isla Bonita amigas tristes extrañaré.
","Último día Isla Bonita y mis amigas están tristes por eso las extrañaré
","Día Isla Bonita amigas tristes extrañaré.
"
@user cuenten conmigo Todo por Zabdi,1,@usuario cuenten conmigo todo por zabdi,"cuenten usuario Todo Zabdi
",usuario cuenten zabdi,"@user cuenten conmigo Todo por Zabdi
","cuent usuario Todo Zabdi
"
Caminar un rato siempre es bueno #gamers #paseo #disfrutalavida @ Miraflores,2,Caminar un rato siempre es bueno #gamers #paseo #disfrutalavida @ Miraflores,Caminar rato bueno gamers paseo disfrutar vida Miraflores,Caminar rato bueno gamers paseo disfrutar vida Miraflores,"Caminar rato siempre bueno #gamers #paseo #disfrutalavida @ Miraflores
","Caminar rato bueno gamer paseo disfrutar vida Miraflores
"
"@user Lo sé, a pesar de saber que no debería simplemente enamorarme de una cara bonita como la tuya... Soy muy superficial",0,"sé, a pesar de saber que no debería simplemente enamorarme de una cara bonita como la tuya... soy muy superficial",@user sé pesar saber no debería enamorarme cara bonita tuya Superficial,"enamorarme cara bonita superficial
","@user Lo sé, a pesar de saber que no debería simplemente enamorarme de una cara bonita como la tuya... Soy muy superficial.
","@user sé pesar saber no debería enamorarme cara bonita tuya superficial
"
@user a tu PI? Pues asumo que si. Será tipo conferencia y te daremos certificado. Pasame tu nombre completo,1,@usuario a tu pie? Pues asumo que sí. Será tipo conferencia y te daremos certificado. Pasame tu nombre completo,@user  asumo  Será  conferencia  te  daremos  certificado  Pasame  nombre  completo,usuario pie conferencia certificado nombre completo,@user a tu pi? pues asumo que si. ser tipo conferencia y te daremos certifica. pasame nombre completo,@user asumo Será conferencia te daremos certificad Pasame nombre complet
Como me mola ver lo que escuece en la cool dark left las manifestaciones multitudinarias que no les gustan. Suele ser buena señal,2,"Como me gusta ver lo que sucede en la cool dark left las manifestaciones multitudinarias que no les gustan. Suele ser buena señal.
","Me mola ver escuece cool dark left manifestaciones multitudinarias no les gustan buena señal.
",me gusta ver sucede cool dark izquierda manifestaciones multitudinarias les gustan buena señal,Como me mola ver lo que escuece en la cool dark left las manifestaciones multitudinarias que no les gustan. Suele ser buena señal,"me mola ver escuece cool dark left manifestaciones multitudinarias no les gustan buena señal
"
@user igual ese proyecto de ley no va a progresar así que anda ve a llorar al río pobre moralista y triste animal jajaja!,0,@user igual ese proyecto de ley no va a progresar así que anda ve a llorar al río pobre moralista y triste animal jajaja,"proyecto ley progresar anda ve llorar río pobre moralista triste animal
","proyecto ley progresar río moralista animal
","@user igual ese proyecto de ley no va a progresar así que anda ve a llorar al río pobre moralista y triste animal jajaja
","proyecto ley progresar anda ve llorar río pobre moralista triste animal
"
@user justo hoy tengo la cena de fin de año del trabajo y vine en vestido,1,"justo hoy tengo la cena de fin de año del trabajo y vine en vestido
","justo hoy tengo cena trabajo vestido
","justo hoy tengo cena fin año trabajo vine vestido
","@user justo hoy tengo la cena de fin de año del trabajo y vine en vestido
","justo hoy tengo cena trab vist
"
#FF a los magníficos de @user !!,2,"#FF a los magníficos de usuario!!
","magníficos usuario
","magníficos usuario
","#FF a los magníficos de @user!!
","magnífico usuario
"
No puedo poner el insta histories ese raro  alguna ayuda?,0,No puedo poner el insta historias ese raro alguna ayuda,"puedo poner insta histories raro ayuda
",puedo poner insta historias raro ayuda,No puedo poner el insta historias ese raro ayuda alguna,"puedo poner insta historias raro ayuda
"
Apagado o fuera de cobertura,1,Apagado o fuera de cobertura,"Apagado fuera cobertura
",Apagado fuera cobertura,"Apagado o fuera de cobertura
","Apagado fuera cobertura
"
"@user Bellísima. La imagen con el hell-hound me ha conqusitado *_* Justo hoy hacía una reseña de la primera película de ""Predator"".",2,"Bellísima. La imagen con el hell-hound me ha conquistado *_* Justo hoy hacía una reseña de la primera película de ""Predator"".
","Bellísima. Imagen hell-hound me ha conqusitado Justo hoy hacía reseña primera película Predator.
",Bellísima imagen hell-hound conquistado reseña primera película Predator.,"@user Bellisim. La imagen con el hell-hound me ha conqusitado *_* Justo hoy hacía una reseña de la primera película de ""Predator"".
","Bellísima. Imagen hell-hound me ha conqusitado Justo hoy hacía reseña primera película Predator.
"
