Text,Label,Text_lemmatized,Text_nostopwords,Text_lemmatized_nostopwords,Text_stemmed,Text_nostopwords_stemmed
estoy hasta el ojete de que me digáis que tengo cara de mala leche,0,estoy hasta ojete de que me digas tener cara de mala,hasta ojete digáis tengo cara mala leche,hasta ojete tener cara mala,estoy hasta el ojete de que me digáis que tengo cara de mal,hasta ojete digais tener cara mal leche
@user Por?  Tenía pensado verla después de la segunda de Daredevil,1,@user por tener pensado verla después de la segunda de estar,@user Tenía pensado verla segunda Daredevil,tenido ver después segunda estar,@user por ten pensado verla despues de la segund de daredevil,@user Tenía pensado verla segund daredeville
Esto de estar feliz mola,2,esto estar feliz gustar,Esto feliz mola,estar feliz gustar,Esto de estar felí mola,Esto felic mola
Ya no es tan divertido,0,Ya no ser divertido,Ya divertido,Ya divertido.,Ya no es tan diverti.,Ya divirti
"@user te recuerdo que soy una persona que tiene criterio, equivocado, pero lo tengo",1,"@user te recordar soy una persona que tener criterio, equivocado, pero lo tener",soy persona que tiene criterio equivocado pero lo tengo,te recordar soy persona que criterio equivocado pero lo tener,"@user te recuerdo que soy una persona que tiene criterio, equivoco, pero lo tengo",soy persona que tener criterio equivocado pero tener
@user @user @user con una pequeña donación hará felices a miles de chicas que no tienen  #asociacionmariloli,2,@user @user @user con una pequeña donación hará feliz a miles de chica que no tiene  #asociacionmariloli,con pequeña donación hará felices a miles chicas no tienen #asociacionmariloli,con pequeña donación hará feliz miles chica no tiene #asociacionmariloli,@user @user @user con un pequen florec hará felices a miles de chica que no tienen  #asociamarili,con peq SMALL_donación hará feliz a miles chica no tienen #asoc mariloli
He probado una nueva espuma para el pelo y sí que lo deja más rizado pero se queda como efecto gomina y no me gusta.,0,He probar una nueva espuma para el pelo y sí que lo dej más rizado pero se quede como efecto gomina y no me gust.,probado nueva espuma pelo sí deja más rizado pero queda efecto gomina me gusta,probar nueva espuma pelo sí dej más rizado quede efecto gomina me gust,He proba un nou espum per pel i si que lo deix mas riz pero se queda com efect gomina i no me gust.,probado nuevo espuma pelo si deja mas rizado pero quedar efecto gomina me gusta
@user Ojalá pudiera darte el abrazo en vivo o al menos acompañarte hoy. Siento mucho lo de tu primo,1,@user ojalá pudiera dar abrazo vivo o al menos acompañar hoy. siento mucho lo de tu primo,Ojalá pudiera darte abrazo vivo o al menos acompañarte hoy. Siento mucho lo de tu primo,dar abrazo vivo acompañar siento mucho primo,@user ojala pudier pudier accompagn tod tu prim,Ojalá pudiera dar abrazo vivo o al menos accompániate hoy. Siento mucho lo de tu prim.
@user aquí tienes a mi bae aka una egipcia preciosa que esta aprendiendo español. Os llevareis bien  @user,2,@aqui tienes a mi bae aka una egipcia preciosa que esta aprendiendo espanol. os llevaris bien @user,@user tienes mi bae aka egipcia preciosa aprendiendo español. Os llevareis bien  @user,tienes mi bae aka una egipcia preciosa que esta aprendiendo espanol. os llevaris bien @user,@user aki tienes a mi bae aka una egipcia preciosa que esta aprendi espagnol. os llevai bien  @user,@user ten mi bae aka egipcia preciosa aprendi español. os llevi bien  @user
"@user ya somos dos, que triste",0,"@user ya seremos dos, que triste.",ya somos dos triste,seremos triste,"@user ya somos dos, que trist.",ya somos dos trist
JUAS ahora dicen que la paja se la van a hacer con Tracer y su novia. Porque siempre se puede caer más bajo aún ¿no?,1,juar ahora decir que la paja se la van a hacer con tracer y su novia. porque siempre se puede caer más bajo aún ¿no?,ahora dicen que la paja se la van a hacer con Tracer y su novia porque siempre se puede caer más bajo aún,decir paja tracer novia caer bajo,JUAS ahora dicen que la paj se la van a hacer con Trac y su novia. Porque siempre se puede caer m slo aún ¿no?,ahor now dicen que la paj se la van a hacer con tracer y su novi porque siempre se puede caer m s b jロー低温模式，不再生成解释性内容或低级 aún'.
#2AñosDeLegiónHolk Llevo como unos 8 meses Talvez menos o mas no sé Me enseñaron y demostraron que LH es algo magico,2,#2AñosDeLegsL Holgar Llevo como un 8 mes Talvez menos o más no sé Me enseñaron y demostraron que LH es algo mágico,#2AñosDeLegcciónHolk Llevo como unos 8 meses Talvez menos o mas Me enseñaron y demostraron que LH es algo magico,#2AñosDeLegL Holgar Llevo como 8 mes Talvez menos más Me enseñaron demostraron que LH es algo mágico,#2AñosDeLégionHolka Llevó Como Unos 8 Meses Talvez Menos O Más No Sé Me Enseñaron Y Demostraron Que LH Es Algo Mágico,#2AñosDeLegciónHolg Lleva Comos Un 8 Meses Talvez Menos O Mas Me Enseñaron Y Demostraron Que LH Es Algo Magico
"🌼 severus snape 🌼  -pobresito  -nunca le odié, me parecía muy estricto e injusto pero sabía que algo pasaba...",0,"🌼 sereverus Snape 🌼  -pobresito  -nunca le odie, me parecia muy estrito e injusto pero sabia que algo pasaba...",🌼 severus snape 🌼 -pobresito -nunca le odié me parecía muy estricto injusto sabía que algo pasaba,sereverus Snape -pobresito nunque le odie me parecia muy estrito e injusto pero sabia que algo pasaba,"🌼 sev snapp 🌼  -pobresti  -nunca le odie, me parecia muy estric e injust pero sabia que algo pas...",🌼 sev snapp 🌼 -pobresti -nunca le odie me parecia muy estricto injusto sabia que algo pasaba
"@user es chevre las letras!! sabes q dia es mañana,....",1,@user ser chevr letra sabes que dia es mañan,"@user chevre letras!! sabes q dia es mañana,...",@user chevr letra sabes que dia es mañan,"@user es chevre las letre!! sabes q dia es mañan,....","@user chevre letre!! sabeq dia es manan,..."
Se echa de menos  #digital #art #life @ Escuela Superior de Arte y Tecnología (ESAT) http,2,Se ech de men  #digita  #arte  #vida  @ esco super art tec (esat) http,#digital #art #life @EscuelaSuperiordeArteyTecnología(ESAT),#digita #arte #vida @esco super art tec (esat),Se ech de men #digit #art #life @ Ecsup Es Ar y Tec (ESEAT) http,#digit #arte #vida @EscuelaSuperiordeArteyTecnolog(ESAT)
"Esta ceniza me tiene harta, me arden los ojos",0,"Esta ceniza me tiene hartada, me arden los ojos","Esta ceniza me tiene harta, me arden los ojos.","Esta ceniza me tiene hartada, me arden los ojos.","Esta ceniz me ten hart, me arden ojo.","Esta ceniz me ten hart, me ard los ojo."
¿Aprender Motion Graphics en #Barcelona sin que me cueste un riñón es posible? ¿Alguien conoce algún sitio?,1,Aprender motion graphics en Barcelona sin que me cueste un riñón sea posible? Alguien conoce algún sitio?,Aprender Motion Graphics Barcelona posible alguien conocer sitio,Aprender motion graphics Barcelona posible alguien conoce sitio,'Aprender Motion Grapic en #Barcelon sin que me cueste un rinon es posibl? Alguien conoce algun sítio?',Aprendi motion grafic Barcelona posibl alguien conoc sitio
@user No. tampoco soy cursi,2,@user no. tampoco soy ser,@user soy cursi,soy,@user no tampoco soy cursi,@user soy curso
En fin estoy hasta los huevos del 90% de las personas así que.,0,En fin estar hasta los huevos del 90% de las personas así que.,estoy hasta los huevos,En fin hasta los huevos del 90% de las personas así que.,En fin est yo hasta los huevo del 90% de las persona así que.,estoy hasta los huevos
"@user jajajajaja, ¡qué linda! Yo también me puse re feliz cuando me enteré, nos dejan un álbum antes que TOP se vaya al servicio",1,"@user jaja, qué lindo! yo también me puse re feliz cuando me enteré, nos dejan un álbum antes que top se vaya al servicio","@user jajajajaja, qué linda me puse re feliz cuando me enteré nos dejan un álbum antes que TOP se vaya al servicio","jaja, lindo, también, me, puse, feliz, cuando, enteré, dejan, álbum, antes, top, servicio","@user jajajajaja, qué lind, yo también me puse re fel before que top se vaya al servici","@user jajaja, qué linda me puse re feliz cuando me enteré nos dejen un álbun antes que top se vaya al servici"
@user     Ya está preparando cosillas nuevas jeje,2,@user Ya está preparar cosa nuevo jeje,Ya preparando cosillas nuevas jeje,Ya preparar cosa nuevo,@user     ya está preparar cosa nuevo jeje,Ya prepar cosillas nuevas jeje
"@user Jo, yo que me había ilusionado",0,"@user Jo, yo que me había ilusionarme.",@user Jo me había ilusionado,@user Jo me había ilusionarme.,"@user jo, yo que me habí ilusiónado",@user io me habia ilusionad
Si la U cerró todo... entonces yo estoy libre hasta el lunes,1,Si la U cerró todo... entonces yo estoy libre hasta el lunes.,Si U cerró todo entonces yo estoy libre hasta el lunes,Si U cerró todo entonces estoy libre hasta el lunes.,Si la u cerr todo... entonces yo est libre hasta el lun.,Si cierr todo enton est libre hasta lun
Hoy toca escuchar a #MiguelRios con otros grandes artistas...  #Insurrección...,2,Hoy toca escuchar a #MiguelRios con otros gran artista... #Insurrección...,Hoy toca escuchar MiguelRios otros grandes artistas Insurrección,Hoy toca escuchar Miguel Rios gran artista... Insurrección...,Hoy toca escuchar a #MiguelRios con otros gran artista....  #Insurrecciòn....,Hoy toca escuchar MiguelRios otro gran artista insurrecció
"@user @user qué tendrá brozas.. jaajajaja que me descontrola, será la mala influencia",0,"@user @user qué tener broza.. jaajajaja que descontrolar, sera la influencia",qué descontrola sera influencia,qué tener broza jaajajaja descontrol sera influencia,@user @user qué tendrá broz jaajajaja que me descontrola ser será la mala influencia,qué descontrole serar influenciar
@user Katy le dió like en instagram y en mis Rt hace dos días los vieron juntos,1,@user Katy me dio en Instagram y en mis_rt hace dos días los vieron juntos,Katy dio like en instagram y en mis Rt hace dos días los vieron juntos,KatyInstagrammis_rtjuntos,@user Kat le dio ot en insta y en mis rt hace dos d los v juntos,Katy dio at en instagram y en mis rt hace dos díás los vieron juntos
"Voy a jugar mi primera ranked de 10. Hmm no se si la liaré o no, pero bronce V me espera y mañana jugaré poco o nada, so a jugársela",2," Voy jugar mi primer ranked de. Hmm no sé si la liare o no, pero bronce me espera y mañana jugaré poco o nada, así jugársela.",Voy jugar primera ranked 10 Hmm se si liaré bronce me espera mañana jugaré poco nada so jugársela,Voy jugar primer ranked Hmm sé liare bronce me espera mañana jugaré poco nada así jugársela," Voy a jugá mi primér rank de 10. Hmm no sé si la liará o no, pero bronce me espera y mañana jugá poco o nada, so a jugársela.", Voy jug prim rank 10 hmm se si liará bronce me espera ma jugará poco nada so jugársela
Cuando le he dicho a la bollo que estoy morena se ha reído en mi cara,0,Cuando decirle a la bollo que estar serena se ha reír en mi cara,Cuando le he dicho a bollo que estoy morena se ha reído cara,decirle bollo serena reír,Cuando le he decir a la bollo que estar moreno se ha reí en mi cara,Cuando le he deciir a bollo que esté moreno se ha reíd cara
@user @user @user @user lo importante es saber cuando! Por si hay que evitar compras foráneas,1,@user @user @user @user lo importante es saber cuando! por si hay que evitar comprar foránea.,lo importante saber cuando! compra foráneas,lo importante saber cuando comprar foránea,@user @user @user @user lo importe ser saber cuand! por si hay que evitar compr forane,lo import import saber cuando! compr foráne import
Sin duda @user fue una experiencia preciosa  @user @user Y habrá más!,2,Sin duda fuí una experiencia preciosa  fuí fuí Y habrá más!,Sin duda fue experiencia preciosa habrá más!,Sin duda experiencia preciosa habrá más!,Sin dud@ f@ une xper@ncia preci@ Y hbr m@s!,Sin dud fut experienc preciosa har haver!
"Como sé que les re interesa, les actualizo: me dijo que sí a ver una peli pero me habló de un pibe dándome a entender que están saliendo",0,"Como saberles re interesar, les actualizo: me dijo que ver una peli pero me habló de un pibe darme a entender que salirán",re interes actualizo dijo sí ver peli habló pibe dándo entendiendo saliendo,saberles re interesar actualizo dijo ver peli darme entender salirón,"Como s sé que les re interesa, les actualiz: me dij que sí a ver una peli pero me habl de un pibe dándome a entender que estn saliendo",re interes actualiz dijo sí ver peli habl pibe dando entendiendo sali
como entraba una conversación de estas largas de hablar toda la noche con alguien,1,como entrar conversación larg hablar toda la noche con alguien,entraba conversación larg long hablar noche alguien,entrar conversación larg hablar noche alguien,como entrar conversar larga hablar toda noche alguien,entra convers larg long hablar noche alguien
una Go-Pro de calidad! proteccion bajo el agua y soporte de cabeza    porq ago tantas caras...OK EN FIN!,2,una Go-Pro calidad proteccion bajo agua soporte cabeza porq costo tant tan car ok fin,Go-Pro calidad proteccion bajo agua soporte cabeza car OK EN FIN,Go-Pro calidad proteccion bajo agua soporte cabeza costo tan car ok fin,una go-pro cali! proteccin bjo l agu y soppo de ceb    pq ago tann c ar...ok en fin!,calidad protecc soporte cabe OK EN FIN
Se que la pena de muerte no es algo bueno . Pero que diablos podemos hacer con los violadores ! Yo no le veo otra salida,0,S ver que la pena de muerte no es algo bueno. Pero qué diablos podemos hacer con los violadores! Yo no le veo otra salida'.,que pena de muerte algo bueno Pero diablos podemos hacer violadores no le veo otra salida,ver pena de muerte algo bueno Pero qué diablos podemos hacer violadores Yo le veo otra salida,Se que la pen de muert no es algo bueno. Pero que diablos podemos haz con los violador! Yo no le veo otra salida'.,que pena de muert algo bueno pero diablos podemos haz violad no le veo otra salid
"@user se llama Wolf, es la mascota #SeSalen en apoyo a los deportistas paralímpicos  Más inf http 😃",1,"@user llamarse Wolf, ser la mascota #SeSalen en apoyo a los deportista paralímpico  Más inf http 😃","@user Wolf, mascota #SeSalen deportistas paralímpicos Más inf 😃",@user llamarse Wolf mascota #SeSalen apoyo deportista paralímpico Más inf 😃,"@user se llama wolf, es la mascota #sesalen en apoyo a los deportista paralimpico  mas inf http 😃","@user Wolf, mast #SeSalen deporti paralímp par Más inf 😃"
Que dicha que hay trabajo y salud y vacaciones también,2,Qué decir que hay trabajo y salud y vacaciones también,dich trabajo salud vacaciones también,decir trabajo salud vacaciones también,Que dicha que hay trabaj y salud y vaciin también,trabajo salud vacación también
@user Impresionante. Una pena que hoy no pueda hacer una foto del atardecer.. P.d Gracias guapiño,0,@user impresionante. una pena que hoy no pueda hacer una foto del atardecer.. p.d gracias guapo.,Impresionante pena foto atardecer Gracias guapiño,impresionante pena hoy foto atardecer p.d gracias guapo,@user impresionant atarca photot hoy no pued hacer fot atardec p d gracias guapi,Impresion pena foto atardec gracias guapiño
"Este viernes iré al cine a ver #NoRespires para celebrar mi cumple. Por cierto, no estáis invitados",1,"Este viernes ir estar al cine ver NoRespires para celebrar mi cumple. Por cierto, no estar invitado.",Este viernes al cine ver NoRespires celebrar cumple,Este viernes al cine ver NoRespires celebrar cumple,Este viernes ir al cine ver NoRespires celebrar cumple no estar invitado,Este viernes cine ver NoRespiro celebr cumple
La pulsera es preciosa tio,2,La pulsera ser precioso tio,La pulsera preciosa,pulsera precioso,La pulsera es precioso tio,La pulser preciosa
@user es lamentable un tema tan sensible jamás con ese enfoque,0,@user ser lamentable un tema tan sensible jamás con ese enfoque,@user lamentable tema sensitive jamás enfoque,@user lamentable tema sensible enfoque,@user es lamentab tan sensib jamá con ese enfo,@user lamentable tema sensitivo jamás enfoque
"-Me caes muy bien  -Tienes que jugar más partidas al lol con Russel y conmigo -Por qué tan Otako, deja de ser otako -Haber si me muero",1,"-Por qué tan Otako, deja de ser otako  
-Haber si muero
- Me caes muy bien  
-Tienes que jugar más partidas al lol con Russell y conmigo  ","-haber si muero
-por qué tan Otako, deja de otako  
-tienes jugar partidas lol Russell con conmigo  
-caes bien  ",Me caes bien tienes jugar partidas al lol Russell conmuí Por qué tan Otako deja de ser otako Haber si muero,"-Me caes muy bien  -Tienes que jugar más partidas al lol con Russel y conmigo -Por qué tan Otako, deja de ser Otako -Haber si me muero","-por qué tan Otako, deja de Otako  
-tienes jugar partida lol Russell con conmigo  
-haber si muero
-caes bien  "
"@user, vaya, felicidades atrasadas y muchas gracias",2,"@user, ir, felicidad, atrasado, y, mucha, gracia","@user, felicidades gracias","ir, felicidad, atrasado, gracia","@user, vas, felicidad atrasada y muchas gracia","@user, felici gratias"
"@user  Otra cosa es que no tuviera seguridad social, porqe no era obligatorio en su situacion. Lee, los libros no muerden",0,"@user  otra cosa que no tuviera seguridad social, porque no era obligatorio en su situación. lee, los libros no muerden.","Otra cosa es tuviera seguridad social, porqe era obligatorio en su situacion. Lee, libros muerden.","otra cosa que tuviera seguridad social, porque era obligatorio en su situación. lee, libros muerden.","@user  oth c s n t s c, pq n f s r c n s s. l, lb s n m.","Otra cosa es tuviera segurid social, pqe era obligatorio en su situacion. Lee, lib mueren."
"Trato de manejar esa sensación de: ""no me soporto a mi misma"" de estos ultimos 2 días ¡qué dolor! Es que no soy yo misma. #malditoandres",1,Tratar manejar sensación no soportarme misma de estos últimos 2 día qué dolor Es que no soy misma. #malditoandres,manejar sensación no me soporto días qué dolor soy,Tratar manejar sensación soportarme mismo estos último día dolor soy mismo #malditoandres,Trato manej sensaciión no soport mism de ultim día qué dol es que soy mism #malditandres,manej sens no me soport día qué doler soy
@user Que bonita la gente educada un gran abrazo para vos 🤗,2,@user qué bonito la gente educada un gran abrazo para vos 🤗,Que bonita gente educada gran abrazo vos 🤗,qué bonito gente educada gran abrazo vos,@user que boni educa gran abrazo para vos 🤗,Que bonit gente educad gran abraz vos 🤗
"@user En Espanya la prensa ni es libre, ni es independiente, ni muchísimo menos plural  Síntoma de nuestra pobre democracia.",0,"@user En España la prensa ni es libre, ni es independiente, ni mucho menos plural síntoma de nuestra pobre democracia.",@user Espanya prensa libre independiente plural Síntoma democracia.,@user España prensa libre independiente plural síntoma democracia,"@user en espanya la prensa ni es libre, ni es independiente, ni muchisimo menos plural síntoma de nostra pobre democracia.",@user España prensa libre independiente plural síntoma democracia.
@user fuera del típico saludo navideño tengo una duda: pasan Navidad juntos o cada uno con su familia? Saludos desde Lima,1,@user fuera del típico saludo navideño tener una duda: pasar Navidad juntos o cada uno con su familia? Saludos desde Lima,fueren típico saludo navideño tengo duda: pasan Navidad juntos cada uno con su familia Saludos Lima,fuer salir típico navideño duda pasar Navidad juntos cada uno familia,@user fora del típico salud naviden tengo una dud: pasn naviden juntos o cada uno con su famil? salud desde lima,fuer típ saludo navideño ten duda: pas juntos cada uno con su fami saludos lima
@user Feliz Navidad Felino!!! Jaja! Saludos y abrazos a la familia!,2,@user feliz navidad felino!!! jaja! saludo y abrazo a la familia!,Feliz Navidad Felino!!! Jaja! Saludos y abrazos familia!,feliz navidad felino jaja saludo abrazo familia,@user feliz navidad felin!!! jaja! salud y abraz a la famil!!!,Feliz Navidad Felin!!! Jaja! Salud y abrazo famil!!!
Se me rompió el pantalón horizontalmrnnte por el muslo hasta debajo de la nalga... Ya estoy a la moda,0,Se romper el pantalón horizontalmente por el muslo hasta debajo de la nalga... Ya estar yo a la moda.,rompió pantalón horizontalmente muslo debajo nalga Ya estoy moda,romper pantalón horizontalmente muslo debajo nalga ya estar moda,Se me rompió el pantalón horizontalmnte por el muslo hasta debajo de la nalga... Ya estoy a la moda.,rompi pantalón horizontal muslo deba nalga ya est moda
"Estimada @user, reciba un cordial saludo, nosotros somos el 1er Centro de Ozonoterapia en el Perú, contamos con muchos tratamientos",1,"Estimada @user, reciba un cordial saludo, nosotros somos el 1º Centro de ozonoterapia en el Perú, contamos con muchos tratamiento.","reciba saludo, somos Centro Ozonoterapia Perú, contamos muchos tratamientos","reciba saludo, somos Centro ozonoterapia Perú, contamos muchos tratamiento.","Estimad, recib un cordil salud, nos soms l 1r Cntro de Oznterpr en l Per, cntamm cn mnt trtmnt.","recib saludo, somos centro ozonoterapia perú, contamos much tratamiento"
FF a los geniales de @user !!,2,FF a los genial de @user!!,FF a los geniales de @user!!,FF a los genial @user!!,FF a los genial de @user!!,FF a los genial de @user!!
"90% para designar a quienes somos muy aficionados a todos este mundo nippon y aunque la elicación suene que tiene un ""final feliz"" mmm",0,"90% para designar a quienes somos muy aficionado a todos este mundo nippon y aunque la elicición suene que tiene un ""final feliz"" mmm",designar aficionados mundo nippon elicación final feliz,designar quienes somos aficionado todos este mundo nippon elicición tiene final feliz,"90% par designar a quién somos muy aficionad a todo este mundo nippon y aubunca la elicoc suen que tiene un ""final felic"" mm",design stem aficionado mundo nippon elic final feliz
sería muy chuzo tener una gopro pero yo de mi casa no salgo así que no tendría mucho sentido.,1,ser would chuzo tener una gopro pero yo de mi casa no salgo así que no tendría mucho sentido.,sería muy chuzo tener gopro salgo tendría sentido,ser chuzo tener gopro casa salgo tendría sentido,ser chuzo tener una go pro pero yo de mi casa no salgo así que no tendría mucho sentido.,ser chuzo tener gopro salgo tendría sentido
2. Si. Eres mi crush máximo aunque te considere de mis mejores amigos,2,Si. Ser mi crush máximo aunque te considere de mis mejor amigo.,Si. eres mi crush máximo aunque te considere de mis mejores amigos,Ser crush máximo aunque te considere mejor amigo.,2. Si. Eres mi crh mxcimo aough te cnsider de mis mejo amig.,Si. es mi crus máximo augh te considere de mis mejo amigo
"Nunca dejes el fb abierto y tu hermana a lado, es un PELIGRO!",0,"Nunca dejas el fb abierto y tu hermana a lado, es un PELIGRO!",Nunca dejes ab abierto tu hermana lado PELIGRO,Nunca dejas abierto fb lado hermana PELOSO!,"Nunca dej fb abierto y tu herman a ldo, es un PELIGRO!",Nunca dej herman lado PELIGRO
"Tanto ritmo en el restaurant #DonMarcelo Si vienes a #Cusco, no olvides visitarlo @ Plaza de…",1,"Tanto ritmo en el restaurante #DonMarcelo Si vienes a #Cusco, no olvides visitarlo @ plaza de…",Tanto ritmo restaurant DonMarcelo vienes Cusco visitarlo Plaza,Tanto ritmo restaurante #DonMarcelo vienes #Cusco visitarlo @ plaza,"Tant ritm en el restaur #DonMarcelo Si veng a #Cusco, no olvid visita @ Plaz de…",Tant ritm restaur DonMarcelo vien Cusco visit Plaz
@user Google luego se encarga de asociar el contenido (bien escrito) con la búsqueda que se hizo (mal escrita).,2,@user Google luego se encarga de asociar el contenido (bien escrito) con la búsqueda que se hizo (mal escrita).,Google luego encarga asociar contenido bien escrito búsqueda mal escrita.,Google luego encarga asociar contenido bien escrito búsqueda mal escrita.,@user google luego se encarga de asociar el conten (bien escrib) con la busqu (mal escrib).,Google luego encargas asociar contenido bien escribir búsqueda mal escribir.
Ayay quiero grrabar un trocito de Drown con el ukelele porque tiene que quedar preciosa. Pero tengo la voz fatal,0,Ayer quiero grabar un trozo de Drown con el ukulele porque tiene que quedar preciosa. Pero tengo la voz fatal.,quiero grabar trocito Drown ukelele tiene quedar preciosa voz fatal,Ayer grabar trozo Drown ukulele porque quedar preciosa. Tengo voz fatal.,quier grrab un troc de drown con el ukel porque tiene q qudar preciosa. pero tengo la voz fatal,quier grabe trocito drown ukelele ten quedar preciosa voz fatal
@user debería liarla en el @user con un stand que proyectara desde el público a las pantallas del concierto  #MTVDcode2016.,1,@user deber liarse en el @user con un stand que proyectar desde el público a las pantallas del concierto  #MTVDcode2016.,debería liarla en el con un stand que proyectara desde el público a las pantallas del concierto #MTVDcode2016.,@user deber liarse en el @user con un stand que proyectar desde el público a las pantallas del concerto #MTVDcode2016.,@user deberi liari en el @user con un stand que proyectar desde el públic a las pantallas del conciirio  #MTVDcode2016.,debiera liarl en el con un stand que proyecta desde el pубличу a las pantallas del conciрte #MTVDcodе2016.
"@user que ricoooo, me abriste el apetito!! Solo una cosa. Las aceitunas tienen que ser las negras",2,"@user que rico, me abriste el apetito!! solo una cosa. las aceituna tiene que ser la negra.",@user ricoooo abriste apetito Las aceitunas tienen negras,"@user rico, abriste apetito!! aceituna tiene que ser la negra.","@user que rico, me abriste el apetito!! solo una cosa. las aceituna tienen que ser las negra",@user ricoooo abriste apetit Las aceitun tienen negr
"Pero como no tengo una puta mierda en común pues nadie me mete para ningún grupo ni nada, claro",0,"Pero como no tengo una mierda en común pues nadie me mete para ningún grupo ni nada, claro.",Pero como tengo una puta mierda en común pues me meten para algún grupo nada claro,"Pero como nadie me mete para ningún grupo ni nada, claro.","Pero coma no tengo una puta mierda en comu pues nadie me mete para nin gru ni nada, clara.",Pero coma tener una puta mierda en comun pues mete para algun grupo nada claro
Me gusta mucho ir a Chepén y estar con la familia de Kike. Lo que no me gusta es tener que trabajar el lunes siguiente,1,Me gustar mucho ir a Chepén y estar con la familia de Kike. Lo que no me gustar es tener que trabajar el lunes siguiente.,gusta ir Chepén estar familia Kike,gustar mucho ir Chepén estar familia Kike Lo que me gustar es tener trabajar lunes siguiente,Me gust much ir a Chep y est con la famil de Kike. Lo que no me gust es tener que trab el lun siguiente.,gust ir Chepen estar familia Kike
"Bueno,gracias a algunos(casi gratis) por confiar su salud en mi(un año más) no se enfermen mucho este año pues, jaja mentira, saludos",2,"Bueno,gracias a algunos(casi gratis) por confiar su salud en mi(un año más) no se enfermen mucho este año pues, jaja mentira, saludos.",Bueno gracias confiar salud año más enfermen mucho año jaja mentira saludos,Buen gracias algunos casi por confiar salud año más se enfermen mucho año pues mentira saludos,"Buen,gracía algú(casi gratis) por confiar su salud en mi(un año más) no se enfermen mucho este año pues, jaja mentir, salud",Buen gracias confiar salud año más enferm mucho año jaja menti saludo
Que le pasa a @user que no puede estar en Twitter y WhatsApp a la vez? Las 2 fiestas están igual de buenas y se esta perdiendo una!,0,Qué le pasa a @user que no puede estar en Twitter y WhatsApp a la vez? Las 2 fiesta están igual de buena y se pierde una!,le pasa @user puede estar Twitter WhatsApp fiestas está perdiendo,le pasa user que puede estar Twitter WhatsApp a la vez? fiesta está igual buena se pierde!,Que le pasa a @user que no puede estar en Twitt y WhastApp a la vez? Las 2 fiest estn iguales buenas y se esta perdien una!,le pas twitter wha fiesta esta perdi
"Haces un update con tu pata de intercambio. Te pregunta, entre otras cosas, por tu vida amorosa. Suena ""brillas"" de León Larregui.",1,"Hacer update con tu pata de intercambio. Te pregunta, entre otras cosas, por tu vida amorosa. Suenar ""brilla"" de León Larregui.",Haces update pata intercambio Te pregunta vida amorosa Suenas brillas León Larregui,"Hacer update con tu pata de intercambio. Te pregunta, entre otras cosas, por vida amorosa. Suenar brilla de León Larregui.","Hac update con tu pata de intercambi. Te pregunt, entre otras cos, por tu vida amoros. Suen ""brill"" de León Larregui.",Haz upd vida intercambio te pregunt brill león larregui
Hace tres días que entre a @user y hoy me he pegado el segundo clip  1080 desde lo alto del ala del caza http,2,Hacer tres día entrar en @user y hoy me pegar el segundo clip 1080 desde lo alto de la ala del caza,Hace días entre user pegado segundo clip 1080 alto ala caza,Hacer tres día entrar user hoy pegar segundo clip 1080 alto ala caza,Hace tres día que entre a @user y hoy me he pegado el seg cli  1080 desde lo alto del ala del caza http,Hace día user pegar segundo clip alto ala caza
Cuando pasan de tu p*** cara  😢,0,Cuando pasar de tu cara 😢,pasan cara 😢,pasar cara,Cuando pas de tu p cara 😢,pasar cara 😢
@user la divaza te tiene cansado toda la noche no te deja dormir,1,@user la divagar tener cansado toda la noche no dejar dormir,@user divaza te tiene cansado toda noche te deja dormir,@user divagar tener cansado toda noche dejar dormir,@user la divaz te tienes cansado toda la noches no te deja dormir,@user cansar dormir
Tengo una perrina adorable... Sabéis que me acompaña hasta la a habitación cuando me voy a dormir?,2,Tener una perra adorable... Saber que me accompany hasta la habitación cuando me voy a dormir?.,Tengo perrina adorable... Sabéis que me accompanies habitación cuando voy dormir?.,Tener perra adorable Saber accompany habitación cuando voy dormir,Tengo una perrin adorable... Sabéis que me accomp hasta la habit dormir?.,Tengo perrin adorable... Sabéis que me accompa habitón cuando voy dormir?.
"No me puedo quedar dormida ni un ratito, porque para mi mamá ya estoy anémica de nuevo",0,"No me puedo quedar dormir ni un ratito, porque para mí mamá ya estoy anémica de nuevo.","me quedar dormida ratito, porque mi mamá anémica nuevo","me quedar dormir ratito, porque mamá anémica nuevo.","No me pue quedar dormid ni un ratit, porque para mi mam ya estanemica de nuevo","me quedar dormi ratito, porque mi mam anemico nuevo"
"@user No se , creo que no . Yo solo mire mi fecha",1,"No sero, creer no. Yo solo mirar mi fecha.",se creo que solo mire fecha,creer solo mirar fecha.,"@user no se, creo que no. yo solo mire mi fech.",se creó que solo miré fecha
"Con lo cual he abierto todas las ventanas y he conectado el móvil a los altavoces, a ver si ahora suena mejor",2,"Con lo cual he abrir todas las ventana y he conectar el móvil a los altavoz, a ver si ahora sonar mejor.",heabiertoventanasyheconectadomóvilelatlavocesa-verahoraseñumejor,he abrir todas ventanas he conectar móvil altavoz ver ahora sonar mejor,"Con lo cual he abierto todas las ventan y he conectado el movil a los alt voces, a ver si ahora suena mejo.",heabiertavevatanasasyheconetradomovileslatlavocesaverahoraseñumejor
"@user Tio entonces piensas que mosca es un insulto, yo creo que eso es un poco irrespetuoso a las pobres",0,"@user tío entonces pensas que mosquito es un insulto, yo creo que eso es un poco irrespetuoso a las pobres.",@user tio piensas mosca insulto creo poco irrespetuoso pobres,entonces pensas mosquito insulto creo poco irrespetuoso pobres,"@user tío entonces piensas que mosca es un insulto, yo creo que eso es un poco irrespetuoso a las pobres",@user tio piens mosca insulto creo poco irrespect pobres
"@user hoy tengo libre JAJA , viernes no puedo",1,"@user hoy tener libre JAJA, viernes no poder.",hoy libre JAJA viernes,hoy libre JAJA viernes poder,"@user ho libra JAJA, viern no puebo",hoy librer viernes
@user @user ahora se me despierta la curiosidad de saber cuáles eran esos antiguos nombres...,2,@user @user ahora despertarse curiosidad saber cuál era antiguo nombre,ahora despierta curiosidad saber antiguos nombres,ahora despertarse curiosidad saber cuál era antiguo nombre,@user @user ahora se me despert curiosidad de saber cuáles eran esos antiguo nombre...,ahora despert curios saber antig nombre
"@user Si, lástima que el bicho grandote sirva para sembrar destrucción y muerte",0,"@user sí, lástima que el bicho grande sirva para sembrar destruir y morir",@user bicho grandote sembrar destrucción muerte,@sí lástima que bicho grande sembrar destruir morir,"@user si, lástima que el bicho grandote sirva para sembrar destruic muerte",@user chico grande sembr destr muert
"ayer me dio mi dio mi ataque de panico retrocedi a cuando tenia 5 años, me despertaba sola en cama y comenzaba a gritar pq no habia nadie",1,"AYER ME DIO MI ATACAR RETROCEDI A CUANDO TENIA 5 ANOS, ME DESPERTABA SOLO EN CAMA Y COMENZABA A GRIYER PORQUE NO HABIA NADIE",dio ataque panico retrocedí cuando tenia años despertaba cama comenzaba gritar habia,ME DIO MI ATACAR RETROCEDI CUANDO TENIA ANOS DESPERTABA CAMA COMENZABA GRIYER PORQUE HABIA NADIE,"ayer me di mi ataq de panico reto a cuando tenia 5 aos, me despi sola en cama y comenaba a grit pq no haba nadie",dio atac panic retrocedi teni ane despertaba cama comenzaba gritar habi
Sólo la Karlita me entiende y me da buenos consejos,2,sólo la Karlita me entender y dar consejo,la Karlita me entiendo da buenos consejos,la Karlita me entender dar consejo,sólo kalit entiend y da buen consig,la Karlita me entendi dar buenas consejo
"Ya no tengo libro para leer ni serie para ver, mis noches se están volviendo aburridas",0,"Ya no tener libro para leer ni serie para ver, mis noche estar volverse aburrir",Ya tengo libro para leer serie para ver mis noches se volviendo aburridas,"Ya tener libro para leer serie para ver, noche volverse triste.",Ya no ten librer noches se estan volviendo aburrir,Ya tener libro para leer serie para ver mi noche se volviendo aburrir
Con entusiasmo y optimismo en este primer día del año. Todo depende de lo que Dios me tiene preparado. #VamosConFe,1,Con entusiasmo y optimismo en este primer día del año. Todo depende de lo que Dios me tiene preparado. #VamosConFe,Con entusiasmo optimismo primer día año Todo depende Dios preparado Vamos Fe,Con entusiasmo optimismo primer día año Todo depende Dios preparado Vamos Fe,Con entusiasmo y optimismo en este primer día del año. Todo depende de lo que Dios me tenga prepara. #VamosConFe,Con entusiasmo optimismo primer día año todo depender Dios preparar vamos fe
Tengamos un día lleno de magia y lindos momentos,2,Tenemos día lleno de magia y momento,un día lleno magia momentos,día lleno magia momento,Tenemos día lleno de magia y lindo momento,un día llen magi momento
"Después de unos cuatro días de ermitaña, salir al sol no me hizo muy bien fiebre largate",0,"Después de unos cuantos días de ermitajar, salir al sol no me hizo muy bien fiebre largate.",Después día ermitaña salir sol me hizo bien fiebre largate,"Después cuantos días ermitajar, salir sol me hizo bien fiebre largate.","Después de uns cuatros días de ermitan, salir al sol no me hizo muy bien fiebre largate",Después día ermita salir sol me hacer bien fiebre largo
@user todo lo que sea posible,1,todo lo que sea posible,todo posible,todo sea posible,@user todo lo que sea posibl,todo posibl
"Días como hoy agradezco no tener carro. Andar con el hígado hinchado por saber esos marchamos, mejor ando en Uber jaja",2,Día agradecimiento no tener coche andar con hígado hinchado saber marchar mejor andar Uber jaja,"Dias hoy agradezco tener carro. Andar hígado hinchado saber marchamos, ando Uber jaja.",Día agradecimiento tener coche andar hígado hinchado saber marchar Uber jaja,Día agradec no tener carro andar con hígado hinchado saber marchamos mejor ando en Uber jaja,"Dias hoy agradec carro. andar higadin saber marchamos, ando Uber jaja."
Difícilmente el quiera algo serio con ust si todo empezó por yaleo y nudes respétese y verá que la buscan para algo serio y bonito️,0,difícilmente él quiera algo serio con usted si todo empezó por yaleo y nudez respétense y verá que la buscan para algo serio y bonito️,difícilmente quiera algo serio ust todo empezó yaleo nudes respétese buscan algo serio bonito,él quiere algo serio con usted si todo empezó por yaleo y nudez respétense y verá que la buscan para algo serio y bonito️,Díficil qu quer algo ser con ust si todo empie por yaleo y nude respétese y ver que la buscan para algo ser bonito,difícil quie algo ser ust empec yo nude respét buscan algo ser boniT
cuando estás conversando de la más tranquila y te hacen recordar que mataron al perro de majin boo,1,cuando estar conversar de la más tranquil ser y te hacer recordar que matar al perro de majin boo,cuando conversando tranquila recuerdas mataron perro majin boo,cuando conversar tranquil ser hacer recordar matar perro majin boo,cuando estás conversando de la más tranquila y te hacen recordar que mataron al perro de majin boo,cuando convers tranquil recuerd matar perro majin boo
@user gracias Manuel por este arte de recoger mi texto en tu revista  Un abrazo grande!,2,@user gracias manuel por este arte de recoger mi texto en tu revista un abrazo grande!,gracias Manuel texto recoger revista abrazo grande,gracias manuel texto recoger revista abrazo grande,@user graci manuel por este art recoger mi text en tu revist un abraz gran!,gracias Manuel tex recoger revist abrazo gran
"Quiero comer algo, aunque estoy llena",0,"Querer comer algo, aunque estar llena.",Quiero comer algo aunque estoy llena,Querer comer algo aunque estar llena.,"Quiero comer algo, aunque esté llen.",Quiero comer algo aunque esté llen.a
No sabía que el amor de mi vida iba a cantar. Hubiese visto el programa.,1,No saber que el amor de mi vida ir a cantar. Hubiera visto el programa.,sabía vida iba a cantar. Hubiese visto programa.,saber amor vida cantar visto programa,No sabi que el amor de mi vida iba a cant. Hubib ver el programm.,sab life iba cant. hubi visto programm.
"@user y cómo mezclan realidad con mundos paralelos, y que es diferente a las demás películas de Marvel",2,"@user y cómo mezclar realidad con mundos paralelos, y que es diferente a las demás películas de Marvel",mezclan realidad mundos paralelos es diferente películas Marvel,mezclar realidad mundos paralelos diferente películas Marvel,"@user y cómo mezclan realidad con mundos paralelos, y que es diferente a las demás películas de Marvel",mezclar reali mundo paralel es differente peli Marvel
glowen sigue a cuentas inactivas y es en plan oh seguro que esas cuentas te dan mucho más apoyo que a las que le diste unf JAJAJA,0,glow seguir cuenta inactivo ser en plan oh seguro que dar apoyo dar unf FAJAJA, Glowen sigue cuentas inactiva plan seguro cuentas apoyo unf JAJAJA,glow seguir plan oh seguro dar apoyo FAJAJA,glowen sigui cuent inactiv y es en plan oh segur que esas cuent te dan much m apoy que a las que le disti unf fAJAJA, Glow sigue cta inact plan seg cta apoyo unf JAJAJA
"Elige amar, así duela, así parezca un imposible, así te tiemble el alma, así tengas miedo, así vayas a salir herida. El amor transforma",1,"Elige amar, as duela, as parezca un imposible, as te tiemble el alma, as tengas miedo, as vayas a salir herida. Amor transforma.","Elige amar, así duela, así parezca imposible, así te tiemble alma, así tengas miedo, así vayas salir herida, amor transforma","Amar, duela, parezca imposible, te tiemble alma, tengas miedo, vayas salir herida, Amor transforma.","Elige amar, as duel, as parec un imposible, as te tiemb el alma, as teng miedo, as vayas a saler herida. Amor transforma.","Elige amar, as duel, as parez imposible, as tiemble alma, as tenga miedo, as vayas salir herida, amor transform."
@user @user @user @user @user Gran capacidad de análisis de @user en esa entrevista. #visión,2,@user @user @user @user @user gran capacidad de analisis de @user en esa entrevista. #vision,Gran capacidad análisis @user entrevistavisión,gran capacidad analisis @user entrevista vision,@user @user @user @user @user gran capacid analisis de @user en esa entrevist. #visión,Gran capacidad analisis
Me gustaría arreglar tantas cosas pero no puedo arreglar ninguna y es muy frustrante,0,Me gustaría arreglar tantas cosa pero no puedo arreglar ninguna y es muy frustrante,Me gustaría arreglar cosas pero no puedo arreglar ninguna y muy frustrante,Me gustaría arreglar cosa pero no puedo arreglar ninguna y es frustrante.,Me gustaría arregl tant cosa pero no puedo arregl ninguna y es muy frustrant,Me gustaría arregl cosa pero no puedo arregl nungo y muy frustante
Ha ardido una caravana aparcada al lado de la playa   Fuego ya sofocado por los bomberos @… http,1,Ha arder una caravana aparcada al lado de la playa Fuego ya sofocar por los bomberos,Ha ardido caravana aparcada lado playa Fuego ya sofocado bomberos,Ha arder caravana aparcada lado playa Fuego sofocar bomberos,Ha ardido una caravana aparcada al lado de la playa   fuego ya sofocado por los bomberos @… http,Ha ardido caravana aparcada lado play Fueg ya sofoc bombr
"#SinPelosEnLaLengua Además,la novia de luz esta buena  Que opináis de @user maricon??",2,"#SinPelosEnLaLengua Ademas, la novia de luz es buena  Que opinais de @user marica??",#SinPelosEnLaLengua novia Luz buena Qué opináis user maricon??,#SinPelosEnLaLengua novia Luz buena opinais @user marica,#SinPelosEnLaLengua Admírese la novia de luz esta buena  Qué opináis de @user maricón??,#SinPelosEnLaLengua novia Luz buena Qué opináis user cagón??
Atm veo los 7 primeros teams un poco lejos de los 3 últimos. A ver que pasa si mejoran y/o cambian sus estrategias etc idk,0,Atm veo los 7 primer equipo un poco lejos de los 3 último. A ver que pasa si mejor y/o cambian sus estrategia etc idk,veo primeros teams lejos últimos pasa mejoran cambian estrategias,veo primer equipo lejos últimos pasa mejor cambian estrategia,Atm veo los 7 primeros team un poco lejos de los 3 último. A ver que pasa si mejor y/o cambia sus estrategia etc idk,veo primer team lej pas mejora cambia estrategia
El huequito del septum no se me ha cerrado por completo pero ya no me cabe la pieza,1,El hueco del septum no se me ha cerrado por completo pero ya no me cabe la pieza,huequito septum pieza,hueco septum cerrado completo pieza,El huequ no se me ha cerr por complet pero ya no me cab la piez.,hueco septum pieza
"@user Que guapísimo , dejaron mendizorroza, pero San mames ... de los + guapos del MUNDO¡¡ sin duda.(opinión)",2,"@user qué guapo, dejar, pero san ¿mamá¿... de los + guapo del MUNDO¡¡ sin duda.(opinión)",@user guapísimo dejaron mendizorroze pero mames de los + guapos MUNDO sin duda.opinión,qué guapo dejar san mamá de los + guapo del MUNDO sin duda,"@user que guapis, dejaron mendizorro, pero san mames... de los + guap del MUNDO¡¡ sin duda.opinión",@user guap gueso mendizorroze pero mamesde los + guapo mundo sin duda.opinión
"Por payasa debo hacer un trabajo grupal para mañana, algunos grupos aún no terminan y yo tengo que hacerlo en máximo 2 horas",0,"Por pagar debo hacer un trabajo grupal para mañana, algunos grupos aún no terminan y yo tengo que hacerlo en máximo 2 horas.",debo hacer trabajo grupal mañana algunos grupos aún terminar yo tener hacer máximo horas,debe hacer trabajo grupal para mañana grupos aún terminar yo tener hacer máximo horas.,Por payas grupal mañana grupos aún termin max 2 hor,deber trabajo grupal maña algunos grupo aún terminar yo tener hacer máx hora
"Después de siete largos años vuelvo a pasar navidad junto con mi mamá, mi papá y mi hermana. Todos juntos con una yapita de sobrino.",1,"Después de siete año largo año volver pasar Navidad junto con mi mamá, mi papá y mi hermana. Todo juntar con una yapita de sobrino.",vuelvo pasar navidad junto mi mamá mi papá y mi hermana Todos juntos yapita de sobrino,volver pasar Navidad mamá papá hermana juntar sobrino,"Después de siet largu año vuelv pas navidad junto con mi mamá, mi papá y mi herman. Todo juntos con una yapita de sobrín.",vuelv pas navidad junj mi mam má pap y mi herman todos juntos yapita de sobrín
@user 1000/10 de verdad a ti que voy a decir petarda que te quiero más que a mí mismo  ✨,2,@user 1000/10 de verda a tí que voy a decir petarda que te quiero más que a mí mismo  ✨,@user 1000/10 de verdad decir petarda que te quiero más que a mí mismo  ✨,@user que voy a decir que te quiero más que a mí mismo  ✨,@user 1000/10 de verda a ti que voy a decir petard que te quier más que a mí mism ✨,@user 1000/10 de verda di petard que te quie más que a mí mism  ✨
ola wapa k tal stas?? spero k no seas una sorra kmo las otras xikas   - machirulo   QUÉ COJONES JAJSAKJKJSADJJSJASJAJAJA,0,ola wapa k tal stas?? spero k no seas una sorra kmo las otras xikak  - machirulo  QUE COJON JAJSAKJKJSADJJSJASJAJAJA,k tal stas?? spero k seas sorra xikak machirulo QUÉ COJONES JAJSAKJKJSADJJSJASJAJAJA,k tal stas?? spero k seas una xikak  - machirulo  QUE COJON JAJSAKJKJSADJJSJASJAJAJA,OLA WAPA K TAL STA?? ESPERO K NO SEAS UNA SORRA KMO LAS OTRAS XIKAKA  - MACHIRULO QUÉ COJONES JAJSAKJKJSADJJSJASJAJAJA,qué cojones jaj
"@user @user dicen que tira pa, san Mateo ahora Jaaja",1,@user @user decir que tirar san Mateo ahora jaaja,dicen tira san Mateo ahora Jaaja,decir tirar san Mateo ahora,"@user @user dicen que tir pa, san mat now jaaja",dicen tir san matuo ahora jaaja
@user @user ¿Será solo digital entonces? ¡Perfecto! De verdad muchísimas gracias Un abrazo desde Costa Rica. ¡Pura vida!,2,@user @user ¿ser solo digital entonces? ¡perfecto! de verdad muchas gracias un abrazo desde costa rica. ¡pura vida!,¿Será entonces! Perfecto Gracias abrazo Costa Rica Pura vida,ser digital entonces perfecto verdad muchas gracias abrazo costa rica pura vida,@user @user ser será digit perfect much gracias un abrazo desde costarica pura vida,Ser perfect agradecimiento abrazo costa rica vida
@user joder como te entiendo  nosotros literalmente nos tenemos que saltar las clases e ir a un centro comercial si queremos kkar,0,@user joder como te entiendo nosotros literalmente nos tenemos que saltar la clase e ir a un centro comercial si queremos kk,@user como entiendo nosotros literalmente tenemos que saltar clases ir centro comercial si queremos kkar,@user joder como te entendemos clase saltar centro comercial queremos kk,@user jod como te enten nos tenemos que saltar las clase e ir a un cent com si queremos kkar,@user como entender nosotros literalmente tener que saltar clase ir centro comercial si quererkkar
Decidido: lanzo canal de YouTube. Con qué canción o con qué tema me aconsejan que empiece?,1,Decidir: lanzar canal de YouTube. Con qué canción o con qué tema me aconsejan que empezar?,lanzo canal de YouTube canción tema aconsejan empieze,Decidir lanzar canal YouTube canción tema aconsejan empezar,Decidí: lanzo cana de YouTub. Con qué cancion o con qué tem me aconsejan que empe?,lanz canale youtu empiez
Ese aplauso para Diego Luna y Felicity Jones fue estruendoso. Tengo ganas de ver Rogue One y no puedo,2,ese aplauso para diego luna y felicity jones fue estruendoso. tener ganas de ver rogue one y no poder,aplauso Diego Luna Felicity Jones estruendoso ganas ver Rogue One,aplauso diego luna felicity jones fue estruendoso tener ganas ver rogue one poder,Ese aplauso para Dieg program y Felic vill fue estruendoso. Tengo gan cant ver Rogu y no puedo.,aplau Diego Lun Felic Jones estruend gan ver Rogu Uno
"Lo de quedarse sola en casa sonaba a planazo de domingo, hasta que me doy cuenta de que no hay dulces en casa",0,"Lo quedar sola en casa sonar a planazo de domingo, hasta que me doy cuenta de que no hay dulce en casa","quedarse sola casa sonaba planazo domingo, doy cuenta hay dulces casa",quedar sola casa sonar planazo domingo dar cuenta dulce casa,"Lo quedar sola en cas sona a planaz de domingo, hasta que me doy cuenta de que no hay dulce en cas.","quedarse sola casa sonaba plana domingo, doy cuenta hay dulce casa"
Nicole choteando idiotas desde tiempos inmemorables!,1,Nicole choteear idiota desde tiempos inmemoriales!,Nicole choteando idiotas tiempos inmemorables!,Nicole choteear idiota tiempos memoriales!,Nicole chote idiota desde tiempos inmemoriales!,Nicole choteand idiotic tiempo inmemorable!
"@user Por cierto, encantado de conocerte virtualmente  Tenemos a @user en común. Saludetes.",2,"Por cierto, encantado de conocerte Tenemos a en común. Saludetes.",encantado conocerte virtualmente Tenemos común. Saludetes.,encantado conocerte Tenemos común Saludetes,"@user por ciert, encantad de conocerte virtual  tenem a comun. saludet.",encantado conocer comú. salud.
@user necesito mi ración de atención diaria que si no no mantengo la autoestima,0,@user necesito mi raíz de atención diaria que si no no mantengo la autoestima,@user necesito mi ración de atención diaria que si mantengo la autoestima,@user necesito mi raíz de atención diaria que mantengo la autoestima,@user necesito mi razon de atencion diaria que si no no mantengo la autoestima,@user necesito mi razón de atención diaria que si mantengo la autoestima
@user @user Fue la última vez que fuimos al cine,1,杨晓东 去了 最后 一 次 电影院,Fue última vez que fuimos al cine,杨晓东 一次 电影院,@user @user Fue la última vez que fuimos al cine,Fue últim vez que fui al cin
@user Pero es que está muy rica,2,@user pero ser estar muy Rica,@user está muy rica,@user ser muy Rica,@user per ric,@user est muy ric
@user @user La pena es que no incluya a modo de extra el original. Con el de consola te lo regalaban con el preorder,0,@user @user La pena es que no incluya a modo de extra el original. Con el de consola te lo regalaban con el preorder.,La pena es que no incluya a modo de extra el original. Con el de consola te lo regalaban con el preorder.,La pena es que no incluya a modo extra el original. Con el de consola te lo regalaban con el preorder.,@user @user la pena es que no incluya a modo de extra el original. con el de consola te lo regalaban con el preorder,La pen es que no inclu a modo de extra el original. Con el de cons regalaban con el preorder.
"Si pudiese cantar bonito no dejaría de hacerlo con ""Come what may"" de Moulin Rouge",1,"Si pudiera cantar bonito no dejaría de hacerlo con ""Come what may"" de Moulin Rouge",pudiese cantar bonito dejaría hacerlo Come what may Moulin Rouge,"Si pudiera cantar bonito dejaría de hacerlo con ""Come what may"" de Moulin Rouge",Si pudiese cantar bonito no dejaría de hacerlo con come what may de moulin rouge,pudiera cant bonito dejar haga come lo que sea moulin rouge
@user ya mismo seguro! Un abrazo fuerte,2,@user ya mismo seguro! un abrazo fuerte.,ya mismo seguro! abrazo fuerte,ya mismo seguro! abrazo fuerte.,@user ya mism segur! un abrazo fuert,ya mism segur! abraz fuerte
Las horas que son y sigo sin ser capaz de ponerme a estudiar....el sueño puede conmigo,0,Las hora ser y seguir sin ser capaz de ponme a estudiar....el sueño poder conmigo,horas seguir capaz ponerme estudiar sueño conmigo,hora seguir capaz ponme estudiar sueño poder,Las hor stem ser y segu sin ser cap az de pon mez a estudiar... el sue no puede conmigo,hora seguir capa pon estudio sueño conmi
"@user lo se  pero no miraba la acc, solo miraba de vez en cuando el combo y me emocionada y nervios y shit",1,"@user lo sé  pero no miraba la acc, solo miraba de vez en cuando el combo y me emocionaba y nerviosa y shit",@user pero no me emocionada y nervios y shit,sé miraba solo miraba emocionaba nerviosa shit,"@user lo sé pero no miraba la acc, solo miraba de vez en cuando el comb y me emocionaba y nervios y shit",@user pero no me emocion y nerv y shit
@user Que bonita zona de entreno escogieron,2,Que bonito zona de entrenar escoger,Que bonita zona entreno escogieron,bonito zona entrenar escoger,@user que boni zona entren escogiern,Que bonit zona entren escogin
Creo que voy a ponerme talking to the moon de Bruno Mars porque estoy plof y esa cancion es tan triste que,0,Creer que ir poner hablar con luna de Bruno Mars porque estar triste y esa cancion es tan triste que,ponerme talking to the moon de Bruno Mars porque estoy plof cancion triste,ir poner hablar con luna de Bruno Mars porque estar triste cancion triste,Creo que voy a ponerme cantan de Brun cant porque est y plf y esa cancion es tan triste que,ponerme talking moon Bruno Mars porque estoy plof cancion triste
@user Yo también vi la peli y lloré lo que no está escrito  Ahora estoy leyendo el libro y me estoy echando unas risas impresionantes!,1,Yo ver peli llorar Yo estar leer libro reirse,Yo vi la peli y lloré lo que no está escrito Ahora estoy leyendo el libro me estoy echando unas risas impresionantes!,ver peli llorar estar leer libro reirse,@user yo también vi la peli y lloré lo que no está escrito  ahora estoy leyendo el libro y me estoy echando unas risa impresionantes!,Yo vi la peli y lloré lo que no está escrito Ahora estoy leyendo el libro me estoy echánd unas risa impresionantes!
Envidio de buena manera a los que tienen la oportunidad de ir mañana al estadio,2,Envidiar de buena manera a los tener la oportunidad de ir mañana a estadio,Envidio a los que tienen la oportunidad de ir al estadio,Envidiar oportunidad ir mañana estadio,Envidia de buena maner a los que tienen la oportunidad de ir ma da al estadi.,Envidio a los que tienen la oportunidad de ir al estadio.
"#MePasóPorPavazo @user Amigo que guapo eres, mi amiga y yo queremos hacer un trio, y yo todo ganador, Me pepearon @user",0,"#MePasóPorPaso @user Amigo que guapo eres, mi amiga y yo queremos hacer un trio, y yo todo ganador, Me pepearon @user",#MePasóPorPavazo @user Amigo guapo mi amiga queremos hacer trio yo ganador Me pepearon @user,#MePasóPorPaso @user Amigo guapo mi amiga queremos hacer trio todo ganador Me pepearon @user,"#MePasóPorPavazo @user Amig que guap eres, mi amig y yo quer haz un tri, y yo todo ganad, Me pepearon @user",#MePasóPorPavazo @user Amig guap mi amig querm hacer tri yo gan Me pepearon @user
@user Mañana si me duermo en la oficina le cuento para que se sienta culpable *busca el cofal y las pantuflas* Bonita noche,1,@user mañana si me durmo en la oficina le cuento para que se sienta culpable busca el cofre y las pantuflas bonita noche,Mañana si me duermo en la oficina le cuento para que se sienta culpable busca cofal y pantuflas Bonita noche,mañana si me durmo en la oficina le cuento para que se sienta culpable busca el cofre y las pantufl bonita noche,@user mañan si me dorm en la ofic le cuento para que se sient culpable *busc el cofal y las pantuf* bonita noch,Mañan si me durm en la ofic le cuent para que se sent culpable bus cofal y pantuf Bonit noch
"y sin querer me han elevado la barra, para seguir preparandome...waoooo este extraordinario mundo del cafe loveyou️️",2,"y sin querer me han elevado la barra, para seguir preparándome...waoooo este extraordinario mundo del café loveyou️️",sin querer han elevado barra seguir preparándome waoooo extraordinario mundo café loveyou️️,sin elevado seguir preparándome waoooo extraordinario mundo café loveyou️️,"y sin querer me han elevar la barr, para seguir preparandome...waoooo este extraordinario mund del caf loveyou️️",sin querer han elevar barr seguir preparandm wao extraordinari mundo caf luvye
"Todos queríamos ver las 2 ticas juntas en la final pero así es esto , ahora le toca a lei q avanza a la final #VISSLAISAworldjuniors",0,"Todos querer ver las 2 tica juntas en la final pero así es esto, ahora le toca a lei que avance a la final #VISSLAISAworldjuniors",Todos queríamos ver ticas juntas final ahora le toca Lei avanza final #VISSLAISAworldjuniors,querer ver 2 tica final así esto ahora toca lei avance final #VISSLAISAworldjuniors,"Todos quiri v ear las tic juntas en la final pero as es esto, now le toca a lei q avanza a la final #VISSLAISAworldjuniors",Todos queríamos ver tic juntas final ahora le toca Lei avanza final #VISSLAISAworldjuniors
Yo sé que estot todo el día diciéndolo peeeero vamos a merendar a algún sitio cuki,1,Yo saber que esto todo el día decir peeeero vamos a merendar a algún sitio cuki,sé estot todo día diciéndolo vamos merendar algún sitio cuki,saber esto todo día decir peeee pero vamos merendar algún sitio cuki,Yo sé que es todo el día diciéndolo peeero vamos a merendar a algún sitio cuki,sé esto todo día diciéndolo vamos merendar algún sitio cuki
@user no las des preciosa,2,@user no las des preciar,las des preciosa,las despreciar,@user no las des preciosa,los despreciosa
Bueeeeno... no me siento bien. Gracias playlist por cagarme peor,0,Bueno... no me siento bien. Gracias playlist por cagar peor.,Bueeeeno... me siento. Gracias playlist cagarme peor.,Bueno me siento bien Gracias playlist cagar peor,Bueno... no me siento bien. Gracias playlist por cagarme peor,Bueno... sentame. Gracias playlist cagame peor.
"yo esque los veranos curro, asi que no puedo quedar mucho  pero si algun dia te pasas avisa y vamos a full hd  @user",1,"yo ser verano trabajar, así que no puedo quedar poco pero si algún día tú pasas avísas y vamos a completo @user",los veranos curro asi que no puedo quedar mucho pero si algun dia te pasas avisa y vamos a full hd @user,verano trabajar Así que puedo quedar pero algún día pasas avísas vamos completo,yo esque veran curro asi que no puedo quedar mucho pero si algun dia pasas avisa y vamos a full hd @user,los veran curro asi que no pue qued mucho pero si algun dia te pas avisa y vam a full hd @user
"No todo es orines y ceniza: hoy vi una niña con patines y casco divirtiéndose en la Plaza de la Cultura, y fue muy lindo",2,"No todo es orinar y cenizar: hoy vi una niña con patines y casco divirtiendo en la Plaza de la Cultura, y fue muy lindo.",todo es orines ceniza hoy vi niña patines casco divirtiéndose Plaza Cultura fue lindo,todo es orinar cenizar hoy vi niña patines casco divirtiendo Plaza Cultura fue lindo,"No todo es orin: hoy vi una nina con patin y casco divirtiendose en la Plaz de la Cultu, y fue muy lindo",todo es orin ceniza hoy vi niñ patin casco divirtiénduse plaz cultur fue lind
@user  Ahora es Abel quien está resfriado  es lo ke tiene estar juntos todo el tiempo jajaja el curro bien?,0,@user ahora es Abel quien está tener resfriado es lo que tiene estar juntos todo el tiempo jajaja el curro bien?,@user Abel resfriado jajaja curro bien?,@user ahora Abel resfriado lo que tiene estar juntos todo tiempo jajaja curro bien?,@user  ahor es abel qui est resfrid  es lo ke tiene est junt todo el tiem jajaja curb bien?,@user Ab resfr jaj curbien?
"@user @user sí, celulares distintos en realidad",1,"@sí, celular distinto en realidad","sí, celulares distintos realidad",celular distinto realidad,"@sí, celulares distinto en realci","sí, celular distinto realinidad"
"salir de trabajar, mirar un par de cosas del canal e irme al cine a ver mascotas con los amigos¡ planazo de sabado",2,"salir trabajar, mirar cosa del canal y ir cine ver mascota con amigo¡ planazo sábado",salir trabajar mirar par cosas canal ir al cine ver mascotas amigos planazo sábado,salir trabajar mirar cosa ir cine ver mascota con amigo planazo sábado,"salir, mirar, cosa, ir, cine, ver, mascota, amigo, plan",saltr trabj mirar par cos canal ir al cin ver masc tr amig plan sbrt
"@user @user Hablaba normal, con alguien, antes de q usted se metiera insultando. Debería tener más educación",0,"@user @user hablar normal, con alguien, antes de que usted se metiera insultando. deberías tener más educación","Hablaba normal, alguien, insultando. Debería tener educación.'","hablar normal, alguien, antes que usted se metiera insultando. deberías tener más educación","@user @user hablaba normal, con alguién, antes de q usted se metiera insultando. deberí should tener más educació.","Hablab norm, algui, insult. Deberi ten educ."
¿Nadie quiere hacer de Uber y llevarme hasta Tarrazú?,1,nadie querer hacer de uber y llevar hasta tarrazú,Nadie quiere hacer Uber llevarme Tarrazú,querer hacer uber llevar tarrazú,¿nadie quieren hacer de ubr y llevame hasta tarrazu?,Nadie quier hacer Uber lleva Tarrazú
@user menos mal que no has dicho escuchal 😂😂😂😂😂 #enlacabezaNo #loSiento,2,@user menos mal que no has dicho oír 😂😂😂😂😂 #enlacabezaNo #looigo,@user menos mal que has dicho escuchal 😂😂😂😂😂 #enlacabezeno #lo oiento,@user mal dicho oír 😂😂😂😂😂 #enlacabezenlacabeza #looigo,@user men mal que no has dij escuchal 😂😂😂😂😂 #enlacabezNo #losent,@user men mal que has dit escuchal 😂😂😂😂😂 #enlacabezeno #lo oit
Que ganas tengo de volver a disfruta pronto de él y que lejano lo veo    #SiNoEstás4días,0,Qué ganas tengo de volver a disfrutar pronto de él y que lejano lo veo #SiNoEstás4días,Que ganas tengo de volver disfruta pronto él y que lejano lo veo    #SiNoEstás4días,ganas tengo volver disfrutar pronto él lejano veo SiNoEstás4días,Que gan can tengo de volver a disfrut pronto de él y que lejan lo veo    #SNoEstás4día,Que gan gana ten de volv disfrut pronto él y que lejano lo veo    #SiNoEstÁs4día
"#2017prometoque recuperare estado fisico, seguire amando y respetando a mi @user y veere todos los dias @user",1,"#2017prometoque recuperare estado fisico, seguire amando y respetando a mi @user y veere todos los dias @user","#2017prometo recuperare estado fisico, amando respetando user veere todos los dias user",#2017prometo recuperare estado fisico sigo amando respetando user veere todos los dias user,#2017prometoque recuper est fi sigo am respe tod os d i @user,"#2017prometo recuperare estato fisico, amando respetando user veere todoss los dias user"
"Que lindo es tener a la viejita en casa, la extrañé en toda sus formas, desde los gritos por el desorden, hasta su sazón en la comida",2,"Qué lindo ser tener a la vieja en casa, la extrañé en toda su forma, desde los gritos por el desorden, hasta su sazón en la comida.",lindo tener viejita casa extrañé formas gritos desorden sazón comida,"lindo tener vieja casa, extrañé forma, gritos desorden, sazón comida.","Que lind es tener a la viej en casa, la extrañ en toda sus form, desde los grit por el desord, hasta su sazn en la comid.",lindo tener vieja casa extrañé forma grito desordén sazón comida
"Mae eso si es cierto, ahora nadie (la mayoría) busca tener algo serio",0,"mae eso si es cierto, ahora nadie (la mayoría) busca tener algo ser",eso cierto ahora nadie mayoría tener serio,eso cierto ahora nadie mayoría tener algo,"Mae eso si es cierto, ahun nadie (la majora) busca tener algo serio",eso ciert ahora nadie maj tener serio
@user En cuando era pequeña y bailaba en mi pueblo descalza con un vestido  ¿Tu?,1,@user Cuando era pequeña y bailaba en mi pueblo descalza con un vestido ¿Tu?,@user En cuando era pequeña bailaba en mi pueblo descalza con un vestido ¿Tu?,Cuando era pequeña bailaba pueblo descalza vestido Tu,@user en cuandó era pequena y bailaba en mi puebló descalzá con un vestidó ¿tu?,@user cuando era pequeña bailaba en mi pueblo descalzo con un vestido tu
"@user @user Claro, yo quería por eso de manifiesto, hay cables chinos cojonudos. Otra cosa es que te compres el mas barato",2,"@user @user Claro, yo querer por eso manifestar, hay cable chin cojono. Otra cosa es que te compras el mas barato.",Claro quería manifiesto cables chinos cojonudos otra cosa compres barato,Claro querer manifestar cable chin cojono otra cosa compr mas barato.,"@user @user claro, yo querer por eso de manifiesto, hay cable chin cojonudo. Otra cosa es que te compres el mas barato",Claro quería manifiest cable chin cojono otra cosa compre barato
"@user ya sé. y con lo mío es especialmente difícil. bro, esto no es exclusivamente sobre la plata u know this",0,"@user ya saber. y con lo mío es especialmente difícil. bro, esto no es exclusivamente sobre la plata u know知悉这一点。","sé. especialmente difícil. bro, esto no es exclusivamente sobre la plata u know this","@saber. con lo mío es especialmente difícil. bro, esto no es exclusivamente sobre la plata u know",@user ya se y con lo mio es espesimente dificil bro esto no es exclsivamente sobre la pl u know this,"sé. espacialmente difícil. bro, esto no es exclusivmente sobre la plata u know this"
""" Para pasar un día complicado, lo mejor un buen bocado! ""   #FelizLunes #AtariSS #Donosti http http",1,"Para pasar un día complicado, lo mejor un buen bocado! #FelizLodi #AtariSS #Donosti http http",pasar día complicado mejor buen bocado FelizLunes AtariSS Donosti,buen bocado FelizLodi AtariSS Donosti," Para pas un dí complicado, lo mejor un buén bocad! ""#FelizLun"" ""#AtariSS"" ""#Donosti"" http http",pasar día complicado mejor buen bocado feliz lunes atari ss donosti
@user Lo mejor de l 2016 fue ver crecer a Ivettly y pasar momentos de alegría y tristeza pero llenos de enseñanzas.,2,@user lo mejor de l 2016 fue ver crecer a ivettly y pasar momento de alegría y tristeza pero lleno de enseñanza.,Lo mejor de l fue ver crecer Ivettly y pasar momentos de alegría y tristeza pero llenos de enseñanzas.,lo mejor fue ver crecer ivettly y pasar momentos de alegría y tristeza pero lleno de enseñanza.,@user lo mejo de l 2016 fu ver crec a ivettly y pasar moment de alegr y trist pero llen de enseñan.,Lo mejor de ser fue ver crecer Ivettly y pasar momentos de alegría y tristeza pero llenos de enseñanza.
"A ver, que necesito para ser streamer y conseguir seguidores? -Cam -Micro -Subir algo decente -Tetas  Me faltan las tetas ya no puedo",0,"A ver, qué necesito para ser streamer y conseguir seguidores? -cam -micro -subir algo decente -tener Me faltan el tener ya no puedo",ver necesito para ser streamer conseguir seguidores Cam Micro Subir algo decente Me faltan las,ver necesito ser streamer conseguir seguidores cam micro subir algo decente Me falta tener,"A ver, que necesito para ser streamer y conseguir seguidores? -Cam -Micro -Subir algo decente -Argument -Me faltan los argument ya no puedo",ver necesit segui cam micro subir falt
@user es lo que tiene ser el mejor,1,@user ser lo que tiene ser el mejor,ser el mejor,lo tiene ser el mejor,@user es lo que tiene ser el mejo,ser
@user Que tengas un fantástico día Caeli,2,Que ten tener un fantastico dia Caelel,Que teng un día fantástico Caelel,Que tener fantástico día Caelel,@user que tengas un fantástico día cael,Que ten un dia fantástic cael
Mañana vuelvo a trabajar después de 15 días de vacaciones. Donde quedan los 3 meses de verano de pequeños?  #QueDuroEsSerAdulto,0,Mañana volver trabajar después de 15 día de vacación. Donde quedar 3 mes de verano de pequeño? #QueDuroEsSerAdulto,vuelvo trabajar días vacaciones quedan meses verano pequeños QueDuroEsSerAdulto,volver trabajar día vacación quedar mes verano pequeño,Mañan trabaja después de 15 día de vacacion. Donde quedar 3 mes de verano de peques? #QueDuroEsSerAdulto,vuelv trabajo día vaciios quede mes veran peqüino QueDuroEsSerAdulto
"@user @user @user es un término coloquial, no un análisis",1,"@user @user @user ser un término coloquial, no un análisis.",término coloquial análisis,término coloquial análisis,"@user @user @user es un termin coloquial, no un analisis.",termin analisis
@user @user @user Gran programa pero se extraña a Leto !,2,@user @user @user gran programa pero se extraña a estar!,Gran programa pero se extraña a Leto!,gran programa se extraña estar,@user @user @user gran program pero se extraña a leto!,Gran program pero se extraña a let!
@user sabran los jueces quê es honestidad? ?..y respeto? ?..no postulaba a un mercado de abastos. .si claro p lo q le interesa,0,@user sabrán los jueces qué es honestidad?. y respeto?. no postulaba a un mercado de abastos. si claro p lo que le interesa.,@sabranjuecesquéehonestidadyrespetonopostulabaunmercadoabastosisclearloqleinteres,@sabrá los jueces honestidad respeto postulaba mercado abastos claro interesa,@user sabrán los jueces qué es honestad??..y respeto??..no postulaba a un mercado de abastos..si claro p lo q le interesa,@sabrjanjucesquéehonestydresponopostulbaunmercdaabastosisclearlqleinteres
@user Ayer la gente de mi FB se portó mejor que la de mi TL de TW en relación con el tema de los himnos...,1,@user ayer la gente de mi fb se portar mejor que la de mi tl de tw en relacion con el tema de los himno...,Ayer gente FB se portó mejor que de TL TW tema himnos,ayer gente fb portar mejor que de tl tw tema himno,@user ayer gente mi fb se port mejor que la de mi tl de tw en relaci ción con el tema de los himno...,Ayer gente FB se port mejor que de TL TW tema himno
"Los miércoles son lindos, quedarme en casa hasta las 10am me parece un lujo",2,"Los miércoles ser lindo, quedarme en casa hasta las 10am me parece un lujo",Los miércoles lindos quedarme casa hasta las 10am parece lujo,Lunes lindo quedarme casa hasta las am lujo,"Los miércrcoles son lindo, quedmme en csa hasta las 10am me parecen un lujo",Los miércre lindo qued casa hasta las 10am parecer lujo
¿Habrá algo peor que no traer los audífonos a la chamba? Estoy muriendo lentamente,0,¿haber algo peor que no traer los audífono a la chamba? estar muriendo lentamente.,algo peor traer audífonos chamba Estoy muriendo lentamente,algo peor traer audífono chamba estar muriendo lentamente,¿hablar algo peor que no traer los audífonos a la chamba? esté murir lentamente.,algo peor traer audifono chamb lent muriend lentemente
"@user pucha, yo completé el pokedex Perú, solo me faltan los regionales que dudo los consiga y a esperar los legendarios",1,"@user puta, yo completé el pokédex Perú, solo me faltan los regionales que dudo los consiga y a esperar los legendarios","completé pokedex Perú, solo faltan regionales que dudo consiga y esperar legendarios","@user completé el pokédex Perú, solo me faltan los regionales que dudo los consiga y a esperar los legendarios","@user puta, yo completé el dex peru, solo me faltan los regionales que dudo los consiga y a esperar los legen","completé pokedex peru, solo faltan regionales que dudo consiga y esperar legendarios"
Hoy se acaba la fiesta más bonita del año! #últimodíadenavidad #bajadadereyes…,2,Hoy se acabar fiesta bonito año! #últimodomento #bajadadereyes..., Hoy acaba fiesta bonita año! #últimodíadenavidad #bajadadereyes...,Hoy acabar fiesta bonito año! #últimodomento #bajadadereyes...,Hoy se acada la fiest más bonit del a! #últimodíadenavidad #bajadadereyes..., Hoy acaba fiest boni año! #últimodidnavidad #bajdadereyes...
"Pobre ilusa yo, pensé que me haríais algo de caso por una vez",0,"pobre ilusa yo, pensar haríais algo de caso por una vez",pobre ilusa pensé haríais algo caso vez,pobre ilusa pensar haríais algo caso vez,"pobre ilusa yo, pens thought que me harías algo de caso por una vez",pobr ilus pens har cas vez
@user @user Además cuando dice que se casaría con Ash  o cuando visten de yukata juntos en el festival ayy,1,@user @user además cuando dice que se casaría con ash o cuando visten de yukata juntos en el festival ayy,se casaría Ash visten yukata festival,@user @user además dice casaría ash yukata juntos festival ayy,@user @user además cuand dice que se casarían con ash o quand visten de yukata juntos en el festival ayy,se casariaría Ash visten yukata festivales
"""No tenemos la sensación de ir a un trabajo"", din os @user  Eu na ofi lendo o @user, tampouco a teño  http",2,"No tenemos la sensación de ir a un trabajo, díos @user eu na ofi lendo o @user, tampouco a teño",tenemos sensación ir trabajo din os na ofi lendo teño,tenemos sensación ir trabajo díos ofií lendo teño,"No tenem sensa ir a un trabai, din os @user eu na ofi lendo o @user, tampouco teñ a http",tenemos sensacio ir trabajo din os na ofi lendo teño
@user @user @user @user @user @user Triste q nada cambie para las mujeres en política en 30 años,0,@user @user @user @user @user @user triste q nada cambie para las mujeres en política en 30 años,Triste nada cambie mujeres política años,triste nada cambie mujeres política años,@user @user @user @user @user @user triste q nada cambie para las mujere en politica en 30 año,Triste nada cambie mujer politic año
"Tambien subire el changelog a lo largo de estos dias, estaros preparados porque viene todo de golpe!",1,"También subir changlog a lo largo de estos días, estar preparados porque viene todo de golpe!",subire changelog dias preparados viene,subir changlog días preparados viene,"Tambien subi changlog a lo largo de estos dias, estar preparados porque vienen todo de golpe!",subir changlog dia preparar venir
"@user Tambien un buen domingo para ti Fercito, y que tengas una linda semana amigo lleno de aventuras , Saludos de mis tías",2,"@user también un buen domingo para ti Fercito, y que tengas una linda semana amigo lleno de aventura, saludos de mis tías","un buen domingo ti Fercito, teng una linda semana amigo lleno aventuras Saludos tías","también buen domingo ti Fercito, teng una linda semana amigo lleno aventura, saludos tías","@user también un buen doming para ti fercito, y que tengas una lind semana ami llen de aventur, saludos de mis tías",un buen domin lind semana am llen aventur saludos tía
"Yo no me la juego con las mierdas de la suerte, ya tengo muy mala suerte como pa jugarmela",0,"Yo no me la juego con las mierda de la suerte, ya tengo muy mala suerte como para jugarmela.",me juego mierdas suerte mal jugarme,me juego mierda suerte mal jugarme,"Yo no me la juego con las mierda de la suer, ya tengo muy mal suer como pa jugarme.",me juego mierda suer mal jug mierd
¿Os apetece un directo hablando del partido y un poco de la jornada en general? Si veo muchos likes en este tweet me animo,1,¿os apetece un directo hablando del partido y un poco de la jornada en general? si veo muchos likes en este tweet me animo.,directo hablando partido poco jornada general animo muchos likes tweet,apetece directo hablando partido poco jornada general veo muchos likes animo,¿os apetec un direct hablando del part y un poco de la jornada en general? si ve mucho lik en este tw me animo,direct habl part poco jorn general anim muchos like twitt
@user @user @user las tengo pero aún no las he leído. Caerán prontito,2,las tener pero aún no las he leer caer,tengo leído Caerán prontito,tener aún leer caer,@user @user @user las teno pero aun no las he lido. Cairan prontito.,tengo leído caer prontito
Vengo hasta Carabanchel para estudiar pero la biblioteca esta cerrada,0,Vine hasta Carabanchel para estudiar pero la biblioteca está cerrada.,Vengo estudiar biblioteca cerrada,Vine estudiar biblioteca cerrada.,"
'Lengo hasta Carabanchel para estudiar pero la bibliotека esta cerrada'
Ven hasta Carabanchel para estudiar pero la bibliotека est这个句子的词根形式处理似乎遇到了编码问题，请允许我重新生成正确的输出：",vine estudiar biblioteca cerrada
Seré breve: quiero yuquitas y por mi chamba no venden,1,-seré: querer yuca y por mi trabajo no venden,quiero yuquitas venden,querer yuca trabajo venden,Seré brev: quier yuqui y por mi cham no vend,quiero yucaventa
"@user ¡Enhorabuena! Eres la ganadora del sorteo,escríbenos por mensaje privado para darte el premio",2,"@user ¡enhorabuena! eres la ganadora del sorteo, escribe por mensaje privado para dar el premio","¡Enhorabuena! ganadora sorteo, escribe mensaje privado para dar premio",¡enhorabuena! ganadora sorteo escribe mensaje privado dar premio,"@user ¡enhorabuena! es la ganadora del sorte,escrib por mensaje privad para dar el premi.","¡enhorabuena! ganad sorteo, escrib messag privad para dar premio"
"Era a la 6 que me quería levantar, no a las 5:15 con el ruido de una hijueputa licuadora gracias al descerebrado de mi primo",0,"Era a las 6 que me quería levantar, no a las 5:15 con el ruido de una hijueputa licuadora gracias al descerebrado de mi primo",era quería levantar ruido licuadora descerebrado primo,quería levantar ruido hijueputa licuadora descerebrado primo,"Era a la 6 que me quería levant, no a las 5:15 con el ruido de una hijueputa licuadora gracias al descerebrado de mi primo",era quería levantar ruido licuad descerebrado primo
"El era como un profe de ingles gratis para mi , noooooo #VideoMTV2016 @user",1,"El ser como un profe de ingles estar para mi, noooooo #VideoMTV2016 @user",era profe ingles gratis mi noooooo #VideoMTV2016 @user,sé profe ingles mi noooooo #VideoMTV2016 @user,"El er como un prof de ingl gratis pa mi, noooooo #VidMtv2016 @user",era prof gratis mi noooooo #Videomtv2016 @user
Y se acabó El Oso el Tigre y los demás fue bueno mientras duró,2,Y se acabó el oso el tigre y los demás fue bueno mientras duró,se acabó Oso Tigre fue bueno duró,se acabó osos tigre demás bueno duró,Y se acabó el os el tigre y los demes fue buen mientra duró,se acabo oso tigre fué duró
Es que por las noches en mi cuarto y mi sobremesa me angustio sabéis  Me vengo al sofá con el portátil y el ventilador y eso,0,Es que por la noche en mi cuarto y mi sobremesa me angusto sabéis Me vengo al sofá con el portátil y el ventilador y eso,me angustio sabéis me vengo al sofá con el portátil y el ventilador y eso,por noche cuarto sobremesa me angusto sabéis vengo sofá portátil ventilador eso,Es que por las noche en mi cuart y mi sobremes me angusti sabiis  Me vengo al sof con el port til y el ventil y eso,me angustio sabi vos vengo al sofá con el portatil y el ventilador y eso
"@user Yo estoy valorando Movistar. Son careros, pero tienen buenas ofertas para el primer año. Y luego ya se verá...  @user",1,"Yo estar valorar. Ser caro, pero tener oferta para el primer año. Y luego ya se verá...",@user estoy valorando Movistar. careros buenas ofertas primer año. luego verá...  @user,estar valorar ser caro tener oferta primer año luego ver,"@user yo esté valora movistar. son carero, pero ten buena ofert para el primer año. y luego ya se verá...  @user",@user esté valuar movistar. carer buen ofert primer ańo. luev verá...  @user
me encantaría mucho tener una buena cámara y saber como usarla a la perfección,2,me encantaría mucho tener una buena cámara y saber cómo usarla a la perfección,encantaría tener buena cámara saber usarla perfecto,encantaría tener buena cámara saber usarla perfecto,me encantaría mucho tener una buenas cámara y saber como usarla a la perfecto,encantar tener buena camara saber usar perfecto
Cuando contrato 500mbs extra y llevo consumido 3 Gb JAJAJA cuando vea la factura no habrá tanta risa,0,cuando contratar gb extra y llevar consumir cuando ver la factura no habrá tanta risa,Cuando contrato 500mbs extra llevo consumido 3 Gb JAJAJA vea factura habrá tanta risa,contratar gb extra llevar consumir ver factura habrá risa,Cuando contrato mbs extra y llevo consumido  Gb JAJAJA cuando vea factura no habrá tanta risa,Cuando contrato mbs extra llevo consumido  Gb JAJAJA vea factura habrá tanta risa
Casi me quedo dormido en el bus hasta Trujillo,1,Casi me quedar dormir en el bus hasta Trujillo,me quedo dormido bus Trujillo,me quedar dormir bus Trujillo,Casi me qued dorm en el bus hasta Trujillo,me qued dormi bus trujil
@user gracias por tu atenta y puntual bienvenida al curso online. Va a ser un placer trabajar contigo,2,@user gracias por tu atento y puntual bienvenida al curso. Va a ser un placer trabajar contigo.,gracias atenta puntual bienvenida curso online Va placer trabajar contigo,gracias atento puntual bienvenida curso va placer trabajar contigo,@user gracas por tu atent y puntual bienvenid al cours onlin. Va a ser un plaz trabaj conti.,gracias atent puntil bienven curso onlin va placer trabaj conti
"Quieras o no, vivir rodeada de mar, te influye.  Paso un par de semanas sin ir a la playa y ya me hace falta.",0," QUIERO, O NO, VIVIR RODEADA DE MAR, TE INFLUYE.  PASO UN PAR DE SEMANAS SIN IR A LA PLAYA Y YA ME HACE FALTA.",vivir rodeada mar te influye paso par semanas sin ir playa ya me hace falta,VIVIR RODEADA MAR INFLUYE PASO SEMANAS IR PLAYA HACE FALTA.,"Quiero o no, vivir rodeada de mar, te influye. Paso un par de semanas sin ir a la play y ya me hace falta.",viv rode mar te influye pas semana sin ir play ya me hace falta
@user MEMEO AJAJAJ Pues yo llevo.. 3 años sin dar educación física,1,@user MEMEO AJAJAJ PUES Yo LLEVAR 3 AÑO SIN DAR EDUCAR FÍSCA,MEMEO AJAJAJ llevo años dando educación física,MEMEO AJAJAJ PUES LLEVAR AÑO DAR EDUCAR FÍSCA,@user MEMEO AJAJAJ PUES Yo LLEVO.. 3 AÑO SIN DAR EDUCACION PHYSICA,MEEM AJAJAJ llevo año dar educación físico
"Estoy contenta, acabo de ver que los gustos que en algún momento transmití sobre una banda en específica, ha llegado a otra persona más.",2,"Estoy contenta, acabo de ver que el gusto que en algún momento transmití sobre una banda en específica, ha llegado a otra persona más.","contenta, acabo ver gustos algún momento transmití banda específica, ha llegado otra persona.","contenta, acabo ver gusto transmití banda específica, ha llegado otra persona más.","Estoy content, acabo de ver que los gusto que en algún momento transmití sobre una banda en específica, ha llegado a otra persona más.","content, acab ver gust algún moment transmí banda específic, ha lleg otro perso."
que te echo de menos cosa chicaa!   http,0,que te echo de menos cosa chica!,te echo de menos cosa chica,te echo menos cosa chica!,que te ech de men cos chia!,te ech de menos cos chico
"@user @user @user @user ...""futbolizando"" la afición auitomovilística.",1,"@user @user @user @user... ""futbolizar"" la afición automovilística.","""futbolizando"" afición auitomovilística.","""futbolizar"" afición automovilística.","""@user @user @user @user...futbol la aficcion auitomovilistica.""",futbol afición automovilístic
"Ey @user me gustaría escuchar #UnMinutoSinDolor, nuevo single promocional de @user en #LaMejorVariedadMusical de @user",2,"Ey @user me gustaría escuchar #unMinutoSinDolor, nuevo single promocional de @user en #laMejorVariedadMusical de @user","Ey @user gustaría escuchar #UnMinutoSinDolor, nuevo single promocional de @user en #LaMejorVariedadMusical de @user",@user gustaría escuchar #unMinutoSinDolor nuevo single promocional de @user en #laMejorVariedadMusical de @user,"Ey @user me gustaría escuchar #UnMinutoSinDol, nuevo singl promocional de @user en #LaMejorVariedadMusi de @user","Ey @user gustaría escuchar #UnMinutoSinDol, nuevo singl promocional de @user en #LaMejorVariedadMusical de @user"
Preferiría discutir con un umpalumpa que con un (a) cristiano (a) conservador (a) de derecha.,0,Preferir discutir con un umpalumpa que con un cristiano de derecha.,discutir umpalumpa cristiano conservador derecha,discutir umpalumpa cristiano derecha, Preferir discutir con un umpalumpa que con un (a) cristian (a) conservador (a) de derech.,discutir umpalumpa cristian conserv derecha
A un paso de darle una vuelta completa a nuestro sol Lov u @ El Tizón,1,A un paso de dar una vuelta completa a nuestro sol lo v @ el tizón,A paso dar vuelta completa nuestro sol Lov u @ El Tizón,un paso dar vuelta completa nuestro sol v @ tizón,A un pas de darle una vuelta completa a nustro sol Lov u @ El Tizón,A paso dar vuelta completa nuestro solLov u @ El Tizón
Una pizza. Una conversación amena. Amigos. Buena noche,2,Una pizza. Una conversación amena. Amigo. Buena noche.,pizza conversación amena amigos Buena noche,pizza conversación amena amigo Buena noche,Una pizz. Una convers amena. Amig. Buena noch.,pizz convers ameno amigo buena noche
"Massimo Bottura está en América. Está en México. Y yo estoy aquí, acostada en mi cama, sufriendoooo!!! Quiero conocerlo",0,"Massimo Bottura estar América.estar México. y yo estar acostar,smia sufrir Quiero conocer",Massimo Bottura América México quiero conocerlo sufriendoooo,Massimo Bottura América México yo acostar sufrir Quiero conocer,"Massim ost err América. err en Mexic. y yo err aqui, acostad en mi cam, sufr!!!! quier conoscer",Massimoturr ameri mexico quierconosli sufrinadoo
@user llego a saber que zafreo es igual a cerveceo y voy,1,*llegar saber zafrear cervecear ir*,llego saber zafreo igual cerveceo voy,llegar saber zafrear cervecear ir,@user lleg know zafre cervece yo,lleg saber zafre cervece voy
Buenos días amigos de Facebook   ¡¡Volvemos a tener Granizados de… http,2,Buen día amigo tener granizado,Buenos días Granizados,Buen día amigo granizado,Buenos dias amig graniz volvemos a ten graniz de… http,Buenos dia granizad
"Soy la peor basura del mundo porque, justo hoy Andrea tenía que verme con otra mujer, que mal me sentí.",0,"soy la peor basura del mundo porque, justo hoy tener que verme con otra mujer, que mal me sentir.",la peor basura del mundo Andrea tenía verme otra mujer mal sentí.,soy peor basura mundo tener verme mujer mal sentir,"soy la peor basur del mund porque, justi hoy Andrea tení verme con ot woman, que mal me sentí.",la peor basur del mund Andrea teni vern otra muj mal senti
@user yo me mande a traer una XL por ebay y me queda enorme y eso que estoy panzon jaja,1,@user yo me mandar un por ebay y me quedar enormes y eso que estar panza jaja,mande XL ebay quedo enorme panzon,@user mandar ebay quedar enormes panza,@user yo me mande a traer una XL por ebay y me queda enorm panzón jaja,mande quedo enorm pancho
"El día 2 tengo los exámenes, suena lejano pero es la semana que viene jajaxd",2,"El día tener los examen, suena lejano pero es la semana que venir jajaxd",día 2 exámenes suena lejano semana que viene,día examen suena lejano semana venir,"El día 2 ten examen, suena lejano pero es la semana que viene jajaxd",día examen suena lejano semana que venir
"Desesperada estoy, trabajaré en cualquier cosa",0,Desesperada estar trabajo cualquier cosa,Desesperada trabajaré cosa,Desesperada trabajo cosa,Desespera estar trabaj anything cosa,Desesper traba cosa
@user Hahahaha no me enoja. Solo juego aunque es cierto,1,@user hahahahah no me enoja. solo jogo aunque es cierto,@user Hahahaha me enoja Solo juego aunque cierto,@user hahahahah me enoja solo jogo aunque cierto,@user hahahah no me enoj. solo juego aunque es ciert.,@user hahahah me enoj solo jug aunque ciert
@user ¡muchísimas gracias Blanca! La verdad es que es un plato fácil pero muy rico y vistoso,2,@user ¡muchas gracias Blanca! La verdad es que es un plato facil pero muy rico y vistoso.,¡gracias Blanca! verdad plato fácil rico vistoso,¡gracias Blanca! verdad plato facil rico vistoso.,@user ¡muchísima gracias Blanca! La verdad es que es un plato fácil pero muy rico y vistoso.,¡graciasBlanca! verdad plato fácil rico vistoso
Estoy segura que esta fue mi última entrevista a Jaime Saavedra como ministro de Educación. Vamos a perder un gran ministro.,0,Estoy ser seguro que esta ser mi último entrevistar a Jaime Saavedra como ministro de Educación. Vamos a perder un gran ministro.,esta fue mi última entrevista Jaime Saavedra ministro Educación vamos perder gran ministro,ser seguro esta mi último entrevistar Jaime Saavedra ministro Educación vamos perder gran ministro,Estoy segur last entrevist a Jaime Saaveder como ministr d Educac. Vam perdir un gran ministr.,esta fu mi úl tram Jaime Saavedr ministr educar vamos per gran ministr
@user @user es que hablo de sus correos corporativos en sus PCs,1,@user @user ser que hablar de su correo corporativo en su PC,hablo correos corporativos PCs,hablar correo corporativo PC,@user @user es que habl de sus corrporativ en sus pc,hablar correo corporativo pc
"Pensé que los hacías y compartias por aquí en plan espontáneo, no que tenías una cuenta específica @user. Follow you now again  .",2,"Pensar hacer compartir por aquí en plan espontáneo, no que tener cuenta específica @user. seguir ahora de nuevo.",Pensé hacías compartias plan espontáneo no que tenías cuenta específica @user. Follow you now again.,hacer compartir aquí plan espontáneo tener cuenta específica seguir ahora nuevo,Pens thought hace compart espontane no que tenes cuenta especifica @user. Follow you now again.,Pens thought hac compartia plan espontane no que ten cuenta especifi @user. Follow you now again.
@user porque si digo que quiero mamón chino me dicen una vulgaridad,0,@user porque decir que querer mamón chino me dicen una vulgaridad,@user digo quiero mamón chino dicen vulgaridad,@user decir querer mamón chino dicen vulgaridad,@user porque si digo que quiero mamón me dicen una vulgaridad,@user digo querer mamón chino dicen vulgar
"Ay Dios he pecado, pero es que ese bikini estaba re lindo y necesitaba bronceador",1,"Ayer di pecar, pero es que ese bikini estaba re lindo y necesitaba broncear.",Dios pecado ese bikini lindo necesitaba bronceador,"di pecar, pero ese bikini estaba re lindo y necesitaba broncear.","Ay Dios he pecad, pero es que ese bikin estab re lind y necesit bronceador",Dios pec bronce needed bronceador
"Me voy mañana para la playa, confiando que el sol me quite esta gripe tan horrible.",2,"Me ir voy mañana para la playa, confiando que el sol me quite esta gripe tan horrible.",voy mañana playa confiando sol me quite gripe horrible,ir voy mañana playa confiando sol me quite gripe horribles,"Me voy mañá para la play, confiando que el sol me quite esta gripe tan horribl.",voy mañan play confian sol me quit gripe horribl
@user Eso es antiguo ya,0,eso ser ya,Eso antiguo ya,eso ya,@user eso es antiguo ya,Eso antigu ya
"No Dennis, no puedes cometer los mismo errores, es hora de cambiar y cometer nuevos errores",1,"No Dennis, no puedes cometer el mismo error, es hora de cambiar y cometer nuevos errores.",Dennis cometer errores hora cambiar cometer errores,Dennis puedes cambiar cometer errores.,"No Dennis, no puedes cometer los mism err, es hora de cambiar y cometer nuevos err.",Dennis err com cambiar err
"@user y si puedo trabajar en Madrid, Buenos Aires o Bogotá yo sería también muy feliz hihihihi",2,"@user y si puedo trabajar estar trabajar en Madrid, Buenos Aires o Bogotá yo ser estar también muy feliz hihihihi",@user si puedo trabajar en Madrid Buenos Aires o Bogotá sería también feliz hihihihi,@user y si puedo trabajar trabajar en Madrid Buenos Aires o Bogotá ser estar también feliz hihihihi,"@user y si puedo trabajar en madri, buenos airos o bogota yo seria tambien muy feliz hihihihi",@user si pueb trabaj madri buea bogo seria tambien felic hihihihi
@user Llévales bibliografía! La evidencia en educación médica existe,0,llevar bibliografía evidencia educación existir,Llévales bibliografía! evidencia educación médica existe,llevar evidencia educación existir,@user lleva biblio grafia! evidenc exist,llevar biblio evidencia educ exist
@user pero podrías rescatar las cosas buenas que te pasaron ánimos,1,@user pero podrías rescatar las cosa buena que te pasaron ánimo,poderias rescatar cosas buenas te pasaron ánimos,@user rescatar cosas buenas pasaron ánimo,@user per pero podrías resc rescatar las cos cosa buenas que te pasaron ánimo ánimos,poder rescatar cosa bueno pasar ánimo
@user que te vaya bien por Murcia mala persiana,2,@user que ir bien por Murcia mala persiana,te vaya bien Murcia persiana,@user ir bien Murcia mala persiana,@userque tetebale bien por murciame malaperesiana,te valla bien murcia persiana
@user ooops cierto. Me mata @user,0,@user ooops cierto. me mata @user,@user ooops cierto Me mata @user,@user ooops cierto me mata @user,@user ooops ciert me mata @user,@user ooops ciert me mat @user
"Último dia en Elche, ahora toca Benidorm",1,"último día en elche, ahora toca benidorm",último dia Benidorm,último día en elche ahora toca benidorm,"Últim dí en Elx, agora toca Benidorm",últim dia Benidorm
@user jajajaja yo creo que esa fue improvisto eh! muchas grasias hermosa!!,2,@user jaja yo creo que esa fue imprevisto eh! muchas gracias hermosa!!,@user jajajaja cre esa fue improvisto eh gracias hermosa,@user jaja cre esa fue imprevisto eh gracias hermosa,@user jajajaja yo creo que esa fue improvist eh! muchas grasias hermosa!!,@user jajajaja cesa fue improvisto eh gracias hermosa
@user pura vida. Ya llamé pero fue como no haber llamado.,0,pura vida. ya llamar pero fue como no haber llamado.,pura vida. llamé pero fue como haber llamado.,pura vida ya llamar fue como no haber llamado,@user pura vida. ya llamé pero fue como no haber llamado.,pura vida. llamar llamar haber llamar.
"@user Ya ves, parece un comic más maduro pero el dibujo se delata solo",1,@user ya ver parecer comic maduro pero dibujo delatar solo,"Ya ves, parece comic maduro pero dibujo delata solo",ver parecer comic maduro dibujo,@user ya ves parec comic madur pero dibuj delat solo,"Ya ve, parec comic madur pero dibujo delat solo"
Tenemos nueva actualizacion en F1 2016! Muchos cambios y mejoras   http,2,Tenemos nueva actualización en F1 2016! Muchos cambio y mejora   http,Tenemos nueva actualización en F1 2016! Muchos cambios y mejoras   http,Tenemos nueva actualización F1 2016! muchos cambio mejora http,Tenemos nueva actualización en F1 2016! Muchos cambiós y mejora   http,Tenemos nueva actualizac sinc many cambi y mej http
Me gustaría que Movistar no me deje colgado sin internet después de haberme ido de Orange,0,Me gustaría que Movistar no me deje colgar sin internet después de haberme ido de Orange,Me gustaría Movistar me deje colgado internet después de haberme ido,Me gustaría Movistar me deje colgar sin internet después de haberme ido,Me gustaría que movistarr no me dej colg sin int después de haberme ido de orang,Me gustaría Movistari me deje colg internet después de haberme ido
"@user hmmmm no sé, aún las siento pegadas en el cielo de la boca",1,"@user hmmmm no saber, aún las sentir pegado en el cielo de la boca",hmmmm sé aún siento pegadas cielo boca,saber aún sentir pegado cielo boca,"@user hmm no sé, aún las sien pegad en el cie de la boc",sé aún siento pegada cielo boca
Segunda sesión del día y ahora ya voy notando la adaptación    Muy cómodo  En ocasiomes hago… http,2,Segunda sesión del día y ahora ya voy notando la adaptación Muy cómodo En ocasiones hago…,Segunda sesión día ahora voy notando adaptación Muy cómodo ocasiomes hago,Segunda sesión día ahora voy notando adaptación Muy cómodo ocasiones hago,Segunda sesi adapt Muy comodo En ocasi hago,segunda sesi día ahora voy notad adapt cómodo ocasiomes hago
Estos días me encuentro muy débil... espero que se me pase pronto!!!,0,Estos día encontrar muy débil... espero que se me pase pronto!!!,días encuentro débil espero se me pase pronto,Estos día encontrar débil espero que se me pase pronto,Estos día encontr muy débile... espero que se m pase pronto!!!,día encontrar débil esperar pasar pronto
@user Cual es tu helado favorito y comida? Como te parecio Costa Rica cuando viniste y a donde fuiste? Sigueme pls saludos bye,1,@user qué es tu helado favorito y comida? cómo te pareció Costa Rica cuando viniste y a dónde fuiste? sígueme pls saludos adios,@user helado favorito comida Como parecio Costa Rica viniste a fuiste Sigueme saludos,@user helado favorito comida cómo pareció Costa Rica viniste fuiste sígueme pls saludos adios,@user cual es tu hela favorito y comi? como te parecio costa rica cuando viniste y a donde fuiste? sigueme pls saludos bye,@user helad favorit comid como parec costaric veni fuist siguem salud
@user Jajaja ahí tenemos gustos diferentes pero así tb se puede hablar de todo  #TonyYSorayaEnMalaga,2,@user jaja ahí tener gustar diferente pero así tb se puede hablar de todo  #TonyYSorayaEnMalaga,@user Jajaja ahí tenemos gustos diferentes así tb se puede hablar de todo  #TonyYSorayaEnMalaga,@user jaja tener gustar diferente así tb se hablar todo #TonyYSorayaEnMalaga,@user jaja ahí tenem gustos differente pero así tb se pode hablar de todo  #tonyysorayaenmalaga,@user jaja ahí tenem gustos dife así tb se pode hablar de todo  #TonYYSorayEnMalag
@user pff... Cada vez tengo más claro qje soy mura rara,0,@user pff... Cada vez tengo más claro que soy muy rara.,@user pff... soy mura rara,@user pff... claro soy rara.,@user pff... Cada vez tengo más claro que soy mu ra rara,@user pff... soy murar rara
@user una gran oportunidad para que disfrutemos (con @user ) de su trabajo...,1,@user una gran oportunidad para que disfrutemos (con @user ) de su trabajo...,gran oportunidad disfrutemos trabajo,gran oportunidad disfrutemos trabajo,@user una gran oportunidad para que disfrutemos (con @user ) de su trabaja....,grande oportunidad disfrutemos trabajo
No hay nada mejor que ver el estreno de #RogueOne con la mejor compañía,2,No hay nada mejor que ver el estrenar con la mejor compañía.,hay nada mejor ver estreno RogueOne mejor compañía,hay nada mejor ver estrenar mejor compañía.,No hay nada mejor que ver el estren con la mey compagnía.,hay nada mejor ver estren RogueOne mejor compagnia
"@user yo lo único e puedo rescatar es TØP y Coldplay,pero no tengo un cinco.",0,"yo lo único e puedo rescatar es TØP y Coldplay, pero no tengo un cinco.",lo único puedo rescatar es TØP y Coldplay pero no tengo cinco,"lo único e rescatar TØP Coldplay, pero tengo cinco.","@user yo lo únic e puedo rescatar es TØP y Coldplay,pero no tengo un cinco.",lo únic rescatar es TØP y Coldplay pero no tengo cincai
2 meses que parecen una eternidad. no sabes como me haces falta mi querida abuelita,1,2 mes月 que parecen una eternidad. no sabes como me haces falta mi querida abuelita.,meses parecen eternidad sabes como me haces falta querida abuelita,2 que parecen eternidad. sabes como me haces falta querida abuelita.,2 mese que parecen una eternidad. no sabes como me haces falta mi querida abuelita,mes parec eternidad sab como me hac falta queri abuel
"@user Qué buena pinta.. se parece mucho a un ""suquet de rape"" por aquí",2,@user qué buena pinta.. se parecer mucho a un suquet rape por aquí,Qué buena pinta.. se parece mucho a un suquet de rape,qué buena pinta se parecer mucho a un suquet rape por aquí,@user qué buena pint.. se parec mucho a un suquet rape por aquí,Qué buena pint.. se parec mucho a un suquet de rap.
@user Porque era el primer semestre y te daba miedo faltar. A ver si este año nos abandonas menos.,0,@user porque ser el primer semestre y te daba miedo faltar. a ver si este año nos abandonamos menos.,@user primer semestre te daba miedo faltar A ver si este año abandonamos menos,@user primer semestre te daba miedo faltar. ver si este año abandonamos menos.,@user porque era el primer semestre y te daba miedo faltar. a ver si este año nos abandon menos.,@user prim semest te daba mied falt av si esti annadamos menos
"@user acabo de subir una foto con él, pero es el mismo nombre que mi twitter",1,"@user acabar subir una foto con él, pero ser el mismo nombre que mi twitter",@user acabo subir foto él mismo nombre mi twitter,acabar subir foto con él ser mismo nombre mi twitter,"@user acabar subir foto con él, pero es mismo nombre que mi twitter",@user acabo subir foto él mism nome mi twitter
Pensar en irse pronto a la cama y ver que dan 2 capítulos de #minorityreport la mejor manera de alegrarse la noche,2,Pensar en irse a la cama y ver que dan de capítulos de #minorityreport la mejor manera de alegrarse la noche,irse pronto cama dar capítulos minorityreport mejor manera alegrarse noche,irse cama ver dan capítulos minorityreport alegrarse noche,Pensar en irse pronto a la cama y ver que dan 2 capítu de #minorit la mejo manera de alegrarse la noche,"ir, pronto, cama, dar, capítulo, minoría, reporte, mejor, manera, alegrarse, noche"
"Como dice @user , se escapa otro verano en un furgón blindado    @salaBBK #Bilbao #QuiqueGonzález  http",0,"como decir, se escapar otro verano en un furgón blindado    @salaBBB #Bilbao #QuiqueGonzález  http",dice se escapa otro verano furgón blindado salaBBK Bilbao QuiqueGonzález,decir escapar verano furgón blindado sala BBB Bilbao Quique González,"Como dic @user, se esca otro veran en un furgo blindado    @salaBBK #Bilbao #QuiqueGonzález  http",dice se escapa otro verano furgón blindado salaBBK Bilbao QuiqueGonzález
@user Exacto! Todo lo que él hace lo hace con el corazón y desde el corazón,1,@user Exacto! todo lo que él hace lo hace con el corazón y desde el corazón.,Todo hace corazón desde corazón,@user Exacto todo hace hace corazón corazón,@user Exacto! Todo lo que él hace lo hace con el corazon y desde el corazon,Todo hac corazón Desde corazón
"Bueno, ya he montado la biblioteca y de no tener espacio, con ella me sobran huecos jajaja En unos años estara llenita",2,"Bueno, ya he montado la biblioteca y de no tener espacio, con ella me sobran huecos jajaja en unos años estará llenita.",Bueno montado biblioteca teniendo espacio con sobran huecos En años estara llenita,he montado biblioteca teniendo espacio con ella sobran huecos en años estará llenada,"Buen, ya he montado la biblioteca y de no tener espac, con ell me sobran hueco jajaja En unos anios estara lleni.",Buen mont biblioteca tenespacio con sobra hueco en anoes tarellin
Con lo que voy a gastar comprándome algo para halloween me compro una mudada y de paso la entrada en 5 mil,0,Con lo que voy a gastar comprándome algo para Halloween me compro una mudada y de paso la entrada en 5 mil,comprándome algo halloween mudada entrada mil,Comprándome algo para Halloween mudada entrada mil,Con lo que voy a gastar comprándome algo para halloween me compro una mud y de paso la entrada en 5 mil,comprandome algo halloween mudad entrada mil
mi hermoso @user esta que hace live en ig y no puedo ver me quiero morir queria un saludo para las @user,1,mi hermoso usuario esta que hace live en ig y no puedo ver me quiero morir queria un saludo para las usuario,hermoso live ig quiero morir saludo,mi hermoso esta que hace live en ig no puedo quiero morir queria saludo para las usuario,mi hermoso @user esta que hace live en ig y no pue morir quiera un saludo para las @user,hermos live ig quier mori salud
La final de @user esta esta muy interesante,2,La final estar muy interesante,La final de @user muy interesante,La final muy interesante,La finall de user esta muy intersant,La finall de @user muy intersantemente
mi vida es una mierda primero me enamoro de un macedonio en ibiza y ahora del timbales de la panorama,0,mi vida ser una mierda primero enamorar de un macedonio en ibiza y ahora de timbales de panorama,vida macedonio ibiza timbales panorama,vida mierda primero enamorar macedonio ibiza ahora timbales panorama,mi vida es un mierda primero me enamoro de un macedon en ibiz y ahora del timbal de la panoram,vida macedonio ibi timbal panorámica
"Estoy bien  Muchas gracias a aquellos que preguntais, el problema es que hoy no me dieron cita.. dijeron que imposible",1,"Estoy bien Mucha gracias a aquél que preguntáis, el problema es que hoy no me dieron cita. dijeron que imposible",bien gracias aquellos preguntais problema hoy dijeron imposible,bien gracias preguntáis problema hoy imposible,Estoy bien  mucha gracias a aquell pregunt el probl es que hoy no me dieron cit dijeron que imposibil,bien gracias aquello pregunt problema hoy dijim imposibil
Es que es taaaaaan bonito,2,Es que ser bonito,Es taaaaaan bonito,ser bonito,Es que es taaaan boni,Es tan bonito
Pero tenemos fe en que el TEC sea igual de masoquista que siempre y nos haga ir a como de lugar.,0,Pero tener fe en que el TEC ser igual de masoquista que siempre y nos haga ir a como de lugar.,tenemos fe TEC masoquista siempre haga ir como lugar,teniendo fe ser igual masoquista siempre haga ir como lugar,Pero tenem fe en que el tec sea igual de masuqist que sempre y nos hag ir a com lugar.,tenemos fe tec masoquista siempre haga ir como lugar
Miraflores dime que dentro de ti hay buenos polos,1,Mirar flores decir tener bueno polo,Miraflores dime dentro ti buenos polos,Mirar flores decir tener bueno polo,Miraflores dime que dentro de ti hay buen pol,Mirar dime dentro ti bueno polo
Recuerdo cuando le escribía a mi hermana @user para que me motivara y me hiciera sentir útil. Dios me dio a la mejor hermana,2,Recuerdo cuando le escribes a mi hermana para que me motive y me haga sentir útil. Dios me dio a la mejor hermana.,Recuerdo escribía hermana @user para motivara hiciese sentir útil Dios dio mejor hermana,Recuerdo cuando le escribes hermana para que motive haga sentir útil Dios me dio mejor hermana,Recuerro cuando le esribi a mi hernna @user para que me motiva y me hiciera sentir util. Dios me dio a la meyer hernna,Recuerdo escribir herman@ user para motivar hacer sentir útil Dios dar mejor herman@
"@user @user jaja y por que lo peor, los juegos de Ubisoft no son tan malos, lo que si es un poco malo es ser solo de Sony",0,"@user @user jaja y por qué lo peor, los juegos de Ubisoft no son tan malos, lo que sí es un poco malo es ser solo de Sony",jaja peor Ubisoft malos poco malo solo Sony,jaja peor Ubisoft malos sí malo solo Sony,"@user @user jaja y por que lo peor, los jug jubi no son tan malo, lo que si es un poco malo es ser solo de Son",jaj pe Ubisoft mal poc mal solo Sony
@user no porque no los tienes activados a todos,1,@user no porque no los tienes activos a todos,@user porque los tienes activados a todos,@user porque no los tienes activos a todos,@user no porque no los tienes activados a todos,@user porque lo tienes activa a todo
"La vida hay que verla de manera optimista. Hay que luchar, hay que ser fuertes ante todo.",2,"La vida hay que ver de manera optimista. Hay que luchar, hay que ser fuerte ante todo.",vida verla manera optimista luchar ser fuertes todo,vida ver manera optimista luchar ser fuerte todo,"La vida hay que verla de manere optimiste. Hay que luch, hay que ser fuer te ante todo.",vida verl manera optimist luchar ser fuert todo
@user una especie de Titanic pero en versión cutre no?,0,@user una especie de ser titanic pero en version cutre no?,Titanic cutre,ser cutre,@user una especie de titanic pero en version cutre no?,titanic cutr
"@user hola, te contamos que el incidente que tuvimos con el aspersor ya se solucionó ¡Te esperamos pronto!",1,"@user hola, te contamos que el incidente ya se solucionó ¡te esperamos pronto!",@user hola contamos incidente aspersor solucionado Te esperamos pronto,@user hola contamos incidente solucionado te esperamos pronto,"@user hola, te contamos que el incidente que tuvimos con el aspersor ya se solució ¡te esperamos pronto!",@user hola contar incidente aspersor solucion Te esperamos pronto
"Hoy fue la primera vez en 20 años de vida que me comí un Chifrijo jaja Sabía rico, pero si el chicharron no tuviese pellejo sería mejor",2,"Hoy ser la primera vez en 20 año de vida que me comí un Chifrijo jaja sabía rico, pero si el chicharrón no tuviese pellejo sería mejor",fue primer vez vida comí Chifrijo jaja sabía rico chicharron tuviese pellejo sería mejor,ser primera vez año vida comí Chifrijo jaja sabía rico chicharrón pellejo sería mejor,"Hoy fué la priméra vez en 20 an~ de v~ que me comí un Chifrío jaja sabía ríc~o, pero si el chicha~ón no tuvies~ pellejo sería me~",fue prim vida comí chifrijo jaja sabía rico chicharron tuviese pellej sería mejor
@user su madre sé suicido y la encontró Chelo muerta,0,@user su madre se suicide y la encontró Chelo muerta,@user madre suicido encontró Chelo muerta,@user madre suicide encontró Chelo muerta,@user su madré sé suicid y la encontró Chelo muerta,@user madre suicidio encontró muerta
"@user FELIZ CUMPLEAÑOS JULIAN Z ! q Dios te bendiga muchísimo, un fuerte abrazo desde Huacho",1,"@user FELIZ CUMPLEAÑOS JULIAN Z! Q DIOS TE BENDIGA MUCHÍSIMO, UN FUERTE ABRAZO DESDE HUACHO","FELIZ CUMPLEAÑOS JULIAN Z! DIOS TE BENDIGA MUCHÍSIMO, FUERTE ABRAZO HUACHO",FELIZ CUMPLEAÑOS JULIAN Z DIOS TE BENDIGA MUCHÍSIMO FUERTE ABRAZO DESDE HUACHO,"@user FELIZ CUMPLEAÑO JUAN Z! Q DIOS TE BENDIGA MUCHISIMO, UN FUERTE ABRAZO DESDE HUACHO","FELIZ CUMPLEAÑO JUAN Z! DIOS TE BENDIGA MUCHÍSIMO, FUER ABRAZO HUACHO"
"@user Buenos días, un éxito su maratonica, yo me sumé y sé que van a llevar mucha alegría a personas que están sufriendo",2,"@duser buenas día, un éxito su maratónica, yo me sumé y sé que van a llevar mucha alegría a personas que están sufriendo",Buen éxito maratónica sé llevar alegría personas están sufriendo,buen éxito maratónica sumé llevar alegría personas sufriendo,"@d user buenas dia, un exito su maratonica, yo me sume y se que van a llevar mucha alegria a personas que estan sufriendo",Buen éxit maratón sé llevar alegría persona estar sufrimiento
"@user Me enamoré de una bruja, dos veces, es que no hay tanto gato so cansino",0,@user me enamorar una bruja dos vez es que no hay tanto gato so cansino,"Me enamoré de una bruja, dos veces, hay tanto gato so cansino",me enamorar bruja dos vez hay gato cansino,@user enamor cans bruja cans cans gato cans,"Me enamoré de un gato, dos veces, hay tanto gato so cansino."
Ojalá todos tuvieran un techo y comida y pasar una buena noche buena,1,Ojalá todos tengan un techo y comida y pasar una buena noche buena,Ojalá todos tuvieran un techo comida pasar buena noche,Ojalá todos un techo comida pasar buena noche buena,Ojalá todo tuviera un techo y comida y pasara una buena noche buena,Ojalá todo tuviera un techo comi pasar buena noche
Recibir este nuevo año en familia es lo más bonito y con un corazón agradecido por tanta bendición de nuestro amado Dios. #Feliz2017,2,Recibir este nuevo año en familia es lo más bonito y con un corazón agradecer por tan bendición de nuestro amado Dios. #Feliz,Recibir nuevo año familia bonito corazón agradecido bendición amado Dios Feliz2017,Recibir nuevo año familia bonito corazón agradecer bendición amado Dios Feliz,Recib this nuev ayear en fAMILIA es lo mÁs bonit y con un cCORAZÓN agradec pór tAN sAN bENDICIÓN de nUESTRO amad DIOS. #Feliz,Recibir nuevo año familia boni corazón agradecido bendición amado Dios Feliz
Ha muerto mi profesora de volumen/escultura y en serio que bajonazo,0,Ha morir mi profesor de volumen/escultura y en serio que bajonazo,muerto profesora volumen/escultura bajonazo,Ha morir mi profesor de volumen/escultura y en serio bajonazo,Ha muer mi profeso de volum/escultur y en serio que bajon.,muert profesor volumen/escultura bajonaz
@user No lo soy lemado,1,@user no lo soy ser,lo soy lemado,lo soy,@user no lo soy lema,soy lema
@user que yo soy fiel tío,2,@user que yo soy fiel tío,@user soy fi tío,@user soy fi tío,@user que yo soy fiel tío,@user soy fi tío
"@user ni siquiera llegué para ver las competiciones de Río en directo, solo las barras asimétricas de Aliya",0,"@user ni incluso llegar ver competición Río directo, solo barra asimétrica Aliya",llegué ver competiciones Río directo barras asimétricas Aliya,"@user ni llegar ver competición Río directo, solo barra asimétrica Aliya","@user ni siqurni llegué para ver las competícíón de Rí en directo, solo las barr asímétricas de Aliya",llegar ver compet compet Río directo barra asimétr aliya
¡Hola @user! Una pregunta? La visita a la fábrica es gratuita o hay que pagar algo? Un saludo bonicos y bonicas mios!,1,¡hola! una pregunta? la visita a la fábrica es gratuita o hay que pagar algo? un saludo bonicos y bonicas mios!,¡Hola @user! pregunta visita fábrica gratuita pagar saludo bonicos bonicas míos!,¡hola! pregunta visita fábrica gratuita pagar saludo bonicos bonicas mios!,¡hola @user! una pregunt? la visit a la fabr es gratis o hay c que pagar alg? un salud bonics y bonicas mis!,¡hola user! pregunt visita fabri pagar saludo bonico mio!
"@user esa está genial en serio, vamos, vamos un día",2,"esa estar genial en serio, vamos, vamos un día",@user está genial en serio vamos vamos día,esa genial serio vamos día,"@user es estar genial en serio, vamos, vamos un día",@user est genial en ser vamos vamos dia
Ya se que soy lo peor pero jo,0,Ya sé que soy lo peor pero jo.,se soy peor pero jo,sé peor jo,Ya sea que se que soy lo peor pero jo,soy peor pero jo
"@user somos dos! jaja ahora eres Martín? oye voy para Lima el prox mes, para el reencuentro d la u, avisas si estarás por esos días",1,"@user sero dos! jaja ahora eres Martin? oye voy para Lima el prox mes, para el reencuentro d la u, avisas si estares por esos días.",somos dos! jaja ahora Martín? oye voy Lima prox reencuentro U avisas estarás días,@user dos! jaja ahora Martin? oye para Lima prox para reencuentro U avisas si estares por esos días.,"@user somos dos! jaja ahora eres marti? oye voy para lima el prox, para el reencuentro d lu, avisas si estarás por eses d.",somos dos! jaja ahora marti? oye voy lima prox reencontr u avisas estar dìas
Algo bueno que le puedo encontrar al incendio de Villava es que esta tan cerca del Instituto... seria una pena que se quemase...,2,Algo bueno que le puedo encontrar al incendio de Villava es que está tan cerca del Instituto... sería una pena que se queme....,algo bueno encontrar incendio Villava cerca Instituto,algo bueno encontrar incendio Villava está cerca Instituto,algo bueno que le pueda encontrar al incendio de villava es que esta tan cerca del instituto... seria una pena que se queme...,algo bueno encontrar incendio villav cerca instituto
"El problema de las ofertas ahorita, esque no llegó al mínimo para regalarle a mi amigo secreto. Y siento que lo voa estafar",0,"El problema de la oferta, esque no llegó al mínimo para regalále a mi amigo secreto. Y siento que lo vaya estafar.",problema ofertas ahorita mínimo regalarle amigo secreto siento estafar,problema oferta llegó mínimo regalarle amigo secreto siento vaya estafar,"El problém de las ofert mínim, esq no lleg al mínim para regal al m fríu secret. Y siento q lo v estafar.",problema ofert ahor min regalar amig sient estaf
-Amor 1:02 : Acabo de ver a mi hermana con su pretendiente -Camila Díaz 1:03 : uyyy no te exhaltes es normal jaja -Amor 1:04:Casi le pego,1,-Amor 1:02 : acabo de ver a mi hermana con su pretendiente -Camila Díaz 1:03 : uyyy no te exhaltes es normal jaja -Amor 1:04: casi le pegue,-Amor 1:03 : hermana pretendiente Camila Díaz 1:04: le pego,-Amor 1:02 : hermana pretendiente -Camila Díaz 1:03 : uyyy te exhaltes normal jaja -Amor 1:04: pegue,-Amor 1:02 : Acabo de ver a mi herman con su pretendi -Camila Díaz 1:03 : uyy no te exhalt es normal jaja -Amor 1:04:Casi le peg,-Amor 1:03 : herman pretenden Camila Díaz 1:04: le peg
@user se habia puesto octavo pero en la última vuelta se ha puesto 4,2,@user haber ponerse pero en la última vuelta haber ponerse 4,se puesto octavo pero última vuelta se puesto 4,haber ponerse última vuelta 4,@user se habi puesto ocatavo pero en la últime vuelta se ha puesto 4,se pongo octavo pero última vuelta se pongo 4
Tan desesperado que hasta stalkea,0,Tan desesperado que hasta seguir,desesperado stalkea,desesperado seguir,Tan desesperado que hasta stalkea,desesper stalkea
"@user Yo tengo un par, pero son sólo R",1,"Yo tener un par, pero ser sólo R",tengo par son sólo R,tener par,"@user yo tener un par, pero son solo r",tengo par so sólo R
@user Es una buena forma de dar la bienvenida a mi casa,2,Es un buen forma dar la bienvenida a mi casa,Es buena forma dar bienvenida casa,un buen forma dar la bienvenida a mi casa,@user es un buen forma dar la bienvenid a mi cas,Es buena forma dar bienvenida casa
me cago en dios ya no soy teen el cumpleaños más triste de mi vida,0,me caer en dios ya no soy teen el cumpleaños más triste de mi vida,cago dios ya soy cumpleaños triste vida,caer dios soy cumpleaños triste vida,me cao en dios ya no soy teen el cumpleaños más triste de mi vida,cagar dios ya cumpleaños triste vida
Me recomendais alguna silla gaming buena please,1,Me recomendais alguna silla juego buena please,recomendais silla gaming buena please,recomendais silla juego buena,Me recomendais alguna silla joc good please,recomendais sill buena please
@user tengo que hablar todavía con las librerías pero a ver si cae la primera este mes ya  @user,2,`tener que hablar todavia con las libreria pero a ver si cae la primera este mes ya @user`,tengo hablar librerías cae primera,`tener hablar todvya con libreria ver cae primera este h ya @user`,@user tengo que hablar todavía con las librerías pero a ver si cae la primera este mes ya  @user,tengo hablar librería caer primera
@user una oleada de cosas homófobas días anteriores,0,@user una oleada de cosa homófoba día anterior,oleada cosas homófobas días anteriores,oleada cosa homófoba día anterior,@user una oleada de cos homófob anterios,oleada cosa homófb día anteri
me olvide de un pequeño detalle y ahora debo ir a Wong,1,me olvidar de un pequeño detalle y ahora debo ir a Wong,olvido pequeño detalle ahora debe ir Wong,olvidar pequeño detalle ahora debo ir Wong,me olvidé de un peccual detalle y ahora debo ir a Wong,olvid个小细节ahora debe ir Wong
@user @user @user @user @user felicidades chicos !!nosotros como vuestros fans estamos super orgullosos,2,@user @user @user @user @user felicidad chico!! nosotros como vuestro estar orgulloso,felicidades chicos!! nosotros vuestros fans orgullosos,felicidad chico orgulloso,@user @user @user @user @user felicidad chico!! nosotros como vuestro fan estamos super orgulloso,felicidad chico!! nosotro fan orgulloso
Tan sólo es un mal día no una mala vida,0,Tan sólo es un mal día no una mala vida.,un mal día una mala vida,un mal día una mala vida,Tan sólo es un mal dí no una vida.,un mal día una mala vida
Que ganas de cagarla y decirle a mis papás que no se quedó donde una amiga si no donde su nuevo novio,1,Qué ganas de cagar y decirle a mis padres que no se quedó donde una amiga sino donde su nuevo novio,gan ansada decir papás no quedó amiga nuevo novio,ganas decir padres no quedó amiga sino nuevo novio,Que gan gan y decirle a mis papás que no se quedó donde una amiga si no donde su nuevo novio,gan ansada decir papás no qued am nuevo novio
"@user ahh ya ya jajaja. Bueno, buenas noches, que descanse",2,"@user ah ah ya ja ja. bueno, buena noche, que descance.",ahh ya jajaja Bueno buenas noches descanse,@user ya ja bueno noche descance,"@user ahh ya ya jajaja. bueno, buenas noches, que descance.",ahh ya jajaja buen buenas noche descans
@user Yo mismo quiero hacerlo pero muchas veces me da pereza y me enfado conmigo mismo,0,Yo mismo querer hacerlo pero muchas veces dar pereza y enojar conmigo mismo,quiero hacerlo me da pereza me enfado conmigo mismo,querer hacerlo dar pereza enojar,@user yo mism quer harlo per muchas vez me da perez y me enfade conm mí mismo,quiero hacer perezoso enfadar mismo
@user oye pero es carbohidrato,1,@user oye pero es carbohidrata,@user oye carbohidrato,@user oye carbohidrata,@user oye pero es carbohidrato,@user oye carbohidrato
Soy muy poco cariñoso pero el amor esta,2,soy muy poco cariento pero el amor está,soy poco cariñoso amor,soy cariento amor,soy muy poco cari尼斯o pero lamo esta,soy poco cariñoso amor
"@user hoy te he visto (y tu a mi) y no me has saludado, mala gente  (no te dije nada porque ibas acompañada)",0,@user hoy te he visto y tu a mi y no me has saludado mala gente no te dije nada porque iba acompañada,hoy visto tu mala gente te dije nada iba acompañada,hoy visto tu a mi me has saludado mala gente dije nada iba acompañada,"@user hoy te he visto (y tu a mi) y no me has saluda, mal gente  (no te dije nada porque iba accompada)",hoy ver mala gente decir nada ir acompañar
"Todos vamos a ser puteados mañana, bonita Navidad eh #despedidos",1,"Todos ir a ser putear mañana, bonito Navidad eh #despedir",vamos bonita Navidad despedidos,ir putear mañana bonito Navidad,"Todos va a ser putea tomorrow, bonita Navidad eh #despedi",vamos navidad despedir
@user La vida nos lleva por caminos inextricables jajaja Me alegro de que te haya molado el programa de hoy,2,@user la vida nos llevar caminos inextricable jajaja me alegrar de que te haber moler el programa de hoy,La vida nos lleva por caminos jajaja Me alegro que te haya molado el programa hoy,@user vida nos llevar caminos inextricable jajaja me alegrar de que te haber moler programa hoy,@user vida nos lleva por camino inextric jajaja me alegro de que te haya molado el programa de hoy,La vid nos lleva por camin jajaja Me alegr que te haya molado el program hoy
"Mi imposible quiere irse a Europa. Yo tenía pequeñas esperanzas sabiendo que era imposible, pero ahora se las lleva para Europa",0,"Mi imposible quiere irse a Europa. Yo tenía pequeña esperanza sabiendo que era imposible, pero ahora se las lleva a Europa.","Mi imposible quiere irse Europa. tenía pequeñas esperanzas sabiendo imposible, ahora se las lleva Europa.","Mi imposible quiere irse Europa. tenía pequeña esperanza sabiendo era imposible, ahora se las lleva Europa.","Mi imposibl querirse a Europ. Yo ten pequeñ esperanz sabiendo que era imposibl, pero ahora se las lleva para Europ.","Mi imposi querirse Europa. teni pequeñ esperanza sabiendo imposis, ahora se las lleva Europa."
@user pero no es lo mismo,1,pero no es lo mismo,@user no es,es lo mismo,@user per no es lo mis sto同一词的不同形式被归一为同一个基础形式。,@user no es
@user que nos regales con capturas de imagen de tus actividades ya no es sorpresa. Lo sorprendente es que tienes inivitado!,2,@user que nos regale con captura de imagen de tu actividad ya no es sorpresa. Lo sorprendente es que tienes invitado!,@user regales capturas de tus actividades sorpresa Lo sorprendente tienes invitado!,@user regale captura imagen actividad sorprendente invitado,@userque nos regale con captur de imgen de tus activid ya no es sorpr. Lo sorpr es que tienes inivitado!,@user regal captur activ sorp Lo sorprec tienes invit!
@user y vos tan sano,0,@user y vos tan ser,@user vos sano,@user vos ser,@user y vos tan sano,@user vos san
"@user @user Vaya. No hemos invitado a nadie, la gente sea ido metiendo sola a la conversación.",1,"@user @user Vaya. No hemos invitar a nadie, la gente ir a la conversación.",Vaya hemos invitado gente conversación,Vaya hemos invitar gente ir conversación.,"@user @user Vay. No hem invitat a nadun, la genti sia metent sola a la conversacion.",Vay hemos invitado gente convers关于我们如何进一步优化您的请求，请告诉我您具体希望达到的效果或acion
@user @user @user @user @user soy la de atras JAJAJA me meo jo que foto mas chula,2,@user @user @user @user @user ser la atras JAJAJA me me urinar jo que foto mas chula,soy la de atras JAJAJA me meo jo que foto mas chula,ser la atras JAJAJA urinar que foto chula,@user @user @user @user @user soy la de atras JAJAJA me meo jo que foto mas chula,soy la de atras JAJAJA me mejo jo que foto mas chula
Me cago en la puta ola de calor que está haciendo  haber si nos morimos,0,Me caer hacer haber si morir,cago puta ola calor morimos,caer hacer morir,Me cago en la put ola cal que est hace  haber si nos morim,mierda puta ola calor morimos
".@user hola, envié un correo debido a que mi usuario está supendido. Quisiera me ayuden con el inconveniente. Gracias",1,".@user hola, envíe un correo debido a que mi usuario esté suspendido. Quisiera me ayuden con el inconveniente. Gracias.",.@user envié correo debido mi usuario está suspendido. Quisiera ayuden inconveniente. Gracias,.@user envíe correo usuario suspendido Quisiera ayuden inconveniente Gracias,".@user hola, envíe un correo debido a que mi usuar está suspens. Quisiera me ayude con el inconveni. Gracias",.@user envíe correo debi mi usuari está suspens. Quisiera ayden inconveni. Gracias.
"@user en eso estamos claros, pero yo tengo fe en que los ticos somos solidarios cuando mas se necesita",2,"@user en eso estamos claros, pero yo tengo fe en que los tico somos solidario cuando mas se necesita","enemosclaros, tenefeenlossomossolidarioscuandomosenecita","enemosclaros, tenefeenlossomossolidariocuandomásse Necesita","@user en eso estemos claro, pero yo tengo fe en que mas se necesit tico solidario cuando mas se necesit","enemosclaros, tenefemoslossomossolidarioscuandomosenecita"
@user lo siento Juan ya sabes que soy hetero,0,@user lo siento Juan ya sabes que ser soy,lo siento Juan sabes que soy hetero,@s user Juan ya soy,@user lo siento Juan ya sabe que soy hetero,lo siento Juan sabes que soy hetero
Yo todo feliz por recibir la orden patronal Y DE AHORA EN ADELANTE VA A SER DIGITAL,1,Yo todo felicidad por recibir la orden patronal y de ahora en adelante va a ser digital,todo feliz recibir orden patronal DE AHORA EN ADELANTE VA A SER DIGITAL,todo felicidad recibir orden patronal desde ahora en adelante ser digital,Yo todo felí digerir ordén patrón y DE AHORÁ EN ADelante va a ser digita,todo feliz recivir orden patronal DE AHORA EN ADELANTE VA A SER digitales
Tengo hora y media libre en Heredia.,2,Tener hora y media libre en Heredia.,Tengo hora media libre Heredia.,Tener hora media libre Heredia.,Tengo hor librer en Heredie.,Tengo hora media libre Heredia.
por qué el concurso de #SoyJustDancer es solo para españa? @user,0,por qué el concurs es solo para esp? @user,concurso #soyJustDancer solo para España,concurs esp,por qué el concurs con #SoyJustDancer es solamente para espa? @user,concurs solo par Espa
"@user @user ¡Hola, Irene! Para que la participación sea válida tiene que ser a través de Instagram",1,"@user @user ¡Hola, Irene! Para que la participación sea válida tiene que ser a través de Instagram.","@user @user ¡Hola, Irene! que la participación sea válida tiene a través de Instagram","@user @user ¡Hola, Irene! para participación valía tiene que a través Instagram.","@user @user ¡hola, irene! para que la participacion sea valida tiene que ser a traves de instagram","@user @user ¡hola, irene! que la particip valida sea t vali tiene a traves de insta"
@user @user Bien! Yo no se que tiene el mundo en contra de la tercera generación  Mi fav es la primera pero merece la pena.,2,@user @user Bien! Yo no sé qué tiene el mundo en contra de la tercera generación  Mi fav es la primera pero merece la pena.,Bien! se fav es primera pero merece pena.,Bien! sé tercera generación Mi fav primera merece pena.,@user @user bien yo no se que tiene el mundo en contra de la tercer gener gener merece la pena,Bien! se fav es prim mer pero merec pen.
@user @user mis amigos hablando jodes .... K bonita amistad,0,@user @user mis amigo hablar joder.... K bonita amistad,amigos hablando jodes bonita amististad,amigo hablar joder bonita amistad,@user @user mis amig habl jod... k bon amist,amigo hablar joder bonito amistad
". @user necesito el libro de @user. Y también esa obra q os comento que no acabo de localizar. En breve, pasaré a veros",1,".necesito el libro de.@user. y tambien esa obra q os comento que no acabo de localizar. en breve, pasare a veros.",.necesito libro también obra comento acabo localizar pasaré veros,necesito libro también obra comentada acabo localizar pasare veros,". @user necesit book de @user. Y tambi también esa obra q os coment que no acabo de localiz. En brev, pas veros.",.necesito libro tambien obra comento acabo localizar pasare vere
"Buenos dias, vamos a hacer algunos recados y a empezar el dia con energia!!",2,"Bueno, ir, hacer, recado, empezar, día, energía",Buenos dias vamos hacer recados empezar dia energia,ir hacer recado empezar día energía,"buen dia, va hacer recad y empaesar dia con energ!!",buen dia va hacer recado empez dia energet
@user ni tu como soportas el calor sevillano hija mía,0,@user ni tú soportas el calor sevillano hija mía,@user soportas calor sevillano hija mía,@user soportas calor sevillano hija mía,@user ni tu como soport el calor sevillano hija mia,@user soport calor sevillan hija mia
El viernes dejo de ver a muchas personas por un buen tiempo y ah la,1,El viernes dejar ver persona por tiempo y ah la,viernes dejé personas buen tiempo ah,viernes dejar ver persona tiempo ah,El viendr dej de ver a much persona por un buen tiemp y ah la,vierns dej persona buen tiemp ahs
"Buen partido a todos @user , suerte en la final de losers y a ver si nos volvemos a ver en la gran final. Saludo a esos casters",2,"Buen partido a todos @user, suerte en la final de perder y a ver si nos volvemos a ver en la gran final. Saludo a esos comentarista.","partido, suerte, final, volvemos, ver, gran, saludo, casters","partido, suerte, final, volvemos, ver, gran, saludo, comentarista","Buen partid partid a tod tod, suert suert en la final de loser loser y a ver si nos volvemos a ver en la gran final. Salud salud a eses caster caster.","partid, suert, final, volvemos, ver, gran, salud, caster"
"Ahora que estoy en Madrid casi no puedo hacer fotos chachis, solo a mi careto y no",0,Ahora que estar careto,Ahora Madrid casi hacer fotos chachis solo careto no,Ahora que estar careto,"Ahora que esté en madri casi no pue hacer fot chachi, sola a mi careto y no",Ahora Madrid casi hacer foto chachi solo careto no
A las 17:30 pillo el bus,1,A las 17:30 pilla el bus,pillo el bus,pilla el bus,A las 17:30 pillo el bus,pillo el bus
@user Pablo de día y Paula de noche  Aquí me tenéis. Un verdadero placer chic@s!,2,@user Pablo de dia y Paula de noche aquí me tenéis. un verdadero placer chic@s!,Pablo día Paula noche aquí me tenéis verdadero placer chic@s!,Pablo de dia Paula de noche aquí me tenéis verdadero placer chic@s!,@user pabl de d y paula de noch Aquí me tenéis. un verd placer chic!,Pabl día Paula noche aquí me ten vérd plaç chíc!
@user @user @user lo mas gracioso es que diciendo esas cosas solo fomenta aun mas el odio hacia el feminismo,0,@user @user @user lo mas gracioso es que diciendo esa cosa solo fomenta aun mas el odio hacia el feminismo,lo mas gracioso es que diciendo esas cosas solo fomenta aun mas el odio hacia el feminismo,lo mas gracioso es que diciendo esa cosa solo fomenta aun mas el odio hacia el feminismo,@user @user @user lo mas gracioso es que diciend esas cosas solo fomenta aun mas el odio hacia el feminis,lo mas gracioso es que diciend esas cosas solo fomenta aun mas el odio hacia el feminis
Tres cosas para lo que no soy buena: 1- cocinar 2- maquillaje 3- cantar. Pero así me quieren,1,Tres cosa para lo que no soy buena: 1- cocinar 2- maquillar 3- cantar. Pero así me quieren.,Tres cosas lo que soy mala: 1- cocinar 2- maquillaje 3- cantar. Pero así me quieren,Tres cosa soy buena: cocinar maquillar cantar Así me quieren.,Tres cosa para lo que no soy buene: 1- cocin 2- maquilaj 3- cant. Pero asy me quiren.,Tres cosa lo soy mala: 1- cocin 2- maquil 3- cant. Pero así me quieren.
@user 👍🏻 aunque mejor todavía no tener caja tonta.  Desde que no veo la tele el día me cunde mucho más,2,@user 👍🏻 aunque mejor todavía no tener caja tonto. Desde que no veo la tele el día me cunde mucho más.,@user 👍🏻 mejor todavía tener caja tonta. Desde que no veo la tele el día me cunde mucho más,@user 👍🏻 mejor todavía tener caja tonto. Desde que no veo la tele el día me cunde mucho más.,@user 👍🏻 aunmejor todavia no tener cajota.  desqe que no veo la tele el dia me cunde mucho mas,@user 👍🏻 mejo todavía tener cajón. Desqe que no veo la tel el día me cunde mucho más
"@user @user ya lo sé, pobre Uno  Te acompaño en los feels",0,"@user @user ya lo saber, pobre uno  te acompañar en los feel","lo sé, pobre Uno  Te acompaño en los feels",lo saber pobre uno te acompañar feel,"@user @user ya lo se, pobre uno  te accompany en los feels","lo sé, pobre uno  te acompañó en los feel"
@user Seguirme es lo único que tienes que hacer.,1,@user seguir ser,Seguirme único tienes hacer.,seguir ser,@user seguir es lo únic que tienes que hacer.,Seguir úni hacer.
"@user Toca un tema maravilloso, porque sin dejar de ser ficción es algo que podría darse. Un Gran Hermano vol.02",2,"@user tocar tema maravilloso, porque sin dejar de ser ficción es algo que podría dar. un gran hermano vol.02",Toca tema maravilloso porque dejando ficción algo podría darse Gran Hermano vol.02,tocar tema maravilloso porque sin dejar de ser ficción algo que podría dar gran hermano vol.02,"@user tema maravilloso, porque sin dejar de ser ficción es algo que podría darse. Gran Hermano vol.02",Toca tema maravilloso porque dejando ficción algo podría dáse Gran Hermano vol.02
"Terminarán odiándome, como casi todos los padres que me conocen",0,"Terminarán odiando, como casi todos los padres que me conocen.","Terminarán odiándome, como casi padres conocen","Terminarán odiando, como casi padres conocen.","Terminarán odiándome, como casi todos los padre que me conocen.","Terminarán odiándome, como casi padre conocen."
Camino a casa solo fueron 3 chelas,1,Caminar casa solo ser 3 chela,Camino casa 3 chelas,Caminar casa solo 3 chela,Camino casa sol chela,Camino cas chela
Hoy ha hecho un día espléndido. En todos los sentidos.,2,Hoy hacer día espléndido. En todos sentidos.,Hizo día espléndido. Sentidos.,Hoy día espléndido. Todos sentidos.,Hoy ha hech un día esplendid. En tod los sentid.,Hizo dia esplendi. Sentid.
@user Pues tuvo que ser al ponerme el pijama pq últimamente uso vestidos largos. Tengo un ronchón considerable,0,@user Pues tuvo que ser al ponérmelo pq últimamente uso vestidos largos. Tengo un ronchón considerable.,tuvo ponerme pijama ultimamente uso vestidos largos Tengo ronchón considerable,tuvo ser ponérmelo ultimamente uso vestidos largos Tengo ronchón considerable,@user pues tuvo que ser al ponerm pijama pq últimmente uso vestidos largos. tengo un ronch considerable,tuvo pon piyama ultimamente us vestido roncho
@user igual Diana desearte una feliz navidad espero la pasé muy bien con la familia Dios te dé muchas bendiciones te amamos,1,@user igual Diana dese te una feliz navidad espero la pas te muy bien con la familia Dios te dé muchas bendiciones te amamos,igual Diana desearte feliz navidad espero pasé muy bien familia Dios te bendiciones te amamos,@user Diana dese una feliz navidad espero la pas muy bien con la familia Dios te dé muchas bendiciones te amamos,@user igua Diana dese des una felic navidad espero la pas muy bi con la famil Dio te dé much bendic te amamos,igual Diana deseo felic navidad espero pasar muy bien familia Dios te bendig te amamos
amo el fanart de roe deer,2,amo el fanart de roe deer,amo fanart roe deer,amo fanart roe deer,amo el fanart de roe,amo fan art roe deer
Menciono a Sofía en cosas bonitas y ella me lo paga bloqueandome por wa,0,Menciono a Sofia en cosas bonitas y ella me lo paga bloqueándome por wa,Menciono cosas bonitas ella me lo paga bloqueandome wa,S Sofia cosas bonitas ella me lo paga bloqueándome por wa,Mencion a Sofi en cos bonitas y ell me lo paga bloqueandome por wa,Mencion cosas boni ella me lo pag bloquand wa
@user me pasa exactamente lo mismo,1,@user me pasa exactamente lo mismo,pasa exactamente misma,pasa,@user me pas exactamente lo mism,pasexactimisma
"@user Gracias primito, le haré presente los saludos! Estás invitado si puedes vienes",2,"@user gracias primito, le haré presente los saludos! estás invitar si puedes vienes.",@user Gracias le haré presente los saludos! Invitado puedes vienes,@user gracias le haré presente los saludos! invitar si puedes vienes.,@user gracias primi le haré presente los saludos! Estás invitado si puedes vienes,@user gracias le haré presente los saludos! invitado puedes vienes
"Este día sera, muy pero muy largo ..",0,"Este día serar, muy pero muy largar..",Este día será muy largo..,Este día serar muy pero largar..," Este día sera, muy pero muy largो",Este día será muy larg
"@user si , tengo q ver, para ir a la clínica tengo q pedir mínimo 2 días de vacaciones xq ni carnet tengo y no tengo dias",1,"@user si, tener que ver, para ir a la clínica tener que pedir mínimo 2 día de vacaciones porque no tener carnet y no tener día.",tengo ver ir clínica pedir mínimo días vacaciones carnets tengo,tener ver ir clínica pedir día vacaciones carnet,"@user si, ten, ver, para ir a la clinica ten, q pedir minimo 2 dia de vacacion xq ni carnet ten, y no ten dia",tengo ver ir clínica pedir mínimo día vaciar carnét
"@user Mira,así haces ejercicio JAJAJA",2,"@user mira,así haces ejercicio jajaja",Mira haces ejercicio JAJAJA,mira haces ejercicio jajaja,"@user mira,así hace ejercic JAJAJA",Mira haz ejerci JAJAJA
Más le vale venirse porque hacerme ilusiones está feísimo,0,Más le valga venirse porque hacerme ilusiones está feísimo,Más le vale venirse porque hacerme ilusiones está feísimo,Más le valga venirse porque hacerme ilusiones está feísimo,Más le vale venirse porque hacerme ilusión está feasím.,Más le vale venirse porque hacerme ilusión está feísísmo.
En pocos minutos empieza Combate!! Usa el HT #CbtHastaSiempre y coméntanos que fue lo que más te gusto de tu programa favorito...,1,En pocos minutos empieza Combate!! Usa el HT #Cbt y coméntanos que fue lo que más te gustó de tu programa favorito...,Empieza Combate!! Usa HT CbtHastaSiempre coméntanos lo que más te gustó programa favorito...,En minutos empieza Combate!! Usa HT #Cbt y coméntanos lo que más te gustó de tu programa favorito...,En pocos minuto empieza Combate!! Usa el HT #CbtHastaSiempre y coméntanos que fue lo que más te gustó de tu programa favorito...,Empieza Combate!! Usa HT CbtHastaSiempre coménta nos lo que más te gustó programa favorito...
@user jaja ya veremos... Que siempre es mejor poco de calidad que mucho... Espero coincidir con los que quiero... Abrazo crack!,2,@user jaja ya veremos... Que siempre es mejor poco que mucho... Espero coincidir con los que quiero... Abrazo crack!,@user jaja veremos mejor calidad que Espero coincidir quiero abrazo crack,@user ya veremos Que mejor poco mucho Espero coincidir quieros Abrazo crack!,@user jaj ya veremos... que siempr es mejor poco de calid que much espero coincid con los que quier abrazo crak!,@user jaj veremos mejo cali que esper coincidir quier abrazo crack
hoy ha sido un día muy malo para mi,0,hoy haber sido un día muy malo para mí,hoy día muy malo mi,hoy sido día malo,hoy ha sido un día muy mal para mi,hoy día muy mal mi
Cada dia se acerca mas la navidad agamos que todos los niños tengan un motivo x cual sonreir invitalo a tu casa buenos dias!!!!,1,Cada día se acercar más la navidad hagamos que todos los niño tenga un motivo x cual sonreír invítalo a tu casa buenos días!!!!,Cada dia navidad agamos niños tienen motivo cual sonreir invitalo casa buenos dias,Cada día navidad hagamos niños tenga motivo cual sonreír invítalo casa buenos días,Cada dí d nvdad agamo que todos l s ninos tengan un mto x cual sorrir invitalo a t casa buenas d!!!!!,Cada dia navidad aga niño tienen motivo cual sonreir invita casa buenos dias
Hoy por primera vez me ha funcionado el sad.,2,Hoy por primera vez me ha funcionado el sad.,Hoy funcionado el sad,Hoy primera vez me ha funcionado el sad,Hoy por prim'er vez me ha fun'ionado el sad'.,Hoy funcion sад
Que triste que conozcan el Trap por esos artistas y no por el Trap genuino,0,Qué triste que conocer el Trap por esos artistas y no por el Trap genuino,triste conocen Trap artistas genuino,triste conocer Trap artist genuino,Que trist que conozcan el Trap por eses artista y no por el Trap genuino,triste conocer trap artista genuino
Feliz de ver a mis amigos felices #BuenaVibraAlFin,1,Feliz ver amigo feliz #BuenaVibraAlFin,Feliz ver amigos felices BuenaVibraAlFin,Feliz ver amigo #BuenaVibraAlFin,Feliz de ver a mis amig felic #BuenaVibraAlFin,Feliz ver amigo feliz BuenaVibraAlFin
@user @user @user me lo pase genial,2,@user @user @user me lo pase genial,me lo pase genial,me lo pase genial,@user @user @user me lo pase genial,me genial
"Puto, PS4 pro se queda pillado( congelado), pensaba que era solo yo , pero no , ya son varios amigos que es lo mismo",0,"Puto, ps4 pro se queda pillado, pensaba que era solo yo, pero no, ya son varios amigos que es lo mismo",PS4 pro se queda pillado pensaba que era solo yo  ya son varios amigos que es lo mismo,ps4 pro se queda pillado,"Puto, PS se queda pillado( congelado), penso que eran solo yo, pero no, ya son varios amigos que es lo mismo",PS4 pro se queda pillado pensaba que era solo yo  ya son varios amigos que es lo mismo
@user Muchaas!! Y algunas muy bonitaas! Pero es verdad que se tiende a interpretar los 40 principales..,1,@user mucha y alguna muy bonita pero es verdad que se tiende a interpretar los principales..,Mucha Y algunas muy bonita Pero verdad que se tiende a interpretar los principales..,@user bonita verdad interpreta principales,@user mucha y algun muy bonit pero es ver que se tend a interpretar los principali..,Mucha Y Algunas Muy Bonito Pero Verdad Que Se Tinde A Interpretar Los Principales..
@user bueno igual la veré porque el protagonista es muy guapo,2,@user bueno igual la veré porque el protagonista es muy guapo,bueno veré protagonista guapo,bueno veré protagonista guapo,@user bien igual la veré porque el protagonista es muy guapo,buen ver protagon guapo
Mi consejo para sacar notas molonas es... ESTUDIAD y dejar de bajar tanto a cangas,0,Mi consejo para sacar notas bonitas es... ESTUDIA y dejar de bajar tanto a cangrejo.,Mi consejo para sacar notas molonas ESTUDIAD dejar bajar cangang,Mi consejo para sacar notas bonitas ESTUDIA dejar de bajar tanto a cangrejo.,Mi consej estudiar dej cangue,Mi consig mos sacar not molon estudiad deixar baj can
Quiero como tener carro para hacer todo rápido,1,Querer tener tener hacer hacer,Quiero tener carro hacer todo rápido,Querer tener hacer,Quiero ten carro para haz todo rapido,Quiero tener coche hacer todo rápido
"@user no lo es, tranquila",2,"@user no lo es, tranquila.",lo tranquila,lo tranquila,"@user no lo es, tranquila",lo tranquil
tío q yo me acuerdo que me hice una foto súper chachi saltando en la cama y no la encuentro,0,tío q yo me acuiero que me hice una foto súper chachi saltando en la cama y no la encuentro,me acuerdo hice foto chachi saltando cama encuentro,me acuiero que me hice foto chachi saltando en la cama no la encuentro,"'accu recuerd hagí fot ch ch salt c cham no la encontr'
tí ch ch ch fot sal c ch no la enc找到了对应的西班牙语词根后，继续处理剩下的部分：",acuerdo hacer foto chachi saltar cama encuentro
La vida es demasiado corta para seguir las reglas...,1,La vida ser demasiado corto para seguir la regla...,vida corta seguir reglas,vida ser demasiado corto seguir regla,La vida es tooqui corta para seguir la regla...,vida cort seguir regl
Él se ha ganado un lugar especial en mi corazón.,2,Él haber ganar un lugar especial en mi corazón.,Él ganado lugar especial corazón.,haber ganar lugar especial corazón.,Él se ha ganado un lugar especia en mi corazon.,Él gan lugar especial corazón.
@user jajajaja la tuya y la d mucha gente seguro!! Pero yo no puedo sin mi melena me muero,0,@user jaja la tu y la d mucha gente seguro!! pero yo no puedo sin mi melena me muero,@user tuya d gente seguro Pero yo no puedo sin melena me muero,@user jaja tu gente seguro pero yo no puedo sin melena me muero,@user jajajaj la tu y la d much gente segur!! pero yo no pue sin mi melen me muer,@user tu d gente segur pero yo no puedo sin mel muere
@user @user @user es que es una reivindicación muy de moda... Ya sabes... de gente pedante como yo,1,@user @user @user es que es una reivindicacion muy de moda... ya sabes... de gente pedante como yo,reivindicación moda gente pedante,es reivindicacion muy de moda ya sabes gente pedante,@user @user @user es que es una reivindicacion muy de moda... ya sabes... de gente pedante como yo,reivindic mod gent pedant
"@user Mis Felicitaciones para Usted Señor Presidente. Su mensaje fue muy bueno, firme y directo. Mi familia y yo le mandamos saludos!",2,"@user Mis felicitación para Ud señor presidente. Su mensaje fue muy bueno, firme y directo. Mi familia y yo le mandamos saludos!","@user Felicitaciones Señor Presidente. mensaje bueno, firme y directo. familia le mandamos saludos!","@user felicitación mensaje bueno, firme directo. familia mandamos saludos!",@user Mis felic peace para Ud Señor Presid firme y directo. Mi famil y yo le mand saludo!,@user felicitar señor presidente mensaje bueno firme y directo familia le mandar saludo!
@user ultimo dia hoy? Nooooo  que yo iba el miercoles que vuelvo de las vacaciones.,0,@user último día hoy? nooooo yo ir miercoles que volver vacaciones.,@user dia hoy No que iba miercoles vuelvo vacaciones,último día hoy ir miercoles volver vacaciones,@user ultim dia hoy? nooooo que yo iba el miercoles que vuelvo de las vacanci.,@user dia hoy no que iba miercoles vuelvo vacacion
Siempre ando metida en google buscando imágenes lindas  si me encanta. de lo que sea me gustaría que sean solo para mi pero no se puede,1,Siempre ando metida en buscar imagen linda si me gusta de lo que sea me gustaría que ser solamente para yo pero no se puede,ando buscando imágenes lindas me encanta gustaría que sean solo para mi se puede,andando buscar imagen linda me gustaría ser solamente pero,Siempre ando metid(a) en googl buscando imagn lind(a) si me encant(a). de lo sea me gustari(a) que sean sola para mi pero no se puede,andando buscando imagen lindas encanto gustaria ser solo para mi se puede
"@user @user claro jeje lo que sea será, siempre ahí que ser positivo y tener una sonrisa",2,@user @user claro jeje lo que sea será estar siempre ahí que ser positivo y tener una sonrisa,claro lo que sea será siempre ahí ser positivo tener sonrisa,claro lo sea será estar siempre ahí ser positivo tener sonrisa,@user @user claro jeje lo sea ser será siempre ahí que ser positivo y tener una sonrisa,clar lo sea ser siempr ahí ser positiv tener sonrasm
@user que me quiero poner las pulseras en la mano izquierda para que no me molesten al escribir pero,0,@user que quiero poné las pulsera en la mano izquierda para que no me molesten al escribir pero,querer poner pulsera mano izquierda para que no me molesten escribir,@user quiero ponme las pulsera en la mano izquierda para que no me molesten al escribir pero,@userque me quiera pon pulsera en la man izq para que no me molesten al escribir pero,querer poner pulsera mano izquierda para que no me molesten escribir
Vamos a trabajar más en ello No puedo volver a ser una persona flemática,1,Vamos trabajar más en ello No puedo volver a ser persona,trabajamos persona flemática,Vamos trabajar más ello No puedo volver ser persona,Vamos a trabaja más en ello No puedo volver a ser una persona flématic,trabajamos person flemátic
@user aah Ok! Pues está genial porque no da sensación de estar encerrado,2,@user aah ok! pues estar genial porque no dar sensación de estar encerrar,@user aah Ok! está genial porque da sensación de estar encerrado,@user aah ok! pues genial porque no dar sensación de estar encerrar,@user aah ok! pues está genial porque no da sensación de estar encerrado,@user aah ok! esta genial porque da sensacion de estar encerrado
"16 chocolates Ferrero no fueron suficientes, pa la próxima ojalá me regalen la de 54",0,"16 chocolate Ferrero no fueron suficiente, pa la próxima ojalá me regalen la de 54",chocolates Ferrero fueron suficientes próxima ojalá regalen de,"chocolate Ferrero fueron suficiente, pa próxima ojalá regalen de 54","16 choco ferrero no fue suficienti, pa la pront ojalá me regalen la de 54",chocolate ferrero fuere suficienti proximo ojalas regalen de
"Dicen que Twitch va mal hoy, pero aún así os pondré stream en 20 mins",1,"Dicen que ir va mal hoy, pero aún así os pondré poner stream en 20 min.","Twitch va mal hoy, os pondré reen 20 mins",ir va mal hoy aún pondré poner stream min.,"Dicen que twitch va mal hoy, pero aún así os pondré reem en 20 mins","Twitch va mal hoy, os pondr reen 20 mins"
Que GUSTAZO me da que España le gane a Bélgica en su puta CASA y encima con goles de un CANARIO !,2,Qué gustar me da que España le gane a Bélgica en su casa y encima con goles de un canario!,GUSTAZO da España gane Bélgica CASA goles CANARIO,gustar España le gana Bélgica casa goles canario,Que GUST stem da que Espan stem le gane a Beli stem en su puta CAS stem y encima con goles de un CANAR stem!,GUST goz ESPAN CAS goz CANARI
@user muy underground ya mano,0,@user muy bajo ya mano,@user underground,bajo ya mano,@user muy undgrtnd ya mano,@user undergroun
¿Un poquito de DB película 4 en catalán? Nueva lista en nuestro canal de YouTube   http,1,un poquito de verbo película 4 en catalán? nueva lista en nuestro canal de youtube http,Un poquito película 4 catalán nueva lista canal YouTube,poquito verbo película catalán nueva lista canal youtube,¿un poco de db peli·la 4 en cat·lan? nueva lista en n·s·l de youtub· http,Un poco peli 4 catál new nuevo lista canal YouTube
@user la segunda! Of course! Con ese ritmo me imagino que estará genial,2,@user la segund! of course! con ese ritmo me imagino que estará genial,segunda! Of course! imaginó que estará genial,@user segud of course con ese ritmo me imagino que estará genial,@user segund! of cous! con ese ritm me imagin que estag genial,segund! of cours! imagin! que est! genil.
¿Cuándo se dará cuenta Apple que su navegador #safari no es competitivo sin extensiones?. MOZ no tiene extensiones para safari,0,¿cuándo se dar cuenta apple que su navegador safari no es competitivo sin extensión?. moz no tiene extensión para safari.,¿Cuándo se dará cuenta Apple que su navegador #safari es competitivo sin extensiones?. MOZ no tiene extensiones para safari.,¿cuándo dar cuenta apple navegador safari competitivo sin extensión?. moz no extensión para safari.,¿Cuándo se dará cuenta Apple que su naveg. #safarí no es competitivo sin extensiones?. MOZ no tiene extensiones para safarí.,¿Cuándo se dará cuenta Apple que su navegador #safari es competitivo sin extensiones?. MOZ no tiene extensiones para safari.
#SumateAlSi  Que así sean los futuros ataques en Colombia...  http,1,#SumateAlSer  Que asim sean los futuros ataques en Colombia...  http,#SumateAlSiataquesfuturosColombia,#SumateAlSer Futuros ataques Colombia,#SumaAlSi  Que asi sean los futuros ataque en Colom...  http,#SumateAlSSiataquesfuturosColombia
"@user es un gran, gran tipo  @user",2,"@user ser un gran, gran tipo  @user",@user gran tipo @user,gran tipo,"@user es un gran, gran tipo  @user",@user gran tip@user
Mi móvil no me deja abrir los grupos y tengo unos 600 mensajes así de regalo,0,Mi móvil no me dejar abrir los grupo y tener unos 600 mensaje así de regalo,móvil dej群开群有600消息,Mi móvil abrir grupo mensaje,Mi movil no me dej lograr los grup y tengo unos 600 mensaj as铆 de regal.,móvil dej群开群有600消息
Eso sí voy a ir muy muy lenta,1,eso sí voy a ir muy muy lento,voy ir muy lenta,voy ir muy lento,eso sí voy a ir muy muy lentamente,voy ir muy lento
@user yupiiiiiiiiiiiiiiiiiiiiiiiiiiiii!!!!! es que no os puedo escuchar todo el programa y así os disfruto en mis ratos libres.,2,@user yupiiiiiiiiiiiiiiiiiiiiiiiiiiiii!!!!! es que no os puedo oir todo el programa y así os gusto en mis ratos libres.,@user yupiiiiiiiiiiiiiiiiiiiiiiiiiiiii!!!!! no os puedo escuchar todo el programa así os disfruto en mis ratos libres.,yupiiiiiiiiiiiiiiiiiiiiiiiiiiiii!!!!! no os puedo oir todo el programa así os gusto en mis ratos libres.,@user yupi!!!!! es que no os puedo escuchar todo el programa y así os disfruto en mis ratos libres.,@user yupi program escuch rat librer
"Ya tengo fiebre de nuevo y mami ""se puede tomar una pastilla hasta las 12"" valdré verga hasta esa hora",0,Ya tener fiebre de nuevo y mamá se puede tomar una pastilla hasta las doce valdré verga hasta esa hora,ya tener fiebre nuevo valdré verga hasta esa hora,Ya tener fiebre nuevo mamá tomar pastilla doce valdré verga esa hora,"Ya ten fi brv y mami ""se puede tomar una pasti hasta las 12"" valr verg hasta esa hr",ya teni fibr new valdr vrg hra
alguien que me de algún plan guay pa el lunes?,1,alguien que me dé algún plan guay pa el lunes?,alguien plan guay lunes,alguien plan guay lunes,alguin que me de algun plan guay pa el lun?,alguien plan guay lun
Me acabo de dar cuenta de que hoy un amigo duerme líder. Enhorabuena @user y que mañana sigas así,2,Me dar cuenta de que hoy un amigo dormir líder. Enhorabuena @user y que mañana sig seguir así,Me acabo dar cuenta hoy amigo duerme líder Enhorabuena user sigas así,Me dar cuenta hoy amigo dormir líder Enhorabuena @user y que mañana sig seguir así,Me acabo de dar cuenta de que hoy un amigo duerme lider. enhorabuena @user y que maña sigas así,Me acab dar cuenta hoy amigo duerm líder enhorabuena user sig así
Mi profe de comunicación se parece a la profesora Umbridge. Yo sé que en el fondo es malvada y nos quiere ver quedarnos.,0,Mi profesor de comunicación se parece a la profesora Umbridge. Yo sé que en el fondo es malvada y nos quiere ver quedar.,profe comunicación se parece profesora Umbridge sé fondo malvada queremos quedarnos,se parece profesora Umbridge sé fondo malvada quiere quedar,Mi profe de comunica se parec a la profesa Umbridge. Yo s que en el fond es malvad y nos quieren ver quedarnos.,profesor comunicación se parec profesora umbridge sé fondo malvad queremos quedarmanos
@user el resto puedo dudar pero de ese grupo lo tengo claro,1,@user el resto puedo dudar pero de ese grupo lo tengo claro,resto dudar grupo tengo claro,resto dudar grupo tengo claro,@user el rest puedo dudar pero de ese grup lo tengo claro,rest dud gru ten clara
Amnesia ✨  Terminas de verlo y no tienes npi de que has visto  Los protas son re lindos 🌚 Esta bien la verdad 👌 http,2,amnésia ✨  terminas de verlo y no tienes npi de que has visto  prot a son re lindo 🌚 esta bien la verdad 👌,Terminas verlo npi Lindos 👌,termin ves prot son lind esta bien verdad,Amnesiia ✨  Terminas de verlo y no tienes npi de que has visto  Los prot ant son re lindos 🌚 Esta bien la verdad 👌,Termin ver lindo 👌
La lluvia definitivo que no me tiee piedad cuando ando en bus,0,La lluvia definir que no me tiene piedad cuando ando en el bus,lluvia definitivo te piedad cuando ando bus,lluvia definir me tiene piedad cuando ando bus,La lluvia defini cuando ando en bus,lluvia definit piad and bus
"Me he en encontrado como 8761653729751528763 Colombianos entre Lima y Nasca, Perú.",1,"Me encontrar como 8761653729751528763 colombiano entre Lima y Nasca, Perú.",he encontrado Colombianos Lima Nasca Perú.,encontrar colombiano Lima Nasca Perú,"Me he en encontrado como colombiano entre lima y nasca, perú.",he encontrado colombiano lima nasca perú.
@user Denada  porcierto hazme un hueco en tu agenda de combates quiero ver lo que es capaz tu monotype contra el mio,2,@user denada por cierto hazme un hueco en tu agenda de combate quiero ver lo que es capaz tu monotype contra el mío,Denada hazme hueco agenda de combates quiero ver capaz monotype contra mio,denada cierto hazme hueco agenda combate quiero ver capaz monotype mío,@user denad porciert hazme un hueco en tu agend de combate quiero ver lo que es capaz tu monotyp contra el mio,Denada hazme hueco agend capaz monotyp contra mio
@user Dios por mi le daría todo mi dinero pero no tengo y soy menor no tengo tarjeta de PayPal Dios que mal la debe estar pasando,0,@dios por mí le daría todo mi dinero pero no tengo y soy menor no tengo tarjeta de pagar dios qué mal la debe estar pasando,@user Dios le daría todo mi dinero pero tengo soy menor no tengo tarjeta de PayPal Dios que mal la debe estar pasando,@dios le daría todo mi dinero pero tengo soy menor no tengo tarjeta de pagar dios qué mal la debe estar pasando,@dios por mi le daría todo mi dinero pero no tengo y soy menor no tengo tarjeta de paypall dios que mal la debe estar pasando,@dios daría todo mi dinero pero soy tener no tengo tarjeta de payp dios que mal la debe estar pasando
Quiero comer algo rico pero no hay con quien salir #foreveralone,1, QUIERO COMER ALGO RICO PERO NO HAY CON QUIEN SALIR,Quiero comer rico pero hay salir,COMER ALGO RICO NO HAY SALIR,Quiero comer algo rico pero no hay con quien salir #foreveralone,Quiero comer rico pero hay salir
Qué bueno que las aprovecharon @user @user,2, Qué bueno que las aprovecharon @user @user,Qué bueno las aprovecharon,bueno aprovechar user user, Qué bono que las aprovecharon @user @user, Qué bueno las aprovechar
Un gilipollas se me ha cruzado entero en una rotonda  y ya le estaba viendo que lo iba a hacer,0,Un gililón se me ha cruzado entero en una rotonda y ya le estaba viendo que lo iba a hacer,Un gilipollas rotonda iba a hacer,Un gililón me ha cruzado en una rotonda y ya le estaba viendo que lo iba a hacer,Un gilipoll ente en una rot y ya le estaba viendo que lo iba a hacer,Un gilipollas rotonda iba a hacer
"@user si o si regresaras a Perú baby! Es más, cuando leas esto es probable que estés aquí ya #PorFin",1,"@user si o si regresaras a peru baby! es mas, cuando lees esto es probable que este aqui ya #PorFin",regresaras Perú baby! más lees probable que estés aquí ya #PorFin,regresaras peru baby! mas lees este probable que aqui ya PorFin,"@user si si regresaras a peru baby! es mas, cuando lees esto es probable que este ya #PorFin",regres Perú babi! más le probabl que ests aquí ya #PorFin
"@user Me los pusieron hace bien poco en casa de un colega, le dan serio",2,"@user me los puse hace bien poco en casa de un colega, dan serio",Me los pusieron hace bien poco en casa colega le dan serio,me los puse hace bien poco casa colega dan serio,"@user me los pusieron hace bien poco en casa de un colega, le dan serio",Me los pusi bien poco en casa coleg le dan serio
"El primer año que empecé a vivir lejos de mi casa mami me llamaba todos los días, ya no, se pasan los días y nada, el amor se acaba",0,"El primer año que empezar a vivir lejos de mi casa mamá me llamar todos los días, ya no, se pasar los días y nada, el amor acabar.","primer año empecé vivir lejos casa llamaba todos los días, ya, se pasan días nada, amor acaba",primer año empezar vivir lejos casa mamá llamar días amour acabar,"El primi año q emp cí a viv lej de m c mami me llám d, ya n, s pssn los d y n, l amor s cí.",primer año empezé vivir lejos casa llamaba todos los días ya se pasan días nada amor acaba
No pude con mi genio y voy a almorzar. Para colmo combinado de pollo con gaseosa,1,No poder genio ir almorzar para comino pollo gaseosa,pude genio almorzar colmo combinado pollo gaseosa,poder genio almuerzo comino gaseosa,No pud geni y voy a almorz. Para col com pollo con gasos.,pud genio almaz colm combin pol gaseos
"@user mejor así, que solo un grupo selecto lo sepa",2,"@user mejor así, que solo un grupo selecto lo sepa",mejor así solo grupo selecto lo sepa,mejor así solo grupo selecto lo sepa,"@user mejo así, que solo un grup select lo sepa",mejor aso gru select lo sepa
La gente se descojona de mi cuando me indigno y no se lo toman en serio,0,La gente se descojonar de mí cuando me indignar y no se lo toman en serio,gente descojona indigno se lo toman serio,gente descojonar mí cuando indignar no se lo toman serio,La gent se descojona de mi cuntna mi cuando me indino y no se lo toman en serio.,gente descojona indign se lo toman serio
@user he dicho acabadas  Better Call Saul saca en 2017 otra temporada,1,@user decir acabarBetter Call Saul salir 2017 temporada,dicho acabadas Better Call Saul saca temporada,decir acabar Better Call Saul salir temporada,@user ha dicho acabada  Better Call Saul saca en 2017 otra temporada,dicho acabad better call saul sac temporas
@user @user ha sido genial conocerte maite te quiero mucho en serio una monada de chica,2,@user @user ha ser genial conocerte maite te quiero mucho en serio una monada de chica,ha sido genial conocerte te quiero mucho en serio monada chica,@user @user genial conocerte maite quiero mucho en serio monada chica,@user @user ha sid genial conoc te quer mucho en serio una monad de chich,ha sido geniial conoscerte te quier mucho en serio monad chica
@user Pero no es pan chino,0,@user pero no es pan chino,Pero es pan chino,@user es pan chino,@user per no es pan chin,Pero es pan chin
+ a veces se la pedía prestado se molestó y me la vendió para que no la joda. Ahora ella es la que más la usa,1,+a veces se la pedía prestado se molestó y me la vendió para que no la jodas. Ahora ella es la que más la usa.,se molestó me vendió para que la joda ahora ella usa,se molestó me vendió para que la jodas. Ahora ella es que usa.,+a vez se le pedia prestado se molesto y me la vendio para que no la jodas. Ahora ella es la que mas la usa.,se molestar vendi para que la joda ahora ella usar
Tuve un sueño muy muy lindo y hoy ando con todas las ganas,2,Tuve un sueño muy muy lindo y hoy ando con todas las ganas.,Tuvo sueño lindo hoy ando ganas,Tuve sueño lindo hoy ando ganas.,Tuve un sueñ muy muy lind y hoy ando con todas las gana,Tuve sueño lindo hoy ando ganas
"Quiero que vuelva el invierno  y ponerme pantalones largos y chaquetas y sudaderas y abrigos, puto verano.",0,"Querer que volver invierno y ponerte pantalón largo y chaqueta y sudadera y abrigo, puto verano.",Quiero vuelva invierno ponerme pantalones largos chaquetas sudaderas asrigos puto verano,querer volver invierno ponerte pantalón chaqueta sudadera abrigo puto,"Quiero que vuelva el invierno y ponme pantalones largos y chaqueta y sudadera y abrigos, puto verano.",Quiero vuelva invierno ponerte pantalón larg chaquete sudadera asrigos puto verano
"- Amor, ¿vamos a ver la vida secreta de tus muscotas? - Hoy no puedo BB - No tienes dinero no? - No - Misio de mierda.",1,"- amor, vamos a ver la vida secreta de tus muscotar - hoy no puedo bb - no tienes dinero no - no - misio de mierda.","-Amor, vamos ver vida secreta tus muscotas - Hoy no puedo BB - Tienes dinero - No - Misio mierda.",amor ver vida secreta muscotar hoy bb tienes dinero misión,"- amor, vamos a ver la vida secreta de tus muscotis? - hoy no puedo bb - no tienes dinosi no? - no - misio de mierda.","-Amor, va ver vida secreta tu muscot - Ho no puedo BB - Tiens din - No - Misio mierda."
@user @user @user mi profesor de instituto dice que he suavizado mucho el lenguaje. Con 16 años era más poético,2,@user @user @user mi profesor de instituto dice que he suavizado mucho el lenguaje. Con 16 años era más poético.,profesor instituto dice he suavizado lenguaje Con años más poético,profesor instituto dice he suavizado lenguaje Con años más poético,@user @user @user mi profesor de institut dice que he suavizad mucho el languaj. Con 16 a駉o era m醩 poet.,profesor instituto decir he suavizar año más poético
@user Jajaja Y al séptimo día descansó (?) Que mal mae Lo siento,0,@user riérese y al séptimo día descansó (?) que mal mae lo siento,@user Jajaja séptido día descansó Que mal mae Lo siento,@user riése y séptimo día descansó (?) mal mae lo siento,@user jajaja y al séptim d descansó (?) que mal mae lo sín ma,@user jajaja séptido día descansó que mal mae lo siento
"@user los palitos no son bonitos, los puntos sí #sutileza",1,"@user los palo no son bonito, los punto si #sutileza",palitos bonitos puntos sutileza,@user palo bonito punto sutileza,"@user los pal palitos bon bonito, los puntos sí #sutileza",palit punto sutil
Cada vez que veo a esa muchacha está más guapa,2,Cada vez que veo a esa muchacha está más hermosa.,Cada vez que veo a esa muchacha más guapa,Cada vez que veo a esa muchacha más hermosa.,Cada vez que veo a esa muchach guap,Cada vez que veo a esa muchacha más guapo
@user en España comemos (tragamos) de todo y con tod aquí esta trayectoria política parece normal. Saludos,0,@user en España comer de todo y con todo aquí estar trayectoria política parecer normal. Saludos.,@user España comemos tragamos todo aquí trayectoria política parece normal. Saludos,@user España comer todo aquí trayectoria política parecer normal. Saludos.,@user en España comemos (tragamos) de todo y con tod aquí esta trayectoria politic parece normal. Saludos,@user esp ganemos traga todo aqui trayec toria politica parec normal saludos
2da semana de talleres de naturaleza!! que nuevos retos vendran??,1,2da semana de taller de naturaleza!! que reto vendrá??,semana semana talleres naturaleza nuevos retos vendran,semana taller naturaleza reto,2da semana de talleres de naturla!! que nveis retos vendran??,seman semana tallert naturaleza nuevo reto vendran
@user bueno felicidades por el millon de crack que hay en el canal !! soy un suscriptor ya un poco antiguo a por mas DE PERU,2,@user bueno felicidades por el millon de crack que hay en el canal!! soy un suscriptor ya un poco antiguo a por mas DE PERU,buen felicidades millon crack canal soy suscriptor antiguo mas PERU,bueno felicidades millon crack canal soy suscriptor antiguo mas PERU,@user bueno felicidad por el millon de crack que hay en el canal!! soy un suscripto ya un poco antiguo a por mas DE PERU,buen felicidad millon crack canal soy suscripto antiguo mas PERU
tio pero cuando dawn dispara a beth y daryl la dispara a ella inmediatamente y se pone a llorar,0,tío pero cuando dawn dispara a beth y daryl la dispara a ella inmediatamente y se pone a llorar,cuando dawn dispara a beth y daryl la dispara a ella inmediatamente se pone a llorar,cuando dawn dispara a beth y daryl la dispara a ella inmediatamente se pone a llorar,tí pero cnd dn dispara bth y dyl la dispara a l inmm t se pone a llor,cuando dawn dispar a beth y daryl la dispar a ell inmediat pone a llor
@user @user no tengo catálogo de modelos de polvos azules amiga,1,@user @user no tener catálogo de modelo de polvo azul amiga,tengo modelos polvos azules amiga,tener catálogo modelo polvo azul amiga,@user @user no ten catálog modelo polv azul amig,tengo modelo polvo azul amigo
@user Efectos prácticos. Aprovechar el desorden del rival. Lo hacemos todos,2,@user efecto aprovechar desorden hacer,Efectivos prácticos. Aprovechar desorden rival. Lo hacemos todos.,efecto aprovechar hacer,@user efect practic aprovech desordr rival lo hacemos tod,Efectiv practic. Aprovechar desord rival. Lo hacemos tod.
La lluvia definitivo no me tiene piedad cuando ando en bus,0,La lluvia definir no me tener piedad cuando andar en bus,lluvia definitivo bus,lluvia definir me tener piedad cuando andar en bus,La lluvia defini no me tiene piad cuando ando en bus,lluv definitiv bus
Lo bueno que mñn acaba sus finales,1,Lo bueno que mana acabar sus finales,bueno acaba finales,bueno mana acabar sus finales,Lo buen que mnñ acaba sus final,buen acaba final
"Feliz por las salvadas por el público y la salvada por el jurado canta dms bien pero la veo como solista, Aimee era más para #LaBanda",2,"Feliz por las salvada por el público y la salvada por el jurado canto dms bien pero la veo como solista, Aimee era más para #LaBanda",Feliz salvadas público salvada jurado canta dms bien veo solista Aimee más #LaBanda,Feliz salvada público jurado canto dms bien veo solista Aimee banda,"Feliz por las salvad por el público y la salvad por el juri canta dm bien pero la veo como solis, Aimee era más para #Landa",Feliz salva publ soli Aimee más #LaBanda
Cómo me desean feliz navidad si trabajo en 3 horas (?),0,Cómo desear feliz navidad si trabajar horas,me desean feliz navidad trabajo horas,desear feliz navidad trabajar horas,Cómo dese felic navidad si trabaja hor (?.ImageAlign,me desean felic navidad trabajo hora
em diez días hace dos años desde que elsa tenia el pelo rapado por un lado,1,diez día hacer dos año desde que elsia tener pelo rapar,diez días hace dos años desde que elsa ten rapado pelo por un lado,diez día hacer año desde que elsia tener pelo rapar,en diez día hace dos año desde que els ten rapo por un lado,diez día hace dos año desde que els rap pelo por un lado
"@user A mí me haces un favor, encantado  @user",2,"@user a mí me haces un favor, encantado @user",A mí te haces favor encantado,a mí te haces favor encantado,"@user a mi me hace un favo, encantad @user",Te haces favor encantad
"@user Pobre   Pues aquí me va, atendiendo llamadas en la portería del colegio cual recepcionista telefónico",0,@user pobre pues aquí voy atendiendo llamadas en la portería del colegio cual recepcionista telefónico,Pobre Pues aquí va atendiendo llamadas en portería colegio cual recepcionista telefónico,@user pobre pues voy atendiendo llamadas en portería del colegio cual recepcionista telefónico,@user pobre pues aqui me va atendin llamada en la porteria del colegio cual recepcionista telefonico,pobre pues aquí va atend call en port qual recepcional telefónic
"Queda claro que yo solo vivo para viajar~ No necesito casas ni propiedades, solo necesito boletos de avión y mi mapita",1,"Quedar claro yo solo vivir para viajar No necesitar casa ni propiedad, solo necesitar boleto de avión y mi mapita",Queda claro vivo viajar boletos avión mapita,Quedar claro solo vivir para viajar necesitar boleto de avión y mi mapita,Qued claro yo sola viv para viaj No neces cas ni propied solo neces bolet aví y mi map,Quedar claro vivir viaje boleto avión mapa
"No me niegues, Señor, tu misericordia; que siempre me protejan tu amor y tu verdad. Salmos 40:11 Buen día a todos",2,"No niegue, Señor, tu misericordia; que siempre me protejan tu amor y tu verdad. Salmo 40:11 buen día a todos.","me niegues, Señor, misericordia; protejan amor verdad. Salmos 40:11 Buen día a todos",niegue Señor misericordia amor verdad buen día todos,"No niegue, Señor, tu misericordia; que siempre me protejan tu amor y tu verdad. Salmos 40:11 Buon día a todos","niegue, Señor, misericordia; protejan amor verdad. salmos buen día a todos"
dios acabo de recoger mis libros pa segundo de bachillerato y el de historia de españa y el de geografía son jodidamente gordos,0,dios acabo de recoger mi libro para segundo de bachillerato y el de historia de España y el de geografía son muy gordos,acabo recoger libros segundo bachillerato historia España geografía gordos,acabo recoger libro segundo bachillerato historia España geografía son gordos,dios acab recoger libr segund bachill histori espana y geogr son jodid gord,acabo recoger libro segund bachillero hist Spa geogr gord
Ya cambiaron al modelo d Paco Rabane. el que estaba antes era un muñequito yico.,1,Ya cambiar al modelo de Paco Rabanne. el que estuvo antes fue un muñequito yico.,cambiaron modelo Paco Rabane. antes un muñequito yico.,cambiar modelo Paco Rabanne antes fue un muñequito yico,Ya cambian al model Paco Rabane. el que estuvo antes era un muñequito yico.,cambi model paco rabane antes un muñequito yico
"@user pues no, algunos lunes son maravillosos...por ejemplo el de hoy! 😜 Hasta mañana!",2,"@user pues no, algunos lunes son maravilloso...por ejemplo el de hoy! 😜 hasta mañana!",pues algunos lunes son maravillosos... por ejemplo el de hoy! 😜 Hasta mañana!,pues algunos lunes son maravilloso ejemplo hoy 😜 hasta mañana!,"@user pue no, algun lun son maravillosos...por ejempel el de hoy! 😜 Hasta mañan!",pues algun lun son maravillosos... por ejem el de hoy! 😜 Hasta mañan!
"@user Bueno, al Atleti 2014/15 Juve Olympiacos Malmo, 2015/16 Benfica Galatasaray Astana. Ya tocaba un año serio eh...",0,"@user Bueno, al Atlético 2014/15 Juventus Olympiacos Malmö, 2015/16 Benfica Galatasaray Astana. Ya toca un año serio eh...",@user Atleti Juve Olympiacos Malmo Benfica Galatasaray Astana Ya tocaba un año serio eh,@user Atlético Juventus Olympiacos Malmö Benfica Galatasaray Astana ya toca un año serio eh,"@user Bien, al Atlético 2014/15 Juventus Olympiacos Malmö, 2015/16 Benfica Galatasaray Astana. Ya toca un año serio eh...",@user atlet ser juve olympiacos malmo benfica galatasaray astana ya toca bani serio eh
"@user ay, ayer cuando lo publicaron y lo vi me entró un sentimiento más grande por dentro...",1,"@user ay, ayer cuando lo publiquen y lo vea me entró un sentimiento más grande por dentro....",@user ay cuando lo publicaron y lo vi me entró un sentimiento más grande por dentro...,ay publiquen vea entró sentimiento más grande dentro,"@user ai, aye, ayer quand lo publicaron e lo vi me entra un sentimiento mas grande por dentro...",@user a when lo publicri y lo vi me entró un sentimient más grande por dentro...
"@user @user @user @user  ""la Temporada"" era muy prestigiosa. Recuerdo leer las crónicas en las revistas españolas.",2,"@user @user @user @user ""temporada"" era muy prestigiosa. recuerdo leer crónica en revista española.",Temporada prestigiosa recuerdo leer crónicas revistas españolas.,temporada era muy prestigiosa. recuerdo leer crónica revista española.,"@user @user @user @user ""temporada"" era muy prestigiosa. recuerdo leer crónicas en revistas españolas.",Temporad prestigios recuerd le cronic revist espagnol.
"Oye, me tenéis un poco abandonada  http",0,"Oye, te tengo un poco abandonada http",me abandonada,te tengo abandonada,"Oye, me tenéis un poco abandonadा",me abandon
"Decidme que al final de la gala diréis , QUE COMIENCEN LOS JUEGOS DEL HAMBRE! que al final solo quedará uno  #Gala1GH17",1,"decidle que al final de la gala direis, que comience los juegos del hambre! que al final solo quedara uno  #gala1gh17",Decidme diréis COMIENCEN JUEGOS HAMBRE quedará #Gala1GH17,decidle que al final de la gala direis comience los juegos del hambre quedara uno #gala1gh17,"Decidme que al fin de la gala diréis, QUE COMIENZEN LOS JUEGOS DEL HAMBRE! que al fin solo quedará uno  #Gala1GH17",COMIENZO JUEGO HAMBRE quedará #Gala1GH17
"@user Los más buenazos, son los medio gruesitos y cortados de forma vertical. Según yo.",2,@user los bueno ser medio grueso y cortar según yo.,Los buenazos son medio gruesitos cortados vertical según yo.,bueno grueso cortar,"@user más buen, son medio gru, y cort de forma vert. según yo.",Los buena zo son me di gru si corta verti yo.
"@user Pasa el link de la mas interesante please, por no ver 5 veces lo mismo",0,"@user pasa el link de la mas interesante please, por no ver 5 veces lo mismo",Pasa link mas interesante please ver veces,@user pasa link mas interesante please por ver 5 veces mismo,"@user pasa el link de la mas interesante please, por no ver 5 veces lo mismo",pas link mas intere please ver veg veces
@user @user @user vi ese video hace un tiempo me pareció chevere . Pero no me gusta la canción,1,@user @user @user ve ese video hace un tiempo me parecí chevere pero no me gusta la canción,vi ese video hace tiempo me pareció chevere Pero me gusta la canción,ve视频时间我感觉很好但是我不喜欢歌曲,@user @user @user vi ese videi hace un tiempo me pareci chevere. Pero no me gust la cancién.,vi ese videi hace tiempi me pareci chevere pero me gusti la canción
Hoy pasaremos una hermosa tarde con ellos #ShowNavidad #CasaHogarMamáVictoria,2,Hoy pasar hermosa tarde con ellos #ShowNavidad #CasaHogarMamáVictoria,pasaremos tarde hermosa tarde ellos ShowNavidad CasaHogarMamáVictoria,pasar tarde ShowNavidad CasaHogarMamáVictoria, Hoy pasará una hermosa tarde con ell# ShowNavi# CasaHogarMamáVictoria,pasar tarde hermosa tarde ellos show navidad casa hogar mamá victoria
Mis anteojos están demasiado flojos y eso que tienen meses de comprados,0,Mis anteojos están too flojo y eso que tienen meses de comprarse.,Mis anteojos meses comprados,Mis anteojos están flojo,Mis anteojos estn tmppo fljos y eso q tienen meses de comprds.,Mis anteojos meses comprados
"La profesora se pregunta qué pasa con la segurdad jurídica, y yo solo sigo pensando en qué culpa tuvo Fatmagul",1,"La profesora se preguntar qué pasar con la seguridad jurídica, y yo solo seguir pensando en qué culpa tener Fatmagul.","pasa segurdad jurídica, solo pensando culpa Fatmagul",profesora preguntar pasar seguridad jurídica solo pensando culpa Fatmagul,"La profesor se pregunt qué pasa con la segurdад jurídica, y yo solo sigo pensando en qué culp tuvo Fatmagul",pas segurd argument solo pens culp Fatmagul
"Mi bebé primero reniega porque tiene hambre, y cuando ya comió un montón, reniega porque está muy llena. La más linda es",2,"Mi beber primer renegar porque tener hambre, y cuando ya comer mucho, renegar porque estar muy llena. La más linda ser.",Mi bebé primero reniega porque tiene hambre cuando comió reniega porque está muy llena La más linda,Mi primer renegar tener hambre comer mucho renegar estar muy llena La más linda ser,"Mi bebe primer reniar porque tener hambr, y cuando ya comi un monton, reniar porque estar muy llen. La mas lind es.",Mi beber primero renieg porque tener hambre cuando comió renieg porque estar muy llen La más lind
@user tanto tiempo siguiéndote y leyendo las cosas bonitas q ponías y ahora ya no me dejas?,0,@user tanto tiempo seguir y poner cosas bonitas y ahora ya no me dejas?,tiempo siguiéndote leyendo cosas bonitas me dejas,tiempo seguir poner cosas bonitas ahora ya dejas,@user tan tiempo siguiéndote y leyendo las cos bonitas q ponías y ahora ya no me dejas?,tiempo siguiéndote leyendo cosas bonitas me dejas
@user @user cualquiera diría que estamos deseando pasar frío,1,@cualquiera diría que estemos deseando pasar frío,cualquiera diría que estamos deseando pasar frío,diríamos deseando pasar frío,@cualq diría q estemos deseand pas frí,estamos deseando pasar frio
Que dicha que me vale todo lo que todo el mundo diga,2,Qué decir que me valga todo lo que todo el mundo diga.,dicha vale todo mundo dice,decir valga mundo,Que dicho que me valga todo lo que todo el mundo diga,vale todo mundo decir
"Llevo como una hora repitiendo ""No debí haber bebido ese último Monster"" teniendo que madrugar  Mi vida.",0,"Llevar una hora repetir ""No debí haber beber ese último Monster"" teniendo que madurar  Mi vida.",Lleva hora repitiendo debí haber bebido último Monster teniendo madrugar vida.,Llevar hora repetir No debí haber beber ese último Monster madurar vida.,Llevo una hora repeti no debhir haber bebid ese últim monster teniendo madrug mi vid.,Llevar hora repetir debí haber beber último Monster teniendo madrug vida.
Necesito urgente entrar a la gimnasia y al gimnasioo,1,Necesito entrar a la gimnasia y al gimnasio,urgente entrar gimnasia gimnasio,Necesito entrar gimnasia gimnasio,Necesito urgente entrar a la gimnasi y al gimnasio,urgente entrar gimnasi
Hostia pero si en 15 minutos estreno canal!!!! OMG! El Almacén de Juegos. Bienvenidos jugadores,2,hostia pero si en 15 minuto estrenar canal!!!! omg! el almacén de juego. bienvenido jugador,Hostia estreno canal OMG Almacén Juegos Bienvenidos jugadores,hostia pero si en minuto estrenar canal!!!! omg! almacén juego bienvenido jugador,Hostia pero si en minuto estren can!!!! OMG! Almacén Juego. Bienveni jugador.,Hostia estren can Omg Almacn Juegos Bienvenid jugad
"@user @user @user Mas bien, penoso desconocimiento diversas realidades del Perú. Ahora anda preocupada x el clásico(!?)",0,"mas, penoso desconocimiento diversa realidad del perú. ahora anda preocupada x el clásico(!?[])",Mas bien penoso desconocimiento diversas realidades Perú ahora anda preocupada clásico,desconocimiento realidad Perú ahora anda preocupada clásico,"@user @user @user Más bien, penos desconocimiento divers realidades del Perú. Ahora anda preocup x el clásico(!?[])",más bien penos desconoc realid perú ahora anda preocup clásic
Ya estuviera re descontrolado jajajajja,1,Ya estar descontrolado jajajajja,Ya descontrolado,Ya descontrolado jajajajja,Ya estuviera re descontrole jajajajja,Ya descontrole
"@user, muchas gracias. La verdad es que lo tienen fácil para acertar",2,"@user, mucha gracia. La verdad es que lo tienen facil para acertar.","@user, gracias verdad fácil acertar","@user, gracia verdad tienen facil acertar.","@user, mucha gracias. la verdad es que lo ten fácil para acertar","@user, graci verdat facil acertar"
Pobre pablo  es que soy yo,0,pobre pablo ser soy yo,Pobre pablo soy,pablo soy,pobr y es q soy yo,pobre pablo soy
@user yo solo quiero hacerte trencitas,1,@user yo solo querer hacer trenca,quiero hacer trencitas,hacer trenca,@user yo sola quier hacer trenta,quier trenc
@user @user Pellegrino ha dotado al equipo una gran consistencia defensiva. Y buenos fichajes,2,@user @user Pellegrino ha dotar al equipo una gran consistencia defensiva. Y buenos fichaje.,Pellegrino ha dotado equipo gran consistencia defensiva buenos fichajes,Pellegrino dotar equipo gran consistencia defensiva buenos fichaje,@user @user Pellegrin dot equipo una gran consist defensiva. Y buenos fichaje.,Pellegrino ha dotado eqüipo gran consistencia defensiva buenos fichaje
@user soy un hombre OCUPADO que no puede estar pendiente de estas cosas,0,@user soy un hombre OCUPAR que no puede estar pendiente de estas cosas,soy hombre OCUPADO que no puede estar pendiente estas cosas,soy hombre OCUPAR que no puede estar pendiente estas cosas,@user soy un homen OCUPADO que no puede estar pendiente de estas cos.,soy hombre OCUPAD que no puede estar pendiente esta cosa
Quiero una caldosa y un granizado.,1, QUIERO UNA CALDO Y UN GRANIZADO.,Quiero caldosa granizado.,QUiero CALDO GRANIZADO.,Quiero una caldos y un granizado.,Quiero caldos granizado.
"@user Pero la verdad es que en general no voy mal de motivación... casi al revés, me sobra motivación (y ego",2,"@user pero la verdad es que en general no voy mal de motivación... casi al revés, me sobra motivación (y ego","@user Pero verdad genral voy mal motivación casi revés, sobra motivación ego","@user verdad general voy mal motivación casi revés, sobra motivación ego",@user pero la verdad es que en general no voy mal de motivaci sobra motivaci ego,@user pero verdad genral voy mal motiv motiv ego
@user @user Eso toca mañana. Hoy me sentía incapaz,0,eso tocar mañana. hoy sentirme incapaz,Eso toca mañana Hoy sentía incapaz,tocar mañana sentirme incapaz,eso toc maña hoy sentí incapa,Eso toca mañan hoy sentí incapaz
Desde hoy haré mejor las cosas,1,Desde hoy haré mejor las cosas,Desde hoy haré mejor las cosas,Desde haré mejor cosas,Desde hoy haré mejor las cosa,Desde hoy har mejor cosa
"@user eso mae!!! Que bueno que te gustó el concierto, me alegra mucho!! A mí también me hacía falta tocar esas piezas!!",2,"eso mae!!! que bueno que te guste el concijo, me alegra mucho!! a mí también me hacía falta tocar esas pieza!!",@user concierto me alegra mucho tocar piezas,"eso mae!!! bueno te guste concijo, alegra mucho!! mí también hacía falta tocar pieza!!","@user eso mae!!! que bueno que te gust es el concierte, me alegra mucho!! a mí tambi me hacía falta tocar esas piez.",@user concierto me alegra mucho tocar pieza
@user @user @user No puedo ver esas mariconadas.,0,@user @user @user No puedo ver esa maricada.,No puedo ver esas mariconadas.,No ver esa maricada.,@user @user @user no pue ver esa maricón.,No pue ver esa mariconda.
El quinto día #cousins #Holidays @ Previos Restobar-Pub,1,El quinto dia #cousin #holiday @ previo restaurar-pub,quinto día Holidays Previos Restobar-Pub,quinto dia cousin holiday previo restaurar-pub,El quint día #cousin #Holiday @ Previo Restobar-Pub,quint día Holiday Previos Restobar-Pub
@user pues eliges bien lo poco que ves entonces querido amigo,2,@user pues eliges bien lo poco que ves entonces querido amigo,elige bien ves entonces querido amigo,elige bien ves entonces querido amigo,@user pues elijes bien lo pocos que ves entonces querid amigo,elige ver entonces querido amigo
tengo un porrito ya liado.. pero no se para cuando,0,tengo un porri ya liado.. pero no se para cuando,ya liado.. pero se cuando,tengo un porri ya liado pero se para cuando,tengo un porri ya lia pero no se para cuando,ya liad pero se cuand
"Yo sólo ame, y Di todo d mi..... aunque no soy perfecta, solo tengo un corazón sincero, una mente que te piensa a cada momento. pitufo",1,"Yo solo amar, y dar todo de mi..... aunque no soy perfecta, solo tengo un corazón sincero, una mente que pensar a cada momento. pitufo","ame, Di, d, aunque, soy, perfecta, solo, corazón, sincero, mente, piensa, cada, momento, pitufo",amar dar corazón mente pensar pitufo,"Yo sola am, y di todo d mi..... aun no soy perfecta, solo tengo un corazn sincero, una ment que t piensa a cada momento. pitufo","ama, di, sea, soy, perfecta, solo, corazon, sincero, mente, piensa, cada, momento"
Se viene algo bueno #Navidad #Imelda #Tronconavideño #Fresas #frambuesas #blueberries @ Imelda,2,Viene algo bueno #Navidad #Imelda #tronconavideño #fresa @ Imelda,algo bueno Navidad Tronconavideño Fresas frambuesas blueberries,algo bueno #Navidad #Imelda #tronconavideño #fresa,Se vienen algo bueno #navidad #imeld #tronconavideño #fresa #blueberry @ imeld,algo bueno navidad tronconavideño fresa frambuesa blueberry
a mi mejor amiga no le gusta el ceviche ni los makis y me siento frustrada porque no podemos ser BUENAS mejores amigas,0,a mí mejor amigo no le gustan el ceviche ni los makis y me siento frustrada porque no podemos ser buenas amiga,mi mejor amiga le gusta ceviche makis me siento frustrada porque podemos ser amigas,mejor amigo le gustan ceviche makis me siento frustrada porque podemos buenas amiga,a mi mejo ami no le gust el cevich ni los maki y me siento frustad porque no podemos ser buen mejo ami,mi mejor amig le gust cevich mak sient frustr porque poderm ser amig
A pesar de todo...veo sorpresa en el Bernabéu...llamadme loca,1,A pesar de todo...veo sorpresa en el Bernabéu...llamame loca.,veo sorpresa Bernabéu llamam loca,veo sorpresa Bernabéu llamame loca.,A pesar de todo...veo sorpresa en el Bernabéu...llamamlocá,veo sorpre bernabéu llamar loc
"@user ..pero, vamos, yo con cualquier cosica..unos huevos fritos son un manjar (siempre que haya pan para mojar, claro",2,"@user..pero, vamos, yo con cualquier cosa..unos huevo frito son un manjar (siempre que haya pan para moajar, claro'.","vamos, cualquier cosica, huevos fritos, manjar, siempre, pan, fojar","vamos, cualquier cosa, huevo frito, manjar, pan","@user..pero, vamos, yo con cualquien cosica..unos huevo frito son un manjar (siempre que haya pan para mojar, claro","vamos, cosi, huevo, manjar, siempr, foj"
Lo peor que puede existir es decepcionar a alguien que quieres,0,Lo peor que puede existir es decepcionar a alguien que querer,peor existir decepcionar alguien quieres,peor existir decepcionar alguien querer,Lo peor que puede existir es decepcionar a alguien que quier.,peor exist decepcionar alguien quieres
"@user jajajaja este es un plato del restauran de mi casa, cuando quieras tienes tu descuento familiar",1,"@user jajaja este es un plato del restaurante de mi casa, cuando quieras tienes tu descuento familiar",@user este plato restauran casa cuando quieras descuento familiar,este plato restaurante casa cuando quieras descuento familiar,"@user jajaja este es un plat del resturran de mi cas, cuand quier tienes tu descuento familiar",@user este plat descuent famili
Me hace sentir tan bien al ver a mi ex y no sentir absolutamente nada por el,2,Me hace sentir tan bien al ver a mi ex y no sentir absolutamente nada por él.,hace sentir bien ver ex sentidamente absolutamente nada,Me hace sentir bien ver a mi ex absolutamente nada por él.,Me hag senti tan b bien al ver a mi ex y no sent absolutamente nada por el,hacer sentir bien ver sin absoluto nada
"Me voy a las 6 a Madrid y me esperan 6 horitas en un autobus, seguramnete lleno de gente, porque mi suerte funciona así",0,"Me ir a las 6 a Madrid y me esperan 6 hora en un autobús, seguramente lleno de gente, porque mi suerte funciona así","voy Madrid esperan horitas autobus, seguramnete lleno gente, porque suerte funcione así.",Me ir a Madrid me esperan hora autobús segururenmente lleno gente mi suerte funciona así,"Me voy a las 6 a Madri y me esperan 6 horit en un autobus, seguramnete llen de gent, porque mi suert funcion así.","voy madr segur lleno gente, porque suer funcione así."
Por qué un partido a las 10 a.m.,1,Por qué un partido a las 10 a. m.,partido a las 10 a.m.,partido a las 10 a. m.,Por qué un par蒂芙尼,partido a las 10 a.m.
¡Ya tenemos ganadora! Felicidades @user Nos hablamos por mensaje. ¡Gracias a todos por participar!,2,¡ya tener ganadora! felicidades hablar participar,Ya tenemos ganadora! Felicidades Nos hablamos por mensaje. Gracias a todos por participar!,ya tener ganadora felicidades hablar participar,¡ya tenem ganador! felicidad @user nos hablamos por messagi. graci a todo por particip.,Ya tenem ganador! Felicidad nos hablamos por messag. Gracias a todo por particip.
@user no seas malo con él,0,@user no seas ser mal el,seas malo con él,seassermal,@user no sea mal con ell,sea mal con ell
El huevin respectivo debido al feriado...vao a meter una caminata mas sus chelitas para al menos ver que hay abierto en la calle.,1,El huever dueño por feriado...vao a hacer una caminata más sus chelas para al menos ver que hay abierto en la calle.,huevin feriado vao meter caminata chelitas ver abierto calle,huever dueño feriado hacer caminata chelas al menos ver abierto calle,El huev respetiue feriat vao a met una caminat mas sus chelit para al menos ver que hay abert en la calle.,feri camin chel ver ab伯n cal
"Por cosas así, estoy segura de que tomé una muy buena decisión",2,"Por cosa, estar segura, tomar una muy buena decisión.",estoy segura decidición,tomar buena decisión.,"Por cos, esté segur de que tom une muy buena decis.",estoy segur decidíón
"NUNCA dejen el Snapchat abierto en el celular de la mamá, creo hoy duermo en la calle",0,"NUNCA dejAR el Snapchat abierto en el celular de la mamÁ, creo hoy duermIR en la calle","dejen Snapchat abierto celular mamá, creo hoy duermo calle",dejar abierto celular mamá dormir calle,"NUNCA dej OPEN en celu mam OPEN, creo hoy du OPEN en la calle",dej_snapchat_abi_mam_duermo_calle
@user para mí no son feas  hay feas y bonitas    te salvas de arder en el infierno por hetero,1,@user para mí no son fea hay fea y bonita te salvas de arder en el infierno por hetero,@user no son feas hay feas y bonitas te salvas de arder en el infierno por hetero,@user bonita te salvas de arder en el infierno por hetero,@user para mi no son fea hay fea y bonita te salvas de arder en el infierno por hetero,@user no son fea hay fea y bonita te salvas de arder en el infierno por hetero
"@user siempre habrá algo amiga, pero con el tiempo lo superas y pierden importancia",2,"@user siempre haber algo amiga, pero con el tiempo lo superar y perder importancia.",@user siempre habrá algo amiga pero con el tiempo lo superas y pierden importancia,"haber algo amiga, superar perder importancia.","@user siempre habr algo amiga, pero con el tiemp lo supera y pierden importancia",@user siempr habr algom amig pero con el tiemp lo super y pierd importancia
@user y que el mae no sea tan desastroso como aparentó durante la campaña. Hope is all we have left,0,@user y que el maestro no sea tan desastroso como aparentó durante la campaña. Esperanza es todo lo que tenemos leftover.,@user mae desastroso aparentó campaña Hope all have left,@user maestro desastroso aparentó campaña Esperanza todo tenemos leftover,@user y que el ma no sea tan desastroso como aparent durante la campa. hope is all we have left,@user mae desastros aparent campa hope all have left
El sábado se casa Adriel y eso me hace sentir super vieja maee cuando ibamos a pueblo viejo x olafos saliamos fuck off y yo era la niñera,1,El sábado casarse Adriel y eso me hace sentir super viejo maee cuando ibamos a pueblo viejo x olafos saliamos ir y yo eraa niñear,sábado casa Adriel hace sentir vieja maee cuando ibamos pueblo viejo x olafos saliamos y yo niñera,sábado casarse Adriel eso me hace sentir viejo maee cuando ibamos pueblo viejo x olafos saliamos ir yo niñear,El sáb dom cas adriel y eso me hace sentir super viej maee cun ibamos a pueb viej x olafos saliamos fuco off y yo era la niñer,sabado cas adriel hac sentir viej maee cuando ibamos pueblo viej x olafos saliamos y yo niñer
Amanecí lleno de la comilona anoche en el #BNOpenHouse ...pero siempre hay campo para más . A desayunar,2,"amanecer, lleno, comilona, noche, #BNOpenHouse, pero, siempre, hay, campo, para, más, desayuñar",Amanecí comilona anoche BNOpenHouse hay campo para más desayunar,amanecer lleno comilona noche #BNOpenHouse siempre hay campo desayuñar,amanecer llen comilona anoche en el bnopenhous pero sempre hay campo para mas. a desayu,amanecer comilona anoche BNOpenHouse hay campo para mas desayuinar
"#Windows10 qué mal me caes... @user Para abrir cualquier navegador o aplicación es tan lento, torpe e ineficiente que da pavor",0,"#Windows10 qué mal me caes... @user para abrir cualquier navegador o aplicación es tan lento, torpe e ineficiente que da pavor","#Windows10 mal caes... Para abrir cualquier navegador o aplicación lento, torpe e ineficiente que da pavor",#Windows10 mal caes... user para abrir cualquier navegador o aplicación lento torpe ineficiente da pavor,"#Windows qué mal me caes... @user para abrir cualquier navegador o aplicación es tan lento, torpe e ineficiente que da pavor","#Win mal cae... para abrir cualquier navegador o app lento, torpe e ineficiente que da pavor"
"No es feriado el 26 de dic ni el 2 de enero, entonces mremod fútbol sábado y domingo",1,"No ser feriado el 26 de dic ni el 2 de ene, entonces reprogram fútbol sábado y domingo",es feriado el 26 de dic ni el 2 de enero entonces mremod fútbol sábado y domingo,ser feriado el 26 de dic ni el 2 de ene entonces reprogram fútbol sábado y domingo,"No es feriat el 26 de dic ni el 2 de ene, entonces mremod futbol sabá y domín",es feri ni el 2 de ene entonces mremod fút sábado y domingo
"@user @user @user Gracias, lo único que me hace feliz es escuchar música, adivinar y ganar",2,"@user @user @user gracias, lo único que me hace feliz es escuchar música, adivinar y ganar",Gracias único me hace feliz escuchar música adivinar ganar,"gracias, feliz escuchar música adivinar ganar","@user @user @user gracias, lo únicamente que me hace feliz es escuchar música, adivinar y ganar",gracias únic felic escuchar música adivin ganar
Como cuando estás súper triste y pones un playlist de Camila y Ha Ash . Los de la agencia se van a deprimir,0,Como cuando estás súper triste y pones un playlist de Camila y Ha Ash. Los de la agencia se van a depresionar.,Cuando súper triste pones playlist Camila Ha Ash Los agencia se van depresión,Cuando súper triste pones playlist Camila Ha Ash. Agencia va depresionar.,Como cuando estás súper trist y pon un playl de Cami y Ha Ash. Los de la agenc se van a depri.,Cuando triste poner playlist Camila Ha Ash agencia se ir depresión
Digo yo que tengo mala memoria y mi vecino se ha tatuado el nombre de su mujer,1,dice tener mala memoria y mi vecino se ha tatuar el nombre de su mujer,tengo mala memoria vecino se ha tatuado nombre mujer,dice tener mala memoria vecino se ha tatuar nombre mujer,Digo yo que tener mala memoria y mi vecino se ha tatuar el nombre de su mujer,tengo mal memoria vecin se ha tatuar nombre mujer
@user @user cuando lo veo siempre le digo que en Twitter gusta a muchos!  Ojalá accederia porque para Dani sería muy bueno,2,@user @user cuando lo veo siempre le digo que gustar a muchos! ojalá accedería porque para Dani sería muy bueno,cuando veo digo Twitter gusta muchos Ojalá accedería Dani sería bueno,cuando veo digo gustar muchos ojalá accedería Dani bueno,@user @user cuand lo veo siempr le digo que en twitte gust a much! ojalh accedirie porque par dani seri muy bueno,cuando veo decir Twitt gust much ojalacce Dani ser bueno
Primera vez que David cena en mi casa y quiebra un vaso.,0,Primera vez que David cene en mi casa y quiebra un vaso.,Primera David cena casa quiebra vaso.,David cene casa quiebra vaso.,Primera vez que David cene en mi casa y quiebra un vaso.,Primero Davi cen cas quiebr vasos
@user me siento triste amiga,1,@user me sentir triste amiga,siento triste amiga,me sentir triste amiga,@user me siento trist amig,iento trist amig
"@user claro que sí, París merece mil visitas",2,"@user claro que sí, París merece mil visita.",@user claro sí París merece mil visitas,@user claro sí París merece mil visita.,"@user clar que sí, Paris merce mil visit",@user clar si parís merec mil visit
"No vuelvo a New York, esa pea fue muy maldita y mi chaqueta",0,"No vuelvo a New York, esa pea fue muy mala y mi chaqueta",vuelvo New York pea maldita chaqueta,vuelvo New York pea mala chaqueta,No vuelv pea fue muy mald chate,vuelv New York pea maldit chaquet
@user yo quería que me dieran la bcr así,1,@user yo querer que me dar bcr así,quería dieran bcr así,@user querer dar así,@user yo quere que me den la bcr asi,querr quer bcr así
"El puente mas bonito de la constitución este año en Alicante 12,13 y 14 @user en directo y allí estaré",2,"El puente mas bonito de la constitución este año en Alicante 12,13 y 14 @user en directo y allí estaré",puente bonito constitución año Alicante directo allí estaré,puente bonito constitución año Alicante directo allí estaré,"El puente mas bonit de la constitucio este ano en Alican 12,13 y 14 @user en directo y alli estar",puente bonit constituy año alicant direct alli estari
"11.46PM y tengo hambre, mejor me acuesto ya por que la panadería está cerrada",0,"11.46PM y tener hambre, mejor me acuesto ya por que la panadería estar cerrado",11.46PM tengo hambre mejor acuesto ya panadería cerrada,y tener hambre mejor acuesto ya porque la panadería cerrado,"11.46PM Y TENGO HAMBRE, MEJOR ME ACUETO YA POR QUE LA PANADERÍA ESTÁ CERRADA",11.46PM ten hambre mejo acuesto ya panería cerrada
@user poco pero intenso  estoy por pirarme un día a sevilla con el Mario,1,@user poco pero intenso estoy por irme un día a Sevilla con el Mario,poco intenso pirarme día Sevilla Mario,poco intenso estoy irme día Sevilla Mario,@user poco pero intenso  est voy por pirarme un d a sevill con el Mari,díairse irseMario
@user @user Un lapsus advertido gracias a @user y subsanado. Gracias por tu aportación.,2,@user @user un lapsus advertido gracias a @user y subsanado. gracias por tu aportación.,@user @user lapsus advertido gracias user y subsanado Gracias aportión,un lapsus advertido gracias subsanado gracias aportación,@user @user un lapsus advertido gracias a @user y subsanado. gracias por tu aport.,@user @user lapsus advertido gracias user y subsanado Gracias aportón
@user no lo consigo  ayudame porfi que es super importante,0,@user no lo consigo ayudar porfi que es super importante,lo consigo ayudame que es importante,lo consigo ayudar porfi importante,@user no lo consig get ayuda porfi que es super importante,lo consig stem ayud stem importанс
@user No se si están editados.,1,@user no sé si están editar.,@user se si están editados,@sé editan.,@user no se si estn edit.,@user si estn editd
@user Correcto! Es pura arte. Mejor no lo pudiste describir. Felicidades!!! Bendiciones!,2,@user Correcto! Ser arte. Mejor no pudiste describir. Felicidades!!! Bendiciones!,@user Correcto! pura arte Mejor lo pudiste describir Felicidades!!! bendiciones!,@user Correctarteartemejorfelicidades!!!bendiciones!,@user Correct! Es pura art. Mejor no lo pudiste descrivir. Felicidades!!! Bendiciones!,@user correct pur arte better lo pudiste describ felicid bendicion!
"@user @user Por desgracia vende más  ,riñas,trifulcas,peleas,al cuello!! mátalo!!",0,"@user @user Por desgracia vender más, riña, trifulca, pelea, al cuello!! matarlo!!",vende más riñas trifulcas peleas al cuello mata!!,"vender, riña, trifulca, pelea, cuello, matarlo!!","@user @user Por desgracia vend Más,riña,trifulc,pel,al cuello!! mátalo!!",vend más riña pelea al cuello mata!!
@user Lo mejor para el es que salga del Club Zidane no le da la Oportunidad de Jugar! A mi no me gusta que este en la Banca.,1,@user Lo mejor para el es que salga del Club Zidane no le da la Oportunidad de Jugar! A mi no me gusta que este en la Banca.,Lo mejor salga Club Zidane le da Oportunidad Jugar A mi me gusta este Banca.,Lo mejor para él que salga del Club Zidane no le da la Oportunidad de Jugar! A mi me gusta que no esté en la Banca.,@user lo mejor para el es que salga del club zidane no le da la oportunidad de jugar! a mi no me gusta que este en la banca.,Lo mejor salir club zidane dar oportunidad jugar a mí me gustar este banca.
@user es la feria de mi tierra  Solo espero que sea un éxito y ser un gran anfitrión,2,@user ser feria de mi tierra solo espero que sea un éxito y ser gran anfitrión,la feria tierra espero éxito gran anfitrión,@user feria tierra espero éxito gran anfitrión,@user es la feria de mi tierra  Solo espero que sea un éxit y ser un gran anfitrín,la fer gran esper succe anfitrón
"No, no. Ya no te quiero, me declaro soltera a partir de ahora, me has hecho daño  @user",0,"No, no. Ya no te querer, me declaro soltera a partir de ahora, me has hecho daño @user","Ya te quiero, me declaro soltera a partir de ahora, me has hecho daño  @user","Ya querer, me declaro soltera partir ahora, me has hecho daño @user","No, no. Ya no te quier, me declar soltera a partir de ahora, me has hecho dañ @user","Ya te quier, me declar solter a partir de ahora, me has hecho dañ @user"
"@user hombre!  Yo siempre y con la gente que me cae bien claro, con los que me caen mal ni agua  Muacc",1,"@user hombre! yo siempre y con la gente que me cae bien claro, con los que me cae mal ni agua muacc",@user hombre! siempre gente cae bien claro con los que me cae mal ni agua Muacc,hombre siempre gente cae bien claro con los que me cae mal ni agua,"@user hombre!  yo sempre y con la gente que me cae bien claro, con los que me cae mal ni agua  muacc",@user hombre! sempre gente cae bien claro con los que me cae mal ni agua Muacc
Plan perfecto para terminar el fin de semana. @user - @user. Después @user - @user,2,plan terminar fin semana. @user - @user. después @user - @user,Plan perfecto para terminar el fin de semana. @user - @user. Después @user - @user,plan terminar fin semana Después,Plan perfecto par termin fin de semana. @user - @user. Despues @user - @user,Plan perfec para termin fin de semana. @user - @user. Despues @user - @user
@user ya ya pero aún así no me convenció,0,@user ya ya pero aún así no convencer,@user ya pero aún así no me convenció,ya pero aún así convencer,@user ya ya pero aún así no me convenció,@user ya per pero aún asi no me convenció
Vine a mi casa porque mis papás dicen que los tengo abandonados y me chantajearon con comida pero hoy iba para la playa en la noche,1,vine a mi casa porque mis papá decir que lo tener abandonado y chantajear con comida pero hoy ir para la playa en la noche, Vine casa mis papás dicen tengo abandonados y me chantajearon comida hoy iba playa noche,vine casa mis papá decir tener abandonado chantajear comida hoy ir playa noche,vine casa porque papás dicen tener abandonados chantaje con comida pero hoy ir para playa en noche,vine cas mi pap dicen ten abandon y me chantaj food hoy iba play noche
Hoy recibí una buena noticia y llevo saltando de la emoción como 30 minutos.,2,Hoy recibir una buena noticia y llevar saltar de la emoción como 30 minutos.,recibí buena noticia llevo saltando emoción minutos,Hoy recibir buena noticia saltar emoción minutos.,Hoy recibi una buena noticia y llevo saltando de la emocion como 30 minuto.,recib noticia llev minuto salt emocion
"Mar Negro q se haya caído un avión lleno de músicos, médicos q enviaron para alegrar a la gente en Siria me deja +segura q no existe dios",0,"mar negro que se haya caído un avión lleno de músico, médico que enviar para alegrar a la gente en siria me deja más segura que no existe dios",Mar Negro q avión lleno músicos médicos enviaron alegrar gente Siria deja +segura existe dios,negro caído avión lleno músico médico enviar alegrar gente siria deja segura existe dios,"Marq negr q se haya cayd un avl llen de musc, mdico q envd para alegr a la gent en Siri me dej +segur q no exist d",Marq negr avión llen músic médic enviaron alegrar gent Siria dej +segur exist dios
@user las etiquetas son necesarias. Lxs locxs molamos. Si no quieres etiquetas no molas  LOOOOCAAAA jajajajaj,1,@user las etiquetar son necesaria. lxs locx molar. si no quieras etiquetar no molas  LOOOOCAAAA jajajajaj,@user etiquetas necesarias Lxs locxs molamos Si quieres etiquetas molas LOOOOCAAAA jajajajaj,@user etiquetar necesaria lxs locx molar si quieras etiquetar molas LOOOOCAAAA jajajajaj,@user las etiq nec ess. lxs loc xs mol. si no quier etiqu no mol. looooo jajajajaj,@user etiquet necesari lxs locx molam si quier etiquet molas LOOOOCAA jajajaj
"¡Venga va! A ver si consigo la versión física, que vista en tienda parece magnífica  @user  #DinastíaDelDienteDeLeón",2,"¡venir! a ver si consigo la versión física, que vista en tienda parece magnífica @user #DinastíaDelDienteDeLeón",¡Venga va! si consigo la versión física parece magnífica @user #DinastíaDelDienteDeLeón,"¡venir! a ver si consigo la versión física, que vista en tienda parece magnífica","¡veng va! a ver si consigo la versi fiz, que vista en tiend parece magnfica  @user  #dinast del dent de leon",¡veng va! si consig vers física parec magnífic @user #dinastí del dient de león
¿por qué os empeñáis en que no soy española?,0,¿por qué os empeñáis en que no soy ser?,¿por qué empeñáis que soy española?,¿empeáis que soy ser?,¿por qué os empenáis en que no soy espanyola?,¿por qué empenís que soy espanyola?
"Amiguitos, yo siempre hablo/escribo de la misma forma, soy bastante cariñoso ... no te estoy gileando, ni quiero algo contigo, sí?",1,"Amigo, yo siempre hablo/escribo de la misma forma, soy bastante cariñoso... no te estoy gileando, ni quiero algo contigo, sí?",Amiguitos hablo escribo misma forma soy bastante cariñoso no te estoy gileando ni quiero algo contigo sí,Amigo hablo escribo misma forma soy cariñoso no te estoy gileando quiero algo contigo sí,"Amiguit, yo siempr habl/escr iba de la mism forma, soy bann cariños... no te est n gileand, ni quie algo conti, sí?",Amigo hablar escribir misma soy cariinho no estar gilear ni quer algo conti sí
"Me vengo dando cuenta que sí... el gordo navideño y yo siempre sí... regalo de santa, por despistada? marchamo y regalos pagados #gracias",2,Me venir dar cuenta que sí... el gordo navideño y yo siempre sí... regalar por despistada? marchar y regalar #gracias,vengo dado cuenta gordo navideño regalo santa despistada marchamo regalos gracias,Me venir dar cuenta que sí... regalar #gracias,"Me vengo dando cuenta que sí... gord navideño y yo siempre sí... regal de sant, por despitada? marchamo y regalos pag #gracias",vengo dado cuenta gord navideño regal santa despistada march regal gracias
Hay videos que no se envían porque no tengo espacio en el móvil así que lo siento,0,Hay video que no se enviar porque no tener espacio en el móvil así que lo siento.,videos envían espacio móvil siento,video enviar espacio móvil lamento,Hay vide espac móvild senvi argu,vídeo enviar espacio móvil sentir
"@user @user El tuit va acompañado de una foto que quiere decir lo contrario, SÍ es sarcasmo",1,"@user @user el tweet va acompaniar de una foto que quiere decir lo contrario, si es sarcasmo",El tuit va acompañado foto quiere decir contrario SÍ sarcasmó,tweet va foto quiere decir contrario sarcasmo,"@user @user el tu tweet va companiado de una foto que quiee dice lo contrario, SI es sarkasmo",El tuvi va accomp foto quiere decir contrario SÍ sarcamó
"@user ay tan lindo amigo!! Gracias. Espero que jueguen con rencor, porque se hacen imparables cuando están resentidos",2,"@user estar ser lindo amigo!! agradecimiento. esperar jugar con resentirse, porque hacer imparable cuando estar resentido.","ay lindo amigo!! Gracias. Espero que jueguen rencor, porque se hacen imparables cuando están resentidos",@user lindo amigo!! agradecimiento esperar jugar resentirse porque hacer imparable cuando resentido.,"@user a tan lind amigo!! gracia. espero que jueg con rencor, porque se hac imparables cuando estn resentid.","ay lind ami!! graci. espero que jueg renco, porque se hac imparabl cuando estan rensad."
Tan triste mi vida que me hablan en Snapchat solo para decirme que mis animales son lindos,0,Tan triste mi vida que me hablan en Snapchat solo para decirme que mis animal ser lindo.,Tan triste vida que me hablan Snapchat solo para decirme que animales son lindos,Tan triste vida que me hablan Snapchat solo para decirme que animal lindo.,Tan trist mi vid que me hablan en Snapchato solo para decirm que mis anim lind es,Tan trist vida que me hablan snapchat solo para decirme que animil son lind
"A recuperar la resistencia física, hola Viernes sangriento!!!",1,"A recuperar la resistencia fisica, hola viernes sangrante!!!",recuperar resistencia física Viernes sangriento,recuperar resistencia física viernes sangrante,"A recupera resistencia fisica, hola viernes sangriento!!!",recuper resistencia fis Viernes sangriento
@user siiiiii tío  el viernes te invito a una litro jurao,2,@user siii tío el viernes te invito a un litro juro,@user viernes te invito litro jurao,@user siii viernes invito litro juro,@user si tío viernes te invito a un litro juro,@user vierns invt litr jura
@user jajaja ya ves teneis algo encontra mia  espero que la proxima vez sea de vuestro equipo 😂,0,@user jaja ya ves tenéis algo encontra mía espero que la próxima vez sea de vuestro equipo 😂,@user ves tenes algo encontra mia espero que la proxima vez sea de vuestro equipo 😂,@user ya ves tenéis algo encontra mía espero que la próxima vez sea de vuestro equipo 😂,@user jajaja ya ves tenes algo encontra mia espero que la proxima vez sea de vuestr equipo 😂,@user ves tenes algo encont mia espero que la proxima vez sea de vuestro equi 😂
@user Y suuuuper diferente a sus trabajos anteriores! Tengo que comprarlo tho porque no esta disponible en apple music,1,@user y super diferente a sus trabajo anterior! tengo que comprarlo tho porque no está disponible en apple music,@user suuuuper diferente trabajos anteriores Tengo comprarlo tho disponible apple music,@user super diferente trabajo anterior tengo comprarlo tho disponible apple music,@user y suuuuper diferen a sus trabaja anter! tengo que comprarlo tho porque no esta disponib en apple music,@user super difrente trabajo anterior tengo comprar disponibl apple music
#DiaDelVideojuegoHC por todas esas grandes tardes que nos hacen pasar y las que pasaran!,2,#DiaDelVideojuegoHC por todas esas grandes tarde que nos hacen pasar y las que pasaran!,#DiaDelVideojuegoHC pasamos y pasaran!,#DiaDelVideojuegoHC por todas esas grandes tarde que nos hacen pasar y las que pasaran!,#DiaDelVideojuegoHC por todas esas grand tard que nos hagan pasar y las que pasaran!,#DiaDelJuegoHC pasamos y pasaran!
@user Ya no es por bonito o por feo sino porque es un animal con sentimientos tía es horrible,0,@user ya no es por bonito o por feo sino porque es un animal con sentimiento tía es horrible,Ya no es porque es un animal con sentimientos tía es horrible,@user ya es porque animal sentimiento tía horrible,@user ya no es por bonito o por feo sino porque es un animal con sentimient tía es horrible,Ya no es porque es un animal con sentimient tía es horribl
@user Feliz Año Bella! Las mejores vibras,1,@user Feliz Año Bella! Las mejores vibrar.,Feliz Año Bella! mejores vibras,Feliz Año Bella! Mejores vibrar.,@user feliz año bella! lasmejor vibr.stem,Feliz Año Bella! mejo vibr
@user esa vidilla universitaria que tiene lo hace muy especial y que bien se come cerquita de los canales  #SaltaconHolanda,2,esa vidilla tener lo hacer muy especial y que bien comer cerquísima de los canal #SaltaconHolanda,vidilla universitaria especial bien se come cerquita canales SaltaconHolanda,vidilla tener hacer especial comer cerquísima canal,@user esa vidilluniversitari que tiene lo hace muy especi y que bien se com cerqu de los canal #SaltaconHolanda,vidi universitari especial ben se com cerqu canal SaltaconHolanda
@user pero es muy trillado,0,@user pero ser muy trillado,@user muy trillado,ser trillado,@user pero es muy trillad,@user muy trillado
@user tenía pensado cuando me quitase este ponerme unos de kpop  a la siguiente contigo lindo,1,@user tenia pensado cuando me quitase este poneme unos de kpop a la siguiente contigo lindo,tenía pensado ponerme unos de kpop siguiente contigo lindo,@user pensado quitase poneme unos kpop siguiente contigo lindo,@user teni pensa quando me quitase este ponerte unos de kpop  a la siguiente contigo lindo,ten pensad ponm uns de kpop sugg cont lind
"Acabo de comprobar en Linkedin  si eras mi antiguo alumno, tengo un gran recuerdo @user  Te deseo lo mejor @user",2,"Acabo de comprobar en LinkedIn si eras mi antiguo alumno, tengo un gran recuerdo @user te deseo lo mejor @user",Acabo comprobar si antiguo alumno tengo gran recuerdo Te deseo lo mejor,Acabo de comprobar LinkedIn antiguo alumno gran recuerdo deseo lo mejor,"Acab recorr LinkedIn si er antiguo alumno, ten gran recuerdo @user Te dese lo mejor @user",Acabo comprobar si antiguo alumno tengo gran recuerd te dese lo mejor
Me he puesto nervioso por la función de mañana. Y si me da una laguna mental??? Mierda ahora no puedo dejar de pensar en eso,0,Me poner nervioso por la función de mañana. Y si me da una laguna mental??? Mierda ahora no puedo dejar de pensar en eso.,he puesto nervioso función mañana si me da una laguna mental Mierda ahora no puedo dejar pensar eso,ponerme nervioso función mañana Y si me da una laguna mental Mierda ahora no poder dejar pensar eso,Me he puesto nervioso por la funccion de mañaña. Y si me da una lag mental??? Mierda ahora no puedo dejar de pens en eso.,he pon nervios funci ma si me da una laggan mental mierda ahora no puedo dej piensa eso
@user @user Ufff... hay una discusión enorme sobre esto. La Clínica Mayo dejó de hacerlas por años por los resultados,1,@user @user Ufff... hay una discusión enorme sobre esto. La Clínica Mayo dejó de hacerlo por años por los resultados.,hay discusión enorme sobre esto Clínica Mayo dejó hacerlas años resultados,hay discusión enorme sobre esto Clínica Mayo dejó hacerlo años resultados,@user @user Uff... hay un discusión enorme sobre esto. Clínica Mayo dejó de hacerlas por años por resulta.,hay discusión enorme sobre esto clínica dejar hacer años resultado
"No se cuantas veces la abre escuchado, pero no me canso de hacerlo y es que suena tan bien juntos @user  http",2,"No sé cuántas veces la abre escuchado, pero no me canso de hacerlo y es que suena tan bien juntos @user",se abre escuchado pero me canso hacerlo suena bien juntos @user,"sé abre escuchado, me canso hacerlo, suena bien juntos @user","No se cuantas veces la abre escuchado, pero no me canso de hacerlo y es que suena tan bien juntos @user  http",se abre escuchar pero me canso hacer suena bien juntos @user
"@user hoy me he gastado 90 euros en LEGOs, así que los maletines van regular",0,"@user hoy me he gastado 90 euros en LEGO, así que los maletín van regular",hoy gastado euros LEGOs maletines van regular,"hoy me gastado euros LEGO, Así que maletín van regular","@user hoy me he gasto 90 euros en LEGO, así que los maletin van regular",hoy gastado euro lego maletin van regul
"@user llévame a tu casa, la otra vez blastoise y hoy dragonite",1,"@user lleva a tu casa, la otra vez blastoise y hoy dragonite",@user llévame casa blastoise hoy dragonite,"lleva casa, otra vez blastoise hoy dragonite","@user llévame a tu casa, la otr vez blasto la hoy dracón.",@user lleva casa blasti hoy draconte
@user retiro mi calificativo ofensivo hacia @user Su gesto de hoy me ha parecido valiente...  contamos con todos.,2,@user retiro mi calificación hacia @user Su gesto de hoy me ha parecido valiente... contamos con todos.,retiro calificativo hacia Su gesto hoy me ha parecido valiente contamos todos,@user gesto hoy me ha parecido valiente contamos todos,@user retir mi calificativo ofensivo hacia @user Su gest valiente... contamos con todos.,retir calificativ hacia su gest hoy me ha parec valenc contar todos
Hay algunos shojos de comedia romántica que me gustaría que se centraran un poco más en lo romántico,0,Hay shujo de comedia romántica que me gustaría que se centraran un poco más en lo romántico.,shojos gustaría centraran romántico,shujo comedia romántica gustaría centraran romántico,Hay shojos de comedi románt que me gustaría que se centran un poco más en lo románt.,shojos gustaría centrar romántic
Yo ya estoy con gripe y ni me he mojado,1,Yo ya estar mojar gripe y ni me he mojar,ya gripe mojado,ya gripe ni me he mojar,Yo ya esté con grip y ni me he mojado,ya gripe mojado
@user el pueblo crema está feliz con lo de Vento!,2,@user el pueblo estar feliz con lo de vento!,pueblo está feliz con lo de Vento!,@user pueblo feliz vento!,@user pueblo crema estar feliz con lo de vento!,pueblo estar feliz con lo de vento!
hoy ha sido ver a un perro muerto en el anden izdo. de la autopista huelva-sevilla y entrarme toda la impotencia del mundo,0,hoy haber ser ver a un perro muerto en el andén izdo. de la autopista huelva-sevilla y entrarme toda la impotencia del mundo,hoy sido ver perro muerto anden izdo. autopista huelva-sevilla entrarme toda impotencia mundo,hoy haber ser ver perro muerto andén izdo. autopista huelva-sevilla entrarme impotencia mundo,hoy ha sido ver a un perro muerto en el anden izdo. de la autopista huelva-sevilla y entrarme toda la impotencia del mundo,hoy ser ver per impot mundo
@user @user A mi Movistar me llama para preguntarme si estoy satisfecho con mi servicio y si hay algo que puede hacer por mi,1,@user @user A mí movistar me llama para preguntarme si estoy satisfecho con mi servicio y si hay algo que puede hacer por mí.,@user @user Movistar llama pregunta satisfecho servicio hay algo hacer,@user @user mí movistar llama pregunta satisfecho servicio algo hacer,@user @user a mí movistre me llama para preguntarme si estoy satisfecho con mi servici y si hay algo que puede hacerme,@user @user movil llamar pregunta satisfecho servicio hay algo hacer
"@user Buen artículo Carlos , se va Lucas pero tampoco hay que dramatizar , casi me haces llorar",2,"@user buen artículo carlos, ir se va lucas pero tampoco hay que dramatizar, casi me haces llorar",Buen artículo Carlos se va Lucas dramatizar casi me haces llorar,buen artículo carlos lucas pero tampoco hay dramatizar casi me haces llorar,"@user buén artícul carlos, se vá lucas pero tampoco hay que dramátic, cás me hás llór",Buen artícul Carlos se va Luc dramatizar casi me haces llor
"Vanessa ¿donde estas? te extraño mucho, ya va ser navidad y necesito verte",0,"Vanessa dónde estás? te extraño mucho, ya va ser navidad y necesito verte.",Vanessa ¿estas? extraño navidad necesito verte,dónde estás te extraño mucho ya va ser navidad necesito verte,"Vaness ¿dond ests? te extrano much, ya v ser advient y necessito vet",Vaness ¿ests? extr navidad necesito vern
"1 y 2 correctas. 3, ni una.   http",1,"1 y 2 correct. 3, ni una.",correct as ni una,correct correct ni una,"1 y 2 corrrect. 3, ni una.   http",correcto as ni una
Ustedes siempre han sido lo más bonito de mi año. Anita y Amaya,2,Usted serio haber ser lo mas bonito de mi año. Anita y Amaya,Ustedes sido bonito año Anita Amaya,U serio haber ser lo mas bonito mi año. Anita Amaya,Usted boni mí año. Anita y Amaya,Usted boni anita amay
"@user @user al menos ya va ir preso, el tuyo sigue feliz de la vida plagiando textos",0,"@user @user al menos ya va ir preso, el tuyo sigue feliz de la vida plagar texto",va ir preso tuyo sigue feliz plagiando textos,va ir preso tuyo sigue feliz vida plagar texto,"@user @user al menos ya va ir preso, el tuyo sigue feliz de la vida plagia texto",va ir pres tuyo seguir feliz plagiar texto
@user @user @user convenciendo a mi hija mayor para verlo,1,@user @user @user convencer mi hija mayor ver,convenciendo hija mayor verlo,convencer hija mayor ver,@user @user @user convenciendo a mi hija mayor para verlo,convenciendo hija mayor ver
@user Bonito rincón  ¡Qué ganas de ver la nueva web!,2,@user bonito rincón ¡qué ganas de ver la nueva web!,Bonito rincón ganá ver nueva web!,bonito rincón gan ver nueva web,@user bonit rincón  qué gan de ver la nuev web!,Bonit rincon gan ver nuev web!
@user yo no soy normal,0,yo no ser ser,@user soy normal,no ser,@user yo no soy normal,@user soy norma
"@user es que ya no era necesario llamar ,ya sabiamos lo que espera ,la proxima sera",1,"@user es que ya no era necesario llamar, ya sabiamos lo que espera, la proxima sera",@user ya necesario llamar sabiamos lo espera proxima sera,@user ya era necesario llamar sabiamos lo que espera proxima sera,"@user es que ya no era necesse llamar,ya sabiamos lo que espera,la proxima sera",@user ya necesari llamar sabiamos lo espera proxima sera
Que agusto se queda una después del Circuito termolúdico de  @user,2,Qué agradable se queda una después del circuito termolúdico de @user,agusto se queda después del Circuito termolúdico de  @user,se queda agradable después circuito termolúdico,Que augusto se queda una después del circuito therm ludico de  @user,agust se quede despu Circuito termolúdico de  @user
Tenía más de un año de no usar Premiere Pro y no era tan mala editando... ahora lo olvidé todo,0,Tenere mas de un año de no usar Premiere Pro y no era tan mala editando... ahora lo olvidar todo.,Tenía año usar Premiere Pro era mala editando ahora olvidé todo,Tenere año usar Premiere Pro era mala editando ahora olvidar todo.,Tení más de un an de no usá Premié Pro y no era tan mal editand... agora lo olvid todo.,Tenía an usar premi pro era mal edita ahora olvid todo
Cuando te enamoras de cada flaca que pasa. Chimbote era chevere pero no me quirro ir de trujillo.,1,Cuando te enamoras de cada flaca que pasa. Chimbote es chevere pero no me quiero ir de Trujillo.,te enamoras flaca chevere me quirro ir Trujillo,te enamoras flaca pasa Chimbote chevere Trujillo,Cuando te enamoras de cada flac que pasa. Chimbote era chever pero no me quir ir de trujill.,te enamorras flaca cheve me quiryo ir trujillo
"Pues ya es oficial, curro nuevo y mejor",2,"Pues ya es oficial, trabajar nuevo y mejor",ya oficial curro nuevo mejor,trabajar nuevo mejor,"pues ya es oficial, currOficial Nuevo Y Mejor",ya ofic和平发展之路，推动构建人类命运共同体。西班牙语国家和地区在这一进程中扮演着重要角色，为全球的和平与发展贡献智慧和力量。
Tengo dos orzuelos enquistados en el ojo izquierdo y me hacen la cara muy asimétrica. Me veo raro,0,Tener dos orzuelo enquistado en el ojo izquierdo y me hacer la cara muy asimétrica. Me ver raro.,orzuelos enquistados ojo izquierdo cara asimétrica veo raro,tenor cuenco asimétrica ver raro,Tengo dos orzuelos enquistado en el ojo izquierdo y me hacen la cara muy asimétrica. Me veo raro.,orzuel enquistado ojo izquierd cara asimetri veo raro
"@user lo de la comida le quita toda la parte negativa entonces, buenaso. Gracias!! Que te vaya super bien en tus finales",1,"@user la comida le quita toda la parte negativa entonces, bueno. gracias!! que te vaya super bien en tus finales",lo quita toda parte negativa entonces buenaso gracias Que te vaya super bien en tus finales,comida parte negativa entonces bueno gracias te vaya super bien finales,"@user comid quita toda par negat then, buenaso. gracias!! que te vaya super bien en tus finales",lo quit toda par negat then buen gracias que te vaya super bien en tus finales
"@user perfecto!  Nada mejor que incitar a lectura. Ya me contarás que tal, es mágico. De esos para ""niños"" que no son para niños",2,"@user perfecto!  nada mejor que incitar a leer. ya me contarás que tal, es mágico. de esos para niño que no son para niño.","@user perfecto! Nada mejor que incitar lectura. Ya me contarás tal, mágico. De esos para niños que no son para niños.","perfecto! nada mejor que incitar a leer. ya me contarás que tal, mágico. de esos para niño que no son para niño.","@user perfect! nada mejor que incitar lectura. ya me contrs que tal, es mgico. de esos para nes que no son para nes","@user perfect! nada mejor que incit lectur. ya me contará tal, mágic. de esos para níñ que no son para níñ."
@user Lo mejor son sus amiguitos defendiéndole diciéndome a mí que pase página cuando es él el que no me deja en paz,0,@user lo mejor son sus amigo defender decir pasar él el que no dejar en paz,Lo mejor sus amiguitos defendiéndole diciéndome mí que pase página cuando es él que me deja en paz,lo mejor sus amigo defender decir pasar él que no dejar paz,@user lo mejor son sus amigues defendié mié diciéme a mí que pasé pági cuando es él el que no dejé en paz,Lo mejor sus amig stem defend stem diciendomí que pas pagin cuando es él que me dej en paz
@user Ely todo bien? no se nada de ti u.u tengo número nuevo!,1,@user Ely todo bien? no sé nada de ti u.u tengo número nuevo!,Ely todo bien tengo número nuevo!,@user Ely todo bien? sé número nuevo!,@user ely todo bien? no se nada de ti u.u tengo numero nuevo!,ELY TODO BIEN TEN NUMBER NUEVO!
"Si necesitáis un hater profesional de lo que sea, podéis llamar a @user",2,"Si necesitar un hatre profesional de lo que sea, podéis llamar a @user.",necesitáis hater profesional lo podéis llamar @user,"Si necesitar hatre profesional de lo que sea, podéis llamar a @user.","Si necesitáis un hatr profesional de lo que sea, podéis llamar a @user",necesit professional lo podéis llamar @user
@user porque mi equipo G8 se calienta demasiado y la bateria se baja rápido,0,@user porque mi equipo calentar batería bajar,@user equipo G8 calienta demasiado bateria baja rápido,@user porque mi equipo calentar batería bajar,@user porque mi equi calentarse demasiado y la baterry bajar rápido,@user equipo calienta demasiado batería baja rápido
"@user Un chivi que hace videos y es más tocándose el cabello que video haciendo ""algo divertido o entretenido"".",1,@user un chivar que hacer videos y es más tocarse el cabello que hacer video algo divertido o entretenido.,@user chivi videos tocándose cabello algo divertido entretenido,@user chivar hacer videos más tocarse cabello hacer video divertido entretenido.,@user un chiv tocarse el cabello que chiv hacer algo divertido o entretenido.,@user chiví video tocand cabello algo divertid entretenid
"@user te tienes que hacer amiga de peluqueros que no estén locos y fuera, tienes don de gentes coñe",2,"@user te tienes que hacer amiga de peluquero que no esté loco y fuera, tienes don de gente coñe",te hacer amiga peluqueros estén locos fuera tienes don gentes coñe,te tienes hacer amiga peluquero esté loco fuera tienes don gente,"@user te tienes que hacer amiga de peluqiero que no estén loco y fuera, tienes don de gente coñe",te hac amig peluq estn locs fuer ten don gent coñ
"No entiendo, hasta hace unos días te hablaba lindo, fresh y de la naaada cambian, y tú no hiciste nada #Kheeeeeeeeeé #SacandoConclusiones",0,"No entiendo, hasta hace unos días te hablaba lindo, fresco y de la nada cambian, y tú no hiciste nada #Kheeeeeeeeeé #SacandoConclusiones",entendido hablaba lindo fresh naaada cambián hiciste,"entendido, días hablaba, lindo, fresco, nada, cambi, hiciste","No entiend, hasta hac uns dıás te habl ab Lind, frsh y de l nadd cambi, y t no hic n´nd #Khée #SacndoConclusnns",entend lind fres chang hiz
@user vamos a juntos en concierto?,1,@user vamos a juntar en concierto?,vamos juntos concierto,vamos juntar concerto?,@user vamos a juntos en concierto?,vamos juntos concierto
#FelizMiercoles porque hoy pase lo que pase va ha ser un buen día,2,#FelizMiercoles porque hoy pas lo que pase va a ser un buen día,#FelizMiercoles porque hoy pase lo que pase va ser un buen día,FelizMiercoles pas pase ser buen día,#FelizMiercoles porque hoy pas lo que pas va ha ser un buen dí,#FelizMiercoles porque hoy pas lo que pas va ser un buen día
"Como dijo @user, ""hay que ignorar a los trolls"", después de años usé de nuevo el block, el más pesado y bobo que conocí",0,"Como decir user, ""haber deber ignorar a los troll"", después de años usar de nuevo el bloquear, el más pesado y bobo que conocer.",dijo user ignorar trolls después años usé nuevo block pesado bobo conocí,decir usar años volver conocer,"Como dij@, ""hay c@ ignorar a l@s trols"", después d años usé d nuevo el bloc, el m@ pesado y b@ que conoci.",dijo user ignorar troll después año usar nuevo bloque bobo conocer
"@user oh no te la debo negrito, lo lamento, prometo ir al próximo kaos ir desde las 8 pm y guardarte cola",1,"@user oh no te lo debo negrito, lo lamento, prometo ir al próximo kaos ir desde las 8 pm y guardarte cola",te debo negrito lamento prometo ir próximo kaos desde pm guardarte cola,te lo debo negrito lamento prometo ir próximo kaos ir desde guardarte cola,"@user oh no te la deb negrito, lo lamenta, promet ir al prximo kaos ir des de las 8 pm y guard cola",debo negr lamento promet ir kaos desde pm guard col
"@user @user clado que sí. En serio, gracias por todo lo que nos has enseñado",2,"@user @user creo que sí. En serio, gracias por todo lo que nos has enseñado.",clado sí En serio gracias nos has enseñado,creo sí En serio gracias nos enseñado,"@user @user clot que sí. en serio, gracas por todo lo que nos has enseñado",clon sí en serio gracia nos has enseñar
Me está entrando una depresión ahora mismo... ¿Para cuando la máquina del tiempo? Que me lleve de nuevo al 29 de junio joder,0,Me está entrando una depresión ahora mismo... ¿Para cuando la máquina del tiempo? Que me lleve de nuevo al 29 de junio joder.,está entrando depresión ahora mismo máquina tiempo lleve nuevamente,está entrando depresión ahora mismo máquina tiempo lleve nuevo,Me est entr un depresin ahor m... qu me lleve dnv al 29 de jun joder,está entrar depresión ahora mismo máquina tiempo llevar nuevamente
@user i lleva mucho sin actualizar? ahora sucede que me enamoro del fic y lo dejan abandonado,1,@user lleva mucho sin actualizar? ahora me enamoro del fic y lo dejan abandonado.,lleva actualizando enamoro fic abandonado,lleva actualizar ahora enamoro fic dejen,@user llev much sin actual?? ahora suced que me enamoro del fic y lo dejan abandonado,"lleva actual, enamor, fic abandon"
@user @user @user Ay yo no he visto la nueva temporada! Buena sugerencia,2,@user @user @user ay yo no he visto la nueva temporada! buena sugerencia,Ay no he visto la nueva temporada! Buena sugerencia,ay nueva temporada! buena sugerencia,@user @user @user ay yo no he visto la nueva tempora! buen sugerencia,No he visto la nueva tempora! Buena sugerencia.
@user Junto montas el unico dia que me llaman para tomar algo,0,@user junta monte el único día que me llaman para tomar algo,Junto montas unico dia me llaman tomar algo,junta monte día llaman tomo algo,@user jun mont unico dia que me llama para tomar algo,Junto mont unico dia me llaman tomar algo
Mis lunes no volverán a ser iguales @user,1,Mis lunes no volverán a ser igual ser,Mis lunes volverán diferentes,Mis lunes volverán a ser diferente,Mis lun no volv r a ser id o @user,Mis lun volverán difrentes
"@user el canal de ""Global Talents"" suele ser rápido en subir actuaciones, valoraciones, previos, y resultados...",2,"@user el canal de ""Global Talents"" suele ser rápido en subir actuación, valoración, previo, y resultado...",@user canal Global Talents suele rápido subir actuaciones valoraciones previos resultados,@user canal Global Talents suele ser rápido subir actuación valoración previo resultado,@user canal global talents suele ser rapido subi actuacion valoracion previo resultado,@user can glob talent sue rápid sub actu valora previo result
"@user En vez de perseguir a corruptos y defraudadores, pretenden encarcelar a quienes cuestionan al poder con unos cuentos tuits",0,"@user En vez de perseguir a corruptos y defraudadores, pretenden encarcelar a quienes cuestionan al poder con un cuento tuit.",@user En vez perseguir corruptos defraudadores pretenden encarcelar quienes cuestionan poder cuertos tuits,@user En vez perseguir corruptos defraudadores pretenden encarcelar quienes cuestionan poder cuento tuit,"@user en vez de perseguir a corruptos y defraudadores, pretenden encarcelar a quienes cuestionan al poder con unos cuantos tuits",@user en vez perseguir corrupt defraud pretenden encarcelar quien cuestionar poder cortu tuit
"@user no te preocupes ^^ como dije...ELF puede hacer lo que quiera, a mi solo me importa SJ",1,"@user no te preocupes ^^ como dije...elf puede hacer lo que quiera, a mi solo me importa sj",@user te preocupes ^^ dije ELF puede hacer lo que quiera mi solo importa SJ,te^^dije puede hacer lo quiere miSolo进口机器人无法正确处理中文，请提问时请使用英文或提供更多的上下文信息以获得更好的帮助。,"@user no te preocupes ^^ como dije...elf puede hace lo quiera, a mi solo me importa sj",@user te preocupa dije elf puede hacer lo que importa sj
@user Y son más de las 5 de la mañana! Y encima mañana vuelve a ser día de grabación.. todo sea por dejar todo preparado,2,@user y ser más de las 5 de la mañana! y encima mañana vuelve a ser día de grabación.. todo sea por dejar todo preparado.,@user son más 5 de la mañana! encima mañana vuelve día grabación.. todo sea dejar todo preparado,ser más 5 mañana encima mañana vuelve día grabación dejar todo preparado,@user y son más de las 5 de la mañan! y encíp mañan vuelve a ser día de grab.. todo sea por dejar todo preparad.,@user son máis 5 de la mañá! encíma mañá vuelv día grabáon.. todo séa dej todo preparad
"@user La burguesía venezolana, los más ricos, animando a la población a colapsar Venezuela con la ""Toma de Caracas""  Triste.",0,"@user burguesía venezolana, más rico, animando a población a colapsar venezuela con la toma de caracas triste.",@user burguesía venezolana más ricos animando población colapsar Venezuela Toma Caracas Triste.,"@user burguesía venezolana, rico, animando población colapsar venezuela toma caracas triste.",@user burguesía venezolana ricos animando población colapsar venezuela toma caracas triste.,@user burguesia venezolana mas rico animando poblacion colapsar venezuela toma caracas triste.
"@user @user @user invitadísimo a hacer las cosas diferente, hay que involucrarse y dar espacios a la mejor gente.",1,"@user @user @user invitado hacer cosas diferente, hay que involucrarse y dar espacio a la mejor gente.",invitadísimo hacer cosas diferente hay involucrarse dar espacios mejor gente,invitado hacer cosas diferente hay involucrarse dar espacio mejor gente,"@user @user @user invitadísimo a hacer las cos diferente, hay que involucrarse y dar espacios a la mejo gente.",invitar hacer cosa dife involucrarse dar espacio mejor gente
@user Te puedes creer que te iba a poner lo mismo  Te quiero mi Nini,2,@user te puedes creer que te iba a poner lo mismo te quiero mi nini,Te creerías que te iba a poner lo mismo Te quiero mi Nini,te creer te iba poner lo mismo te quiero mi nini,@user te puedes creer que te iba a poner lo mismo  te quier mi nini,Te creer  te  iba  a  poner  lo  m  Te  quier  mi  n  ni
"No sé si los maltrataban de verdad pero me dio penita ver eso No me gusto eso, no son objetos para que los traten así. Me indigna tanto",0,"No se si los maltrata de verdad pero me dio pena ver eso no me gusto eso, no son objeto para que los traten así. Me indigna tanto.",sé maltrataban penita gusto objetos traten,si maltrata me dio me gusto son objeto indigna,"No se si los maltrata de verdad pero me dio peni ver eso No me gusto eso, no son objetos para que los traten as. Me indigne tanto.",sé maltrat penit gust obje traten
"@user @user @user el tiempo promedio para ejercitarse, es de 1hr. Si quieres más tiempo, la alimentación también cambia",1,"@user @user @user el tiempo promedio para ejercitarse, es de 1hr. si quieres más tiempo, la alimentación también cambia","tiempo promedio ejercitarse, hr. Si quieres más tiempo, alimentación cambia",tiempo promedio ejercitarse hr quieres más tiempo alimentación cambia,"@user @user @user el tiemp promedio para ejercitarse, es de 1hr. si quier mays tiemp, la aliment tambien cambia","tiempos promedios ejercitarse, h. si quieres mas tiempos, alimentacion cambia"
En fin @user espero que recibas este tuit en otra realidad alternativa donde sigues viva porque ahí no se acaba tu camino  ¡suerte!,2,En fin espero que recibas este tuit en otra realidad alternativa donde sigues vivir porque ahí no se acaba tu camino  ¡suerte!,@user espero que recibas este tuit en otra realidad alternativa donde sigues viva porque ahí suerte!,En fin espero que recib este tuit en otra realidad alternativa donde sigues vivir porque ahí su camino ¡suerte!,En fin @user espero que recibs este tuit en otra realidad alternativa donde sigues viv porque ahí no se acaba tu camino  ¡suerte!,@user espero que recibas este tuit en otra realidade alternativa donde sigues viva porque ahí suerte!
"Suerte nivel, llame a la pizzeria para pasar por una pizza y llueve cuando deje mis sombrilla perdidas",0,"Suerte nivel, llamar a la pizzería para pasar por una pizza y llover cuando dejar mis sombra perder.",nivel llame pizzeria pasar pizza llueve dejé sombrilla pérdidas,nivel llamar pizzería pasar pizza dejar sombra perder,"Suerte nive, llamar a la pizzeria para pasar por una pizza y llueve cuando deje mis sombrilla perdidas",nivel llamar pizzería pasar pizza llover dejar sombra perder
¿voy o no voy a cœur de pirate en madrid? es como a la semana siguiente de volver de milán/burdeos,1,"voy, no voy, corazón, pirata, Madrid, es, semana, siguiente, volver, Milán, Burdeos",voy cœur de pirate madrid semana siguiente volver milán burdeos,"voy, no voy, corazón, pirata, Madrid, semana, siguiente, volver, Milán, Burdeos",voy corazón pirata madri es como semana siguiente volver milán burdeos,voy cor de pirata madr semana sig volver mil burdeos
"Gracias a toda la gente que dio RT a mi mensaje de buscar clan. He conseguido ser suplente adc en DragonsZGaminG,con ganas",2,"Gracias a toda la gente que dio rt a mi mensaje de buscar clan. He conseguido ser suplente ad en dragonszingaming, con ganas.",Gracias gente dado mensaje buscar clan conseguido suplente adc DragonsZGaminG con ganas,Gracias gente dio rt mensaje buscar clan conseguido suplente ad dragonszingaming gan.,"Gracias a toda la gent dar RT a mi mensaj buscar clan. He conseguido ser suplent adc en DragonsZGaminG, con gan dar.",Gracias gente dado mensaj buscar clan conseguido suplente adc DragonsZGaminG con ganas
@user Es muy duro para un niño verse forzado a ser parte de esos procesos,0,@user ser muy duro para un niño verse forzado a ser parte de esos procesos,@user duro niño visto forzado parte procesos,@user muy duro niño verse forzado parte procesos,@user es muy durr para un ni se ver forz d par de eses processos,@duro niño visto forzado parte proceso
"@user gracias por etiquetarme, pero no suelo hacer estas cosas",1,"@user gracias por etiquetarme, pero no suelo hacer estas cosas","gracias etiquetarme, suelo hacer cosas","gracias etiquetarme, suelo hacer cosas","@user graci etiquetarma, pero no sue suel haz estas cos","gracias etiquetar, suelo hacer cosa"
#feliz septiembre..es bonito retarse..es increible lo mucho que puedes aprender.. medirse con el obstáculo..eres la joyita de la corona,2,#feliz septiembre..es bonito retarse..es increible lo mucho que puedes aprender.. medirse con el obstáculo..eres la joya de la corona.,#feliz septiembre..retarse..es increible aprender..medirse con el obstáculo..eres la joyita de la corona,#feliz septiembre..retarse..increible aprender..mecerse obstáculo..joya corona.,#feliz septiembre..es boniti reta..es increibi lo mucho que puebes aprendi.. medir con el obstacul..eres la joia de la coron,#feliz septiembre..retar..es increible aprender..medirse con el obstaculo..eres la joyita de la corona
"@user s que habrá terceras elecciones, no que no las habrá... está difícil la predicción",0,"@user decir que haber tercera elección, no que no las haber... estar difícil la predicción",habrá elecciones está difícil predicción,decir tercera elección estar difícil predicción,"@user que habrá tercer elecció, no que no las habrá... está difícil la predicción",habr elecc dificil predic
"@user No te preocupes, pero como hay tanta mala baba en Twitter pensaba que había sido por eso",1,"@user no te preocupes, pero como hay tanta mala baba en twitter pensaba que había sido por eso","te preocupes, hay tanta mala baba en Twitter pensaba que había sido por eso","te preocupes, pensaba que había sido","@user no te preocupe, pero como hay tan mal bab en twitte pensaba que habi sido por eso","te preocupa, hay tanta mal bab en Twitt pensaba que había sido por eso"
"No, solo quiero bailarte la medusa loca en privado  @user",2,"No, solo quiero bailar la medusa loca en privado @user",quiero bailarte medusa loca private,quiero bailar medusa loca privado,"No, solo quiero bailar la medusa loca en privado  @user",quier bail medus loc priv
"No sé porqué pero ya no me cae para nada, es más me da asquito y antes éramos amigas, aunque creo que ni eso consideraba ella",0,"No saber porqué pero ya no me caer para nada, es más me dar asquito y antes ser amiga, aunque creo que ni eso considerar ella","sé, pero, ya, me, cae, para, nada, más, me, da, asquito, antes, éramos, amigas, aunque, creo, que, ni, eso, consideraba, ella",saber caer dar asquito consider,"No sé porqué pero ya no me cae para nada, es más me da asquito y anter éramos amig, aunque crey que ni eso consideral ella","saber, pero, ya, yo, caer, para, nada, más, yo, dar, asco, antes, ser, amiga, aunque, creer, que, ni, eso, considerar, ella"
@user me regalaron la mediana,1,@user me regalaron la medianा,regalaron mediana,regalaron medianña,@user me regale la mediana,regalar median
Ahora que soy @user todo es más bonito.,2,Ahora que ser todo es más bonito.,Ahora soy @user todo es más bonito.,Ahora que todo es más bonito.,Ahora que soy usu todo es mas bonito.,Ahora soy @user todo es mas bonito.
@user en donde vivo no hay alternativas válidas aún… No creas q no lo miré  @user  @user,0,@user en donde vivo no hay alternativa válida aún… no cre creer q no lo miré @user @user,@user en donde vivo hay alternativas válidas aún… cre q lo miré  @user  @user,en donde vivo hay alternativa válida aún… creer q no lo miré,@user en don vive no hay alternativa valida aun... no cre q no lo miré  @user  @user,@user en don vive hay alternativa vali aun... cre q lo mir vé @user  @user
"@user de sobra, si solo somos 3  dime tu ID y ya te agrego",1,"@user de sobra, si solo somos 3 dime tu id y ya te agrego",@user sobra si solo somos 3 dime tu ID ya te agrego,@user sobra si solo somos 3 dime tu id ya te agrego,@user de sobr dime tu ID y ya te agrega,@user sobr si som 3 dime tu ID ya te agg
@user mi objetivo es seguir aprendiendo. Por dicha uno nunca para de aprender. Por ahí espero seguir asombrándome,2,@user mi objetivo es seguir aprendiendo. Por dicha uno nunca para de aprender. Por ahí espero seguir asombrándome.,objetivo seguir aprendiendo dicha uno nunca para aprender espero seguir asombrándome,objetivo seguir aprendiendo dicha nunca para aprender espero seguir asombrándome,@user mi objet es seguir aprendi. Por dich una nunca para de aprende. Por ah esper seguir asombrand.,objetivo seguir aprendiendo dicho uno nunca para aprender espero seguir asombrando
@user yo me las puse y acto seguido me las quite por que no era capaz de desbloquear el móvil ajjajajja,0,@user yo me las puse y acto seguido me las quite porque no era capaz de desbloquear el móvil ajjajajja,me las puse acto seguido me las quite no era capaz desbloquear el móvil ajjajajja,me las puse acto seguido me las quite no era capaz desbloquear el móvil ajjajajja,@user yo me las puse y acto seguid me las quite por que no era capaz de desbloque el movil ajjajajja,me las puse acto seguido me las quite no era capaz desbloquear el movil ajjajajja
Vamos Ame vamos....bahhh.....q mas da.....conence el año cansada..... quiero solo dormir hoy....,1,vamos amar vamos....bahhh.....qué más da.....conozca el año cansada.....quiero solo dormir hoy....,Vamos Ame vamos cansada quiero dormir hoy,vamos amar vamos quiero dormir hoy,vamos ame vamos cansada quiero dormir hoy,Vamos cansa quiero dormi hoy
@user Muchas gracias atrasadas!! Esto del Twitter hacia que no lo miraba.... Un abrazoteee!!,2,@user muchas gracias atrasado!! esto del twitter hacia que no lo miraba.... un abrazote!!,@user gracias atrasadas!! Esto Twitter hacia que no lo miraba.... abrazoteee!!,gracias atrasado esto twitter hacia que no lo miraba un abrazote,@user mucha gracia atrasad!! esto del twitt hacia que no lo mirad.... un abrazot!!,@user gracas atrasad!! esto twittir haca que no lo miraba.... abrazot!!
@user dejas al novio y a los dos días ya estas con otro.  Y yo soltero desde el 96. La vida es demasiado injusta conmigo,0,@user dejar al novio y a los dos día ya estar con otro. Y yo solteros desde el 96. La vida ser demasiado injusta conmigo.,@user das al novio y dos días ya estás con otro. Yo soltero desde el 96. La vida es demasiado injusta conmigo,dejar novio día estar otro yo solteros 96 vida demasiado injusta conmigo.,@user dej al nov y y ests con ot. y yo sld desde 96. la vid es tm too injusta conm.,@user dar novi y dos día ya estás con ot. yo solter desde el 96. vida es too injusta conmí.
"voy a salir a comprar mayolicas y acabados a habich, veamos q sucede en el camino, la gente buena celulares prendidos porfavor, 3, 2 ,1",1,"voy salir comprar maiolica y acabado a habich, veamos q suceder en el camino, la gente buena celular prendido porfavor, 3, 2, 1","salir comprar mayolicas acabados habich, veamos camino, gente celular prendido",salir comprar maiolica acabado habich veamos suceder camino gente celular prendido,"voy salir comprar mayolica y acabado habich, veamos q suceder camino, gente buena celular prendido favor, 3, 2, 1","salir comprar mayolic acabado habich, veamos camino, gente celular prendi"
@user Muchísimas gracias por difundir  ¡Un abrazo!,2,@user muchas gracias por difundir un abrazo.,gracias difundir Un abrazo,gracias difundir abrazo.,@user muchisima graciia por difundir un abrazo,gracias difundir abrazo
"He visto un Allen Walker en la Expo que uff, menudo cosplay, yo iba de Lena pero sin peluca, quería una puta foto",0,"He ver un Allen Walker en la Expo que uff, vedado cosplay, yo iba de Lena pero sin peluca, quería una puta foto",visto Allen Walker Expo uff cosplay iba Lena sin peluca quería puta foto,ver Allen Walker Expo uff cosplay iba Lena sin peluca quería foto,"He visto un Alln Walker en la Exp que uff, ndo cos, yo iba de Lena pero sin peluq, quería una put fot.",visto All cosplayer iba Len sin peluquer quería fot
"Ya no puedo la broma de ""estoy embarazada"" por el día de los inocentes.",1,Ya no puedo la broma de estar embarazada por el día de los inocentes.,Ya no puedo la broma de estar embarazada por el día de los inocentes.,Ya no puedo broma estar embarazada día de los inocentes.,"Ya no puedo la broma de ""estoy embaraz"" por el d de los infenes.",Ya no pueb broma de esté embarez por el dí de los inocentes.
Que guay que @user sea nuevo concursante de @user seguro que lo hace genial....Me encanta!!!,2,Qué guay que @user ser nuevo concursante de @user seguro que lo hace genial....me encanto!!!,Que guay @user seguro hace genial Me encanta,guay user nuevo concursante user seguro que hace genial me encanto,Que guay que @user sea nuevo concurs conc seguro que lo hace genial....Me encant!!!,Que guay @user segur hacer genial me encant
"@user impresionante lo que hizo Alejandra por Dios que feo que se hagan de rogar pa competir, falta de humildad. Vamos rojo.....",0,@user impresionante lo que hizo Alejandra por Dios qué feo que se hagan de rogar para competir falta de humildad vamos rojo.....,@user impresionante hizo Alejandra Dios feo hagan rogar competir falta humildad Vamos rojo,@user impresionante hecho Alejandra Dios feo hagan rogar competir humildad vamos rojo,@user impresion fe hizo Alejand por D que fe ro hagan de rogar pa competi falta de humild. Vamos rojo.....,@user impresion impres Alejandr Dios fe hagan rog compet humildad Vamos roj
"@user @user De nuevo, encantado. Y a mi tampoco me gustan esos titulares tendenciosos. Pero tampoco los opuestos  Saludos.",1,"@user @user de nuevo, encantado. y a mí tampoco me gustan esos titular tendencioso. pero tampoco los opuesto  saludo.",De nuevo encantado Y tampoco me gustan titulares tendenciosos Pero saludos,@user @user de nuevo encantado y a mí tamp gustan titular tendencioso pero tampoco opuestos saludo,"@user @user de nuev, encantad. y a mi tampoc me gust nes titul tendencios. pero tampoc los opus saludos.",De nuev encantad y tampoc me gust titul tendencios Pero saludos
Es increíble que ahora entro a wpp solo para el trabajo,2,Es increíble que ahora entre a wpp solo para el trabajo,increible ahora entra wpp solo trabajo, Increíble ahora wpp solo trabajo,Es increíbl que ahora entre a wp solo para el trabajo,increibl ahora entr wpp solo trabaj
Era mas el ambiente chungo,0, Era el ambiente malo,mas ambiente chungo,Era ambiente malo,Era mas el ambiente chungo,más ambiente chungo
"Empieza la semana con la ilusión de saber que va a ser mágica, llena de momentos felices, sonrisas, miradas y mucho amor. Que así sea",1,"Empieza semana con ilusión de saber que va ser mágica, llena de momento feliz, sonrisa, mirada y mucho amor. Que así sea.",empieza semana ilusión saber va ser mágica llena momentos felices sonrisas miradas mucho amor Así sea,"semana ilusión saber va mágica, llena momento feliz, sonrisa, mirada mucho amor. Así sea.","Empieza semana con ilusión de saber que va ser mágica, llena de momento feliz, sonrisa, mirada y mucho amor. Que así sea.",empieza semana ilusión saber va ser magica llena momento feliz sonri mirada mucho amor asi sea
"Por fin río, caray. Después de lo de ayer, pensé que me iba a deprimir, pero hoy estoy feliz",2,"Por fin fluir, caray. Después de lo de ayer, pensé que me iba a depresionar, pero hoy estoy felicitar.",fin río después ayer pensé me iba a deprimir hoy feliz,"fluir, caray. Después depresionar, pensé iba depresionar, pero hoy felicitar.","Por fin fluí, caray. Despues de lo de ayer, pensé que me iba a deprimir, pero hoy estoy feliz",fin ri después ayer pens iba a depres hoy felic
@user Creí que era el Almost Blue de Chet Baker. Qué luzfloridecepción contigo,0,@user creer era almost blue estar chet baker qué luzfloridecepción con,Creí que Almost Blue Chet Baker Qué luzfloridecepción contigo,@user creer blue luz floridecepción,@user creí que era el alomostazul de chet baker. qué luzfloridecepción contigo,Creí que Almblue Chet Baker Qué luzflor concep contigo
"@user por curiosidad intenté en 5 bancos distintos y en todos declinado, pero mi reporte está en verde y mi score también",1,"@user por curiosidad intenté en banco distinto y en todo declinar, pero mi reporte está en verde y mi score también",intenté declinado reporte verde score,intenté banco distinto declinar reporte verde score,"@user por curiosid probarcuriosi declinad, pero m report est en ver m scor tambi tambi",intento declinar reporte verde score
"@user si, muy hermoso, y eso que no me conociste a mi",2,"@user sí, muy hermoso, y eso que no me conociste a mí",si muy hermoso eso que me conociste mi,sí muy hermoso eso que me conociste a mí,"@user si, muy hermoso, y eso que no te conociste a mi",si muy hermoso eso que conociste mi
hoy es mi último día de vacaciones y lo más emocionante de mi día ha sido hacer el puzzle de sunggyu,0,hoy ser mi último día de vacación y lo más emocionante de mi día ha sido hacer el puzzle de sunggyu,mi último día vacaciones emocionante día ha sido hacer puzzle sunggyu,hoy último día vacación emocionante día ha sido hacer puzzle sunggyu,hoy es mi últim día de vaci y lo má emocionant de mi día ha sido hacer el puzzl de sunggyu,mi últim día vaci emocionant día ha sido hacer puzzl sunggyu
"@user ¡Enhorabuena! Has ganado el KIT, escríbenos por mensaje privado para decirte cómo te vamos a mandar el premio",1,"@user ¡enhorabuena! has ganado el kit, escribe nos por mensaje privado para decirnos cómo te vamos a mandar el premio.","¡Enhorabuena! Has ganado KIT, escríbenos mensaje privado para decir cómo vamos mandar premio","¡enhorabuena! has ganado el kit, escribe nos por mensaje privado para decirnos cómo vamos a mandarte el premio.","@user ¡enhorabuena! has ganad kithasa, escribmanos por messaj privat para dijmen cómo te vamos a mandar el premiio","¡enhorabuena! has ganado kit, escribe mensaje privado para decir cómo vamos mandar premio"
"Ensalada de Salmón, una de las ricas propuestas en el menú de hoy   #MenuDiario #RestauranteCasinoLasPalmas http",2,"Ensalada de Salmon, una de las ricas propuestas en el menu de hoy  #MenuDiario #RestauranteCasinoLasPalmas",Ensalada Salmón ricas propuestas en menú hoy MenuDiario RestauranteCasinoLasPalmas,"Salmon, las ricas propuestas en el menu de hoy",Ensalad salmón una de las ric propuesta en el menú de hoy #MenuDiario #RestauranteCasinoLasPalmas http,Ensalad Salmon propuest ricas menud hoy Menudiario RestaurantCasinLasPalmas
ojalá justin subiendo una foto comiéndose la boca con sofía para que os den por culo a todas,0,ojalá justin subir foto comer boca sofía para que den cula a todas,ojalá justin foto comiéndose boca sofía den culo,ojalá justin subir foto comer boca sofía den cula,ojalá justin subiindo una fot comiéndose la boca con sofí para que os den por culo a todas,ojalá justin foto comiénd boca sofía den cul
"@user eso dice mucho de él... así que nada, tómate tu tiempo que cuando estés preparado, todo llegará",1,"eso decir mucho de él... así que nada, toma tú tiempo que cuando estés preparado, todo llegar",dice mucho preparado todo llegará,decir mucho él así nada toma tiempo que cuando preparado todo llegar,"@user eso dicen mucho de él... así que nada, toma tú tiempo que cuando estés preparado, todo llegará",dice mucho prepar todo llegará
"Aii,y que se me pasa felicitar a @user y no puede ser!! Muchaass felicidades Mara,espero que hayas pasado un día muy bonito",2,"Ai,y se me pasa felicitar a @user y no puede ser!! Muchas felicidad Mara,espero que haya pasado un d a muy bonito.","Aii, felicitar @user puede!! felicidades Mara, espero que hay pasado día bonito",se me pasa felicitar user puede pasar felicidad Mara espero que haya pasado d muy bonito,"aii,y que se me pasa felicitar a @user y no pode ser!! muchass felicidad mara,espero que hay pasa un dìa muy bonito","Aii, felicitar @user puede!! felicidades Mara, espero que hay pasado día bonito"
Ayer me dieron una botella y le pegue un trago pensando que era yin o Fresca gracias marifer,0,Ayer me dieron una botella y le pegué un trago pensando que era yin o fresca gracias marifer,Ayer botella pegue trago pensando era Yin Fresca gracias Marifer,Ayer botella pegué trago pensando era fresque gracias marifer,Ayé mé dié né una botell y le pege un trag pensand que era yin o Fresc grácias marif,Ayерa ботеlla пегue траго пентансо эра Yin Фresca格racias Marifer
Desde mañana me dedicaré a estudiar y dejaré mis sentimientos amorosos por otro lado,1,Desde mañana me dedicaré a estudiar y dejaré mis sentimiento amoroso por otro lado,Desde mañana dedicaré estudiar dejaré sentimientos amorosos otro lado,Desde mañana me dedicaré estudiar dejaré sentimiento amoroso,Desde mañan me dedicaré a estudiar y dejaré mis sentimient amoros por otro lado,Desde mañan dedicar estudiar dejar sentimiento amoroso otro lado
"@user ¡Enhorabuena! Eres el ganador del sorteo, escríbenos un mensaje privado para darte el premio",2,"@user ¡enhorabuena! eres el ganador del sorteo, escribe un mensaje privado para dar el premio",¡Enhorabuena! ganador sorteo escríbenos mensaje privado dale premio,¡enhorabuena! ganador sorteo escribe mensaje privado dar premio,"@user ¡enhorabuena! es el ganador del sorte, escrib privad para dar el premi.",¡enhorabuena! ganad sorteo escríbem mensaje privad dal premio
@user pero el caso es que en Humanidades hay latín y griego y yo en mi vida he dado latin y griego así que me iria fatal en ellas,0,@user pero el caso es que en humanidad hay latín y griego y yo en mi vida he dado latín y griego así que me iría mal en ellas,@user caso Humanidades latín griego vida latin griego iría,@user caso humanidad hay latín griego vida dado iría mal ellas,@user pero el caso es que en humanidad hay latín y griego y yo en mi vida he dado latín y griego así que me iría fatal en ellas,@user caso human latín griego vida latín griego iría
11:11 que no me encuentre mal,1,que no me encuentre mal,me encuentre mal,me encuentre mal,11:11 que no me encuentre mal,me encuentre mal
"Fue un bonito fin de semana cumpleañero : amigos, familia, torta, comida rica, juegos de mesa y muchas risas. Me siento bendecido y feliz",2,"Fue un bonito fin de semana cumpleaños : amigo, familia, torta, comida, juego y mucha risa. Me siento bendecido y feliz.",un bonito fin semana cumpleañero amigos familia torta comida rica juegos mesa muchas risas me siento bendecido feliz,un bonito fin semana cumpleaños amigo familia torta comida juego mucha risa me siento bendecido feliz,"Fue un bonit fin de semana cumpleañer : amig, famil, tort, comid rica, juez de mesa y much ris. Me siento bendecid y felic.",un boni fin semestre cumpleannero amist famili torta comida rica juego mesa muchas risa me siento bendecid felic
"@user ehhhhhhh ese no he sido yo, y lo digo muy en serio  hasta los cojones de que me roben mi puto identidad.",0,"@user ehhhhhhh ese no he sido yo, y lo digo muy en serio hasta los cojones de que me roben mi puto ser yo.",@user ese he sido yo y digo en serio hasta los cojones de que me roben mi identidad.,@user ese he sido y lo digo en serio hasta los cojones de que me roben mi ser yo,@user ehh ese no he sido yo y lo digo muy en serio hasta los cojones de que me roben mi puto identidad.,@user ese ser yo y decir en serio hasta cojones de que me robar mi identidad.
"Mañana debuto en percusión para leones chinos, ya puedo dejar de ser una samulnorian frustrada. Aunque el traje de Samulnori es más lindo",1,"Mañana debutar percusión para león chino, ya puedo dejar de ser una samulnori frustrada. Aunque traje samulnori más lindo.",debuto percusión leones chinos puedo dejar samulnorian frustrada traje Samulnori lindo,debutar percusión león chino puedo dejar de ser samulnori frustrada Aunque traje samulnori lindo,"Mañan debut percuśion para leon chin, ya puedo dejar de ser una samulnor frustrad. Aun traje samulnor mas lind.",debuto percusió leon chino puedo dejar samulnor frustrada traje samulnor lindo
Técnicas Reunidas ya es una de las 10 mayores ingenierías internacionales!  No sabéis lo que nos alegra    http,2,Técnica reunir ya ser una de las 10 mayor ingeniería internacional! no saber lo que nos alegrar http,Técnicas Reunidas ya una de las 10 mayores ingenierías internacionales! sabéis lo que nos alegra http,Técnica reunir ya ser una de las 10 mayor ingeniería internacional! saber lo que nos alegrar,Técnic Reunid ya es una de las 10 mai ingenier internacion!  no sabid lo que nos alegr http,Técnic ya una de las 10 mai ingenier intern! sabí lo que nos alegr http
Quiero que en mi foto de carné en lugar de una fotografía de mi cara me dejen poner un emoticono de carita triste,0,Querer que en mi foto de carné en lugar de una fotografía de mi cara me dejen poner un emoticono de carita triste,Quiero foto carné lugar fotografia cara dejen poner emoticono carita triste,Querer foto carné lugar de fotografía cara dejen poner emoticono carita triste,Quier que en mi fot de carn en lgar de un fotograf de mi cara me dejen poner un emoticon de car triste,Quiero fot car lugar fotogr cara dejen pon emot cari triste
"@user @user no sé eso espero, y lo mismo que anulen eso de la prescribición de los delitos, no sé si menciona algo de eso",1,"@user @user no saber eso esperar, y lo mismo que anulen eso de la prescripción de los delitos, no saber si menciona algo de eso",sé espero anulen prescribición delitos menciona,saber esperar anulen prescripción delitos menciona,"@user @user no se eso esper, y lo mism que anul eso de la prescrip de los delit, no se si mencion algo de eso",sé esper anul prescríp mencion
Pero tambien ha sido el año en el cual mas he viajado y conocido personas excelentes,2,Pero también ha sido el año en el cual más he viajado y conocido personas excellentes.,ha sido año en el cual he viajado conocido personas excelentes,también año más viajado conocido personas excellentes.,Pero tambi viajado y conocido,ha sido año en el cual he viajar conocer persona excelente
Me iré a dormir sabiendo que la única app de manga con la que leo no tiene actualizado ons,0,Me iré a dormir sabiendo que la app de manga con la que leo no tiene actualizado on.,iré dormir sabiendo app manga leí actualizado ons,iré dormir sabiendo app manga leer actualizado,Me ir a dorir sabi que la úni app de mang con la que le no tien actuaon,ir dormir saber app manga leer actualiza
@user jajajaja fui el primer fav de Odín con cotillón,1,@user reí ser primer fav de Odín con cotillón,@user jajajaja primer fav Odín cotillón,reí primer fav Odín cotillón,@user jajajaja fui el primer fav de Odin con cotillon,@user jajajaja prim fav odin cotillon
"@user En Octubre haré cositas, un fuerte abrazo",2,"En octubre haré cosa, un fuerte abrazo.","En Octubre haré cositas, fuerte abrazo",octubre har cosa fuerte abrazo,@user octubre har cosit fuerte abraz,En Octubre har cosit cosit fuert abraz
@user De pequeño escribía con la zurda hasta que una profesora me obligó a hacerlo con la diestra,0,@user De pequeño escribir con la zurda hasta que una profesora me obligar a hacerlo con la diestra,@user pequeño escribía zurda hasta que profesora me obligó hacerlo diestra,@user pequeño escribir zurda hasta que profesora me obligar hacer diestra,@user pequeño escribir diestra hasta que profesora obligar hacer diestra,@user pequeñ escribía zurd hasta que profesor me obligó hacer diestr
@user jajajaja yo igual. La gente no sabe lo que se pierde,1,@user jajaja yo igual. la gente no sabe lo que se pierde,@user jajajaja igual gente pierde,@user jajaja igual gente pierde,@user jajajaja yo iguales. La gente no sabe lo que se pierde,@user jajajaja iguales gente pierde
"El amor incondicional es esa clase de sentimiento que busca la felicidad de otro ser, incluso a costa del suyo. Familia es quien te ama.",2,"El amor incondicional es ese clase de sentimiento que busca la felicidad de otro ser, incluso a costa del suyo. Familia es quien te ama.",amor sentimiento busca felicidad sererto costa,"amor incondicional sentimiento busca felicidad otro ser, incluso costa suyo. quien te ama.","El amor incondicional es esa clase de sentimiento que busca la felicidad de otro ser, incluso a costa del suyo. Familia es quien te ama.",amor sentim felicid sererto costa
Soy un chico muy perverso,0,soy un chico muy perverso,soy chico,soy chico,soy un chic muy perversion,soy chico
@user puedes ver el partido en directo en el Facebook de informe Bolorino,1,@user puedes ver el partido en directo en el Facebook de informar Bolorino,puedes ver partido directo Facebook informe Bolorino,puedes ver partido directo Facebook informar Bolorino,@user pue ver el partid en directo en el Faceb de inform Bolorino,puedes ver partido directo Facebook informe Bolorino
@user Hola Luis!! Vendrás a Barcelona a promocionar #TardeParaLaIra ?? Un abrazo crack y feliz día!,2,@user hola luis!! vendrás a barcelona a promocionar tarde para la ira?? un abrazo crack y feliz día!,Luis Vendrás Barcelona promocionar TardeParaLaIra abrazo crack feliz día,@user Luis!! vendrás Barcelona promocionar tarde para la ira?? un abrazo crack feliz día!,@user hola luis!! vindrás a barcelon a promocionar tarde para la ira?? un abrazo crack y feliz día!,Luis Venir Barcelona promocionar TardeParaLaIra abrazo crack feliz día
"@user @user @user todo el mundo es un poco racista, la cosa es mirarlo y arreglarlo, no negarlo si alguien te dice algo",0,"@user @user @user todo el mundo ser un poco racista, la cosa es mirar y arreglarlo, no negarlo si alguien te dice algo","todo mundo racista, cosa mirarlo arreglarlo, no negarlo alguien te dice algo","todo mundo un poco racista, cosa es mirar y arreglarlo, negarlo alguien te dice algo","@user @user @user todo el mund es un poco racist, la c cosa es mirarlo y arreglalo, no negarlo si algn te dice algo","todo mundo racista, cosa mirarlo arreglarlo, no negarlo alguien te decir algo"
"La única gran verdad, es que no terminas de conocer a las personas. #BuenDiaATodos",1,"La única gran verdad, es que no terminas de conocer a las personas. #BuenDiaATodos","La única gran verdad, que no terminas de conocer a las personas. #BuenDiaATodos","La única gran verdad, que no terminas de conocer a las personas. #BuenDiaATodos","La únic gran verd, es que no termin s de conoquer a las persong. #BuenDiatodos","La únic gran verd, que no termin s de cono a las pers. #BuenDiatodos"
"@user aww!! Gracias!!!! Muaaaaaaaaaak!!!! No me gusta el sol y estoy en plena auditoría, pero la estoy pasando genial … Muak!",2,"@user aww!! gracias!!!! muaaaaaaaaaak!!!! no me gusta el sol y estoy en plena auditaría, pero la lo paso genial … muaak!",@user aww!! Gracias!!!! Muaaaaaaaaaak!!!! sol auditoría pasando genial Muak!,gracias muaaaaaaaaaak no me gusta sol estoy plena auditaría pero lo paso genial muaak,"@user aww!! gracia!!!! muak!!!! no me gust sol y est en plena audit, pero la est pasand genial … muak!",@user aww!! graci!!!! muak!!!! sol audit pasand gen muak!
"Recuerdo a un podemita al final de una discusión q me dijo en F ""y si nos tienen que robar por lo menos que sean otros""  #MarcaEspaña",0,Recuerdo a un canallo al final de una discusión q me dijo en f y si nos tienen que robar por lo menos que sean otros #marcaespaña,Recuerdo a un podemita al final de una discusión me dijo en F y si nos tienen que robar por lo menos que sean otros #MarcaEspaña,Recuerdo canallo final discusión dijo robar menos que sean marcaespaña,"Recuerdo a un podemit al final de una discusión q me dij en F ""y si nos ten que robar por lo menos que sean ot""  #MarcEspañ",Recuerdo a un podemit final de una discusión me dijo en f y si nos tienen que rob por lo menos que sean ot #marcaespaña
"Mi mamá adoptó una gata que dejaron botada al frente de la casa, si alguien necesita gatos me escriben, tengo 4",1,"Mi madre adoptar una gata que dejar botar al frente de la casa, si alguien necesitar gatos me escribir, tener 4",Mi mamá adoptó gata dejaron botada frente casa si alguien necesita gatos me escriben tengo 4,Madre adoptar gata dejar frente casa alguien necesitar gatos escribir tener,"Mi mamá adotó una gat que dejaron botad al frent de la cas, si algui necesita gat me escriben, tengo 4",Mi mamá adopta gata dejaron botar frente casa si alguien necesita gato me escriben tengo 4
@user @user @user que buena noticia Roxi,2,@user @user @user qué buena noticia Rox,que buena noticia Roxi,qué buena noticia Rox,@user @user @user que buena noticia Roxi,que buen noticia Roxi
Después de una semana comiendo en México a un precio ridículo... lo último q haría es ir a la Feria Gasto-nómica #lluviaencasa,0,Después de una semana comer en México a un precio ridículo... lo último q haría es ir a la Feria Gasto-nómica #lluviaencasa,Después semana comiendo México precio lo último haría ir Feria Gasto-nómica lluviaencasa,Después semana comer México precio último haría ir Feria Gasto-nómica lluviaencasa,Después de una semana comiend en Mx a un pre ridículo... lo úlit q haría es ir a la Feria Gasto-nómic #lluviaencas,Después semana comi México precio lo último haría ir Feria gasto-nómica lluvia encasa
@user Espero llegar y encontrar esa impresora 3D,1,@user esperar llegar encontrar impresora 3D,llegar encontrar impresora 3D,esperar llegar encontrar impresora 3D,@user esperar llegar y encontrar esa impres impres,lleg argument impresor 3D
"@user es que apuntas lo que digo. Es cierto antes de empezar la liga dije que Llorente ""había elegido"" muy bien",2,@user ser que apuntar lo decir. ser cierto antes empezar la liga decir que Llorente haber elegir muy bien,apuntas digo cierto dije Llorente había elegido bien,apuntar decir cierto empezar liga Llorente haber elegir,"@user es que apunto lo que digo. Es cierto antes de empeñar la liga dije que Llorente ""había elegido"" muy bien",apunt argument haber elegir cierto decir Llorente haber elegir bien
que cool todo mundo me deja en gris,0,qué ser todo mundo me dejar en gris,que cool todo me deje gris,qué ser todo mundo me dejar gris,que coo todo udo me deje en gris,que cool todo me deje gris
@user @user que feo tu corazoncito! Deja ser feliz a los demás,1,@user @user qué feo tu corazón! deja ser feliz a los demás,que feo tu corazoncito! Deja felices a los demás,qué feo tu corazón! deja ser feliz a los demás,@user @user qué feo tu corazont! deja ser feliz a los demás,que feo tu corazon! deja felic peace a los demas
"@user  Ni en tus mejores sueños, te hubieras, imaginado, una encuesta con tantos votos eh.? jajajj cuando se moviliza @user",2,@user ni en tus mejores sueño te hubieras imaginado una encuesta con tantos voto eh? jajajj cuando se movilize @user,@user te hubieras imaginado una encuesta con tantos votos eh? jajajj cuando se moviliza @user,@user sueño imaginado una encuesta voto eh? jajajj cuando se movilize @user,"@user  ni en tus mejo sueño, te hubier imagin una encuest con tan vot eh.? jajajj cuando se moviliz @user",@user te hubieses imaginado una encuest con tantos votos eh? jajaj cuando se moviliz @user
No encuentro el mando de la tele y me estoy poniendo nerviosita,0,No encuentro el mando de la tele y me estoy poniendo nerviosa.,encuentro mando tele me estoy poniendo nerviosita,encuentro mando tele estoy poniéndome nerviosa.,No encontro el manjo de la telo y me estoy poniendo nerviosi,encuentro mand tele me estoy poni nerviosit
@user en estas épocas no hay que decirle no a ningún trofeo y es conmemorativo para todos los equipos que ganen en la jornada,1,@user en esta época no hay que decirle no a ningún trofeo y es conmemorativo para todos los equipos que ganen en la jornada.,@user épocas hay decirle ningún trofeo es conmemorativo equipos ganen jornada,@user época decirle trofeo conmemorativo equipos ganen jornada.,@user en estes épocas no hay que decirle no a ningún trofeo y es conmemorativo para todos los equipos que ganen en la jornada,@user época hay decir ningún trofeo es conmemorativo equipo ganen jornada
@user yo te veo bonito,2,yo verte bonito,te veo bonito,verte bonito,@user yo te veo bonit,te ver boniti
Puede alguien acostumbrarse en 4 noches a algo? Porque me acostumbré a no dormir sola y ahora se extraña demasiado,0,Puede alguien acostumbrarse en 4 noche a algo? Porque me acostumbré a no dormir sola y ahora se extraña mucho.,alguien acostumbrarse 4 noches algo porque acostumbré dormir sola extraña demasiado,Puede alguien acostumbrarse noche algo? me acostumbré dormir sola ahora se extraña mucho.,Puede alguien acostumbrarse en 4 noche a algo? Porque me acostumbré a no dormir sola y ahora se extraña demasiado.,alguin acostumbrarse noches algo porque acosturro dormir sola extrañ too
@user @user yo iba a preguntar lo mismo,1,@user @user ir preguntar,iba preguntar mismo,ir preguntar,@user @user yo iba a pregunt same,iba preguntar mismo
Despues de trabajar duro me merezco mis caprichos,2,Después trabajar merecer capricho,Trabajo duro merezco caprichos,Después trabajar merecer capricho,Despues trabajar merezco mis capricho,Trabaja merdezco capricho
"Esperemos que todo empiece a tirar para arriba porque se necesita mucho para despegar un proyecto asi, y es el unico miedo que tengo",0,"Esperemos que todo empieze a tirar para arriba porque se necesita mucho para despegar un proyecto así, y es el único miedo que tengo."," Esperemos que todo empiece a tirar para arriba porque se necesita mucho para despegar un proyecto así, y es el único miedo que tengo.", Esperemos todo empieze tirar arriba necesito mucho despegar proyecto miedo único tengo.,"Esperemos que todo empieze a tirar para arriba porque se necesita mucho para despegar un proyecto as, y es el unico miedo que tengo","Esperemos que todo empieze a tirar para arriba porque se necesita mucho para despegar un proyecto así, y es el único miedo que tengo."
"@user buena idea, anis, pero ellos saben que yo ni un pancake puedo hacer bien",1,"@user buena idea, anis, pero ellos saben que yo ni un huevo puedo hacer bien",buena idea anis pero ellos saben que ni pancake puedo hacer bien,buena idea anis ellos saben ni huevo puedo hacer,"@user buena idea, anis, pero ell saben que yo ni un pancake puedo hacer bien",buen idea anis pero ell saben que ni pancake bien hacer
Cada vez que veo a los gemelos por la tele me entran ganas de meter mi brazos en ella y darles un abracito,2,Cada vez que veo a los gemelo por la tele me entran ganas de meter mi brazo en ella y darles un abrazo.,veo gemelos tele entran ganas brazos da abracito,veo gemelo tele entran ganas brazo dado abrazo,Cada vez que veo a los gemel por la tel me entran gan de meter mi bra en ella y darles un abracito.,veo gemelo tele entrar gan gan brazo dar abraco
Hoy va a ser el típico dia en el que me estreso,0,Hoy va a ser el típico día en el que me estrés,Hoy ser típico dia estreso,Hoy ser el típico día en el que me estrés,Hoy va a ser el típico día en el que me estrés,Hoy ser típico dia estrés
"@user Tod@s deberíamos llevar en nuestro día a día, está frase, ya q tod@s somos inmigrantes en algún lugar.",1,"@user todo deber llevar en nuestro día a día, esta frase, ya que todos ser en algún lugar.","@user deberíamos llevar frase, está somos inmigrantes algún lugar.",deber llevar día día frase todos lugar,"@user tod@ deberíamos llevar en nuestro d@ d@, est@ frase, ya q tod@ somos inmigr@nt@ en alg@n l@r.@","@user debemos llevar frase, est sommes inmigrante algun lugar."
#felizcumplemichi pasala bien con tus seres queridos exitos en todo en lo k te propongas y exitos en #Bioquimica tambien ) si se puede,2,#felizcumplir michi pasal bien con tus ser querido exit en todo en lo k te propone y exit en #bioquimica tambi ) si se pode,#felizcumplemichi pasala bien tus seres queridos exitos propongas exitos Bioquimica,#felizcumplir michi pasal ser querido exit propone exit bioquimica,#felizcumpliichi pasalbien con tus seres querid exitos en todo en lo k te propongas y exitos en #bioquimica tambien ) si se pode,#felizcumpl mi ch pas bien tus seres queri exito prop exito bioquimica
@user fresquita... lo único malo fue que nos quitaron el banco bueno,0,@user fresco... lo único malo fue que nos quitaron el banco bueno,fresco... lo único malo fue que nos quitaron banco bueno,fresco... único malo fue que nos quitaron banco bueno,@user fresqu stem... lo únic malo f fue que nos quitaron el banc bueno,fresco... lo únic malo f fue que nos quitaron banc bueno
Mi familia ya empezó con villancicos a todo volumen 24/7 y yo que tenia mi musica puesta y me la quitaron,1,Mi familia ya comenzar villancico a todo volumen 24/7 y yo que tener mi música puesta y me la quitaron,familia empezó villancicos volumen y me quitaron música,familia comenzar villancico volumen tener música quitar,Mi familia ya empecó con villancic a todo volumen 24/7 y yo que tenia mi música puesta y me la quitaron,familia empez volúmen y me quitaron música
@user hola vengo de intagram  en verdad ya te seguia pero hola igualmente🙄❤️,2,@user hola venir de Instagram en verdad ya seguir pero hola igualmente🙄❤️,@user hola vengo de Instagram verdad te seguia pero igualmente🙄❤️,@user ven ya seguir❤️,@user hola vengo de seg following en verdad ya te seguia pero hola igualmente😉❤️,@user hola vengo de insta verdad te seguia pero igualmente🙄❤️
"@user se nos queda pequeña, sólo 300 de aforo",0,@user quedar aforo,senosquedapercera300aforo,quedar aforo,"@user se nos queda pequena, solo 300 de aforo",senosquedaperceraforo
Haikyuu debería tener alrededor de 4400 capítulos para vivir feliz hasta los 95 años,1,Debería tener alrededor de capítulos para vivir hasta años.,Haikyuu deber tendr capítulos vivir feliz hasta años,Debería vivir años.,Haikuu deberi alrededor de 440 capítul para vivir felizz hasta los 95 aíos,Haikuuu debera tendra capitulo vivir feliz hasta ano
me siento orgullosa de ser tu fan @user desde hace muchos años ...ese speach lo dijo todo te sigo admirando,2,me sentir orgulloso de ser tu fan @user desde hace muchos años...ese speech lo dijo todo te seguir admirar,siento orgullosa fan desde hace muchos años speech dijo sigo admirando,sentir orgulloso fan @user hace años speech decir seguir admirar,me siento orgulloso de ser tu fan @user desde hace mucho año...ese speech lo dijo todo te sigo admirando,siento orgulloso fan desde hace muchos años speech dije sigo admirando
"Me largo de esta red social por unos días, hasta que encuentre paz",0,"Me largar de esta red social por unos días, hasta que encontrar paz.",largo red social días hasta encuentre paz,largar encontrar paz,"Me larguo de esta red social por unos días, hasta que encontrai paz.",largo red social día hasta encontrar paz
@user podemos usar el término.equipo pepino,1,@user podemos usar el término.equipo pepino,usar término. equipo pepino,usar término equipo pepino,@user podemo usar el termino.equipo pepino,us térmi. equi pepin.
"@user @user no, si pagar le pagaba bien, tranquilo",2,@user @user no si pagar le pagaba bien tranquilo,@user @user pagar le pagaba bien tranquilo,@user @user pagar le pagaba bien tranquilo,"@user @user no, si pagar le pagaba bien, tranquilo",@user @user pagar pagar pagar
@user creo que soy la única que pringa trabajando todo el verano y todo septiembre,0,@user creo que ser soy la única que printar trabajar todo el verano y todo septiembre,soy única pr pra trabajando todo el verano y todo septiembre,@user que soy la única que printar trabajar todo el verano y todo septiembre,@user creo que soy la úni que prin trabajo todo el veran y todo sep,soy únic trabaja todo el verano y todo septiembre
"El día del hombre pasó desapercibido por las mujeres, si fuera al revés no nos perdonan",1,El día pasar desapercibido por la si ser al revés no perdonar,día hombre pasó desapercibido mujeres si fuera al revés nos perdonan,día pasar desapercibido si ser al revés perdonar,"El día del homen pasó desapercibido por las muj, si fué al revés no nos perdonan",día hombre pasar desapercibir mujer ser al revés nosotros perdonar
@user jajajajajaja me meo que yo tengo mi novio y él tiene su novia y estamos los dos contentos,2,@user jajear me urinar que tener mi novio y tener su novia y estar los dos contento,@user jajajajajaja me que tengo novio él tiene novia estamos dos contentos,@user jajear urinar tener novio tener novia estar contento,@user jajajajajaja me me que yo tengo mi novio y él tiene su novia y estamos los dos content,@user jajajajajaja me que tener novio él tener novia estar dos contento
@user @user y donde están esos fiscales q los afinen bien un tío mata 2 ciclistas en la puta calle q está pasando aquí?,0,@user @user y donde están esos fiscal q los afinen bien un tío mata ciclista en la puta calle q está pasando aquí?,@user @user donde fiscales afinen tío mata ciclistas calle está pasando aquí,@user @user ciclista calle está pasando aquí,@user @user y dnde estn fsq q los afinn bien un t mata 2 cklstas en l pta cll q stp pssnd crs?,@user @user donde fiscal afin mat ciclista calle est pas aqui
"@user Ánimo, Jorge. Piensa en tus nuevas víctimas",1,"@user ánimo, jorge. piensa en tus nuevas víctima.","Ánimo, Jorge. Piensa en tus nuevas víctimas","@user ánimo, jorge. piensa en tus nuevas.","@user ñimo, jorge. piens en tus nuevas vítim.","Ánim, Jorg. Piens en tus nuen víctim."
"@user Excelente, siempre me persigno cuando entro a uno",2,"@user excelente, siempre me persigo cuando entro a uno.",Excelente me persigno cuando entro uno,excelente siempre me persigo cuando entro uno,"@user excelentemente, siempre me persingo cuando entro a uno",Excelent me persign when entro uno
"Aah ya... Porque @user es el ser más rastrero, egoísta, infantil y GILIPOLLAS que existe en el mundo",0,"Aah ya... Porque @user es el ser más rastrero, egoísta, infantil y GILIPOLLAS que existe en el mundo.","Aah ya... @user ser ser más rastrero, egoísta, infantil y GILIPOLLAS que existe en el mundo",@user ser rastrero egoísta infantil GILIPOLLAS existe mundo,"Aah ya... Porque @user es el ser más rastr, egóist, infancil y GILIPOLLAS que existe en el mundo","Aah ya... @user ser ser más rastrer ser, egóíst infantil y GILIPOLLAS que existe en el mundo"
@user que no soy menoooor o si,1,@user que no soy bueno o si,@user soy o si,@user bueno si,@userque no soy menoooor o si,@user soy si
"@user @user bien sra presidenta, se predica con el ejm, muy bien!!!!",2,"@user @user bien sr presidente, se predica con el ejemplo, muy bien!!!!","bien sra presidenta, predica ejm, bien!!!!",bien sr presidente se predica ejemplo muy bien,"@user @user bien sra presidenta, se predicon con el ejm, muy bien!!!!","bien sr presidencia, predi ejm, bien!!!!"
"Y ahora, volvamos a la realidad... ¡ay Venezuela! Como me has hecho llorar desde lejos... con que tristeza digo que yo soy venezolano.",0,"Y ahora, volvemos a la realidad... ¡ay Venezuela! Como me han hecho llorar desde lejos... con que tristeza digo que yo soy venezolano.",ahora volvamos realidad ay Venezuela me ha hecho llorar desde lejos tristeza digo soy venezolano,ahora volvemos realidad ay Venezuela me han hecho llorar desde lejos tristezeno que digo que soy venezolano,Y ahnwvlls rlty... ¡ay vnzl! cmo m h hllr sls... c q trslss dgo q m s vnzlnn.,ahora volvamos realiadad ay venezuela me ha hecho llorar desde lej tristez digo soy venezolan
"@user es decir, que es por la tradición lo de decir esto, como muchas otras (arroz, etc), pero que no es tan big-a-deal",1,"@user decir, que es por la tradición lo de decir esto, como muchas otras (arroz, etc), pero que no es tan importa-deal.","decir, tradición, decir, arroz","decir, tradición, decir, arroz","@user es decir, que es por la tradiciÓN lo de decir esto, como muchas otrAS (arroz, etc), pero que no es tan bigAdeal","decir, tradición, decir, arroz"
Por dicha no he leído a nadie que diga que se exageró con el huracán. He escogido bien a quién seguir,2,Por decir no he leído a nadie que diga que se exageró con el huracán. He escogido bien a quién seguir.,dicha he leído diga se exageró huracán escogido bien seguir,he leído diga se exageró huracán. escogido seguir.,Por dicha no he leído a nadie que diga que se exageró con el huracán. He escogido bien a quién seguir.,dicha haber leer decir ser exagerar huracán escoger bien seguir
"Hola, me molaría hcerme un cambio drástico con mi pelo, lo que pasa es que no se hacerme lo que quiero y tengo que pedir ayuda",0,"Hola, me gustaría hacerme un cambio drástico con mi pelo, lo que pasa es que no sé hacerme lo que quiero y tengo que pedir ayuda.",Hola molaría hacerme cambio drástico pelo pasa no se hacerme quiero tengo pedir ayuda,"Hacerme cambio drástico pelo, pasa sé hacerme quiero tener pedir ayuda.","Hola, me molaría hacérmelo un cambió drástico con mi peo, lo que pasa es que no se hacérmelo lo que quiero y tengo que pedir ayud.",Hola molaria hacermi camb io pelo pas no se hacerm quiero ten pedir ayu
"Yo quería para navidad la jodida mascara de Buckethead, pero todos piensan que es un regalo de mrd",1,"Yo querer para navidad la mascara de Buckethead, pero todos pensar que es un regalo de mrd.","quería navidad jodida mascara Buckethead, pero todos piensan regalo mrd",querer navidad mascara Buckethead pensar regalo,"Yo quere para navidad la jodida maska de Buckethead, pero todos piensan que es un regal de mrd","querr欲 navidad jodid掩 mascara Buckethead, pero tod人们 piensan regal礼物 mrd"
@user @user ya se no quería salirme de las aguas termales mañana voy a Monteverde a ver que tal,2,@user @user ya no querer salir agua termales mañana ir ver que tal,se quería salirme aguas termales mañana voy a ver tal,ya querer salir agua termales mañana ir ver tal,@user @user ya se no querí salir de las aguas termal mañana voy a Montevide a ver que tal,se querí salí agu terma mañana voy a ver tal
"Quiero el pelo negro azulado y no sé cómo conseguirlo  los tintes de ese color que me he echado, no han hecho nada.",0,quiero el pelo negro azular y no sé cómo conseguirlo los tinte de ese color que me he echado no han hacer nada,Quiero pelo negro azulado no sé cómo conseguirlo tintes color que he echado han hecho nada,quiero pelo negro azular sé cómo conseguirlo tinte color echado hecho, QUIERO EL PELO NEGRO AZULADO Y NO SE CÓMO CONSEGUIRLO LOS TINTES DE ESE COLOR QUE ME HE ECHADO NO HAN HECHO NADA.,Quiero pelo negro azulado no sé cómo conseguirlo tinte color que he echado han hecho nada
@user @user nunca dije lo contrario,1,@user @user nunca decir contrario,dije contrario,decir contrario,@user @user nunca dij contradic,di contrario
@user Ella es lo mejor de todo,2,Ella ser lo mejor de todo,Ella mejor todo,ser lo mejor de todo,@user ell es lo mejor de todo,Ella mejo todo
Buenos días bbs qué tal yo mal,0,buen día bb qué tal yo mal,Buenos días qué tal mal,buen día bb qué mal,buen día bb qué tal yo mal,Buen día qué tal mal
"@user @user @user , y otros que seguro se me olvidan, también os puede interesar para vuestro instituto o facultad univ.",1,"@user @user @user, y otros que seguro se me olvidan, también os puede interesar para vuestro instituto o facultad univ. univ.",",@user,@user,@user,tambiénospuedeinteresarporeuestroinstitutorofacultadouniv","@user @user @user, también os puede interesar para vuestro instituto o facultad univ. univ.'","@user @user @user, y otrs q segur se me olv fidn, tb os pde ints r pr vstr institut o facultad univ.'",",t@user,@user,@user,tambi@usern@userosp@usern@usernter@userr@userp@userreuest@usern@usert@usern@usertr@userf@userac@userult@usert@usern@useriv@user"
Chema en esas y todos en la oficina deseando que vuelva a la oficina y a dirigir la empresa mejor...,2,Chema ser es e y todos estar desear y a dirigir la empresa mejor,Chema deseando vuelva oficina dirigir empresa mejor,Chema deseas dirigir la empresa mejor,Chema en es e y todo en la oficina deseand que vuelva a la oficina y a dirijir la empresa mejo...,Chema deseand vuelta ofic dirij empresa mejo
A ver cuando quedamos y hablamos de lo guapo que es nuestro señor Rajoy que ya toca  @user,0,A ver cuando quedamos y hablamos de lo guapo que es nuestro señor Rajoy que ya toca @user,quedamos hablamos guapo señor Rajoy toca,cuando quedamos hablamos guapo señor Rajoy toca,A ver cuando quedamos y hablamos de lo guapo que es nuestro señor Rajoy que ya toca  @user,quedamos hablamos guapo señor toca
@user @user estas en lo cierto,1,@user @user estar cierto,estas en lo cierto,@user @user cierto,"@user @user ests n lo cерте, стеммить это предложение невозможно, так как оно не содержит слов наSpanish.",esta cierto
Feliz Martes para todos.  Pásenla bonito y a sonreír.,2,Feliz martes para todos. Pasen bonito y a sonreir.,Feliz Martes todos pasen bonito sonreír.,Feliz martes todos Pasen bonito sonreir.,Feliz martes para todo. pasenla bonito y a sonríe.,Feliz martes todo pas bonito sonríe.
.@user @user Las mayores atrocidodes surgen del idealismo bienintencionado. No me cabe duda de que son capaces de lo peor,0,.@user @user las mayor atrocidod surger del idealismo bienintencionado. no me caber duda de que son capable de lo peor,surgen idealismo bienintencionado me cabe duda capaces peor,.@user @user mayor atrocidod surger idealismo bienintencionado me caber duda capable peor,.@user @user mayorde atrocidades surge del idealismobienintencionado. no me cabeduda de que son capacede lo peor,surgen idealim bienintencionado me cabe dud capaz peor
"@user En edad internacional 19, en edad coreana 20",1,"En edad internacional 19, en edad coreana 20.",Edad internacional edad coreana,En edad internacional 19 edad coreana 20,"@user en edadd 19, en edadd 20",edad internacion edad corean
Viendo al gran #JoselitoYSuOrquesta en #WantanNight lindo jueves @user por @user,2,viendo al gran ser lindo jueves estar por,#JoselitoYSuOrquesta #WantanNight jueves user user,viendo gran lindo jueves estar por,Viend gran #JoselitoYSuOrquesta en #WantanNight lind jueves @user por @user,#JoselitoySuOrquesta #WantanNight jueves user user
Me he puesto a pensar una cosa y me estoy despollando sola en la habitación. Que pena doy,0,Me haber poner pensar cosa y me estar desollar sola en la habitación. Que dar pena.,he puesto pensar cosa me estoy desollando habitación pena doy,haber poner pensar cosa estar desollar sola habitión dar pena,Me he puesto a piensa una cosa y me estoy despollar sola en la habitón. Que pena doy.,he puesto pens cosa me estoy desolland habit pena doy
Ahora tengo que dormir llena de repelente,1,Ahora tener dormir lleno de repeler,Ahora tener dormir llena repelente,Ahora tener dormir lleno repeler,Ahora tener que dormi llen de repelente,Ahora tener dorm llena repelente
@user ¡Es el mejor! Espero con emoción ese disco nuevo y deseo tener tiempo para digerir toda la discografía antes de morir.,2,@user ¡ser el mejor! esperar con emoción ese disco nuevo y desear tener tiempo para digerir toda la discografía antes de morir.,¡mejor! Espero emoción disco nuevo y deseo tener tiempo para digerir toda discografía antes morir.,¡ser el mejor! esperar con emoción ese disco nuevo desear tener tiempo para digerir toda la discografía antes de morir.,@user es el mejo! espero con emocin ese disco nuev y deseo tener tiem para digerir toda la discograf before morir.,¡mej! esper emoçin nvel y deseo tener tiem para digerir toda discogrфиa antes morir.
@user eso no es sielto,0,eso no es ser,eso no es,eso es ser,@user eso no es silito,eso no ser
@user Y que es muy bueno que alguien hable sobre el tema porque muchos no lo hablan debido a que es un tema considerado Tabu.,1,@user y que es muy bueno que alguien hable sobre el tema porque muchos no lo hablan debido a que es un tema considerado tabú.,@user que es bueno que alguien hable sobre el tema porque muchos lo hablan debido a que es un tema considerado Tabu.,@user que es bueno que alguien hable sobre el tema porque muchos lo hablan debido a que es un tema considerado tabú.,@user y que es muy bueno que alguién habl about el tema pq muchos no lo hablan dvm a que es un tema considerado tabú.,@user que es bueno que alguién habl about el tem porque muchos lo habl debido a que es un tem considerad Tabu.
Mi anterior bio también hablaba de #volar y esta noche ellos -y Twitter- me lo recuerdan...   #SoisGrandes 😘 http,2,Mi anter bio tampoco hablaba de volar y esta no che ellos -y Twitter- me lo recuerdan... Soi grand 😘,Mi bio volar esta noche Twitter SoisGrandes 😘,Mi anter bio tampoco hablaba de volar esta che Twitter me lo recuerdan... Soi grand 😘,Mi anter bi tmbi habl b d #vo y est nte -y Tw- m lo rcmbrn... #SG 😘 ht,Mi bi vol esta noche Twitte SoiGrandes 😘
@user @user yo ya estoy arruinada con tanto verano Berni,0,@user @user yo ya estar estar con tanto verano Berni,@user @user estoy arruinada con tanto verano Berni,@user @user ya estar con tanto verano Bernin,@user @user yo ya esté arruinad con tant ver Berni,@user @user esté arruinad con tan vermán Berni
Quiero un perro así porfiii.,1,Querer un perro así porfiar.,Quiero perro así.,Querer perro así porfiar.,Quiero un perro asi porfi.,Quiero perro asi.
@user Son dos frases. La una complementa a la otra. Así se entiende mejor,2,Son frase. La uno complementa a la otra. Así se entiende mejor.,Son frases complementa entiendes,frase complementa Así entiende mejor,@user son dos frase. la una complementa a la otra. así se entiend mejor,Son frase complement entiend
Me pongo al día con Re:zero en dos días y medio y ahora me dejan una semana intrigado por el final del capitulo. Esto no se hace eh,0,Me poner al día con Re:zero en dos días y medio y ahora me dejan una semana intrigado por el final del capítulo. Esto no se hace eh.,pongo día Re:zero días medio semana intrigado final capítulo Esto no se hace eh,poner al día Re zero días medio semana intrigado final capítulo Esto no se hace eh,Me pongo al dí p y Re:zero en d y m y ahora me dejan una s e intrig p por el f n d l c p t. E s n o s e h e,poner día Re:zero día medio semana intrigar final capítulo esto no se hace eh
"@user Vieras que a mi lo del dresscode de mi brete no me molesta, sólo quisiera poder teñirme el pelo morado",1,"@user vier ser no me molesta, sólo quisiera poder teñir el pelo morado",vieras mi brete no molesta sólo quisiera poder teñirme pelo morado,@user vier ser me molesta sólo quisiera poder teñir el pelo morado,@user vier mora,vier mi breto no molesto sólo quisier poder teñim pelo morado
"#2AñosDeLegiónHolk No importa que seas ""niu"" o ""old"" Si amas a LH , eres bienvenido a mi casa",2,"#2AñosDeLegendariaHolk No importa que seas ""niu"" o ""viejo"" Si amas a LH, eres bienvenido a mi casa","#2AñosDeLeg góHolk Si am a LH, eres bienvenido a mi casa","#2AñosDeLegendariaHolk amasas a LH, eres bienvenido a mi casa","#2AñosDeLégionHolk No importa que seas ""niu"" o ""old"" Si amas a LH, eres bienvenido a mi casa","#2AnosDeLeg góHolk Si ama LA, eres bienvenido a mi casa"
@user @user yo ya en eso no me meto  sacar las cosas de contexto y llevarlas a tu terreno es algo diferente,0,@user @user yo ya en eso no me meto sacar las cosas de contexto y llevar a tu terreno es algo diferente,@user @user en eso me meto sacar las cosas de contexto llevarlas a tu terreno es algo diferente,@user @user en eso me meto sacar las cosas de contexto llevar terreno algo diferente,@user @user yo ya en eso no me meto sacar las cosas de contexto y llevarlas a tu terreno es algo diferente,@user @user en eso me meto sacar las cosas de contexto llevar a tu terreno es algo diferente
@user pero eso no es abstracto,1,@user pero eso no es abstracto,eso es abstracto,eso es abstracto,@user per but o eso no es abst,eso es abstrato
"Soy jodidamente feliz  Me encanta mi vida enserio, a veces no aprecio la suerte que tengo.",2,"soy encantar vida enserio, a veces no apreciar tener.",soy feliz Me encanta vida enserio veces aprecio suerte tengo,encantar vida enserio a veces apreciar tener,soy felic jodidamente felic me encant vida enseri real a vez no apreci la suert que ten,soy felic verte encant vida enseri vez apreci suer tener
Creo que alguien me ha bloqueado. Es una sensación rara porque empezaba a tenerle cariño a esa persona y no lo entiendo. Me siento mal,0,Creer algo bloquear sentido raro empezar tener cariía entender sentir mal,Creo alguien me ha bloqueado sensación rara empezaba tenerle cariño persona no entiendo siento mal,algo bloquear sentido raro empezar tener cariía entender sentir mal,"Creer, algo, bloque, sensación, cariñ, entender, sentir, mal",Creo alguién me ha bloqueado sensáción rará empecía teníle carín persona no entendi siento mal
"@user No te preocupes Yuya, te entendemos. Que te mejores pronto.",1,"@user no te preocupes yuya, te entendemos. que te mejores pronto.","te preocupes Yuya, entendemos. te mejores pronto.","te preocupes yuya, te entendemos. que te mejores pronto.","@user no te preocupe yuya, te entendi que te mejore pronto.","te preocup Yuya, entendimos. te mejor pronto."
"@user dile a Alex que hay aceites para cuando te duchas que arreglan la piel como los ""codos"", ahora los tengo finísimos",2,"@dile a alex que hay aceite para cuando te duchas que arreglan la piel como los ""codos"", ahora los tengo finísimo",@dile Alex aceite duchas arreglan piel codos teno,aceite duchar piel codos finísimo,"@dile a alex que hay aceite para cuando te duchas que arreglan la piel como los ""codos"", ahora los tengo finísims",@dile Alex aceit duch arregl piel cod ten
Han talado el abedul gigante que había en la esquina de Ríos Rosas con Castellana  ¿Alguien sabe porqué? #Madrid,0,Han talar el abedul gigante que había en la esquina de Ríos Rosas con Castellana ¿Alguien sabe por qué? #Madrid,"talado, ábedul, gigante, esquina, Ríos, Rosas, Castellana, alguien, sabe, Madrid","talar, abedul, gigante, esquina, Ríos, Rosas, Castellana, alguien, sabe, Madrid",Han talad el abedul gigant que havia en la esqui de rios rosas con castellana ¿alguien sab porqu? #madrid,"talad, abedul, gigant, esquin, rios, ros, castellan, algui, sab, madridd"
"Voy a cambiar mi vida, dejaré de salir por un buen tiempo",1,"Voy a cambiar mi vida, dejaré de salir por un buen tiempo.","cambiar vida, dejaré salir buen tiempo","cambiar, vida, dejar, salir, buen, tiempo.","Voy a cambiar mi vida, dejare de salir por un buen tiempo.","cambiar vida, dejar salir buen tiempo"
"Las Palmas nuevo y modesto líder de 1ª división empieza por ""L"" como Leicester...  #ahílodejo",2,"Las Palma nuevo y modesto líder de 1ª división empieza por ""L"" como Leicester... #ahílodejo",Las Palmas líder 1ª división empieza Leicester... ahílodejo,Las Palma líder 1ª división empieza Leicester... ahílodejo,Las Palma nuevo y modesto líder de 1ª división empieza por L como Leicester... #ahílodejo,Las Palma líder 1ª división empieza Leicester... ahílodejo
@user ah era hoy? mañana durante el día puede llamarme y con mucho gusto a plena luz del día no en lo oscurito en barrios mierda,0,@user era hoy? mañana durante el día puede llamarme y con mucho gusto en plena luz del día no en lo oscurito en barrios mierda,@user ah hoy mañana durante día llamarme gusto plena luz día,@user hoy mañana día llamarme gusto día,@user ha era hoy mañana durante el día puede llamarme y con mucho gusto en plena luz del día no en lo oscurito en barrios mierda,@user ah hoy mañán durante día llamárme gusto plena luz día
"@user despídete de todos, deséales feliz año y bye bye",1,despidete deseale feliz bye,despídete todos deseales feliz año bye bye,despedite deseale feliz,"@user despidete de todos, deseale feliz aÃ±o y bye bye",despidete deseo felic año bye
"Se acaba un buen año, y va empezar uno mejor, siempre con la.bendición de Dios",2,"Se acabar un buen año, y va empezar uno mejor, siempre con la bendición de Dios.","acaba buen año, va empezar uno mejor, siempre bendición Dios",un buen año va empezar uno mejor siempre bendición Dios,"Se acaba un buen a, y va empaesar un mejo, siempre con la bendició de Di.","acab bendío, va empezar uno mejor, siempre bendicción Dios"
@user no se si seré tan despreciable,0,@user no sé si seré tan despreciable,se sí seré tan despreciable,sé seré despreciable,@user no se si seré tan desprecieble,ser
".@user ¿Me dice garrullo, llamándose Domingo? Esa es buena  @user @user @user",1,".@user ¿me dice gritar, llamándose domingo? esa es buena  @user @user @user","¿Me dice garrullo, llamándose Domingo? Esa es buena.","¿me dice gritar, llamándose domingo? esa es buena",".@user ¿me dice garrul, llamándose domingo? esa es buena  @user @user @user","¿me dice garrul, llamándose domingo? esa es buena."
"@user Ambientado también en Italia, es una comedia sobre una serie de parejas y entuertos, con honor, clase social y mucho humor",2,"@user Ambientar también en Italia, ser una comedia sobre una serie de pareja y entuerto, con honor, clase y mucho humor.",Ambientado Italia comedia serie parejas entuertos honor clase social mucho humor,Ambientar comedia serie pareja entuerto honor clase mucho humor,"@user ambient también en italia, es una comedia sobre una serie de pareja y entuerto, con honor, clase social y mucho humor",Ambient Italia comedi serie par pärt entür honor classe social mucho humor
Soy el unico al que le da mal rollo la gente con gafas de sol? es que no sabes si te está mirando o no y pues,0,soy el único dar mal rollo la gente con gafas de sol? es que no sabes si te está mirando o no y pues,da mal rollo gente gafas sol sabes mirando,único dar mal rollo gente gafas sol sabes mirando,soy el uni al que le da mal rollo la gente con gafa de sol? es que no sabes si te está mira o no y pues,da mal rollo gente gafa sol sabes mirando
Quiero entrar en algún grupo de WhatsApp feminista o lgtbfriendly,1,Quiero entrar en algún grupo de WhatsApp feminista o lgtb友好的,Quiero entrar algún grupo WhatsApp feminista lgtbfriendly,Quiero entrar algún grupo WhatsApp feminista lgtb友好的,Quiero entrar en algún grup de WhatsApp feminist o lgtbfrienli,Quiero entrar algun grup WhatsApp feminista lgtbfriendli
Lo mejor de la vida ver Skins,2,Lo mejor de la vida ver Skins,Lo mejor vida ver Skins,Lo mejor vida ver Skins,Lo mejor de la vida ver skin,Lo mejor vida ver skin
@user claroooo o a varios solo que ya les vale ... PSOE roto etc,0,@user claro o a varios solo que ya les valer... psoe roto etc,@user claroooo o varios solo que vale... PSOE roto etc,@user claro varios valer psoe roto,@user clar o a vario solo que ya les vale... psoe rot etc,@user clar o varios solo que vale PSO roto etc
@user @user @user @user @user @user Para explicar lo de los 6M nos pondrá el profe documental de Youtube,1,@user @user @user @user @user @user para explicar lo de los 6M nos pondrá el profe documental de youtube,Para explicar los 6M nos pondrá el profe documental de Youtube,para explicar lo de los 6M profe documental youtube,@user @user @user @user @user @user para explicar lo de los 6m nos pondr el profe documental de youtube,Para explica los 6M nos pondr docum ental de Youtub
acabo de hablar con alba y ya esroy un poquito mejor,2,acabo de hablar con alba y ya soy estar mejor,hablar Alba poquito mejor,acabo hablar Alba soy mejor,acabo de habl con alba y ya es roy un pikkio mejo,hablar Alba poco mejor
"@user Pues espero que no lo digas por mi niña o no voto mas  memeo, bueno cada uno tendra su opinion +",0,"@user pues espero que no lo digas por mi niña o no vote más meme, bueno cada uno tendrá su opinión +",@user Pues espero que lo digas por mi niña o voto mas  memeo bueno cada uno tendra su opinion,"@user espero que lo digas por mi niña o vote más meme, bueno cada uno tendrá su opinión +","@user pues espero que no lo digas por mi niña o no vot e mas  meme, bueno cada uno tend r su opiniÓN +",@user pues espero que lo digas por mi niña o voto mas meme bueno cada uno tendra su opinion
@user y su canción: Se non te #VIDEO Publicado el 10 Nov del 2013 y aquí te lo compartimos,1,@user y su cancion: se non te #VIDEO publicado el 10 nov del 2013 y aqui te lo compartimos,@user canción VIDEO Publicado Nov del 2013 aquí compartimos,@user cancion publicado noviembre VIDEO compartimos,@user y su cancion: sen non te #VIDEO publicado el 10 nov del 2013 y aqui te lo compartimos,@user canción VIDEO Publicado Nov del 2013 aquí compartimos
"@user llego tarde, soy huge fan la empecé en el 2000, crecí con ella sube y cae tiene de todo como toda serie, temporadas favoritas...",2,@user llegar tardar ser fan empezar crecer subir caer tener temporada gustar,"llego tardé, soy huge fan empecé 2000, crecí serie, temporadas favoritas",llegar tardar fan empezar crecer subir caer tener temporada gustar,"@user lleg tard, soy hug fan la empec en el 2000, crec con ell sub y cae tiene de tout como toda seri tempor favoritas...","lleg tard fan empec 2000, crei serie, temp favoriT"
"Muchos días de sol, calor y numerosos incendios. En España hace mucha falta que llueva y parece que no queda mucho",0,Día sol calor incendio España lluvia falta parecer,días sol calor incendios España hace falta llueva queda,sol calor incendio lluvia falta parecer,"Muchos día de sol, calor y numeroso incendio. En Espa hacer mucha falta que llueva y parecer que no queda mucho.",día sol calor incendio España hace falta lluvia quedar
"@user no las des, en serio.",1,"@user no las quieras, en serio.",las des en serio,las quieras en serio,"@user no las des, en serio.",los ser
@user con lo majo que eres,2,@user con lo bueno que eres,@user con lo majo que eres,@user lo bueno que eres,@user con lo maj con ser,@user con lo maj0 que es0
Uníos a él en vez de venir a dar por culo a las feministas si tanto OS JODE nuestro movimiento,0,Unirse a él en vez de venir a dar por culo a las feministas si tanto OS JODE nuestro movimiento,Uníos él en vez venir dar cul a las feministas si OS JODE movimiento,Unirse él vez venir dar feministas si OS JODE movimiento,Uníos a él en vez de venir a dar por culo a las feministas si tanto OS JODE nuestro movimiento,Uní jod movimiento
y quiero ir de nuevo al Cosmocaixa,1,y querer ir de nuevo a Cosmocaixa,quiero ir Cosmocaixa,querir ir Cosmocaixa,y quier ir de nuev al Cosmocaixa,quier ir cosmocaix
@user @user buena nana para dormir,2,@user @user buena nana dormir,buena nana dormir,buena nana dormir,@user @user buena nana para dormir,buen nana dorm
Cuando queres comprar muchas cosas pero eres pobre,0, Cuando querer comprar muchas cosa pero ser pobre,Querés comprar muchas cosas pero pobre,Querer comprar mucho cosa ser pobre,Cuando quer compr much cosa pero er pobre,Querer compr much cosa pero pobre
Si os interesa o teneis algun conocido que le interese el Airsoft. Vendo L96 (nueva) y G36. Mascara y mas cosillas. RT se agradece,1,Si os interesase tenéis algún conocido que le interese el Airsoft. Vendría L96 (nueva) y G36. Máscara y más cosas. RT se agradece.,Vendo L96 nueva y G36. Mascara y mas cosillas. RT se agradece.,interesase conocido le interese Airsoft Vendría nueva G36 Máscara cosas RT agradeces,Si os intersa o teneis algun conocid que le intersa el Airsoft. Vend L96 (nueva) y G36. Masc y mas cosi. RT se agradece,Vend nueva y G36. Masc y mas cos. RT se agradec.
"@user @user Qué chulada! Mola mucho el post, chicas!",2,@user @user qué chulada molar mucho el post chicas,"Qué chulada! post, chicas!",qué chulada molar mucho el post chicas,"@user @user qué chulad chulada! mola mucho el post, chilas!"," Qué chulada! post, chilada!"
Estoy sensible y lloro por todo y,0,Estoy serar y llorar por todo y,sensible lloro todo,serar llorar todo,Estoy sensibl y llor por todo y,sensibl llor todo
"Quiero amigos que le gusten mis gustos musicales, ya tengo pero viven largo",1,"Querer amigo que gustar gusto musical, ya tener pero vivir lejos.",Quiero amigos gustos musicales tengo viven largo,Querer amigo gustar musical tener vivir lejos.,"Quiero amig gust musiqu gust musiqu, ya ten pero viv larg",Quiero amig gustos music tener vivir larg
@user Tú siempre sexy Nerea!! Qué tengas un maravilloso día! Besitos!,2,@user tú siempre ser Nerea!! qué teng tener un maravilloso día! besito!,@user sexy Nerea!! qué teng un maravilloso día! besitos!,@user siempre Nerea!! qué teng un maravilloso día! besito!,@user tu siempre sexi nerea!! qué teng un maravilloso día! besitots!,@user sexi nerea!! qué ten un maraviloso día! besit!
@user a mi ya se me fueron los 2gb,0,@user a mí ya se me fueron los gb,@user ya se me fueron los 2gb,se me fueron los gb,@user a mi ya se me fueron los 2gb,@user ya se me fueron los gb
@user Lo pronunciamos pellót así fuerte!! . Cl,1,@user lo pronunciamos así fuerte!! cl,Lo pronunciamos pellót así fuerte!!,lo pronunciamos así fuerte!! cl,@user lo pronunciam pellót así fuerte!! cl,Lo pronunciamient pellót asu fuer!!
Enamorada de Second to Last Love... Veré probablemente la japonesa luego.,2,Enamorada de segundo amor... Veré probablemente la japonesa luego.,Enamorada Second Last Love Veré japonesa luego,Enamorada segundo amor Veré probablemente japonesa luego,Enamorada de Segundo Amor... Veré probablemente la japonesa luego.,Enamorado Segunda Ultima Amor Ver japonesa luego
@user NOOOO omg siempre me pierdo los mejores fanarts,0,@user NOOOO omg siempre me pierdo el mejor fanart,omg siempre me pierdo los mejores fanarts,omg siempre me pierdo el mejor fanart,@user NOOOO omg siempre me pierdo los mejo fanart,omg siempre me pierdo los mejo fanart
Ayúdanos a conocerte mejor para seguir mejorando  ✍️  ¿Cómo conociste #Microteatro?,1,Ayudar conocer seguir mejorar escribir cómo conocer microteatro,Ayudamos conocerte mejor seguir mejorando ✍️ ¿Cómo conociste #Microteatro?,Ayudar conocer seguir mejorar escribir cómo microteatro,Ayudar conocer seguir mejorar ✍️  ¿cómo conociste #microteatro?,Ayudamos conocer mejor seguir ✍️ ¿cómo conociste #Microteatro?
D.O eres genial ...Feliz cumpleaños y q sean muchos años más #E #EL #KPOp,2,eres genial...feliz cumpleaños y q sean muchos años más #e #el #kpo,D.O genial Feliz cumpleaños años #E #EL #KPOp,genial feliz cumpleaños sean años,D.O eres geniial...Feliz cumpleaños y q sean muchos años más #E #EL #KPOp,D O genial Feliz cumpleaños años #E #EL #KPOp
"@user me perdí esa encuesta, últimamente estoy mucho menos activo.   Pasad un buen rato en el directo",0,"@user perder encuesta, ultimamente estar menos activo. pasar buen rato en el directo","perdí encuesta, últimamente activo.   Pasad buen rato directo","perder encuesta, ultimamente activo. pasar buen rato directo.","@user perdí esa encuest, últimmente esté mucho menos activ.  pasad un buen rat en el direct.",perder encuest activ pas buen rat direct
@user illo que ya me han enviado 5 personas diferentes snpachats con palomitas,1,@user eso que ya me han enviado 5 personas diferentes snpachats con palomitas,@user illo ya han enviado personas diferentes snpachats palomitas,eso enviado personas snpachats palomitas,@user ill que ya me han enviado 5 persona diferente snpachat con palomita,@user ill ya han envia perso dif snpachat palomita
@user @user @user Nos encantará saber tus  impresiones sobre el libro. Seguro que Nora estará encantada también.,2,@user @user @user Nos encantará saber tus impresión sobre el libro. Seguro que Nora estará encantada también.,saber impresiones libro Nora encantada,@suser @suser @suser saber impresión libro. Seguro Nora encantada también.,@user @user @user Nos encantará saber tus impresiÓN sobre el libri. Seguro que Nora esté encantada también.,saber impresi libro Nora encant
"Entre todas las miles de personas a las que le podía haber pasado eso, ME PASA A MI -.-'",0,"entre todos las miles de persona a las que le podría haber pasar eso, ME PASAR a mi -.-",ME PASA A MI -.-,pasar mi,"ENTRE TODA MILE PERSONA A LAS QUE LE PUEDE HABER PASADO ESO, ME PASA A MI -.-",ME PASA A MI -.-
"Amigos, me sacaron la mierda hoy pero estoy feliz",1,"Amigo, sacar, mierda, estar, felicidad",Amigos hoy feliz,"sacar, felicidad","Amig, saccar mierd hoy pero est felic",Amigo hoy feliz
"Próximo destino ......Londres  ,no puedo estás más feliz ,ha currar al extranjero yupiiiii !!!",2,"Próximo destino... Londres, no puedo estar más feliz, ha trabajar al extranjero yupiiiii!!!",Próximo destino Londres no puedo estar más feliz ha currar al extranjero,Próximo destino... Londres feliz trabajar extranjero yupiiiii!!!,"Próxim destino Londres, no pue est más felic, ha curr al extranjero yupiii!!!",Próxim destino Londres no pue estar má súllic ha curr al extranjér.
"JAJAJAJAJJA, me le cague por que si y listo 🤘",0,"jaja, me cagar por que si y listo 🤘","JAJAJAJAJJA, le cague por si y listo 🤘","jaja, cagar por si listo 🤘","JAJAJAJAJJA, me le cague por que si y listo 🤘","JAJAJAJAJJA, le cagu por si y listo 🤘"
"@user Hola , queria preguntarte si el nuevo cafe Chiapas, es el mismo shade grown porque voy a hacer degustacion pronto ...",1,"@user hola, querer preguntar, si el nuevo cafe chiapas, es el mismo shade grown porque voy a hacer degustacion pronto...",@user nuevo cafe Chiapas shade grown degustacion,@user nuevo cafe chiapas shade grown porque voy hacer degustacion pronto,"@user hola, queria preguntar te si el nuevo cafe chiapas, es el mismo shade grown porque voy a hacer degustacion pronto...",@user nuevo cafe chiapas shade grown degustacion
@user @user buscando la mirada perfecta Roci,2,@user @user buscar mirada perfecta Rocío,buscando mirada perfecta Roci,buscar mirada perfecta Rocío,@user @user buscand mirad perfecta roci,buscand mirad perfcut Roci
"""Mae mañana llego a las 10, cuidado te quedas dormida porque a las 10 estoy ahí"" -Liena, se quedó dormida y no ha llegado.",0,mañana llegar quedar dormir estar estar,mañana llego 10 cuidado quedas dormida porque 10 ahí se qued dormida no ha llegado,llegar quedar dormir estar,"mañana llegar a las 10, cuidado quedas dormi porque a las 10 esti ahí"" -Liena, qued dormi y no ha llegado.",mañan llegar cuidad quedar dormi porque ahí quedar dormi no ha llega
"@user @user @user @user ohhh lo mismo! También con concierto, lo que no se, si será el mismo",1,"@user @user @user @user ohhh lo mismo! también con concierto, lo que no se, si será el mismo","lo mismo! También concierto, lo que se, si será mismo'.",lo mismo concierto será mismo,"@user @user @user @user ohhh mismo! también concipto, lo que no se, si será mismo'.","lo mism! tambi conci, lo que se, si ser mism."
Clásico día donostiarra para quedarse en casita con el fútbol #Donostia #Fútbol,2,Clásico día donostiarra para quedar en casita con el fútbol #Donostia #Fútbol,día quedarse casita fútbol #Donostia #Fútbol,día clásico donostiarra quedar casita fútbol,Clásic dia donostiarra para quedarse en casit con el futbol #donosti #futbol,día quedarse cas fútbol #Donostia #fútbol
Me quiero morir para no tener que aguantar esta puta calor,0,Me querer morir para no tener que aguantar esta calor,quiero morir aguantar calor,querer morir para tener que aguantar esta calor,Me quier mori para no tenere que aguantar esta puta calor,quier mor calor
FAV si crees que me gustan los penes (como no soy famoso y nadie le va a dar FAV pues tendre la consciencia limpia),1,FAV si crees que me gustan los pene (como no soy famoso y nadie le va a dar FAV pues tendré la conciencia limpia),crees gustan penes famoso le dar tendré conscience limpia,crees gustan pene soy famoso le dar conciencia limpia,FAV si crees que me gustan los pene (como no soy famoso y nadie le va a dar FAV pues tendré la consciencia limpia),creer gustar pene famos conscience limpi
"@user una de mis favoritas de tu galería, la luz que captaste es muy misteriosa además... me encanta!",2,"@user una de mi favorita de tu galería, la luz que capturaste es muy misteriosa además... me encantu!",@user favoritas galería luz captaste misteriosa encanta,@user favorita galería luz misteriosa encantu,"@user una de mis fav de tu galery, la luz que capt es muy mistiosa adem me encant!",@user favorit galeria luz captast misterios encant
Y el daño moral que le hacemos a Amancio con nuestras críticas? Seguro que está triste y no duerme bien por las noches,0,Y el daño moral que le hacemos a Amancio con nuestras criticar? Seguro que está triste y no duermo bien por las noche.,daño moral hacemos Amancio críticas seguro triste duerme noches,daño moral hacemos Amancio criticar seguro que está triste duermo noche.,Y el dano moral que le hacemos a Amancio con nuesras criticas? Seguro que est triste y no du bien por las noches.,dañ crit triste dorm noche
"Manuel Carrasc  -Uno x Uno me gusta  -Vale -Ok -ta luego maricarmen  -no me gusta pero, vamos a decir que lo respeto  -me se canciones",1,manuel -uno x uno gustar -vale -ok -ir luego maricar -gustar pero -vamos a decir que respetar -saber canción,Manuel Carrasc uno x uno Vale Ok ta luego maric tome se canciones, Manuel uno gustar vale ok ir luego maricar gustar pero vamos decir respetar saber canción,manuel -uno x uno -gusta -vale -ok -ta luego maric -se cancion, Manuel carra uno x uno vale ok ta luego mar ta cancion
"@user Otro para ti Javier, me ha hecho mucha ilusión tu respuesta. Gracias de corazón  feliz noche.",2,"@user otro para ti javier, me ha hecho mucha ilusión tu respuesta. gracias de corazón feliz noche.",Otro Javier respuesta respuesta gracias feliz noche.,"otro ti javier, me ha hecho mucha ilusión respuesta. gracias de corazón feliz noche.","@user otro par ti javier, me ha hech mucha ilusin tu resp. gracias de corazn  felic noite.",Otro Javier respuestas respuesta gracias feliz noche.
Y sigan criticandome hablando paja de mi que yo seguiré viajando y dándome la vida que yo quiera.,0,Y sigan criticándome hablando sin sentido de mí que yo seguiré viajando y dándome la vida que yo quiera.,sigan criticandome hablando paja mi seguiré viajando dándome vida quiera.,sigan criticándome hablando sentido mí seguiré viajando dándome vida quiera.,Y sigan criticandome hablando paja de mi que yo seguiré viajando y dándome la vida que yo quiera.,sigan critiquandome hablando paja mi seguiré viajando dándome vida quiera.
@user o compra fundas de móvil transparentes y las pintas como una pokebola y hazes una pagina web donde las puedas vender,1,@user o compra funda de móvil y las pintas como pokebola y haz una página web donde las puedas vender,compra fundada móvil transparentes pintas pokebola hazes página web vendas puedas,compra funda móvil pintas pokebola haz página web pued vendidas,@user o compr fund transparentes y las pint como una pokebola y haz una pagina web donde las pued vend,compra fond móv transp pint pokeb haz págin web vend pueb
lo mejor de to es que me examino justo el dia de mi cumple pero bueno la vida,2,lo mejor de tener me examinar justo el día de mi cumplir pero bueno la vida,lo mejor de to es que me examino justo el dia de mi cumple,lo mejor tení examinar justo día cumplir pero bueno vida,lo mejor de to es que me examino justo el dia de mi cumple pero bueno la vida,lo mejor de to es que me examino justo el dia de mi cumple
"@user Pero si tú sólo comes paellas-de-verdad, japo pijo yr a  cosas desas de subir a Instagram, homrepordios",0,"@user pero si tú solo comes paella, japo pijo yr a cosas desas de subir a Instagram, homrepordio.",@user comes paellas-de-verdad japo pijo cosas subir Instagram homrepordios,"@user si comes paella, japo pijo cosas subir a Instagram, homrepordio.","@user pero si tú sólo comes paella, japo pijo yr a cosas desas de subir a Instagram, homrepordio.",@user come paell jap pi jo cos subi instag homrepordio
@user amiga siiii y la pobresa extrema sigue,1,@user amiga siiii y la pobreza extrema sigue,@user amiga siiii y la pobresa extrema sigue,@user amiga y pobreza extrema,@user amig extre sii pobr,@user amig extrepoi
Que graciosa va a estar la pretemporada,2,Qué gracioso ir a estar la pretemporada,graciosa pretemporada,gracioso ir estar pretemporada,Que graciosa va a estar la pretemporada,gracioso pretemporada
vale acabo de ver algo muy desagradable gracias cris y buenas noches,0,vale acabar ver algo muy desagradable gracias cris buenas noche,acabo ver algo desaggradable gracias cris buenas noche,acabar ver algo desaggradable gracias cris buenas noche,vale acab ver algo muy desagrable gracias cris y buenas noches,acabo ver algo desaggradable gracias cris buenas noches
@user Quiero verte otra vez  vuelve ya de tu cvtre pueblo.,1,@user quiero verte otra vez vuelve ya de tu cvtre pueblo.,Quiero verte otra vez vuelve ya de tu cvtre pueblo.,quiere verte otra vez vuelve ya pueblo,@user quiero ver te otra vez vuelve ya de tu cver pueblo.,Quier verte otra vez vuelv ya de tu cved pueblo.
Como chiquito con juguete nuevo,2,como chiquito con juguete nuevo,Como chiquito juguete nuevo,como chiquito juguete nuevo,Como chiquit con jucie nui,Como chiquijugueta nouveau
En pleno 2017 y hay servicios que sólo se pueden utilizar con Windows...,0,En pleno 2017 y hay servicio que sólo se puede utilizar con Windows....,En pleno servicios utilizar Windows,En pleno servicio utilizar Windows,En pleno 2017 y hay servi que sólo se pue utilizar con Windo....,En pleno servicio utilizar Windows
"@user @user @user @user ""Resultad Sobrevives"" lo de estar loco funciona",1,"@user @user @user @user ""resultado sobrevivir"" lo de estar loco funcionar","""Resultad Sobrevives"" lo de estar loco funciona",resultado sobrevivir,'Resultad Sobrevivفز_funcs' lо dе_estar лco_functonz,Resultad Sobreviv result loc funcion
@user Así es un saludo desde Perú! La vida es mejor con un buen vino o un buen café!,2,@user así ser un saludo desde perú! la vida ser mejor con un buen vino o un buen café!,@user saludo desde Perú! vida mejor con buen vino o buen café!,@user un saludo desde perú! la vida ser mejor con un buen vino o un buen café!,@user as saludo desde perú! vida es mejor con un buen vino o un buen café!,@user salud desde Perú! vid mejor con buen vin o buen caf!
Erito es una mala persona,0,Estar ser mal persona,Erito mala persona,ser mal persona,Eritro es un mal persona,Erito mal persona
"No se que está pasando conmigo ultimamente, pero extraño a toodooos",1,"No sé qué pasa conmigo últimamente, pero extraño a todos.",se pasando conmigo ultimamente pero extraño todosos,"sé pasa conmigo últimamente, extraño todos.","No se que está pasandome conmigo ultimamente, pero extrañao a todoos.",se pas conmigo ultimamente pero extra todosos
Hoy tuve un día muy lindo me chinearon mucho 2 amigos y el jueves uno que amo mucho.,2,Hoy tuve un dia muy lindo me chinaron mucho 2 amigos y el jueves uno que amo mucho.,Hoy día lindo me chinearon amigos jueves amo,Hoy tuve dia lindo me chinaron amigos jueves amo.,Hoy tuve un dí muy lind me chin mucho 2 amig y el jueves uno que amo mucho.,Hoy día lindo me chinéame amigo jueves amo
"Utopí audiencia estable, media de más de 8'5 en Imdb etc... Pero fue cancelada. No se puede tirar tanto de la manta farmacéutica",0,"utopía audiencia estable, media de más de 8,5 en imdb etc... pero fue cancelar. no se puede tirar tanto de la manta farmacéutica.",audiencia estable media de más de en Imdb etc Pero fue cancelada se puede tirar tanto de la manta farmacéutica,"utopía audiencia estable media de más de 8,5 imdb cancelar se tirar tanto manta farmacéutica","utop audiencia estab, med de mas de 85 en imdb etc... pero fue can. no se puede tirar tanto de la mant farmacéutica",audienc stable med promedio mas de en imdb etc pero fue cance se puede tir tanto de la mant farmac prom
@user Cuando veas una que te guste de color no negro tell me,1,Cuando ver un que gustar de color no negro dime,Cuando veas una que te guste de color tell me,ver gustar color,@user cuand vea un que te guste de col no neg tell me,Cuando vea una que te guste de color tell me
Mira que cucada 😍😍😍😍😍😍😍😍😍 Le he puesto hasta el lacito k llevaba el de ash  http,2,Mirar que cucada estar poner hasta el lacito llevar http,Mira cucada Le he puesto hasta lacito k llevaba ash,Mirar cucada poner hasta lacito llevar,Mira que cuco 😍😉😉😉😉😉😉😉😉 Le he pusie hasta el lacit k lleva el de ash  http,Mira cuca le he pon hasta lac k lleva ash
"Me ha explotado un vaso en la mano, que forma tan bonita de empezar el día",0,"Me explotar un vaso en la mano, que forma tan bonita de empezar el día.",ha explotado vaso mano forma bonita empezar día,explotar vaso mano forma bonita empezar día,"Me explot vaso mano, que forma tan bonita empezar día",ha explot vas man for boni empa día
@user  Que cabrones..... puffff  .... Bueno se empieza de nuevo no pasa nada jejej,1,@user qué cabrón comenzar no pasar pasar jeje,@userBuenoempiezaderevolumpff,@user qué cabrón comenzar jeje,@user  que cabron.... puffff .... bueno se empieza de nuevo no pasa nada jejeje,@userBuenempiezderevolu
@user @user @user @user Al final ha sucumbido el maldito a nuestra dura mano,2,@user @user @user @user al final ha sucumbir el maldito a nuestra dura mano,final sucumbido maldito nuestra dura mano,al final ha sucumbir maldito nuestra dura mano,@user @user @user @user al fin ha sucumbido el maldit a nuesta dura man,final sucumbi maldit nostra dura man
"@user tienen muchos problemas de espalda, rodillas y tobillos  pero solo compiten hasta los 22 o así. Con 22 ya eres viejo.",0,"@user tener problema de espalda, rodilla y tobillo pero solo competir hasta los 22 o así. Con 22 ya ser viejo.",tienen problemas espalda rodillas tobillos compiten años viejo,tener problema espalda rodilla tobillo pero solo competir hasta 22 viejo,"@user ten mucho probl spamal, rodill y tobillos  pero solo compit hasta los 22 o asi. Con 22 ya es viej.",tienen probl espalda rodilla tobillo compit año viejo
siempre que intento ver una nueva serie en NF termino viendo stranger things.,1,siempre que intento ver una nueva serie en nf termino viendo stranger thing.,intentar ver nueva serie NF termino viendo stranger things,intentro viendo stranger thing.,siempre que intento ver una nueva serie en nf termino viendo strange thing.,intent ver nueva serie termin viendo
@user algún día me mandaras un md y me dirás cosas bonitas como te digo yo  te quiero 😳💞,2,@user algún día me mandarás un md y me dirás cosas bonitas como te digo yo  te quiero 😳💞,día mandaras md dirás cosas bonitas digo quiero 😳💞,día mandarás md dirás cosas bonitas digo quiero 😳💞,@user algúndía me mandarás unmensaje y me dirás cosassbонitas comote digo yo  te quiero 😳💞,día mandarás md dirás cosa bonita decir quiero 😳💞
@user Porque nunca nos toca un arbitro bueno? Hay alguno que sea bueno para el Valencia?,0,@user porque nunca nos toca un árbitro bueno? hay alguno que sea bueno para el valencia?,@user Porque nos toca un arbitro bueno? alguno es bueno para el Valencia?,@user porque nos toca un árbitro bueno? alguno es bueno para el valencia?,@user porque nunca nos toca un arbitro bueno? hay alguno que sea bueno para el valencia?,@user porque nos toca un arbitr buen? algum es buen para el valencia?
Un meme de miércoles para un Perú más consciente #EsNiceSi retuiteas #YoCuidoElAgua,1,Un meme de miércoles para un Perú más consciente #EsNiceSi retuiteas #CuidoElAgua,meme miércoles Perú consciente retuiteas CuidoAgua,Un meme miércoles Perú más consciente EsNiceSi retuiteas CuidoElAgua,Un mem de miérd day para un Per más conscienc #EsNiceSi retuit #YoCuidoElAgua,meme miecoles Peru conciiente retuitea cuidoagua
"@user  Yo cuando pueda quiero tener el Omega Constellation,, con los numéricos romanos.",2,"@user yo cuando pueda quiero tener el omega constellation, con los numericos romanos.","@user cuando poder quiero tener Omega Constellation, numéricos romanos.",cuando quiero tener omega constellation numericos romanos,"@user  yo cuando pueda quiero tener el omega constellation,, con los numericos romanos.","@user cuándo poder querer tener omega constellation, numérico romano."
@user somos más felices sin ti,0,@user ser ser mas feliz sin ti,somos felices,ser feliz,@user somos mas feliz sin ti,somos feliz
La realidad es que ella ya no es mi mejor amiga,1,La realidad es que ella ya no es mi mejor amigo,realidad ya mejor amiga,realidad ya mejor amigo,La realidad es que ell ya no es mi mejo amig.,realidad ya mejo ami
"Fue muy bonito postular para el CEUP, hacer cosas que nunca pensé que podía en cortísimo tiempo, de hecho me enseñó a organizarme. #feliz",2,"Fue ser bonito postular para el CEUP, hacer cosas que nunca pensé que podía en cortísimo tiempo, de hecho me enseñó a organizarme. #feliz","Fue bonito postular CEUP, hacer cosas nunca pensé poder cortísimo tiempo, hecho me enseñó organizarme. #feliz","Fue bonito postular CEUP, hacer cosas pensé posible cortísimo tiempo, hecho me enseñó organizarme. #feliz","Fue muy bonito postul para el CEUP, hac cos que nun pensé que pud en cortísmo tiem, de hech me enseñ a organiz m. #feliz","Fue boniti postul CEUP, hac cosa nun pens pue corti tiem, hech me enseñ organizm. #feliz"
@user ya no tendremos el mismo,0,@user ya no tendremos el mismo.,ya tendremos el mismo,ya tendremos el mismo.,@user ya no tenremos el mism,ya tendremos el mism
"Me encontré una tarjeta pegada en el cajero y llamé al banco para reportarla, la dueña puede estar tranquila #whatgoesaroundcomesaround",1,"Me encontrar una tarjeta pegar en el cajero y llamar al banco para reportarla, la dueña puede estar tranquila #whatgoesaroundcomesaround",encontré tarjeta pegada cajero llamé banco reportarla dueña puede tranquila #whatgoesaroundcomesaround,encontrar tarjeta pegar cajero llamar banco reportar dueña tranquila #whatgoesaroundcomesaround,"Me encontré una tarjet pegad en el cajer y llamé al banc para reportl, la dueñ puede estar tranquil #whatgoesaroundcomesaround",encontr tarjeta peg cajero llam banco reportar due tranqui #whatgoesaroundcomesaround
Ser el villano de la película es lo mejor,2,Ser el villano de la película es lo mejor.,Ser el villano película mejor,Ser el villano película mejor.,Ser el villan es lo mejor,ser villan película mejor
En serio que feo ir al mall este día. Mañana seguro estará peor.,0,En serio que feo ir al mall este día. Mañana seguro estará peor.,En serio feo ir al mall este día Mañana seguro peor,En serio feo ir al mall este día Mañana seguro peor,En serio que fe ir al mall este día. Mañana seguro estar peor.,En serio fe ir al mall este día Mañana segur peor
@user tendremos que probarlos y de paso hacer alguna video receta chicos  @user,1,@user tendremos probarlos y de paso hacer alguna video receta chicos  @user,tendremos probarlos hacer video receta chicos,tendremos probarlos hacer video receta chicos,@user tendremos que proba y de paso hacer alguna videoreceta chicos  @user,tendremos probar hacer vide receta chico
Y los directos deberían ser totalmente estables (ya que en Madrid solían darme problemas) Se vienen cosas chulas,2,Y los directo deber ser totally estable (ya que en Madrid solían darme problema) Se vienen cosas chula,los directos deberían totalmente estables ya que en Madrid solían darme problemas Se vienen cosas chulas,los directo deber totally estable ya solían darme problema se vienen cosas chula,Y los dirigir deberían ser totally establ (ya que en Madrid solían darme probl) se vien cosa chula,los direct stable deberia totally estab solui dar probl chula cosa venir
Muchas gracias queridos SPOILERS #TWD,0,muchas gracias querido spoiler estar,Gracias SPOILERS #TWD,gracias querido spoiler,Muchas graci querid spoile #twd,Gracias SPOILERS #TWD
Ocupo ruedas nuevas para los patines,1,Ocupo rueda nueva para los patín.,Ocupo ruedas nuevas para los patines,Ocupo rueda nueva para patín., Ocupo rueda nueva para los patin., Ocupo rueda nueva para los patín
"@user jajaja perdón, la serie está muy buena",2,"@user jaja perdon, serie estar bueno",@user serie está buena,@user jaja serie bueno,"@user jajaja perdon, serie est muy buen",@user serie est está buena
Me retuitea gente que no conozco y sus amigos no tiene los mensajes abiertos y no sé que haser,0,Me retuiteo gente que no conozco y sus amigos no tienen los mensajes abiertos y no sé qué hacer.,retuitea gente conozco amigos mensajes sé hacer,retuiteo gente no conozco amigos no tienen mensajes abiertos sé qué hacer.,Me retuittea gente que no conozco y sus amig no tiene los messaje abierto y no sé que hazer,retuit gente conosco amig mensaje sé haz
Alguna buena moza que me diga a qué hora y qué días echan Teen Wolf,1,Alguna buena moza que me diga a qué hora y qué días echanTeenWolf,buena que me diga hora y días echan Teen Wolf,buena moza diga hora días echan TeenWolf,Algún buen mozo que me diga a qué hora y qué días echan teen wolf,buen que me diga hora y día ech teen wolf
@user vente aquí a caceres y te llevo a un sitio donde verás la luna preciosa,2,@user ven aquí a cáceres y te llevo a un sitio donde verás la luna preciosa, vente aquí caceres te llevo sitio donde verás luna preciosa,ven cáceres llevo sitio donde verás luna preciosa,@user ven aquí a cáceres y te llevo a un sitio donde verás la luna preciosa,ven aquí cacerestelevo sitio donde verás lunapreciosa
"@user Qué fácil es quedarse calladito, bajarse los pantalones y no decir ni mú... Cuánta ignorancia en tu ""opinión"". Saludos",0,"@user qué fácil ser quedarse callado, bajar pantalón y no decir ni mú... cuánta ignorancia en tu opinión. saludo","@user fácil quedarse calladito, bajarse pantalones y decir ni mú... Cuánta ignorancia tu ""opinión"". Saludos","qué fácil quedarse callado, bajar pantalón y decir ni mú... cuánta ignorancia opinión. saludo","@user qué facil es quedar calladit, bajarse los pantalon y no decir ni mú... cuanta ignoranci en tu opin. saludos","@user fácil qued calladit, baj pantalon y decir ni mú... Cuánta ignominia tu opin. Saludos."
Soy una atrevida ay  todos me lo dicen,1,soy una atrevida ay todos me lo dicen,soy atrevida aytodos me lo dicen,soy atrevida ay.todos me lo dicen,soy un atrevi ay  todo me lo dicen,soy atrevi aytodos me lo dicen
@user @user ¡Buen viaje! Hasta la próxima aventura  Un abrazo,2,@user @user ¡buen viaje! hasta la próxima aventura  un abrazo,Buen viaje próxima aventura abrazo,¡buen viaje! hasta próxima aventura abrazo,@user @user ¡buen viaj! hasta la prxim aventur un abraz,buen viaje proxim aventura abrazo
"@user ugh siii, de lo peor",0,"@user ugh sí, de lo peor",de peor,@user ugh sí peor,"@user ugh siii, de lo peor",peor
Es tiempo de una nueva aventura,1,Es tiempo de una nueva aventura.,tiempo nueva aventura,tiempo nueva aventura,Es tiemp tiempo de una nuev nueva advent advent.,tiemponaventururadeaventura
"@user @user ¡Permiso ninguno, por favor! La foto es de Miquel, y yo encantado de poder verla en mi timeline",2,"@user @user ¡ninguno, por favor! la foto es de miquel, y yo encantado de poder verla en mi timeline","¡Permiso, por favor! foto de Miquel, encantado poder verla timeline","¡ninguno, por favor! foto es de miquel, encantado poder verla timeline","@user @user ¡permis ningun, por favor! fot es de miquel, y yo encantado de poder verla en mi timelin","¡permis, por favor! fot de miquel, encantad poder verl timelin"
@user @user cabrooon siempre te acabas follando a mis novias/esposas!!,0,@user @user cabrón siempre te acaba follando a mis novias/esposas!!,@user @user cabrooon siempre te acabas follando mis novias/esposas!!,@user @user siempre acabás follándome a mis novias/esposas!!,@user @user cabrooon siempr te acaba foll a mis novias/esposas!!,@user @user cabrón siempre te acabas follándome mis novias/esposas!!
"Marca el valencia B el 0-1 en la DANI JARQUE, hay que decir que jugamos con 1 menos por expulsión más que rigurosa de un defensor perico",1,"marca el valencia b el 0-1 en la dani jarque, hay que decir que jugamos con 1 menos por expulsión más que rigurosa de un defensor perico",marca valencia B 0-1 Dani Jarque jugamos menos expulsión defensor perico,marca valencia b 1 menos expulsión rigurosa defensor perico,"Marca valenc B el 0-1 en la DAN JAR, hay c decir que jugamos con 1 mens por expulsión m que rígur de un defens perico",marca valencia B 0-1 Dani Jarque jugamos menos expulsión defensor perico
"@user Gracias a datos como esos, hoy día tenemos un mejor catálogo sísmico con datos históricos",2,"@user gracias a datos como esas, hoy día tener un mejor catálogo sísmico con dato histórico",Gracias datos hoy día tenemos mejor catálogo sísmico datos históricos,gracias día tener mejor catálogo sísmico dato histórico,@user gracias a datos como eses hoy día tenim mejor catálico sísmico con datos históricos,Gracias dato hoy día tener mejor catálogو sísmico dato histόrico
"@user maldito ataque de ansiedad tampoco lo soporto, es por eso que los dramas en emisión me hacen sufrir horrores",0,"@user maldita ansiedad tampoco lo soporto, es por eso que los drama en emitir me hace sufrir horrores.",@user ataque ansiedad no lo soporto es dramas emisión me hacen sufrir horrores,@user ansiedad lo soporto drama emitir me hace sufrir horrores.,@user maldit ataque ansiedad tampoco lo soport es porq drama emis me haz sufrir horrores,@user ataque ansiedad no lo soport dram emisi me haz sufrir horros
Casi me aplasta un árbol pero lo bueno es que en la casa ya llegó la Navidá,1,Casi me aplastar un árbol pero lo bueno es que en la casa ya llegar la Navidad,me aplasta árbol pero bueno es que casa llegó Navidá,me aplastar árbol pero bueno es que casa ya llegar Navidad,Casi me aplastar un árbol pero lo bueno es que en la cas ya llega la Navidad,me aplastar árbol pero bueno es que casa llegar Navidad
"@user ya.. se le va, pero me gustó igual  lo siento, sino.. BLME está bien adaptado o los libros de Sparks",2,"@user ya se ir, pero gustar igual lo siento si estar bien adaptar o libro Sparks",se gustó lo siento BLME está bien adaptado libros Sparks,se ir gustar igual estar bien adaptar libro Sparks,"@user ya.. se le va, pero me gustó igual  lo siento, sino.. blme está bien adaptado o los libros de spark",se gust lo sient BLME est bien adapt libr spark
"3 años siguiéndote y ni una mención, con lo que te quiero  @user  #askalvarogango",0,"3 año seguir y ni una mención, con lo que te quiero  @user  #askalvarogango",años siguiéndote mención te quiero user askalvarogango,3 año seguir con lo que te quiero @user #askalvarogango,"3 anios siguiendote y ni una mencion, con lo que te quiero  @user  #askalvarogango",año siguiendo mención querer user askalvarogango
me llevo bien con los ex de @user jaja hasta jugamos pichangas @user #yosupereamiex,1,me llevar bien con los ex de jaja hasta jugar pichanga,llevo bien ex user jugamos pichangas,llevar bien ex jugar pichanga,me llevo bien con los ex de @user jaja hasta jueg pichang @user #yosupereamiex,lleva bien jugar pičangada
@user en francia probé un ramen de bolsa que era más rico que Tokyo Ramen llévenme al primer mundo,2,@user en francia probé un ramen de bolsa que era más rico que tokyo ramen llévame al primer mundo,@user francia ramen bolsa rico Tokyo Ramen primer mundo,en francia probé ramen bolsa más rico tokyo llévame primer mundo,@user en francia probé un ramen de bolsa que er más ric que tokyo ramen llévmenme al primer mundo,@user francia ramen bolsa rico tokyo ramen primer mundo
Todavía son las nueveeee e e e e e e eeee Uf,0,Aún son las nueve uf,Todavía son las nueve,son las nueve,Todavía son las nueve e Uf,Son las nueve
"@user Yo he ganado recursos haciendo justo eso, demostrando que el colega usó resúmenes acomodados",1,"Yo ganar recurso hacer justo eso, demostrar que el colega usar resumen acomodar",he ganado recursos demostrando colega usó resúmenes acomodados,ganar recurso hacer justo demostrar colega usar resumen acomodar,@user yo he gan res demostrando que el colegio us resum acom,he ganad recurso demostrando colega us resúm acomod
"Y en mi momento de alta autoestima/ego, les puedo asegurar que mi sonrisa se contagia  (en persona, obviamente)",2,"Y en mi momento de alta autoestima/ego, les puedo asegurar que mi sonreír se contagia (en persona, obviamente)",en momento alta autoestima ego puedo asegurar sonrisa se contagia persona obviamente,en momento alto autoestima ego puedo asegurar sonreír se contagia persona,"Y en mi momento de alta autoestim/ego, les puedo asegurar que mi sonrisa se contagia  (en perso, obviamente).",en momen alto autoestim ego podi asegur sonri se contag persona obviament
Que seriedad pues papá!! A ver el cabello con TINTE? Me da bien? MEJOR PREFIERO NATURAL! Así me identifico,0,Qué seriedad pues papá!! A ver el cabello con TINTAR? MEJOR PREFIERO NATURAL! ASÍ ME IDENTIFICO.,Que seriedad pues papá!! A ver el cabello con TINTE? Me da bien? MEJOR PREFIERO NATURAL! Así me identifico, Qué seriedad pues papá!! A ver el cabello con TINTAR? MEJOR PREFIERO NATURAL! ASÍ ME IDENTIFICO.,Que seriosidad pues papá!! A ver el cabello con TINT? ME da bien? MEJOR PREFIERO NATURAL! Así me identifico,Qué seriedad pues papá!! A ver el cabello con TINT? ME DA BIEN? MEJOR PREFIERO NATURAL! ASI ME IDENTIFICO
"La receta de la felicidad, es saber que quien no experimenta, crea, innova, no sera seguro de si mismo.",1,"La receta felicidad, ser saber quien no experimenta, crear, innovar, ser seguro si mismo.",receta felicidad saber experimenta cria innova seguro,receta felicidad saber experimenta crear innovar seguro,"La recet felicidad, es saber quién no experimenta, crea, innova, no ser seguro de sí mismo.",recet felicid saber experimenta cri innov segur
"@user 2. Hace mucho tiempo hablabamos por skype por un amigo en común y estaba guay, además de que eres muy mona!",2,"@user 2. hace mucho tiempo hablábamos por skype por un amigo en común y estaba guay, además de que eres muy mono!",Hac tiempo hablábamos por Skype amigo común estaba guay además de que eres mona!,hacemos hablábamos skype amigo guay además mono,"@user 2. hace mucho tiempo hablábamos por skype por un amigo en común y estab guay, además de que eres muy mona!",Hac tiempos habl ar por Skyp ami comn estab guay ad m de que er mon!
Yo voy ciego y me vuelco a csa,0,Yo ir ciego y me vuelco a casa,vagocegvuelcoasa,ir vuelco casa,Yo voy ciego y me vuelco a casa,vuelcoasa
@user ese es mi estado continuo...,1,ese ser mi estado continuo,@user estado continuo...,ese mi estado continuo,@user ese es mi estadi continuo...,@user estat continu...
@user Slides preparadas !! (al menos la primera versión..,2,@user slide preparar!! (al menos la primera versión..,Slides preparadas!! al menos primera versión..,slide preparar!! (al menos primera versión..,@user slides preparad!! (al menos la prim/version..,Slid preparal!! al menos prim vera..
@user ya pero 15 euros... Al final la pillare pero me quedo pobre ahora mismo,0,@user ya pero euro al final la pille pero me quede poquito ahora mismo,@user ya 15 euros... Al final la pillare me quedo pobre ahora mismo,@user euro al final la pille me quede poquito ahora mismo,@user ya pero euro... al final lo pille pero me quede pobre ahora mismo,@user ya euro... al final la pillare me quede pobre ahora mismo
"Creo que pocas veces he estado tan enfadado como esta mañana, pero bueno, entre Uncharted 4 y el ejercicio me han animado",1,"Creer, que, pocas veces, haber estado, tan enfadar, como, esta mañana, pero, bueno, entre, estar, jugar, y, el, ejercicio, me, han, animar.",Creo que veces estado tan enfadado como esta maana pero bueno Uncharted 4 y ejercicio me han animado,Creer pocas veces haber estado tan enfadar esta mañana pero bueno entre jugar y el ejercicio me han animar,"Creo que poc vez he estado tan enfadado como esta mañan, pero bueno, entre Unchat 4 y el ejercico me han animado","Creer, vez, estar, enfade, maan, Unchart, ejercici, animar"
"Super Junior es un escape a todas las cosas malas que pasan en mi vida, es por eso que al apoyarlos no lo veo como una obligación",2,"Super Junior ser un escape a todas las cosas mala que pasan en mi vida, es por eso que apoyarlos no lo veo como una obligación.","
'Super Junior escape cosas malas vida apoyo veo'
Super Junior escape cosas malas vida apoyarlos veo义务人工助手无法直接生成西班牙语文本。但是，根据你的要求，去除给定句子中的停用词后，结果如下：",Super Junior es escape cosas mala vida apoyarlos no veo obligación.,"Super Joven es un escape a todas las cosa mala que pasa en mi vida, es por eso que apoyarlos no lo veo como una obligación.",Super Junior escape cosas malas vida apoyo veo
¡¡No a las agresiones sexistas durante y después de las Fiestas!!  #Sangüesa,0,No a las agresión sexist durante y despus de las Fiesta  #sangüesa,¡a agresiones sexistas durante después fiestas!! #sangüesa,a las agressexist durante y despus de las Fiesta #sangüesa,¡¡no a las agresi sexista durante y después de las fiesta!!  #sanguesa,¡agres sexistas dur después fiest!! #sangües
A ver que asi a lo tonto me quedan solo 2 dias en Galicia.,1,A ver qué así a lo tonto me quedarán solo 2 días en Galicia.,que me quedan solo 2 dias en Galicia,qué así a lo tonto me quedarán solo días Galicia,A ver que asi a lo tonto me queden solo 2 dias en Galicia.,que me quede solo 2 dia en Galicia
@user ... Buena elección! Gracias por empujarme a verla antes que la saquen!,2,@user... buena elección! gracias por empujarme a verla antes que la saquen!,@user... elección! gracias empujarme verla antes saquen!,buena elección gracias empujarme verla antes saquen,@user... buenas elecció! grácias por empujame a verla antequi la saquen!,@user... elecció! grácias empujame verla antis saquen!
"@user pues es egoísmo, insolidaridad, y miedo. Aunque ya sabes que no seré yo el mayor fan de Podemos",0,"@user pues ser egoísmo, insolidaridad, y miedo. aunque ya sabes que no seré yo el mayor fan de Podemos","pues egoísmo, insolidaridad, miedo. Aunque ya sabes que seré fan Podemos.","pues egoísmo, insolidaridad, miedo. sabes que seré mayor fan Podemos","@user pues es egoism, insolidarid, y mied. Aunque ya sabes que no seré yo el mayor fan de Podemos.","pues egoísm, insolidarid, mied. Aun ya sabes que seré fan Podemos."
"""y recuerda que SIEMPRE mañana será otro día"" palabras de alguien que siempre estará conmigo",1,"y recuerda que SIEMPRE ser será otro día"" palabras de alguien que siempre estará conmigo",recuerda SIEMPRE será otro día palabras alguien estará conmigo,recuerda SIEMPRE será otro día palabras alguien estará conmigo,"y recuerda que SIEMPRE mañan será otro día"" palab ra de alguin que siempr esté conmí",recuerda SIEMPRE ser otro día palabra alguien estar conmiendo
"Hoy están participando muchas más mujeres, lo que me alegra mucho. Ya sea para preguntas propias o para hacer preguntas por su pareja",2,"Hoy participar muchas mujer, lo que me alegrar mucho. Ya sea para pregunta propia o para hacer pregunta por su pareja.","Hoy participando mujeres, lo me alegra mucho. Ya sea para preguntas propias o hacer preguntas por su pareja.",participar mujer alegrar pregunta pareja,"Hoy estan participand many mas muj, lo que me alegr mucho. Ya sea para pregunt propias o para hacer pregunt por su par.","Hoy participa mujer, lo me alegra mucho. Ya sea para pregunta propia o hacer pregunta por su pareja."
Tengo los labios super secos #anli,0,Tener labio seco #anli,Tengo labios secos #anli,labio seco,Tengo los labio super seco #anli,Tengo labio seco #anli
@user con todas las cremas jajaja tmr tengo hambre jajajsjs,1,@user con toda la crema jajaja tmr tengo hambre jajajsjs,@user crem tmr hambre,@user crema tmr hambre jajajsjs,@user con toda la crema jajaja tmr tengo hambre jajajsjs,@user crm tmr hambr
@user me has hecho llorar con tu video para Cate !! Que bello amor Lograste transmitir tus mejores sentimientos! Vibras para ambos,2,@user me hace llorar con tu video para Cate!! Que bello amor Lograste transmitir tus mejores sentimientos! Vibras para ambos,@user ha hecho llorar video Cate bello amor Lograste transmitir mejores sentimientos Vibras para ambos,@user video Cate bello amor Lograste transmitir sentimientos Vibras para ambos,@user me has hecho llorar con tu video para cat!! Que bello amor lograste transmitir tus mejores sentimientos! vibras para ambos,@user ha he llorar video Cate bello amor Lograste transmitir mejor sentimiento Vibr para amb
@user Debió decirlo! No le parece chirriante que sea igual al texto de 7 Caníbales? Se lo digo desde el respeto.,0,Deber decir! No le parece chirriante ser igual al texto de caníbal? Se lo digo desde el respeto.,Deber decir chirriante texto de Caníbales Se lo digo respeto,Deber decir! le parecer chirriante ser igual texto caníbal? lo digo desde respeto.,@user Debír decir! No le pare chirriante que sea iguales al texto de Caníbal? Se lo digo desde el respeto.,Deber decir chirriar texto de Caníbal Se lo digo respeto
Estoy sola en un banco,1,Estoy ser en un banco,sola banco,ser en banco,Estoy sola en un banc,sol ban
"@user @user No es perfecta, tiene sus cositas. Pero el balance es bueno, bastante bueno. Y claro, sales cantando",2,"@user @user no ser tener, tiene su cosa. pero el balance ser buen, bastante buen. y claro, sale cantar.","@user @user es perfecta, tiene sus cositas. Pero balance es bueno, bastante bueno. Y claro, sales cantando",@user @user tener tiene cosa pero balance buen bastante buen claro sale cantar,"@user @user no es perfecta, tiene sus cosita. pero el balanc es bueno, bastante bueno. y claro, sal cantando.","@user @user es perfec, tiene sus cosit. Pero balanc es bueno, bastant bueno. Y claro, sales cantand."
"Esta bien tener hermanos, siempre y cuando uno de ellos no decida ser subnormal perdido",0,"Esta bien tener hermano, siempre y cuando uno de ellos no decida ser subnormal perdido.",Esta bien hermanos siempre y decida subnormal perdido,"Esta bien tener hermano, siempre y cuando uno de ellos decida ser subnormal perdido.","Esta bien tener hermanos, siempre y cuando uno de ellos no decida ser subnorma perdido.",Esta bien hermanos siempre y decida subnorm perdido
Buenos días y #felizmartes. Cuántos de vosotros llegáis al final de vuestras #vacaciones? Y cuántos las tenéis a la vuelta de la esquina?,1,Buen día y #felizmartes. Cuántos de vosotros llegais al final de vuestras #vacación? Y cuántos las tenéis a la vuelta de la esquina?,Buenos días felizmartes vacaciones vuelta esquina,Buen día felizmartes vacación vuelta esquina,Buenos dia y #felizmartes. Cuantos de vossotros llegais al final de vossuas #vacacion? Y cuantos las teniais a la vuelta de la esquina?,buen dia felizmartes vaciia vuelta esqui
"@user bueno, a veces es lo único que tengo, y hay algunos que merecen la pena",2,"@user bueno, a veces es lo único que tener, y hay algunos que merecer la pena.",bueno veces únicamente que tengo algunos merecen pena,"bueno, veces únicamente tener, hay algunos merecer pena.","@user bien, a veces es lo únic que tengo, y hay alg que merec la pena",buen vez únicamente que tener some merecer pena
Yo todo ilusionado porque he encontrado un disco duro externo en casa para meter toda la mierda del portátil y es de dos gigas,0,Yo todo ilusionado porque he encontrado un disco duro en casa para meter toda la mierda del portatil y es de dos giga,todo ilusionado porque encontrado disco duro externo casa meter mierda portátil de gigas,todo ilusionado encontrado disco duro casa meter mierra portatil dos giga,Yo todo ilusión porque he encontrad un disc dexterno en cas para met tod la mierd del portátil y es de d gig,todo ilusión porque encontrado disco duro casa meter mierda portátil de gигг
Lo bueno del frío es que puedo comer como siempre y echarle la culpa al mismo,1,Lo bueno del frío es que puedo comer como siempre y echarle la culpa al mismo.,bueno frío comer siempre echarle culpa mismo,bueno frío comer culpa mismo,Lo bon frío es que pue comer como siempr y ech le ch culpa al mism.,buen frío comer si echarl culpa mism
@user Ojalá mi Robbie Williams... Sería ideal teniendo una nueva era al caer. O Take That!,2,@user Ojalá mi Robbie Williams... Sería ideal teniendo una nueva era al caer. O Take That!,Ojalá mi Robbie Williams Sería ideal teniendo nueva era al caer O Take That!,@user Robbie Williams nueva era caer Take That,@user ojalá mi robbie cantar sería ideal teniendo una nueva era al caer o take that,Ojalá mi Robby Willi Sería ideal teniendo nueva era al caer O Take Tha!
🌼 evan peters 🌼  -casi siempre me equivoco y pongo evans peter  -dejadme -es muy sdasldjalsk,0,🌼 evan peters 🌼  -casi siempre me equivoco y pongo evan peter  -dejadme -es muy sdasljaslk,evan peters dejadme sdasldjalslk,evan peters dejadme,🌼 evan peter 🌼  -casi siempr me equivoc y pon evan  -dejame -es muy sdasldjalaslks,evan peters dejadme sdasldjalslk
Ayer inicie con mi proyecto de hacerme mi propia huerta,1,Ayero iniciar mi proyecto de hacerme mi propia huerto,Ayer inici con mi proyecto hacerme propia huerta,iniciar proyecto hacerme propia huerto,Ayé inicié con mi proyécto de hagarmmémipóprpiá húrtá.,Ayero inciio mi proyec hacerm propia huertra
"@user no te conozco, pero tras un vistazo en tw pareces guapa e interesante. Ánimo, espero que puedas recuperarte poco a poco",2,"@user no conocerte, pero tras un vistazo en tw parecer guapo e interesante. ánimo, espero que poder recuperarte poco a poco.","te, tras, vistazo, pareces, guapa, interesante, Ánimo, espero, que, puedas, recuperarte, poco, poco",conocerte parecer guapo interesante ánimo espero poder recuperarte,"@user no te conozco, pero tras un vistazo en tw parees guap e interesant. ñimo, espero que pueyas recupérarte poc a poc.","te, tras, vista, parec, guap, interes, ánim, esper, que, pued, recup, poco, poco"
que cansado me tenes albacete... que cansado!!    sino vuelvo a rosario en verano........... ojo.,0,que cansado me tiene albacete... que cansado!!    si no vuelvo a rosario en verano........... ojo.,cansado tenes albacete cansado vuelvo rosario verano ojo,cansado tiene albacete cansado vuelvo rosario verano ojo,que cansad me tenesalbacete... que cansad!!    sino vuelvo a rosario en verano........... ojo.,cansado ten rosario verano ojo
"Preparando la maleta, proxima parada #huelva #fiestasconamigas  💃🏻👯🚆",1,"Preparando la maleta, proxima parada estar #huelva #fiestaestarconamigas  💃🏻👯 TRAIN",preparando maleta proxima parada fiestas amigas 💃🏻👯🚆,preparando maleta proxima parada huelva fiesta con amigas 💃🏻👯 TRAIN,"Preparand malet, proxim parada #huelv #fiestconamigas  💃🏻👯🚆",prepar malet parada fiest amig 💃🏻👯🚆
@user Mis sentimientos y mi orgullo por el Valencia son muy grandes. Yo quiero lo mejor para el Valencia.,2,Mis sentimiento y mi orgullo por el Valencia son muy grande. Yo quiero lo mejor para el Valencia.,Mis sentimientos y orgullo Valencia son grandes. quiero lo mejor Valencia.,Mis sentimiento orgullo Valencia muy grande quiero lo mejor Valencia.,@user sentimenter Valencia orguller grande. yo querer mejor Valencia.,Mis sentimient y orgull valenc son gran. quier lo mejor valenc.
"""Él es raro, pero es hay q estar demasiado mal de la cabeza para querer estar con alguien tan dañada como yo"". -Yo, hablando con mi papá.",0,"Él ser raro, pero ser hay q estar demasiado mal de la cabeza para querer estar con alguien tan dañar como yo"". -Yo, hablando con mi papá.","raro, estar, demasiado, dañada, papá",él ser raro pero estar demasiado mal cabeza querer estar con alguien tan dañar como yo -yo hablando con mi papá,"Él es rar, pero es hay q est too mal de cabez para quer est con algui tan dañad como yo"". -Yo, hablando con mi papá.","raro, estar, too mucho, dañada, papá"
"@user sisi, xa lle vexo a cara mañan no examen",1,"@user sisi, ya me lo vi la cara mañana no examen","@suser sisi, xa vexo a cara mañan examen","@user sisi, ya lo vi la cara mañana no examen","@user sisi, xa lle vexo a cara mañan no examen","@suser sisi, x ve mañan examen"
@user Ya lo tenía fichado y tengo ganas de darle uso  ¡¡Gracias!!,2,@user ya lo tenía fichado y tengo ganas de darle uso ¡¡gracias!!,Ya ten fichado ganas dar uso Gracias,@user lo ten fichado y tengo ganas darle uso ¡¡gracias!!,@user ya lo tenia fichad y tengo ganas darle uso  gracias,Ya ten fichado ganas dar uso Gracias
"@user @user  #NecesitoElViajeAAndalucia bueno si un tal premio al mongol o algo así, pero eso era malo",0,@user @user  #necesitar viaje a andalucia bueno si un tal premio al mongol o algo asi pero eso era malo,@user @user NecesitoElViajeAAndalucia bueno si tal premio mongol algo así pero eso malo,viaje Andalucia bueno premio mongol,@user @user  #NecesitElViageAAndalucaia bueno si un tal premio al mongol o algo aśi pero eso era malo,@user @user NecesitoElViageAAndalucaia bueno si tal premi mongol algo así pero eso malo
@user Los equipos son igual de serios que en la liga que juegan,1,Los equipo ser igual de serio que en la liga que jugar,Los equipos son serios liga juegan,equipo serio liga jugar,@user equipo ser serio liga jugar,Los equi serio ligu jugar
Hoy soñé que @user era mi profe de actuación y fui extremadamente feliz.,2,Hoy soñar era mi profe de actuación y fuí extremadamente feliz.,Hoy soñé profe actuación fui feliz.,Hoy soñar profe actuación extremadamente feliz.,Hoy soñé que @user era mi profe de actú y fui extremadamente felí.,Hoy soñé profe actuar fui feliz.
"Que #Rajoy no logre la #investiduraRajoy NO ES NOTICIA, lo contrario sí... Pero serán becarios los que están en prácticas",0,"Qué Rajoy no logre la investidura Rajoy NO ES NOTICIA, lo contrario SÍ... Pero serán becario los que están en práctica.","#Rajoy logre #investiduraRajoy ES NOTICIA, contrario serán becarios prácticas",Rajoy logre investidura NOTICIA contrario... Pero serán becario están práctica.,"Que Rajoy no logr logr NO ES NOTICIA, lo contrario sí... Pero ser ser estarán en prácticas.",#Rajoy logr es #investidur Rajoy ES NOTICIA contr ser becar prác
@user uf ......quién se atreve a juzgar .....yo me voy a dar una ducha fría,1,@user uf......quién se atrever yo me voy a dar una ducha fria,@user uf......quién se atreve a juzgar.....me voy a dar una ducha fría,quién atreverme voy dar ducha fría,@user uf......quién se atrever a juzgar.....yo me voy a dar una ducha fria,@user uf......quién se atrever a juzgar.....me voy a dar una ducha fria
"@user, experto en hacer reencuentros inolvidables since 1994",2,"@user, experto en hacer reencontro inolvidable desde 1994","@user, experto hacer reencuentros inolvidables 1994","@user, experto hacer reencontro inolvidable 1994","@user, experto en hacer reencontre inolvidable since 1994","@user, expert hacer reencuentro inolvidable 1994"
"A Piper no le gusta que robe en las casas ni a la gente, Piper se ha ido a la basura junto a albóndiga",0,"A Piper no le gusta que robe en las cas ni a la gente, Piper se ha ido a la basura junto a albóndiga.",Piper gusta robe casas gente Piper se ha ido basura albóndiga,Piper roba cas gente basura albóndiga.,"A Pipp n le gust l robar n l casa ni a l gent, Pipp se ha ido a l basur junt a albond.",Piper gust rob cas gent Piper se ha ido bas albón
@user Faltan las canciones que cuando estás triste te hacen llorar y a la vez reír cuando estás alegre,1,@user faltar canción cuando estar triste hacer llorar y a vez reír cuando alegre,Faltan canciones triste te hacen llorar y alegre reír cuando estás cuando estás,faltar canción cuando estar triste llorar y a vez reír cuando alegre,@user faltan las cancion que cuando estas triste te hacen llorar y a la vez reir cuando estas alegre,Faltar canc triste hacer llorar y alegre reir cuando estás cuando estás
"@user Va perfecto entonces, ¡muchas gracias!",2,"@user va perfecto entonces, ¡muchas gracias!","Va perfecto entonces, gracias!","va perfecto entonces, gracias!","@user va perfec then, ¡mucho graci!","Va perfectri, graci!"
La verdad esque por YT he hecho cosas malas y me arrepiento y pido perdon pero pff,0,La verdad es que por ver hacer cosa mala y me arrepentir y pedir perdón pero pff,La verdad he hecho cosas malas y me arrepiento y pido perdón,La verdad que ver hacer cosa mala y me arrepentir pedir perdón pero pff,La verdad esq por yt he hac cosa mala y me arrep pen y pid pero pero pff,La verdad he hac cosa mal y me arrep pen y pid per.
"@user si conoces algún productor que quiera llevarse la obra, que se contacte con nosotros",1,"@user si conoces algún productor que quiera llevarse la obra, que se contacte con nosotros",@user conoces productor quiera llevarse obra se contacte nosotros,conoces productor quiera llevarse obra se contacte nosotros,"@user si conoce algún produtor que quiera llevarse la obra, que se contacte con nosotro.",@user conos product quiera llevarse obra se contacte nosotro
"@user ah bueno, eso duele menos que el dedo del pie heee jajaja calma calma... laura lo arregla",2,"@user ah bueno, eso duele menos que el dedo del pie heee jajaja calma calma... Laura arregla",@user ah bueno eso duele menos que el dedo del pie heee jajaja calma calma... laura lo arregla,@user bueno eso duele menos que el dedo del pie jajaja calma Laura arregla,@user ahh buenas eso dui menos que el de do pi hee jaja calm calm laur lo arra,@user ahh bueno eso dui menos que el de do pi hajaja calma calma... laur lo arra
"New Balance podría dejar de ser el patrocinador de la Sele o sea, camisetas feas otra vez",0,"New balance podría dejar de ser el patrocinador de la sele o sea, camiseta fea otra vez","
New Balance patrocinador Sele camisetas feas
New Balance podría dejar patrocinador Sele camisetas feas又一次
这里纠正一下，去掉停用词后的句子应该是：",New balance patrocinador sele camiseta fea,"New Balancie podríe deixar de ser el patroncinie de la Sele o sea, camiset fea otra vez",New Balance patrocinador Sele camisetas feas
"Va, aprovechad q estoy aburrido y de vacaciones, y me apetece dibujar tradicional, decidme un diseño de tattoo sencillo y molón",1,"Va, aprovecha que estoy aburrido y de vacaciones, y me apetece dibujar tradicional, decime un diseño de tattoo sencillo y molón.","aprovech q est aburrido y de vacaciones, me apet dibuj tradicional, decidme dise de tattoo sencillo y molón",aprovecha estando aburrido vacaciones apeteceme dibujar tradicional decime diseño tattoo sencillo molón,"Va, aprovech q est aburrido y de vac, y me apet dibuj tradic, decidme un dise sencil y molón.","aprovech que est aburr y de vaci, me apet dibuj tradic, decidme dise de tatoo sicol y molón"
"@user si al final acabamos hablando un rato, era muy simpática  @user",2,"@user si al final acabamos hablando un rato, era muy simpatica  @user","@user si al final acabamos hablando rato, era simpática  @user",@user si al final acabamos hablando rato era simpatica  @user,"@user si al finalement acabamos hablando un rat, era muy simpátic @user","@user si al final acabamos hablando rato, era simpatica  @user"
"Hoy me sentí como grace de ""al fondo hay sitio"" cuando la atropellaron, solo que no fue de mentira y casi no la cuento que horrible",0,"Hoy sentirse grace de al fondo hay sitio cuando atropellarlo, solo que no ser de mentira y casi no contarla que horrible",sentí grace fondo hay sitio atropellaron horrible,sentirse grace fondo sitio cuando atropellarlo solo que ser mentira contarla horrible,"Hoy me sentí como grace de ""fond hay sitio"" cuando la atropellaron, solo que no fue de mentr y casi no la cuento que horribl",sentir gracia fondo hay sitio atropellar horrible
Yo con ganas de tirarle mi batería externa a @user para que no se le descargue el celular,1,Yo con ganas de tirarle mi batería externa a @user para que no se le descargue el celular,con ganas tirarle batería externa user para que no se le descargue celular,con ganas tirarle batería externa user que no se le descargue celular,Yo con gan con tir tir mi batería externa a @user para que no se le descarg celular,con gan dar tir bateri extern user para que no se le descarg celular
Amo la nueva canción de Sofía Reyes,2,Amo la nueva canción estar,Amo nueva canción Sofía Reyes,Amo nueva canción,Amo la novedad canción de Sofía Reyes,Amo nueva canción Reyes
Ojalá la capital este tan caliente como dicen esos q se quejan del clima caluroso!!!!,0,Ojalá la capital esté tan caliente como dicen esos q se quejen del clima caluroso!!!!,Ojalá capital caliente dicen q se quejan clima caluroso!!!!,Ojalá capital caliente dicen quejen clima caluroso!!!!,Ojalá la capi tal esté tan calent e como dicen eses q se quie ran del clim a calur roso!!!!!,Ojalá capi calient q se queja clima caluros!!!!
"@user Yo no te pido la luna solo pido que me toque la bonoloto, para salir de los problemas.",1,"Yo no te pedir luna solo pido que me toque la bonoloto, para salir de los problemas.","@user te pido solo pido que me toque bonoloto, salir problemas.","te pedir luna solo pido que me toque la bonoloto, salir de los problemas.","@user yo no te pid luna solo pid que me toq bonoloto, para salir de los probl.","@user te pid pid que me toque bonolot, salir problemat."
Mañana va a ser un día guay,2,Mañana va a ser un día bueno,Mañana ser día guay,Mañana ser día bueno,Mañana va a ser un día gay,Mañan ser dia guay
Mañana me sacan sangre y tengo que ir en ayunas. Dadme ánimos ante esta situación tan heavy que me está tocando vivir,0,Mañana sacar sangre y tener que ir en ayuno. Dar ánimo ante esta situación tan heavy que estar tocando vivir.,sacar sangre ir ayunas dar ánimos situación heavy vivir,sacar sangre tener ir ayuno Dar ánimo situación heavy tocando vivir,Mañan sac sang y ten que ir en ayu. Dad ánimos ante esta situ tan heav que te está to vivir.,sac sang ir ay dar anim situat heavy viv
@user fui durante 11 años comercial de una multi discográfica y trabajé con Fnac. Sé lo digo.,1,@user fui durante 11 año comercial de una multidiscográfica y trabajé con Fnac. Sé lo digo.,fui años comercial multi discográfica trabajé Fnac. Sé digo.,fui año comercial multidiscográfica trabajé Fnac Sé digo,@user fuí durante 11 año comercial de una multidiscográfica y trabajé con Fnac. Sé lo digo.,fui año comercial multi discográfica trabajó Fnac sé digo.
Fin de la Misión #Lima-limon: Muchas gracias a tod@s por el cariño y por la buena onda!! El tiempo fue corto pero se repetirá visita,2,Fin misión lima-limon: mucha gracias a tod@s por el cariño y por la buena onda!! El tiempo fué corto pero se repetirá visita.,Misión Lima-limon: gracias tod@s cariño buena onda tiempo corto repetirá visita,misión lima-limon gracias tod@s cariño buena onda tiempo corto repetirá visita,Fin de la Misión #Llima: Mucha grácias a tod@ por el carín y por la boa onda!! Tiemp foi corto pero se repetirá visi.,misión limón: gracias tod@s cariño buena onda tiempo corto repetirá visita
Silvia pesada deja de dar rt que me sale doble notificación,0,Silvia pesar dejar de dar rt que me sale notificación,Silvia pesada dar rt sale notificación,Silvia pesar dejar dar rt notificación,Silvia pes dar rt que me sale dobl notificación,Silvia pes dar rt sal notifi
No me quiero ir bueno sí pero no,1,No me quiero ir bien sí pero no,me quiero ir,me quiero ir,No me quiera ir bien si pero no,me quier ir
"@user buenos días, último día laboral, me voy a vacaciones una semana. Éxitos en sus vidas y que sean muy felices",2,"buen día, último día, me voy a vacación una semana. éxito en vuestra vida y que sean muy feliz",buenos días último día laboral me voy vacaciones semana Éxitos sus vidas sean felices,día último vacación semana éxito vida feliz,"@user buen día, últi día labora, me voy a vaca una semana. éxit en sus vid y que sean muy felic.",buen día últim día laboral me voy vaci semana Éxitos sus vid sean feliz
Casi siempre me hacen fotos sola y quiero fotos cuquis con gente,0,Casi siempre me hacen foto sola y quiero foto cuqui con gente,me hago fotos cuquis gente,me hacen foto sola quiero foto cuqui gente,Casi sempre me hagan fot sola y quieren fot cuqui con gent,me hago fotos cuqui gente
"Ya llegó Unidos Podemos, @user y @user acaban de llegar juntos al @user",1,"Ya llegar unir podemos, usuario y usuario acabar llegar juntos al lugar","llegó Unidos Podemos, acaban de llegar juntos",llegar unir podemos usuario acabar llegar juntos lugar,Ya llegad@ user y @user acand@ de llegad@ juntos al @user,"llegó unid, acab just junt"
"@user no, llevamos una ruta pero nos dejan unos cuantos días libres, así más cómodo, que voy con mi padre y pasó de ralladas",2,"@user no, llevamos una ruta pero nos dejan unos cuantos días libres, así más cómodo, que voy con mi padre y pasé de ralladas",llevamos ruta cuantos días libres así más cómodo voy padre pasó ralladas,"llevamos cuantos días libres, así más cómodo, voy padre pasé ralladas","@user no, llevamos una rut pero nos dejan unos cuantos d libres, as m s cmodo, q voy con m pad y pas d rallas",lleva ruta cuant día libré así cómoda voy pad passed rallar
@user oye pero yo no soy tan burguesito sbs,0,@user oye pero yo no soy tan ser sbs,@user oye soy burguesito,@user oye soy ser sbs,@user oye pero yo no soy tan burgues sbs,@user oye soy burgués
Igual no iré porque estoy más ajustado,1,Igual no ir because estar más ajustado,Igual iré porque estoy ajustado,Igual ir porque estar más ajustado,Igual no ir porque esté más ajustad,Igual ir porque estar ajustado
"Perdon, las dudas en Twitter a traves de #askLFI  Las ayudas #ayudasLFI es una convocatoria de ayudas, muy interesnate tambien",2,"Perdonar, la duda en Twitter a través de #askLFI  la ayuda #ayudaLfi es una convocatoria de ayuda, muy interesante también.","Perdón, dudas Twitter #askLFI ayudas #ayudasLFI convocatoria ayudas interesante",duda Twitter #askLFI ayuda #ayudaLfi convocatoria ayuda interesante,"Perdón, dud, twit, #asklfi  ayu, #ayulfi es convoc, muy intere, también","Perdón, duda Twitt convoc interesante"
@user @user @user cabrones que sabéis que soy pobre,0,@user @user @user cabrón que saber ser pobre,cabrones que soy pobre,saber ser pobre,@user @user @user cabron que sabe que soy pobre,cabra que soy pobre
"@user En ese caso, todo bien. Tengo derecho a equivocarme si su tweet es ambiguo Hahahaha. Saludotes",1,"@user en ese caso, todo bien. tener derecho a equivocarme si su tweet es ambiguo hahahaha. saludotes.",En caso todo bien. Tengo derecho equivocarme si tweet es ambiguo Hahahaha. Saludotes,@user caso todo bien derecho equivocarme tweet ambiguo hahahaha saludotes,@user en ese cas todo bien. ten derecho a equivoc mero si su twit es ambig hahahah. saludotes,En cas todo ben. Ten derecho equivoc m si tw es ambig Hahahaha. Saldotes.
@user Señor tiene usted una invitación formal a nuestra serie Mundo Chiquito. @user mándale el contrato,2,@user señor tener usted una invitación formal a nuestra serie mundo chiquito. @user mandale el contrato,Señor tiene usted invitación formal a nuestra serie Mundo Chiquito. mándale contrato,teniendo invitación formal serie mundo chiquito mandale contrato,@user señor tener usted una invitación formal a nostra serie mundo chiquito. @user mandale el contrato,Señor tien usted invitat formal a nustra serie Mund Chiqui. mánd contratu
"@user Capitán américa, hipervitaminado, te he dicho ya que hoy no estoy feliz contigo?",0,@user capitán estar vitaminar decir estar estar,"@user Capitán américa, hipervitaminado, hoy no feliz contigo?",@user capitán decir estar,"@user capitán, hipervitaminad, te he dicho ya que hoy no estás feliz contigo?","@user capitán, hipervitaminado, hoy no feliz contigo?"
"Jo, claro!! Estoy sin móvil desde hace mucho, cualquier cosa ya sabes @user",1,"Jo, claro!! Estar sin móvil desde hace mucho, cualquier cosa ya saber @user",Jo claro!! estoy móvil desde hace mucho cualquier cosa ya sabes @user,Jo claro!! sin móvil desde mucho cualquier cosa ya saber,"Jo, clar!! Estoy sin movil desde hace mucho, cualquier cosa ya sabes @user",Jo clar!! est móv desde hác mucho cosa ya sabes @user
@user Pero pero porque eres muy guapa,2,@user pero pero porque ser muy guapa,@user pero porque eres muy guapa,@user muy guapa,@user per pero pq es muy guapa,@user pero porque eres muy buap
@user Ojalá que no Yo aun no entiendo bien qué motiva a Assange. Destrucción total?,0,@user ojalá que no yo aún no entiendo bien qué motiva a assange. destrucción total?.,Ojalá qué bien qué motiva a Assange. Destrucción total?,@user ojalá aún entiendo bien motiva Assange destrucción,@user ojalá que no yo aun no entiendo bien qué motivar a assange. destrucción total?,Ojalá qué bien qué motiv a Assa. Destruc total?
"2:12 am, está semana he dormido 17 horas, hago examen de química a las 8 am y salgo del brete a las 10 pm",1,"2:12 am, esta semana he dormido 17 horas, hago examen de química a las 8 am y salgo del brete a las 10 pm","est semana dormido horas, hago examen química am y salgo brete pm",esta semana dormido 17 horas hago examen química a las 8 am salgo brete a las 10 pm,"2:12 am, esté semana he dormí 17 hor, hago examen de quím 8 am y salí del brete 10 pm","esta semana dormi hor, hago examen quimica am y salgo brete pm"
que bonitas mis niñas las amo tanto,2,que bonito mi niña las amo tanto,bonitas niñas amo,bonito niña amo,que boni mis nins l amo tanto,bonita niñ ama
Fue la semana mas ocupada evershhh yyy no estudie conta yyyy no entiendo nada yyyy mañana es el examen,0,Fue la semana más ocupada y no estudie conta no entiendo nada mañana es el examen,Fue semana mas ocupada evshhh yyy estudie conta yyyy entiendo nada yyyy mañana examen,Fue semana ocupada estudie entiendo examen,Fue la semana mas ocupp evershhh yyy no estudie conta yyyy no entend nada yyyy maan es el examen,Fue semana mas ocupada yyy estudie contyyyy entiendyyyy mañana examen
Imágenes del verano en nuestra querida #Zaragoza.  http,1,Imágenes de verano en nuestra querida #Zaragoza. http,Imágenes verano Zaragoza.,Imágenes verano nostra querida Zaragoza.http,Imágenes veran querid #Zaragoza.  http,Imágenes verano Zaragoz
"@user Stranger y Mr. Robot ya las he visto, pero eres la segunda que me recomienda The get down, así que a por ella voy, gracias!",2,"@user extraño y robot ya las he visto, pero eres la segunda que me recomiendas el descender, así que a por ella voy, gracias!",@user Stranger y Mr. Robot ya las he visto pero la segunda que me recomiendas The get down así que a por ella voy gracias,extraño robot ya he visto pero la segunda me recomiendas el descender así que a por ella voy gracias,"@user estrangerr y mr. robot ya las he visto, pero eres la segunderr que me recomiderr the get down, asic que a por ellerr voy, graciass!",@user estran Str Anger y Mr. Robot ya las he visto pero la segunda que me recomiendas The get down así que a por ella voy gracias
"Lo peor es que yo me marché cuando @user se empezó a relacionar con la gente de la disco, yo quería tomarme una copita con ella",0,"Lo peor es que yo me marché cuando user empezar relacionarse con la gente de la disco, yo quería tomarme una copa con ella","peor empezó relacionarse gente disco, quería tomarme copita","peor empezar relacionarse gente disco, quería tomarme copa","Lo peor es que yo me marché cuando @user se empezó a relacionar con la gente de la discoteca, yo quería tomarme una copa con ella.",peor empec relatos gent disc quería tom copia
Yo solo quiero que me engria,1,Yo solo querer que me enorgullecer,quiero engria,querer enorgullecer,Yo sola querer que me enrijia,quier engri
Yo quiero más lasaña de ayer! Cocinan rico donde me adoptaron ayer,2,Yo querer más lasaña de ayer! Cocinar rico donde me adoptar ayer.,quiero lasaña ayer cocinan rico donde me adoptaron ayer,querer más lasaña ayer cocinar rico donde adoptar ayer,Yo quie mas lasan de aye! cocin ric don me adop ayen aye.,quiero lasan ayer cocin rico donde me adopt ay ay
vos tampoco des fav que no me tenes contento,0,vos tampoco das fav que no me tenés contento,tampoco des fav tenes contento,tampoco das fav tenés contento,vos tampoc des fav que no te ten content, tampot des fav teni content
@user yo soy totalmente puntual,1,yo ser totalmente puntual,soy totalmente puntual,ser totalement puntual,@user yo soy totally puntual,soy totally puntual
"@user @user Muy buenos días  Por cierto, ¡muy buena la foto!",2,@user @user muy buen día por cierto foto,buenos días buena foto,buen día cierto foto,"@user @user Muy buenas dia Por ciert, ¡muy buena la foto!.",buen día buena foto
"tengo muchas ganas de mimitos, y sabia que pasaria y ahora pos  a ser fuerte o algo",0,"tengo mucha ganas de mimetar, y sabia que pasaría y ahora pos  a ser fuerte o algo",tengo ganas mimitos sabia pasaria ser fuerte,gan ana mimetar pasar a ser fuerte,"tengo much gan dese mimito, y sabi que pasari y ahora pos  a ser fuert o algo",tengo ganas mimito sabi pasi ser fuerte
"@user Disculpa, no estuvimos en Twitter  Si lo volvéis a hacer no dudéis en mencionarnos!",1,"@user Disculpar, no estuvimos en Twitter  Si lo volvéis a hacer no dudéis en mencionarnos!",@user Disculpa estuvimos Twitter Si lo volvéis hacer dudéis mencionarnos!,@user Disculpar estuvimos Twitter Si lo volvéis hacer dudéis mencionarnos!,"@user disculpa, no estuvimos en twitt  si lo volvéis a hacer no dudéis en mencionarnos!",@user disculpa estuvimos twit dudéis mencionanís!
@user espero sobretodo tenerla con mi niño  jajajaja. gracias guapa ♥,2,@user esperar sobretodo tener con mi niño  jajajaja.gracias guapa ♥,espero sobretodo tenerla con mi niño jajajaja gracias guapa,esperar sobretodo tener niño jajajaja gracias guapa,@user esper sobretodo ten con mi ni jajajaja. graxias guapa ♥,espero sobretodo tenerl con mi ni jajajaja graci guap
"@user @user estoy cansado ya de salir a la calle y que todo el mundo me para para hacer fotos, esta vida es muy dura",0,"@user @user estoy cansado ya de salir a la calle y que todo el mundo me para para hacer fotos, esta vida es muy dura","estoy cansado ya salir calle hacer fotos, vida muy dura",estoy cansado salir calle hacer fotos vida dura,"@user @user esté canso ya de salir a la cal y que todo el mund me pare para hacer foto, esta vida es muy dur","estoy canso ya salir calle hacer foto, vida muy dur"
"Aahhh bueno, gracias a todos por sus buenas vibras, sí quede para el trabajo",1,"Ahí bien, gracias a todos por sus buenas vibrar, sí quedé para el trabajo.",Aahhh trabajo,"bien, gracias trabajo.","Aahhh bueno, graxia a todoo por sus buenas vibr, sí quedé para el trabaj.",Aahhh trabaja
@user me siento muy identificada con tus tweet y vi tu cuenta porque mi mejor amiga aveces da rt a tus cosas,2,@user me siento muy identificada con tus tweet y vi tu cuenta porque mi mejor amiga a veces da rt a tus cosas,@suser siento identificada tus tweet vi cuenta mejor amiga aveces da rt tus cosas,@sínto identificada tus tweet vi cuenta mejor amiga veces da a tus cosas,@user me siento muy identificalda con tus twit y vi tu cuenta porque mi mejo amiga aveces da rt a tus cos,@suser siento identificada tus tweet vi cuenta mejor amiga aveces dar rt tus cosa
@user lastimosamente gran parte de entradas se ganaron los REVENDEDORES como siempre,0,@user lastimableente gran parte de entrada ganar revendedor como siempre,gran parte entradas se ganaron REVENDEDORES siempre,gran parte entrada ganar revendedor,@user lastimable gran parte de entrad se ganad los REVENDEDORES como siempre,grande parte entrada ganar reventa rededor
@user póntela y te das una vuelta por Málaga porfa,1,@user ponerte y te das una vuelta por Málaga por favor,pónete da vuelta Málaga porfa,ponerte te das vuelta Málaga,@user ponete y te das una vuelta por malaga porfa,põe da vuelta Málaga porfa
"El último día de trabajo, al fin",2,"El último día de trabajar, al fin.","último día trabajo, al fin","último día trabajar, al fin.","El últim día de trabaj, al fin.","últim día trabaj, al fin"
"Estaba dormida y me desperté por un mensaje,ahora no puedo dormir.",0,"Estar dormir y me despertar por un mensaje, ahora no puedo dormir.",dormida desperté mensaje ahora dormir,dormir despertar mensaje dormir,"Estaba dormid y me despert por un messag,ahora no puedo dormir.",dormi mensaje ahora dormir
"@user  ""chatarra"" es a lo que llamas piezas de misiles de alta gama, bombas, cohetes, todas diseñadas por él",1,"@user ""chatarra"" es a lo que llamas pieza de misil, bomba, cohete, todas diseñadas por él.",llamas piezas misiles alta gama bomba cohetes diseñadas él,"@user ""chatarra"" llamas pieza diseñadas él.","@user ""chatarra"" es a lo que llamas piezas de misiles alt ga, bom, coh, todas diseñadas por él",llamar pieza misil alta gamma bomba cohete diseñar él
Y yo!! pero no soy famoso  Lugar muy recomendable y las de Colon tambien!! http,2,Y yo!! pero no soy ser Lugar muy recomendable y las de Colón también!!,pero famoso lugar recomendable Colon tambien,pero soy ser Lugar recomendable también!!,Y yo!! pero no soy famos Lugar muy recomendable y las de Colom tambi!!,pero famos lugar recommendable colom tambi stem
Mi hermana y mi mamá hablando con sus personas importantes y yo acá haciendo mi tarea de cálculo con dolor de cabeza,0,Mi hermano y mi madre hablar con su persona importante y yo aquí hacer mi tarea de cálculo con dolor de cabeza,hermana mamá hablando persona importante haciendo tarea cálculo dolor cabeza,Mi hermano madre persona importante hacer tarea cálculo dolor cabeza,Mi herman y mi mam hablando con sus persona importante y yo acá haciendo mi tarea de cálcul con dolor de cabez,herman mam hablando persona import hacer tarea calc dolor cabez
@user empezando Python con @user emocionada,1,empezar Python con emocionarse,empezando Python con emocionada,empezar Python emocionarse,@user empez Python con @user emocion,empezando
@user Tengo unas enormes ganotas de conocerte,2,@user tener ganas conocer,Tengo enormes ganas conocerte,tener ganas conocer,@user tengo unas enormes ganas de conocerte,Tengo enor gan conoerte
"""Bla bla bla...eres la mejor pero no te quiero en mi vida, bla bla bla.."" lo de siempre!",0,"eres la mejor pero no te quiero en mi vida, lo de siempre!",eres la mejor te quiero vida,la mejor te quiero vida lo siempre,"eres la mejo pero no te quie en mi vida, lo de si!",eres la mejo te quier vie
Y bueno las cosas llegan cuando no las dices..... recierto,1,Y bueno las cosa llegar cuando no las decir..... recierto,bueno cosas llegan cuando las dices recierto,las cosa llegar cuando las decir..... recierto,Y bueno las cos cien cuando no las diz recierto,buen cosa llegar cuando las decir recierto
"@user Gracias  ya me pasó una vez y los antibióticos fueron milagrosos, estoy deseando que vuelva mi madre con ellos",2,"@user gracias ya me pasó una vez y los antibiótico fueron milagroso, estoy deseando que vuelva mi madre con ellos","@user Gracias vez antibióticos milagrosos, estoy deseando vuelva madre ellos",gracias pasó una vez antibiótico milagroso estoy deseando vuelva madre ellos,"@user gracias ya me pasó una vez y antibiótico fueron milagroso, estoy deseando que vuelva mi madre con ellos","@user gracias vez antibiótico milagroso, esté deseoso vuelva madre ellos"
@user no que eso es ilegal,0,@user no que eso es ser ilegal,@user eso ilegal,@user eso es ilegal,@user no que eso es ilegal,@user eso ilegal
@user te doy un poquito,1,(te dar un poco),te doy un poquito,dar,@user te dio un poco,te doy un poco
@user @user las palabras y las emociones que generan son muy útiles para generar cambios,2,@user @user la palabra y la emoción que generan son muy útil para generar cambio,palabras emociones útiles generar cambios,palabra emoción generan útil generar cambio,@user @user palabras emocion genera util generar cambio,palabra emocion util generar cambio
"Llevo toda la mañana haciendo cosas y no he podido ver ni moon lovers, ni signal, ni nada",0,"Llevar toda la mañana hacer cosa y no haber podido ver ni moon lover, ni signal, ni nada",Llev toda manha haciendo cosas he visto moon lovers signal nada,Llevar toda mañana hacer cosa haber podido ver moon lover signal nada,"Llevo toda la maña haciendo cosa y no he podido ver ni moov lover, ni sigal, ni nada",Llev toda manha hazin cosas he vist moon love signa nada
Ay la canción de tercer cielo,1,Ayer la cancion de cielo,la canción tercer cielo,Cancion cielo,Ayer la canción de tercer cielo,la cancion tercer cielo
"@user Gracias por lo de ""ídolo""  Aunque solo soy una persona normal y corriente que escribe libros",2,"@user gracias por lo de ""ídolo"" aunque solo soy una persona normal y corriente que es escribir libros","@user Gracias por lo de ""ídolo"" Aunque solo soy una persona normal y corriente que escribe libros","@user gracias por lo de ""ídolo"" escribir libros","@user gracias por lo de ""ídolo"" aunque solo soy una persona normal y corriente que escribe libros","@user gracias por lo de ""ídol"" aùno soy una persona normal y corrient que escribe libros"
"@user cucha, una independentista escribiendo en español!! Por muy del Barça que soy, te vas a buscar la vida  grassias.",0,"@user cuchear, una independentista escribir en español!! por muy del Barça que soy, te vas a buscar la vida  gracias.",@cucha escribiendo español te vas buscar vida grassias,@cuchear independentista escribir español!! muy Barça vas buscar vida  gracias.,"@user cuch, una independient escribiendo en esp!! por muy del barc que soy, te vas a buscar la vida  grassi.",@cucha escribiendo españal te vas buscar vid gracias
"@user que buena, esos alucinados que fingen ser Lobos, y esos que fingen ser gay y no saben nada de nosotros",1,@user qué buena esos alucinado fingir ser lobo y esos fingir ser gay y no saber nada de nosotros,@user buena alucinados fingen Lobos fingen gay saben nosotros,@user buena alucinado fingir ser lobo fingir ser gay no saber nada nosotros,"@user que buenas, eses alucinad que fingi ser Lob, y eses que fingi ser gay y no sabn nis de nos.",@user buena alucin argen lob argen gay saben nosotro
@user @user @user gggg pues habrá que hacer algo conmemorativo en tu bar,2,@user @user @user pues haber hacer algo conmemorativo en tu bar,habrá hacer algo conmemorativo bar,hacer algo conmemorativo bar,@user @user @user gggg pues habrá que hacer algo conmemorativo en tu bar,habr hacer algo conmemorativo barr
Se me dan muy mal las despedidas,0,Se me dan muy mal despedirse.,Se me dan mal las despedidas,me dan mal despedirse.,Se me dan muy mal las despedid.,Se me dan mal las despedid.
Entró a trabajar a la 1:30 p.m y yo en San Carlos Mi tío cree que voy a llegar puntual.,1,Entrar trabajar a la 1:30 p.m y yo en San Carlos Mi tío creer que ir llegar puntual.,trabajó San Carlos tío llegar puntual,trabajar San Carlos tío creer llegar,Entr p trabajar a l 1:30 p m y yo en San Carlos Mi t cree q voy a lleg puntual.,trabajar tío llegar punto
"@user @user siiiii, y de nuevo estoy en lista para ir al programa. Y luego el concierto de OT",2,"@user @user siiiii, y de nuevo estoy en lista para ir al programa. Y luego el concierto de OT","siiiii, de nuevo estoy lista para ir al programa. luego conc course de OT","siiiii, de nuevo estoy lista para ir al programa. luego conccurso de OT","@user @user siiiii, y de nuevoo esteen listaa para ir al programm. Y luego el concертo de OT","siiiii, de nuvem est lita ir al prog. luen con cour de OT"
"Entiendo que mi tarjeta gráfica se muera, lo que no entiendo es porque puedo ver algunos vídeos y otros no...",0,"Entender, tener, morir, lo, no, entender, poder, ver, algunos, video, y, otros, no","Entender tarjeta gráfica morir, entender ver vídeo.","entender, tener, morir, poder, ver, video","Entend muert, lo que no entend es porque puedo ver algn vidio y otros no...","Entender tarjeta grafica morir, entender ver video."
"@user A falta de varias suyas (como Big Fish, ya bajada) me quedo co ""Pesadilla antes de Navidad"" y ""James y el melocotón gigante""",1,@user a falta de varias suy(a) co pesadilla antes de navidad y james y el melocotón gigante,falta varias como Big Fish bajada quedo co Pesadilla antes Navidad James melocotón gigante,falta suy co pesadilla navidad james melocotón,@user a fal lack suy ya baj co pesadill ant de navidad y jam y el melocotn gigant,falta varia como big fish baj quedar co pesadilla antes navidad james melocoton gigante
"@user bien!!!viva México,viva los pueblos indígenas,viva una América libre!!!",2,@user bien viva México viva los pueblos indígenas viva una América libre,bien viva México viva pueblos indígenas viva América libre,bien viva México viva pueblos indígena viva América libre,"@user bien!!!viva México,viva los pueblos indígena,viva una América libre!!!",bien viva mexic viva pueblo indígena viva amer libre
"@user no había visto tu respuesta!Sí, sí, sé que es correcto, lo consulté , pero es poco habitual, llamativo, algo friki... no?",0,@user no haber visto tu respuesta sí saber ser correcto consultar pero ser poco habitual llamativo algo friki no,@user visto respuesta sí sé correcto consulté habitual llamativo friki,@user haber respuesta sí saber correcto consultar ser habitual llamativo friki,@user no habi vist tu respuest sí sí sé que es corrept lo consulat pero es pocos habitu llamativ algo friki no,@user visto resp correcto consult llamativo friki
Mañana se madruga para ir a trabajar a la casi frontera norte. Si puedo me paso y voy por Toñas y tostones,1,Mañana se madrugar para ir a trabajar a la casi frontera norte. Si puedo me paso y voy por toñar y tostar.,Madruga ir trabajo casi frontera norte Si puedo paso voy Toñas tostones,Madrugar ir trabajo casi frontera norte pasar ir toñar tostar.,Mañan se madrug para ir a trabaj a la casi frontera nort. Si pue pas y voy por tonas y tonson.,madrug ir trabajo casi frontera norte si puedo pas voy tona toston
"Un hastag por un buen motivo, dadle a tope venga  #demoslelavuelta",2,"Un hashtag por un buen motivo, dadle a tope venga  #demoslavuelta",hastatipo buen motivo dadle tope venga demoslelavuelta,hashtag buen motivo dále tope venga demoslavuelta,"Un hastag por un buen motiv, dadle a tope venga  #demoslelavuelta",hastatipo buen motiv dadle tope venga demoslavelavuelta
lo q mas odio de ir al centro es cuando cojo el bus sola  vaya aburrimiento me siento sola,0,lo que mas odio de ir al centro es cuando cojo el bus solo vaya aburrimiento me siento sola,lo odio ir al centro cojo el bus sola aburrimiento siento sola,ir centro cuando cojo bus vaya aburrimiento me siento sola,lo q mas odia de ir al centro es quando cojo el bus sola  vaya abrimento me siento sola,lo odia ir al cent cojo el bus sola abrimiento siento sola
"El próximo vídeo es simplemente explicando cómo participar para salir en ""Respondiendo en Verso"" especial 500.000",1,El próximo vídeo es simplemente explicar cómo participar para salir en responder en verso especial 500.000.,"vídeo explicando cómo participar para salir en ""Respondiendo en Verso"" especial 500.000",proximo vídeo explicar cómo participar salir en responder en verso especial 500.000,"El próxim vide es simplicement explicand cómo particip para salir en ""Respondend en Verso"" especial 500.000.","vídeo explicar cómo participar para salir en ""respondiendo en verso"" especial 500.000"
"@user eres un grande, la mayoría de gente no sabe diferenciarlos y es muy sad",2,"@user eres un grande, la mayoría de gente no sabe diferenciarlos y es muy triste.",@user grande mayoría gente saben diferenciarlos muy sad,@user grande mayoría gente diferenciarlos triste,"@user eres un gran, la mayor parte gente no sabe diferencian y es muy sad",@user gran mayor gente saber diferenciar muy sad
Hoy estoy un poco triste,0,Hoy esté un poco triste.,Hoy triste,Hoy triste.,Hoy esté un poco trist,Hoy trist
@user @user @user gracias   Si lo malo de la verdad es que no necesariamente nos hace felices.,1,@user @user @user gracias   si malo verdad es que no necesariamente nos hace feliz.,gracias verdad nos hace felices,gracias si malo verdad es que no necesariamente nos hace feliz.,@user @user @user graci si lo mal de la ver nos hace felic necessarily,gracias verdad nos hace feliz
@user te deseo muchísima suerte en tu próxima aventura tío,2,@user te deseo muchísima sorte en tu próxima aventura tío,te deseo muchísima suerte próxima aventura tío,te deseo sorte próxima aventura tío,@user te dese muchísima suer en tu pront aventur tío,te dese muchísima suer próxima avent tío
@user Lo feo es llegar al reina sofía y que los descuentos de estudiante sean para menores de 27 años,0,@user lo feo es llegar a la reina sofía y que los descuentos del estudiante sean para menos de 27 años,Lo feo llegar reina sofía descuentos estudiante menores,llegar reina sofía descuentos estudiante,@user lo fe reina sofía y que descuento estudiante sean para menor de 27 año,Lo fe llegar re rein men est men
@user sii!! antes que entremos a clases tierna,1,@user sii!! antes de entrar a clase tierna,@sii!! antes que entramos a clases tierna,antes entrar clase tierna,@user sii!! ante que entre a clase tiern,@sii!! antes que entre clase tierna
Por esos amigos que les dices que estas triste y ya te están planeando las salidas hasta los viajes a futuro con ellos Como los quiero,2,Por ese amigo que les dices que estás triste y ya te están planeando las salidas hasta los viajes con ellos Cómo los quiero.,amigos tristes planeando salidas viajes quiero,Por ese amigo que les dices que estás triste y ya te están planeando las salidas hasta los viajes Cómo los quiero.,Por eses amigues que les dices que estas tristes y ya te estan planiando las salidas hasta los viajes a futuro con ellos Como los quiero,amigo triste plan sali viaj quiero
"@user Me apiado de ti, yo me entero de que existen porque tú los encuentras. O sea, alguien los lee primero",0,"@user me apiadar de ti, yo enterme de que existir porque tú encontrarlos. o sea, alguien leer primero.",Me apiado de ti existen porque tú los encuentras alguien los lee primero,@apiadarexistirleer,"@user me api de ti, yo me ente de que existen porque tú los encuen. o sea, alguien los lee primero",Me apiado de ti existen porque tú los encuentras alguien los lee primero
Quiero hacerle algo especial a David para que cuando lo vea sonria pero no se me ocurre nada,1, QUIERO HACERLE ALGO ESPECIAL PARA QUE CUANDO LO VEA SONRISA PERO NO SE ME OCURRE NADA,hacer algo especial David cuando vea sonria se me ocurre,HACER ALGO ESPECIAL CUANDO VEA SONRISA SE ME OCURRE NADA,Quir ar he ch le al es pec a Dav id pa ra que c uand o lo vea sonr ia pero no se m oc ure nada,hacer algo especial David cuando vea sonr se me ocurre
"Lo conseguí, fin de inventario, despues de dos dias de duro trabajo, ahora a dormir, ya huelo laas vacacioness",2,"Lo conseguir, fin inventario, después dos día de duro trabajo, ahora a dormir, ya oler la vación.","conseguí, fin inventario, después dos días duro trabajo, ahora dormir, ya huelo vacaciones","consigo, fin inventario, después dos día duro trabajo, ahora dormir, ya oler vación.","Lo consigui, fin invent, despues de dos dia de duro trab, ahora a dorm, ya huel la vac.","consigui, fin inventari, despu dos díag dur trabajo, ahora dormir, ya huel vacacion"
"@user que yo recuerde, no le he faltado al respeto, pase usted un buen día. Salud y república",0,"@user que yo recuerde, no le he faltar al respeto, pase usted un buen día. Salud y republica",@user le he faltado respeto pase usted un buen día Salud y república,@user le he faltar al respeto pase usted un buen día Salud y republica,"@userque yo recuerde, no le he faltado al respeto, pase usted un buen día. Salud y república",@user le he faltar respeto pase usted un buen día salud y república
Yo ahora podría estar en mi casa de zgz viendo los premios en la tele tan ricamente l tenerlos grabados pero no,1,Yo ahora poder estar en mi casa viendo los premio en la tele tenerlos grabado pero no,ahora podrí estar casa zgz viendo premios tele tenerlos grabados pero,ahora poder estar casa viendo premio tele tenerlos grabado pero,Yo ahora pudiera estar en mi casa de zgz viendo los premio en la tele tan ricamente l tenelo grabado pero no,ahora pod estar cas viendo prem grab tener grabad
Acampar es de mis actividades más favoritas del mundo mundial,2,Acampar ser de mí actividad más favorita del mundo mundial,Acampar actividades más favoritas mundo,Acampar actividad más favorita mundo,acamp es de mis activ más favorit del mund mundial,acampar actividad favoritar mundo
Necesito que sea viernes para que paguen. Estoy en la miseria total,0,Necesito que sea viernes para que paguen. Estoy en la miseria.,Necesito viernes paguen estoy miseria,Necesito viernes paguen. Estoy miseria.,Necesito que sea viera para que pagen. Estoy en la miseria total., Necesito viern paguen est miester
Martita guapa verde Brandon  Se que no pega la foto pero  http,1,martir gustos ver brando se saber no pegar foto pero,Martita guapa verde Brandon Se foto pero,gustos ver Brando saber no pegar foto,Martit guap verd Brand  S que no pach la fot pero,Martita guapo verde Brandon se foto pero
@user Muchas gracias!! Feliz por haber formado parte de esta edición del Master!,2,@user muchas gracias felicidad haber formar parte de esta edición del master,@user gracias Feliz formado parte esta edición Master!,gracias felicidad haber formar parte edición master,@user mucha graci felic por haber form parte de esta edicion del mast!,@user gracias Feliz formada parte esta edición master!
"Lo malo de no poder dormir, es que a estas horas no tengo a quien molestar, todos duermen.",0,"Lo malo de no poder dormir, es que a estas horas no tengo a quien molestar, todos duermen.",mal poder dormir a estas horas no tener a quien molestar todos duermen,"mal poder dormir, que estas horas no tengo quien molestar, todos duermen.","Lo malo de no poder dormir, es que a estas horas no tengo a quien molestar, todos duermen.",mal poder dormir a estas horas no tener a quien molestar todos duerm Atatürk
Mientras mi jefe no se entere todo ok lol Los demás si tenemos sentido común,1,mientras mi jefe no se enterar todo ok lol otros si tener sentido comun,Mientras jefe se entere todo ok lol demás tenemos sentido común,mientras jefe todo ok lol otros tener sentido comun,Mientras mi jefes no se entere todo ok lol los demás si tenemos sentid comun,mientras jef ok lol dem tenemos sent comun
"¡Buenos días! Aquí andamos, con el Síndrome post-Uncharted 4 :S Necesito jugar los 5 de golpe... Peeeero no hay tiempo",2,"¡buen día! aquí estar, con el síndrome post-uncharted 4 : necesitar jugar los 5 de golpe... peeeero no haber tiempo.",¡Buenos Síndrome Uncharted : Necesito jugar golpe Peeeero hay,¡buen día! aquí con síndrome post-uncharted 4 necesitar jugar 5 golpe peeeero haber tiempo.,"¡buen día! aquí andamos, con el síndrom post-unchart : necesito jugar los 5 de golpe... peee no hay tiempo",¡Buenos Síndrom golpear : Necesito jugar golpear Peeeero hay
"@user Tu vida ha parido a un grandisimo hijo de la gran p... , un maravilloso hombre!!.",0,Tu vida ha parir un grandisimo hijo de la gran un maravilloso hombre!!,Tu vida ha parido a grandisimo un maravilloso hombre!!,vida parir grandisimo hijo gran maravilloso hombre,@user tu vida ha parir a un grandisimo hijo de la gran un maravilloso hombre!!,Tu vida ha parir a gran un maraviloso hombre!!
@user @user @user @user @user el tiempo dirá . Ojo xq a Ps las 3ras tb le vienen terrible. #Pdr4President,1,@user @user @user @user @user el tiempo dirá. ojo xq a ps las 3ra tb le vienen terrible. #pdr4presidente,tiempo dirá Ojo xq a Ps las 3ras tb le vienen terrible #Pdr4President,tiempo dirá ojo q a ps las 3ra tb le vienen terrible #pdr4presidente,@user @user @user @user @user tiemp dir. ojo xq a ps las 3ras tb le vien terribl. #pdr4president,tiempos dire xq a ps las 3ras tb le vienen terribl #pdr4president
Felicidades a mi bonita @user  Espero verte muy pronto y que vengas de una vez a una quedada  Te amo magicamente bebe ♥,2,Felicidad a mi bonito @user Espero verte muy pronto y que vengas de una vez a una quedada Te amo magicamente bebe ♥,Felicidades bonita user Espero verte pronto vengas quedada Te amo magicamente bebe,Felicidad bonito user Espero verte pronto vengas quedada Te amo bebe,Felicidад a mi bonit @user Espero vte m pront y q vngas d una vez a una quedad Te am magí bebe ♥,Felicidad bonit user Espero verte pront veng quedad Te am magica bebe
"@user mica va a estar ne la 8g, porque sus palabras en ig me hace dudar, igual si sigue cbt peru y se queda alla mejor",0,"@user va estar ne la 8g, porque sus palabras en ig me hace dudar, igual si sigue cbt peru y se queda alla mejor","va estar ne la 8g, sus palabras en ig me hace dudar, igual si sigue cbt peru y se queda alla mejor","va estar ne la 8g, sus palabras en ig me hace dudar, igual si sigue cbt peru y se queda alla mejor","@user mic va a est ne la 8g, pq sus palabras en ig me hace dud, ig si sigue cbt per y se quede alla mei.","va est ne la 8g, sus palab en ig me hace dud, ig si sibe cbt per y se quede alla mejo"
Hola me complacerían con #ParaOlvidarte de @user por faaaaa Saludos desde Liberia @user,1,Hola complacer de para olvidarte de fa Saludos desde Liberia,Hola complacerían #ParaOlvidarte de Saludos desde Liberia,Hola complacer olvidarte fa Saludos Liberia,Hola me complacerían con #para olvidarte de @user por fa Saludos desde Liberia @user,Hola complacerían #ParaOlvidarte de Saludos desde Libera
"@user en cualquier caso gracias por tu ""welcome back"". Qué cálido ha sido",2,@user en cualquier caso gracias por tu welcome. Qué cálido ha sido,@user caso gracias welcome back cálido sido,gracias welcome cálido sido,@user en cualquie caso gracia por tu welcome back. qué calde ha sido,cas gracias welcome back cálido sido
En mi casa todos morirán el día que haya un terremoto. Nadie me hace caso. Yo la única zonza parada en toalla en la calle.,0,En mi casa todos morir el día que haya un terremoto. Nadie me hace caso. Yo la única zonza parar en toalla en la calle.,morirán día terremoto nadie casó única zonza parada calle,En casa todos morir día terremoto. Nadie me hace caso. Yo única zonza toalla calle.,En mi cas todos morir el día que haya un terremoto. Nadie me hac cas. Yo la únic zon parad en toll en la cll.,moridía terremot nadúnz casó únic zonz pará calle
"@user de aquí nace una bonita amistad  Pero bueno, si la decpeción es solo por el software ni tan mal! @user @user",1,de aquí nace una bonita amistad pero bueno si la decepción es solo por el software ni tan mal,@user bonita amistad Pero bueno decpeción software ni tan mal @user @user,nace bonita amistad pero si decepción solo por el software tan mal,"@user de aki nace una bonita amistad  pero bueno, si la decpec学问终结是仅作为示例，实际上并不提供翻译服务。如果你有具体的文本需要翻译，请提供需要翻译的原文。",@user bonit amistad pero bueno decpecí softwar ni tan mal @user @user
Como cuando soy muy chineada y me traen almuerzo al trabajo  Gracias @user,2,Como cuando ser muy chino y me traen almuerzo al trabajo Gracias @user,Cuando soy chineada me traen almuerzo al trabajo Gracias @user,como cuando ser muy chino traen almuerzo trabajo Gracias @user,Como cuando soy muy chin y me traen almuerzo al trabajo Gracias @user,Cuando soy chinado me traen almuerzo al trabajo Gracias @user
"@user No sé si está traducido, yo lo busqué hace tiempo y sólo lo encontré subtitulado",0,"@user no saber si estar traducir, yo lo buscar hacer tiempo y sólo encontrar subtitular.",@sé est traducido yo lo busqué hace tiempo y sólo lo encontré subtitulado,saber traducir buscar hacer encontrar subtitular,"@user no sé si está traducid, yo lo busqué hace tiempo y sólo lo encontré subtítul.",@se est traduc yo lo busqué hace tiempo y sól lo encontr subtitul
"@user en realidad si. Clarke aun esta ahi quiero ver q hacen con su personaje, asi q no se q hacer haha",1,"@user en realidad si. Clarke aun esta ahí quiero ver qué hacen con su personaje, así q no sé qué hacer haha",@user Clarke aun esta ahi quiero ver q hacen personaje asi q no se q hacer haha,@user Clarke aun esta ahí quiero ver qué hacen su personaje así q no sé qué hacer haha,@user en reali si. Clar aun esta ahi quie ver q hac con su perso asi q no se qu hac haha,@user clara aun esta ahi quiero ver q hacen personaje asi q no se q hacer haha
@user conmigo siemprw puedes hablar,2,@user conmigo siempre puedes hablar,puedes hablar,puedes hablar,@user contigo siempre puedes hablar,pued habl
"@user @user te mato, mañana por la noche máximo eeh. Te dejo que descanses hoy",0,"@user @user te matar, mañana por la noche máximo eeh. Te dejo que descanses hoy.",te mato mañana noche máximo eeh Te dejo que descanses hoy,matar mañana noche Te dejo descanses hoy.,"@user @user te mat, mañan por la noch mxcim eeh. Te dej que descans hoy",te mat mañana noche máximo eeh dej que descans hoy
"@user @user esa es ground speed, ahi le influye el viento en cola que debia tener el avion, saludos",1,"esa ser, ahi le influye el viento en cola que debia tener el avion, saludos",esa ground speed viento en cola avión,esa ahi le influye el viento en cola que debia tener el avion saludos,"@user @user esa es groundspeed, ahi le influye el viento en cola que debia tener el avion, saludos",ese velocidad viento cola avión
"Hola buenos días, me he dormido a las 5 y algo y me acabo de despertar y se me ha ido el sueño",2,"Hola buen día, me he dormir a las 5 y algo y me acabo de despertar y se me ha ir el sueño",buenos dormido acabo despertar sueño,buen día me dormir las 5 algo me acabo de despertar se me ir sueño,"hola buenas día, me he dormi a las 5 y algo y me acabo de despertar y se me ha ido el sueñ",bueno dormi acabo despert sueñ
"@user Jo  no me parece bien porque se va a ir Yessica a la primera, pero bueno al menos ha llegado al TOP8, no la esperaba aqui.",0,"@user jo no me parece bien porque se va a ir yessica a la primera, pero bueno al menos ha llegado al top8, no la esperaba aqui.",@user Jo  me parece bien se va a ir Yessica primera al menos ha llegado TOP8 no esperaba aqui,@user jo no me parecen bien van ir yessica primera bueno al menos ha llegado top8 no esperaba aquí,@user jo no me parezca bien porque se va a ir yessica a la primera pero bueno al menos ha llegad al top8 no la esperaba aqeui,@user Jo  parea bien se va a ir Yessica primera ha llegado TOP8 no esperaba aki
Aquí por lo menos no está solo ELF ... En ese entonces...pfff.... solo estaba Cloud,1,Aquí por lo menos no está solo ELF... en ese entonces...pfff.... solo estaba estar.,Aquí menos ELF... En ese entonces...pfff.... solo estaba Cloud,Aquí menos ELF... en ese entonces... solo estaba.,Aquí por lo menos no está solo EL... En ese entonces...pfff.... solo estab cloud...,Aquí men ELF... en ese entonces...pfff.... solo estab cloud
Menuda joyica @user que has reclutado para tus tierras,2,Menuda joya que has reclutado para tus tierras,Menuda joyica reclutado tus tierras,Menuda joya reclutado tierras,Menud joyic que has reclutado para tus tierr,Menud joyic reclut tiera
Hubiera tenido novia y hubiera pasado en más chill y menos Netflix estos 22 días de la casa sola,0,hubiría tener novia y hubiría pasar en más chill y menos netflix estos 22 día de casa sola,tenido novia pasado chill Netflix estos días casa sola,hubiría tener novie hubiría pasar más chill menos netflix día casa sola,Hubiier novia y hubier pas en m chill y menos Netflix est d22 d cas sola,tuv nov pass chille netflix est día cas solo
Si ocupan gente para una mejenga yo estoy disponible,1,Si ocupar gente para una mejear yo estar disponible,ocupan gente mejenga estoy disponible,ocupar gente para una mejear yo disponible,Si ocupa gente para un mejo yo esté disponible,ocupar gente mejor disponible
"@user Te la recomiendo, parece monótona pero hay capítulos que vuelven a subir el interés",2,"@user te la recomiendo, parecer monótona pero hay capítulo que volver subir interés",Te recomiendo parece monótona capítulos vuelven subir interés,te recomiendo parecer monótona capítulo volver subir interés,"@user te la recomend, parec monót but hay capít que vuelv a sube el inters",te recomend parec monoton capitulo vuelv subir interes
@user @user @user qué mazo utilizáis? No me dejéis con la miel en los labios,0,qué usar no dejar miel labio,qué mazo utilizáis me dejéis con la miel en los labios,qué usar dejar mie labio,qué maz utilizís? no me dejéis con la miel en los labios,qué maz utilizís me dejís con la miel en los labís
"@user una pena, en serio, aún no se saben las causas, verdad?",1,"@user una pena, en serio, aún no se saben las causa, verdad?",@user pena serio aún saben caus verdad,@user pena serio aún saben causa verdad,"@user una peni, en serio, aún no se sabe las causa, verdad?",@user peni serio aun saben cau verid
"En mi cabeza, en mi cabeza vas dando vueltas! Estoy muy emocionado por algo GIGANTE que se me viene!!!!!!",2,"En mi cabeza, en mi cabeza vas dar vueltas! Estoy muy emocionado por algo grande que se me viene!!!!!!",mi cabeza vas dando vueltas estoy emocionado algo GIGANTE se me viene,mi cabeza dar vueltas emocionado algo grande,"En mi cabez, en mi cabez vas dando vuela! Estoy muy emocionad por algo GIGANT que se me viene!!!!!",mi cabeza v dar vueltas est emo algo GIANT se me vi
@user lo malo que el palmarés de los que se han ido era mientras jugaban en el @user,0,@user lo malo que el palmarés de los que se han ido es mientras jugaban en el @user,@user lo mal palmarés han mientras jugaban en el @user,lo malo palmarés se han ido jugaban,@user lo malo que el palme es mientras jug en el @user,@user lo mal palmar han mientras jug en el @user
"@user Hmm no sé qué decirte, mientras no dejes la jaula abierta no pasa nada  Pero se recomienda que salgan un ratito al día +",1,@user Hmm no sé qué decírtelo mientras no dejes la jaula abierta no pasa nada pero se recomienda que salgan un ratito al día +,@user Hmm qué decirte mientras dejes la jaula abierta pasa nada Pero recomendado que salgan ratito al día +,@user Hmm sé decírtelo mientras dejes la jaula cerrada pasa algo pero recomendamos que salgan ratito al día +,@user hmm no sé qué decíte mientras no dejes la jaula abierta no pasa nada pero se recomienda que salgan un ratito al día +,@user hmm qué decíte mientras dej jaula abierta pasa nada pero recomendado que salgan ratito al dí +
@user Siempre puedes levantar la vista y ver el cielo azul y rascacielos.,2,@user siempre puedes levantar la vista y ver el cielo azul y rascacielos.,Siempre puedes levantar vista ver cielo azul rascacielos.,puedes levantar vista ver cielo azul rascacielos,@user siempre puedes levantar vista y ver cielo azul y rascacielos.,Siempre puedes levantar vista ver cielo rascacielos.
@user Que cabrito   y te quito años  @user perdónale porque no sabe lo que dice... o si ? Abrazo a los dos,0,@user qué cabrito y te quite año @user perdone porque no sabe lo que dice... o si? abrazo a los dos,@user cabrito  te quito años  user perdónale porque no sabe lo que dice... o si? Abrazo a los dos,@user qué cabrito te quite año @user perdone porque sabe lo que dice... o si? abrazo a dos,@user qué cabrío   y te quite años  @user perdónale porque no sabe lo que dice... o si? abrazo a los dos,@user cabr te quit años  user perdonale porque no sabe lo que dice... o si? abraz a los dos
"@user @user @user sip, te entendí por tu tuit anterior",1,"@user @user @user suspirar, entender",te entendí tu tuit anterior,"suspirar, entender","@sip, te entendi por tu tu anterior",te entendi tu tweet anterior
"Sigo imbatible ganando a Fifa siendo visitante en otras casas. Esta vez ha costado mucho más, pues era en Fifa 13 de 360",2,"sigo imbatible ganar siendo visitante en otra casa. esta vez ha costado mucho más, pues era en fifa 13 de 360",sigo imbatible ganando Fifa visitante casas costó mucho Fifa 13 360,sigo imbatible ganar siendo visitante casa vez ha costado mucho más era fifa 13 360,"sigo imbatible ganand Fifa siendo visitante en otras cas casa. Esta vez ha costado mucho m s, p es en Fifa 13 de 360",sigo imbatible gan gan Fifa visit cas casa cost mucho Fifa 13 360
"@user @user no estoy de acuerdo, las cicatrices siempre recuerdan dolor, sufrido o provocado",0,"@user @user no estar acuerdo, las cicatriz siempre recordar dolor, sufrido o provocado",estoy acuerdo cicatrices siempre recuerdan dolor sufrido provocado,no estar acuerdo cicatriz siempre recordar dolor sufrido provocado,"@user @user no esté de acuerdo, cicatriz siempre recuerda dolor, sufrido o provocado",estoy acuerdo cicatriz siempre recuerda dolor sufrido provocado
"superar un libro de Colleen Hoover con otro libro de ella es mala idea, ¿verdad?  pues lo voy a hacer ahora",1,"superar un libro de Colleen Hoover con otro libro de ella es mala idea, ¿verdad?  pues lo voy a hacer ahora.",superar libro Colleen Hoover otro libro ella mala idea verdad ahora,superar libro Colleen Hoover otro libro ella mala idea verdad ahora,"superar un libr de colleen hoover con otro libr de ell es mala idéa, ¿verdad?  pues lo voy a hacer ahora",super libro Hoover otro ella mala idea verdad ahora
Hoy microaventura en #kayak con dos expertos kayakistas  Ría de Villaviciosa. @ El Puntal… http,2,Hoy microaventura en #kayak con dos experto kayakista  ría de villaviciosa. @ el puntal,microaventura #kayak expertos kayakistas Ría Villaviciosa El Puntal,microaventura kayak experto kayakista ría villaviciosa puntal,Hoy microaventura en #kayak con dos experto kayakista  ría de villaviciosa. @ el puntal… http,microaventura #kayak experto kayak Ría Villaviciosa El Puntal
Lo peor de estar malo y tirarse toooooodo el día durmiendo es que ahora por la noche no me duerme ni el tato...,0,Lo peor de estar mal estar todo el día dormir es que ahora por la noche no dormir ni el tonto,peor estar malo tirarse todo el día durmiendo es que ahora por la noche no me duerme ni tato,peor estar todo día dormir ahora por la noche no dormir tonto,Lo peor de estan malo y tirarse toodo el dia durmiendo es que ahora por la noche no me duermo ni el tato...,peor estar mal durmiendo es que ahora por la noche no me duermo ni tato
y lo peor de todo es que funcionaba maldita Jaco como te quiero,1,y lo peor de todo es que funcionar maldita jacó como te querer,lo peor todo funcionaba maldita Jaco te quiero,lo peor todo funcionar maldita jacó querer,y lo peor de todo es que funcion maldit jaco como te quier,lo peor todo funci funci maldit jac te quier
WORK FROM HOME!! Sería espectacular y poder verlas más!  #ConMTVal727Tour,2,TRABAJAR CASA!! SERÍA ESPECTACULAR Y PODER VERLAS MÁS! #CONMTVAL727 TOUR,WORK FROM HOME!! Sería espectacular poder verlas más! #ConMTVal727Tour,TRABAJAR CASA SERÍA ESPECTACULAR VER MÁS CONMTVAL727 TOUR,WORK FROM HOME!! SERÍA ESPECTACULAR Y PODER VERLAS MÁS! #CONMTVAL727TOUR,WORK FROM HOME!! SERÍA ESPECTACULAR PODER VERLAS MÁS! #CONMTVAL727TOUR
@user Pero que aún así no me creen,0,@user pero que aún así no me crean,Pero aún así no me creen,@user aún así no me creen,@user pero que aún así no me creejen,Pero aun asi no me crean
Con lo tranquila que yo estaba...,1,Con lo平静 que yo estás...,Con tranquila estaba...,Con lo平静 que yo estás...,Con lo tranqui que yo esté....,Con tranquil estar...
"@user mercado a,  erosky y demás tienen compra online",2,"@user mercado a, erosky y demás tener compra online",@user mercado erosky y demás compra online,@user mercado compra online,@user mercad compr在线 y dem tenecompr在线,@user mercad compr online
"Por gusto redacté un testamento para que Ale se lo publique a Steven ... Gracias Perú, me dejaste misio y encima Ale no publica nada",0,"Por gusto redacté un testamento para que Ale se lo publique a Steven... Gracias Perú, me dejaste misión y encima Ale no publica nada","redacté un testamento para que Ale lo publique a Steven... Gracias Perú, me dejaste misión","redacté un testamento para que Ale lo publique a Steven... Gracias Perú, me dejaste misión y encima Ale nada","Por gust redacté un testam mi para que Ale se lo publique a Steven... Gracias Perú, me dej mió y enci Ale no publique nada","redact un testament para que Ale lo publique a Steven... Gracias Perú, me dej mión"
"Trataré de ser positiva este último mes, para que no me vaya tan mal como todo el maldito año",1,"Tratar ser positiva este último mes, para que no me vaya tan mal como todo el año",Trataré de ser positiva este último mes para que me vaya tan mal como todo el año,Tratar positiva último mes para que me vaya mal año,"Trataré de ser positiva este último mes, para que no me vaya tan mal como todo el maldito año.",Tratar positiv último mes para que vaya tan mal como todo año
@user @user uno de nuestros festivales favoritos!! Hemos ido dos veces,2,@user @user uno de nuestro festival favorito!! Hemos ido dos vez.,nuestros festivales favoritos!! hemos ido veces,festival favorito!! hemos ido vez.,@user @user un de nos fuente festi favorit!! Hemos id dos veces,nuestro festiv favorit!! hemos ido vez
no quiero q troye se haga famoso  q luego empiezan todas las de mi ciudad a mojabraguear 😡,0,no querer q troye se hacer famoso q luego empiezan todas las de mi ciudad a meterse 😡,no quiero troye hacer famoso luego empiezan todas de mi ciudad jearbraguear,querer troye hacer famoso empiezan meterse,no quier q troye se fami  q luego empiezan todas las de mi ciudad a machabrag 😡,no quiera troye famoso luego empiezan todos de ciudad jearbraguear
"Mamá haciendo limpieza  Esto no sirve, esto botalo, etc. Máááá son mis peluches , ya estás grande, acá no hay bebes!",1,"Mamá hacer limpieza Esto no servir, esto botar, etc. Máááá ser mis peluche, ya estar grande, acá no haber bebe!",haciando limpieza Esto sirve botalo son peluches ya estás grande acá hay bebés!,Mamá limpieza servir botar peluche estar grande bebe,"Mam hacer limpiez Esto no sirv, esto bot, etc. Má son mis peluche, ya ests gran, c no hay beb!",haciendo limpia esto sirve botalo son peluche ya estás gran acá hay bebe!
"@user estaría a un paseo en tren de Madrid, y tendría findes largos cada dos semanas...",2,"@user estar a un paseo en tren de Madrid, y tendr findes largo cada dos semanas....","@user a paseo en tren de Madrid, tendría fines largos cada dos semanas...",@user paseo tren Madrid tendr findes largo cada dos semanas,"@user estari a un pas en tren de Madrid, y tendri finde largos cada dos semana...","@user a paseo en tren de madri, tendria fini largo cada dos semana..."
ponedme algo que triste soy,0,ponerme algo que triste ser,algo triste soy,ponerme algo triste ser,ponedme algo que tristes soy,algo triste ser
@user @user @user @user el.partido estaba pa Lugano,1,el.partido estaba pa estar,el partido estaba Lugano,estaba pa estar,@user @user @user @user partido estuv est pa Lugano,el partid estab Lugana
"@user feliz sabado para ti tbm,a los tiempos entro al twitter y es agradable que a la primera persona que vea, sea a ti !!!",2,"@user feliz sábado para ti tbm, al tiempo entro en el twitter y es agradable que a la primera persona que vea sea tú!!",feliz sabado ti agradable primera persona,"feliz sábado para ti tbm, al tiempo entro en el twitter y agradablece primera persona que vea tú!!"," words include: felic (feliz), sabado (sabado), pa (pa), tbm (tbm), a (a), los (los), tiem (tiempos), entro (entro), al (al), twi (twitter), y (y), es (es), agrad (agradable), que (que), la (la), prim (primera), pers (persona), que (que), sea (sea)",feliz sabad agradable primera persong persona
@user Te tengo que recordar quien menciono a quien primero? Igual por tener sangre ferrolana eres mas lentita,0,@user te tener recordar quien mencionar a quien primer? igual por tener sangre ferrolana ser lenta.,@user tengo recordar menciono primero igual tener sangre ferrolana eres mas lentita,te recordar mencionar primer igual tener sangre ferrolana ser lenta,@user te tengo que recordar quien menciono a quien primero? igual por tener sangre ferrolana eres mas lentia,@user ten record men prim er igual ten sang ferro mas lent
@user la parte de acción se me hizo muy pesada. Pero los momentos bonitos son muy bonitos,1,@user la parte de accion se me hizo muy pesado. Pero los momentos bonito son muy bonito.,parte acción pesada momentos bonitos muy bonitos,@user parte accion me hecho pesado momentos bonito muy bonito,@user la par parti pesada. pero los momen bonito son muy bonito.,part accion pes moment bonito muy bonito
@user @user Verónika es una gran actriz y sobretodo una maravillosa persona!! Deseando verla ahí!! Besos!,2,@user @user Verónica ser una gran actriz y sobretodo una maravilloso persona!! Deseando verla ahí!! Besos!,Verónika gran actriz sobretodo maravillosa persona deseando verla ahí,Verónic gran actriz sobretodo maravilloso persona deseando verla ahí,@user @user Verónika es un gran actriz y sobretodo una maravillosa persona!! Deseando verla ahí!! Besos!,Verónika gran actriz sobretodo maravilloso persona deseando verla ahí
Quiero hacer un brindis Por menos personas hipócritas en el 2017,0, QUIERO HACER UN BRINDIS POR MENOS PERSONA HIPÓCRITA EN EL 2017,hacer brindis menos personas hipócritas 2017,BRINDIS PERSONA HIPÓCRITA 2017,Quiero hacer un brindis Por menos persona hipocrita en el 2017,hacer brindis menos persona hipocrita
@user @user Ninguno de los clubes lo hizo oficial pero se dice que sí,1,ningún club hacer oficial pero decir que sí,Ning uno cl bes lo h cial se d c q s,club hacer oficial,@user @user ningun de los clubes lo hizo oficial pero se dice que si,Ninguno bes lo h cial se d c q s
@user @user bienvenido al lugar en el que una bufanda nunca sobra,2,@user @user bienvenido al lugar en el que una bufanda nunca sobra,bienvenido lugar bufanda sobra,bienvenido lugar bufanda sobra,@user @user bienvenido al lugar en el que una bufan nunca sobra,bienvenid lugar bufan sobr
"Rivera y Rajoy no han pactado que Nivea vuelva a lanzar pelotas de playa desde una avioneta, como cuando era pequeño. Nos vemos el 25D",0,"Rivera y Rajoy no han pactado que Nivea vuelva a lanzar pelota de playa desde un avión, como cuando era pequeño. Nos vemos el D.25",Rivera Rajoy pactado Nivea vuelva lanzar pelotas playa desde avioneta como cuando pequeño Nos vemos 25D,Rivera Rajoy pactado Nivea vuelva lanzar pelota playa avión cuando pequeño Nos vemos D.25,"Rivera y Rajoy no han pactado que Nivea vuelva a lanzar pelota desde un avioneta, como cuando era pequeño. Nos vemos el 25D",Riviera Rajoy pact Niveu vuelv lanz pelota playa des avion como quand pequen No vemos 25D
"Soy de esos que, aún cuando la comida esté lista y tenga hambre, si no me sirven me da pereza y no como",1,"soy de ese que, aún cuando la comida esté lista y tenga hambre, si no me sirven me da pereza y no como",soy esos aún comida lista tengo hambre si me sirven da pereza como,"sigo que, aún comida esté lista y tenga hambre, si no me sirven me da pereza y no como","soy de eses que, aun quand comida este lista y tenga hambre, si no me sirven me da perez y no como",soy ese aun comid list tengo hambri si mesven da perez como
"Se nos está volviendo costumbre del domingo por la noche, ver el episodio anterior de SNL y eso me hace recibir el lunes en un mejor mood",2,"Se nos está volviendo costumbre del domingo por la noche, ver el episodio anterior de SN y eso me hace recibir el lunes en un mejor estado.",volviéndose costumbre domingo noche ver episodio anterior SNK hace recibir lunes mejor mood,volviéndose costumbre domingo noche ver episodio anterior SN eso hace recibir lunes mejor estado.,"Se nos está volvié costumbr costumbre del domingo por la noche, ver el episodio anterior de SN y eso me hace recibir el lunes en un mejor mod.",volviéndose costumbre domingo noche ver episodio anterior SNK hacer recibir lunes mejor mood
@user pero después de ducharme tampoco se queda así,0,pero Después De duchme tampoco se quedar así,después ducharme se queda así,Después duchme tampar así,@user pero despué斯蒂芬·金埃 de duchar tampoco se queda así.',después ducharse se quede así
"URGENTE!!! VENTA MY NAME TIKETS!!! Tengo dos tickets ULTIMATE VIP pero no podemos ir  los vendo más baratos, contactad conmigo!!!",1,"URGENTE!!! VENDE TIKET pero no podemos ir  lo vendo más barato, contactad conmigo!!!","VENTA TIKETS!!! Tengo dos tickets ULTIMATE VIP pero podemos vendo más baratos, contactad conmigo!!!","VENDETIKET vendo más barato, contactad conmigo!!!",URGENT VENTA TIKET TENGO DOS TICKET ULTIM VIP PERO NO PODER IR LO VENDO MAS BARATOS CONTACTAD CONMI TE,"VENTA TICKET!!! Tengo dos TICKET pero podemos vendo más baratos, contactad conmigo!!!"
Esta tarde me voy a comprar un juego que estuve esperando muchísimo tiempo... posiblemente lo suba esta tarde-noche  Yoshi aparece,2,Esta tarde yo ir compr un juego que esperar muchísimo tiempo... posiblemente lo subir esta tarde-noche Yoshi aparecer,Esta tarde comprar juego esperando tiempo posiblemente suba tarde-noche Yoshi aparece,Esta tarde ir compr juego esperar muchísimo tiempo posiblemente subir tarde-noche Yoshi aparecer,Esta tard voy a compr un juego que estuve esperand muchís tiempo... posiblemente lo suba esta tard-noch Yoshi aparce,Esta tarde comprar juego esperar tiempo posiblemente subir tarde-noche Yoshi aparece
"@user @user escríbele cosas bonitas, así no te va a dar ❤️",0,"@user @user escribele cosas bonita, así no te va a dar ❤️",escribe cosas bonitas así te va a dar ❤️,"escribele cosas bonita, así te va a dar ❤️","@user @user escribe cosas bonitas, así no te va a dar ❤️",escrib cosa boni asi te va a dar ❤️
@user @user o al menos pasad fuentes! Yo estoy viendo para reciclarme un poco,1,@user @user o al menos pasar fuente! Yo estoy viendo para reciclarme un poco,al menos pasad fuentes! viendo reciclarme un poco,al menos pasar fuente! viendo reciclarme poco,@user @user o al menos pasad fuente! Yo esté viendo para reciclarme un poco,al menmenopasarreciclarmeunpoco
@user @user Tu no tienes familia con huerta y perros no? Los tienen en unas condiciones estupendas,2,@user @user tu no tener familia con huerto y perro no? los tener en unas condiciones estupendas,Tu tienes familia con huerta y perros Los tienen en unas condiciones estupendas,tener familia con huerto perro condiciones estupendas,@user @user tu no teni familia con huert y perro no? los teni en unas condicion estupenda,Tu ten famiili con huert y perro Los tenen en unas condicion estupend
Oye @user tiraros un descuentiyo asi del 40% aprox que quiero subir a bilbao y sale muy caro  todo sea por ser cliente fiel,0,Oye @user tirar un descuento asi del 40% aprox que quiero subir a bilbao y sale muy caro todo sea por ser cliente fiel,tiraros descuentityo aprox quiero subir bilbao sale caro cliente fiel,tirar descuento 40 aprox quiero subir bilbao sale caro todo ser cliente fiel,Oye @user tir descuenti descuento 40% aprox quie subir bilbao sale muy caro todo sea por ser client fiel,tir descuent quiero subir bilbao sale car cliente fiabil
¿y por qué con el morado o azul no pasa lo mismo? sería genial cagar de colores,1,¿y por qué con el morado o azul no pasa lo mismo? sería genial cagar de color.,¿y pasaría lo mismo con el morado o azul? sería genial cagar de colores,¿y pasaría lo mismo con el morado o azul? sería genial cagar de color.,¿y por qué con el mori azul no pasa lo mismo? sería genial cagar de colo,¿y pasaría lo mismo con el mardo o azul? sería genial cagar de colores
Listo. A empezar con las metas del año,2,Listo. A empezar con las meta del año.,Listo. empezar metas año,Listo. A empezar con las meta del año.,Listo. A emparesar con las met met del an an.,Listo. empeyar met ya
"@user hacia ti no   En fin, echán2te de menos, quiero ir a verteeee, seguro que me pones una excusa a mi tambien -_-",0,"@user hacerte En fin, echarse menos, querer ir a vertee, seguro que poner una excusa a mí también -_-","@user hacia ti En fin, echán2te de menos quiero ir a verteeee seguro que me pones una excusa a mi tambien -_-",@user hacerte vertee excusa,"@user haces ti no En fin, echantes menos, quiero ir a vertes, seguro que me pones una excusa a mi tambi menos-_-.",@user hach ti en fin ech menos quier ir a vert segur quie me pon una excus a mi tambi -_-
si mal no recuerdo creo este es el último capitulo dónde escucharemos a tanaka kazunari haciendo de ukai,1,si mal no recuerdo creo este es el último capítulo dónde escucharé tanaka kazunari haciendo de ukai,creo último capitulo escucharemos tanaka kazunari haciendo ukai,creo último capítulo escucharé tanaka kazunari haciendo ukai,si mal no recuerdo creo este es el último capítl dónde escuchar tanaka kazunari hacer de ukai,creo último capítl escuchar tanaka kazunari hacer ukai
Amo los vestidos largos y los enterizos,2,Amor vestido entrarizo,amo vestidos largos enterizos,Amor vestido entrarizo,Amo los vestido largos y los entero,amo vestido
"@user yo estoy igual, he dormido nada o menos... Y en una hora en marcha a currar",0,@user yo estar nada o menos... Y en una hora en marcha a trabajar,"estoy igual, dormido nada menos... hora en marcha currar",@user estar trabajar,"@user yo esté iguál, he dormi nada o menos... y en una horá en marcha a currár.","estoy iguales, dormido nada menos... hora en marcha currar"
@user ahh no eso fijo... Pero en este caso en especifico hablo solamente de vestimenta,1,@user ah no eso fijo... pero en este caso en especifico hablo solamente de vestir,ahh eso fijo... Pero en este caso en especifico hablo solamente de vestimenta,@user eso fijo... pero en este caso en especifico hablo solamente de vestir,@user ah no es fij... per en est cas espicific habl solumen de vestimenta,ah eso fi... per en est cas esp particular habl sallande de vestimenta
"Hola @user gracias por la información, tomamos nota  Qué tengas un buen día",2,"Hola user gracias por la informacion, tomamos nota que tengas un buen dia",Hola @user información tomamos nota teng buen día,Hola user gracias informacion tomamos nota teng buen dia,"Hola @user gracas por la informacion, tomamos nota que tengas un buen dia",Hola @user inform informar nota ten buen día
Que os peten el ojete,0,Que os peticen el ojete.,Que peten el ojete,Que peticionen ojete.,Que os peten el ojete,Que peten el ojete
"@user Como lo dijo @user, menores de 16 años",1,@user como decir @user menor de 16 año,"Como dijo, menores de 16 años",@user decir @user año,"@user como lo dijo @user, menot de 16 anot","Como dij, menor de 16 año"
"@user Sí, lo que imaginaba. Todos los días se aprende algo nuevo, gracias",2,"@user Sí, lo que imaginar. Todo el día aprender algo nuevo, gracias.","@user Sí, imaginaba. aprende algo nuevo, gracias",@user Sí imaginar día aprender algo nuevo gracias,"@user sí, lo que imagnar. tod vez se aprende algo noved, gracas","@user sí, imagin imaginar algo nuevo, gracias gracias"
"@user ay si, pero no puedo cambiar el username y soy un numero raro  aiuda",0,@user decir ser pero no poder cambiar el username y sero un numero raro  aiuda,@user si pero no cambiar username soy numero raro aiuda,decir ser poder cambiar username sero numero raro aiuda,"@user ay si, pero no pue coinguie cangi u usuari y soy un nuer rau  aiuda",@user si pero no cambiar usu soy num raro aiuda
@user algunos callaos pa que no nos digan reventaores la Yihad!,1,@user algunos callar pa que no nos digan reventar yihad!,callaos reventaores Yihad,@user callar pa que nos digan reventar yihad!,@user algun callao pa que no nos digan reventao revent Yid!,callao reventao Yidhi
Ay qué bonito todo! Demasiado extraño no estar sufriendo a estas alturas Vamos Seleeeeee,2,Ay qué bonito todo! Demasiado extraño no estar sufriendo a estas alturas Vamos seleccionar,qué bonito todo! extraño estar a estas alturas Vamos Seleeeeee,qué bonito todo! Demasiado extraño sufriendo a estas alturas Vamos seleccionar,Ay qué bonit todo! Demasi extra no est sufri a estas altur Vamos Seleccion,qué bonit todo! extra estar a estas alturas vamos sele
"Otra vez quieren desnaturalizar el tema #BienestarAnimal, dejando en el texto de iniciativa popular sólo a perros y gatos.",0,"Otra vez quieren desnaturalizar el tema #BienestarAnimal, dejando en el texto de iniciativa popular sólo perro y gato.","Orientaron tema BienestarAnimal, dejando texto iniciativa popular sólo perros gatos.",Otra vez quieren desnaturalizar tema BienestarAnimal dejando texto iniciativa popular sólo perro gato.,"Otra vez quieren desnaturar el tema #BienestarAnimal, dejando en el texto de iniciativa popular sólo a perros y gatos.","Orient tem bienestaranimal, dejando texto iniciativa popular solo perro gato."
"@user mándame tu dirección postal a pdeveraoficial@yahoo.es para que pueda mandártelo, o habla con @user  Un besazo!",1,"@user mandame tu direccion postal a pdeveraoficial@yahoo.es para que pueda mandartelo, o habla con @user  un besazo!",@mándame tu dirección postal a pdeveraoficial@yahoo.es para que pueda mandártelo o habla con  Un besazo!,"manda tu dirPostal a pdeveraoficial@yahoo.es para que pueda mandartelo, o habla con un besazo!","@user manda tu dir_postal a pdeveraoficial@yahoo.es para que puea mandartelo, o habla con @user  un besazo!",@manda tu dirPostal a pdeveraoficial@yahoo.es para que pueda manda lo o hab con
@user jajajaja si si. Buscaré en Pinterest algo así  gracias 😘,2,@user jaja si. buscaré algo gracias 😘,@user si buscaréPinterest algo gracias,@user jaja si buscaré algo gracias 😘,@user jaja ja buscare en pinterest algo asi gracias 😘,@user si buscare pininterest algo gracias
"En pleno 2016 ya no debería existir la siguiente conversación: Hola! -Hola Como estas? -Bien, vos? (Esa conversación q no pasa de ahí)",0,"En pleno 2016 ya no debería existir la siguiente conversación: hola! -hola cómo estás? -bien, vos? (esa conversación q no pasa de ahí)","En pleno 2016 deber existir conversación: Hola! -Hola Como estas? -Bien, vos? conversación q no pasa ahí","En pleno 2016 deber existir conversación: hola! -hola cómo estás? -bien, vos? conversión q no pasa ahí","En pleno 2016 ya no debería existir la siguiente conversación: Hola! -Hola Cómo estás? -Bien, vos? (Esa conversación q no pasa de ahí)","En pleno 2016 debi existir conves: hola! -hola com esti? -bien, vos? conves q no pas ahí"
@user ah wno no es que me pase nada es que cuando el Hype está tan alto y se habla tanto tengo la sensación de que ya la he visto,1,@user ah wno no es que me pase nada es que cuando el hype está tan alto y se habla tanto tengo la sensación de que ya la he visto,@user ah wno es que cuando el Hype está tan alto y se habla tanto tengo la sensación de que ya la he visto,@user ah wno es que cuando hype está tan alto se habla tanto tengo sensación de que ya la he visto,@user ah wno no es que me pasen nada es que cuando el hype está tan alto y se habla tanto tengo la sensación de que ya la he visto,@user ah wno es que cuando el hype está tan alto y se habla tanto tengo la sensación de que ya lo he visto
que feliz voy a ser a las 3,2,que feliz ir a ser a las 3,feliz voy a ser a las 3,feliz ir ser 3,que felí voy a ser a las 3,feliz
Nota menta las felicitaciones automatizadas en LinkedIn cantan mucho cuando te llegan todas a la vez,0,Nota mentar felicitar automatisar cantar mucho cuando llegar a la vez,mentas felicitaciones automatizadas LinkedIn cantn mucho cuando llegan vez,felicitar automatizar cantar mucho cuando llegar vez,Nota ment felicitar automatiz cant much cuando te lleg toda a la vez,mente felicitar automatizar LinkedIn cant much cuando llegar vez
Cuando todo es felicidad y falla un sector del disco de la laptop y se borran archivos muy importantes de la chamba,1,Cuando todo es felicidad y falla un sector del disco de la laptop y se borran archivos muy importantes de la chamba,todo felicidad falla sector disco laptop borran archivos importantes chamba,todo felicidad sector disco laptop archivos importantes chamba,Cuando todo es felicidad y falla un secto del disc de la lap y se bora archiv muy importan de la chamba,todo felicad fall sector disco laptop borr archiv import chamb
y el video de la campaña de este año del juego fue muy bueno pero no lo tengo,2,y el video de la campaña de este año del juego fue muy bueno pero no lo tengo,video campaña año juego muy bueno pero no lo tengo,video campaña año juego bueno,y el vide de la campa de este ano del juego fue muy bueno pero no lo ten,video campaño año juego muy bueno pero no lo ten
Que dizque el debut de CM Punk en la UFC fue tan corto que puede entrar en un vídeo de Instagram. @user debe estar muy triste.,0,Qué decir sobre el debut de CM Punk en la UFC fue tan corto que puede entrar en un vídeo de Instagram. @user debe estar muy triste.,dizque debut CM Punk UFC corto puede entrar vídeo Instagram user estar muy triste,debut CM Punk UFC corto vídeo Instagram @user triste,Que dizque el debut de punk en la UFC fué tan corto que puede ente r un vídeo de Instagram. @user debe esté muy triste.,dizque debut punk ufc cort puede entrar video insta user estar muy triste
@user hombre pos claro. Lo dudabas?   Soy tortillero mayor del reino,1,@user hombre pos claro. Lo dudabas? soy tortillero mayor del reino.,hombre pos claro dudabas Soy tortillero mayor reino,hombre pos claro dudabas soy tortillero mayor reino,@user hombre pos clar. Lo dudabas?   Soy tortillero mayor del reino,hombre pos claro dudaba soy tortillero mayor reino
@user El Valencia siempre a dado excelentes jugadores tanto a la Selección como a otras selecciones.,2,@user El Valencia siempre da excelente jugador tanto a la Selección como a otras selecciones.,Valencia dado excelentes jugadores Selección otras selecciones,Valencia excelente jugador Selección otras selecciones,@user valencia siempre dado excelente jugador tanto selección como otra selección.,Valenc dado excelent jugad Selecc otras selecc
Siento que estoy tan gordo que en cualquier momento romperé la silla de plástico,0,siento que estoy tan gordísimo que en cualquier momento romperé la silla de plástico,siento que estoy tan gordo que en cualquier momento romperé silla de plástico,siento que estoy tan gordísimo que en cualquier momento romperé silla plástico,}siento que esté tan gord que en cuelquier momen romperé la sill de plástic,sient gordo que est tan gordo que en cualquie momento romp silla de plástic
El verano pasado estaba ligerameeente más gordita y la ropa que compré ya no me queda igual,1,El verano pasado estar ligeramente más gordito y la ropa que comprar ya no me quedar igual.,verano pasado más gordita ropa compré ya queda,El verano pasado ligeramente gordito ropa comprar ya no quedar igual.,El veran pasado estab ligermamen más gordit y la rop que compr ya no me qued igual,veran pasado mas gordit ropa compr ya queda
"@user justo cuando se terminan las fiestas de verano, me viene genial",2,"@user justo cuando se termina las festa de verano, me viene genial.",justo terminan fiestas verano me viene genial,"cuando termina festa verano, me viene genial.","@user just cuando se termine las fiesta de verano, me viene genial",just termin fiesta veran me ven genial
"@user ""surgen""  está el que se relaja con un plajo y el que nunca va a la caja pero farda de que saca un buen trabajo",0,"@user ""surgir"" está el que se relaja con un plajo y el que nunca va a la caja pero farda de que saca un buen trabajo","@suser ""surgen"" está el que se relaja con un plajo y el que nunca va a la caja pero farda de que saca un buen trabajo",@surgir está que se relaja con un plajo y que nunca va a la caja pero farda de que saca un buen trabajo,"@user ""surg"" est el que se relaj con un plaj y el que nunca va a la caj pero fard de que sac un buen trabaj","@suser ""surge"" está el que se relaja con un plajo y el que nunca va a la caja pero farda de que saca un buen trabajo"
"En una propuesta/solicitud de servicio lo que debe quedar muy claro son los ENTREGABLES. Si esto no está claro, habrá problemas.",1,"En una propuesta/solicitud de servicio lo que debe quedar muy claro son los entregable. Si esto no está claro, habrá problemas.","En propuesta/solicitud servicio debe quedar claro entregableable. Si esto está claro, habrá problemas.","En propuesta/solicitud servicio debe quedar claro entregable. Si esto está claro, habrá problemas.","En un propuest/solicitud de servici lo que debe quedar muy clara son los ENTREGABLE. Si esto no est clara, habr probl.","En propuesta solicitud servicio debe quedar claro entregable. Si esto está claro, habrá problema."
11. siiii fue super gracioso teniamos que habernos sacado una foto,2,siiii fue ser muy gracioso teníamos que habernos sacado una foto,fue super gracioso teniamos que sacarno una foto,fue muy gracioso teníamos sacar foto,11. si fue super gracios teniamos que habernos sacado una fot,fue super gracios teniamos que sacan un foto
"@user que va tío, aún no lo he probado",0,"@user que ir tío, aún no lo he probado.",va aún lo probado,@user ir tío aún lo probado.,"@user que va tio, aun no lo he probado",va aún lo probado
"@user aaahm bueno, disfruta la vida por esos lares, yo me vuelvo a Rusia en breve",1,"@user ahím bien, disfrutar la vida por esos lados, yo me voy a Rusia en breve",disfruta vida esos lares me vuelvo Rusia breve,ahím bien disfrutar vida esos lados yo voy Rusia breve,"@user aaahm bien, disfrut vida por esas lare, yo me vuelvo a Rusia en brev",disfrut vida es lare me vuelv rusia breve
Morí @user me dio like #Bombon,2,Murir dar dar,Morí @user dio #Bombon,Murir dar,Mor @user di lik Bomb,Mori user dio bombon
"Ayer más que nunca extrañé a mi amigo Rumors, teníamos la casi tradición ir a Zapote los 25 juntos.",0,"Ayer más que nunca extrañé a mi amigo rumor, teníamos la casi tradición ir a zapote los 25 juntos.","Ayer extrañé amigo Rumors, teníamos la casi tradición ir Zapote juntos.","Ayer extrañé amigo rumor, teníamos casi tradición ir zapote juntos.","Ayer más que nunca extrañé a mi amig rumo, teníamos la casi tradic ir a Zapat los juntos.","Ayer extrañé amig rumor, teníamos la casi tradic ir zapott juntos."
"@user eso es de Grammar 1, no de inglés 7! de Inglés 7 yo hice resumen el cuatri pasado",1,"eso ser de grammar 1, no de inglés 7! de inglés 7 yo hice resumen el cuatri pasado",eso Grammar 1 inglés 7 hice resumen cuatri pasado,eso gramática resumen cuatri pasado,"@user eso es de gram 1, no de ingl 7! de ingl 7 yo hice resum el cuatri pasado",eso gram 1 ingles 7 hice resum cuatr pasado
"¡Buenos días! #YeimyTeMueve a partir de este momento. ""Escribí en tu corazón que cada día es el mejor del año…",2,¡buen día! #yeimyTeMueve a partir de este momento. escribir en tu corazón que cada día es el mejor del año…,¡Buenos días! #YeimyTeMueve a partir momento. Escribí corazón día mejor año…,¡buen día! #yeimyTeMueve a partir momento. escribir corazón que cada día mejor año…,"¡buendía! #yeimytemueve a partirde este momento. ""escribienetucorazón que cada día eselmejordelanño…""",¡buen día! #yeimtemueve a par momento. escrib corazón día meyer año…
"""Contigo porque me matas y ahora sin ti ya no vivo"" -->Tal cual! Te mereces todo lo que has conseguido y conseguirás @user",0,Contigo porque me matas y ahora sin ti ya no viv ir@email,Contigo matat ahora sin ti vivo tal cual mereces conseguido conseguirás @user,Contigo matat ya viv,Contiguit mat mat vivi tal cual merit merced consig conseg consegisti,Contiguit matatahor sin vivitacual merecest consegui conseguiras @user
"@user y, según yo, miradas a los ojos que valen por mil (todo de manera independiente a la sustancia ""amor"")",1,"@user y, según yo, mirar a los ojos que valen por mil (todo de manera independiente a la sustancia amor)",@user Según miradas a los ojos que valen por mil todo de manera independiente a la sustancia amor,@user según mirar ojos valen mil todo manera independiente sustancia amor,"@user y, segun yo, mirad a los ojo que valen por mil (todo de manera independiente a la substanc amor)",@user Según mirada a ojo que valen por mil todo de manera independiente a la substanci amor
y ahors me puedo tirar como horas viendo videos de conciertos suyos pq me encanta como se mueve en el escenario y como todo de vd  mi niño,2,y ahorrar puedo tirar como hora ver video de concijo suyo pq encantarme como moverse en escenario y como todo de vd mi niño,me puedo tirar horas viendo videos conciertos pq me encanta como se mueve escenario todo vd niño,ahorrar tirar hora ver video concijo encantarme moverse escenario todo niño,y ahor puedo tirar como horas viendo videos de conci suyos pq me encanta como se mueve en el escenario y como todo de vd mi niño,me puedo tirar horas viendo video conciiert pq me encanta como se mueve esc todo vd niñe
No se porque hay gente tan renegara donde dice que fue el peor año.. no solo lloraron TAMBIÉN FUERON FELICES,0,No sé porque hay gente tan renegada donde dice que fue el peor año.. no solo lloraron tampoco fueron felices.,gente tan renegara dice fue peor año lloraron TAMBIÉN FUERRO FELICES,sé gente tan renegada dice fue peor año lloraron felices.,No se porque hay gente tan reneg - ar donde dice que fue el peor a - no. no solo llo - raron TAMBIÉN FU - eron fel - es.,gente tan renegar dice fu fue peor aÃ±o llorar tambiÃ©n fu felic
"@user Es que en el Ojeando el año pasado tampoco, tiene muchas canciones ya jajajajaja",1,"@user es que en el ojeo el año pasado tampoco, tiene muchas canción ya jajajajaja",en Ojeado año pasado tiene muchas canciones jajajajaja,en ojeo año pasado tiene muchas canción jajajajaja,"@user es que en el ojeo el año pasado tampoc, tiene muchas cancion ya jajajajaja",en ojeado año pasad mucha cancion
@user Aquí seguirá El Teide esperando tu próxima visita. Felicidades por la proeza,2,@user aquí seguir el teide esperar tu próxima visita. felicidad por la proeza,Aquí seguirá El Teide esperando próxima visita. Felicidades por proeza.,seguir teide esperar próxima felicidad proeza,@user aquí seguir teide esperando tu próxima visita. felicidad proezza,Aquí seguir Teide esperan visita. Felicidades proez.
Todo era mejor en la playa,0,Todo es mejor en la playa.,Todo mejor playa,Todo mejor playa.,Todo era mellor en la play.,Todo mejor play
@user el mismo de que sale el juego ppppppero la campa;a 30 dias antes de que salga osea el 5 de Octubre,1,@user mismo de que salir juego pero la cabaña 30 días antes de que salga osea el 5 de Octubre,juego campa;a Octubre,mismo salir juego cabaña 30 días salga 5 Octubre,@user el mism de que sale el juego pppppp pero la camp 30 dias antes de que salga osea el 5 de Octubre,juego campa; octubre
@user Hola bella Andrea!! Qué tengas un maravilloso día!! Besitos!,2,@user hola bella Andrea!! qué teng tener un maravilloso día!! besito!,@user Andrea!! Qué teng un maravilloso día!! Besitos!,@user hola Andrea!! teng un maravilloso día!! besito!,@user hola belloAndrea!! qué teng una maravilloso día!! besito!,@user Andреa!! Q teng un maravilloso d&ía!! Bеsitos!
"Hablando en serio, como no apruebe matemáticas me tiro desde la ventana de mi cuarto, que es un décimo y así no sobrevivo",0,"Hablar en serio, como no apruebe matemática me tiro desde la ventana de mi cuarto, que es un décimo y así no sobrevivo.",Hablando serio apruebe matemáticas tiro ventana cuarto décimo sobrevivo,"Hablar serio, apruebe matemática tiro ventana cuarto, décimo, sobrevivo.","Hablando en serio, como no apruebe matemátic tiro desde la ventan de mi cuart, que es un décim y así no sobreviv.",Hablar aprobar matemátic ventan cuart decim sobreviv
En versión extendida. 4 horas. Y no vamos ni por la segunda,1,En versión. 4 hora. Y no vamos ni por la segunda.,En versión extendida. 4 horas. Y vamos ni por la segunda.,En versión hora vamos segunda.,En versi ext nda. 4 h ras. y no va mos ni por la seg unda.,En versini extensni. 4 hora. Y vamos ni por la segundni.
"Cuando no puedo dormir, escribo todo lo que preocupa en una libreta que alguien me regaló y es como un somnífero instantáneo",2,"Cuando no puedo dormir, escribir todo lo que preocupa en una libreta que alguien me regalar y es como un somnífero instantáneo.",Cuando escribo todo lo que preocupa en una libreta que alguien me regaló es como un somnífero instantáneo.,Cuando escribir todo lo que preocupa en una libreta que alguien me regalar y es como un somnífero instantáneo.,"Cuando no pue dorir, escrib todo lo que pre ocupa en una libr que alme me regal y es c un somnifero inst anteindo",Cuando escribo todo lo que preocupa en una libreta que alguien me regaló es como un somnífero instantáneo.
@user @user @user las de los usuarios? porque la verdad que SFV quita las ganas de jugar a los que somos mortales.,0,@user @user @user las del usuario? porque la verdad que SFV quita las ganas de jugar a los que somos mortal.,@user @user @user usuarios verdad SFV quita gan jugar mortales.,@user @user @user usuario verdad SFV quita gan jugar mortales,@user @user @user las los usuario? porque la verdad que sfv quita las gan de jugar a los que somos mortal.,@user @user @user usuario verdad SFV quita gan jugar mortal.
@user no se cual de los dos estaba más cansado. Y hasta aquí puedo leer...  #modoMayraGomezKempON,1,@user no saber cual de los dos estuviera mas cansado. Y hasta aqui puedo leer... #modoMayraGomezKempON,se cual dos estaba más cansado hasta aquí puedo leer modoMayraGomezKempON,@saber cual dos estuviera mas cansado Y hasta aqui puedo leer#modoMayraGomezKempON,@user no se qual de los dos estan mas cansad. y hasta aqui pode leer... #modomayrakempon,se cual dos estab mas cansad hasta aqui puedo leermodoMayraGomezKempON
"@user Ambas son mindblowing, lástima White Collar terminara así de repente, y esperando a la segunda par de la 5ta de Suits",2,"@user ambos son impresionantes, lástima White Collar terminó así de repentinamente, y esperando a la segunda parte de la quinta de Suits",Amb son mindblowing terminara así de repente esperando segunda par quinta Suits,ambos impresionantes lástima terminó así repentinamente esperando segunda parte quinta Suits,"@user amb mindblowing, lástima white_collar terminará así de repente, y esperando a la segunda par de la 5ta de suits",Amb son mindblowing termina esperando segunda par quinta Suits
"Ay, que ya he perdido el bus por primera vez este año",0,"Ay, qué ya he perder el bus por primera vez este año","Ay, perdido bus primera vez año","Ay, ya he perder bus primera vez año","Ay, que ya he perdid el bus por prim vez este anio","Ay, perd perd bus prim vez an"
"@user @user @user pero hombre, eso ya lo había leído  La pregunta es... ¿Cuál pretende ser el titular completo?",1,"@user @user @user pero hombre, eso ya lo había leído  la pregunta es... ¿cuál pretende ser el titular completo?",@user @user @user pero eso leído pregunta pretende titular completo,@user @user @user pero hombre lo había leído pregunta pretende ser titular completo,"@user @user @user per hombre, eso ya lo habi leid la quest es... qu pretende ser el titul complet",@user @user @user pero eso leído pregunta pretende titular completó
@user  -felicidades!!! 🎉 -sales genial en tu icon -no te conozco casi nada -,2,@user  -felicidades!!! 🎉 -sales genial en tu icono -no te conozco casi nada -,@user -felicidades!!! 🎉 -sales genial en tu icon -te conozco casi nada -,@user - felicidades!!! 🎉 - sales genial en tu icono - te conozco casi nada -,@user  -felicidad!!! 🎉 -sales genial en tu icón -no te conozco casi nada -,@user -felic -sales geniial en tu ic -te conozc casi nada -
@user @user Soy un esclavo de fines de semana,0, Soy un ser de fin de semana,S user Soy un esclavo fines de semana,S ser de fin de semana,@user @user soy un esclav de fin de semana,soy un esclavo fin
"→ ¡Ya lo sabes, sigue a @user en sus Redes Sociales! Excelente semana para todos",1,"→ ¡ya saber, seguir a @user en sus redes sociales! excelente semana para todos.","¡Ya lo sabes, sigue a @user en sus Redes Sociales! semana para todos","saber, seguir, @user, redes, sociales, excelente, semana, todos.","→ ¡ya lo sabe, sigui en sus redes sociales! excelent semana para todo","¡ya lo sab, súllev en sus rds soc! sma para todo"
@user me alegro mucho!! es importante darnos cuenta del gran valor que podemos aportar y encontrar nuestra misión,2,@user me alegrar mucho!! es importar darnos cuenta del gran valor que podemos aportar y encontrar nuestra misión,me alegro mucho!! importante darnos cuenta gran valor aportar encontrar misión,me alegrar mucho!! importar darnos cuenta gran valor podemos aportar encontrar misión,@user me alegra mucho!! es importante darme cuenta del gran val que podemos aportar y encontrar nustra misi,me alegro mucho!! importe darnos cuenta gran valo aportar encon miśion
Y lo que se sabe no se preguntan para el dolor de muchos no soy pita soy SCORT  no cobro dos lochas ni doy culo gratis como muchos.,0,Y lo saber no se preguntan para el dolor de muchos no soy pita soy SER no cobro dinero ni doy sexo gratis como muchos.,lo se preguntan dolor muchos soy SCORT cobro doschas doy culo gratis muchos,lo saber preguntan dolor muchos soy SER cobro dinero doy sexo gratis muchos,Y lo sab kno se pregunt para el dol多s mchno sn pita sn scort  no cobr d lochas ni dy c多l grtis kn多s mchno.,lo sé preguntan dolor muchos soy scort cobro ducha doy culo gratis muchos
@user eso me lo decías hace un año y medio pero en otro contexto,1,eso decirme lo hacer un año y medio pero en otro contexto,eso me lo decías año medio contexto,decirme hacer año medio,@user eso te lo decías hace un año y medio pero en otro contexto,eso me lo decías año medio contexto
@user @user @user ¡Qué bonito que nos recomiende un padre! Eu non falo moito o galego pero GRACIÑAS,2,@user @user @user qué bonito que nos recomide un padre! eu non falo mucho el galego pero gracias,¡Qué bonito que nos recomiende un padre! GRACIÑAS,qué bonito nos recomide un padre! eu non falo mucho el galego pero gracias,@user @user @user qué bonit que nos recomi un pad! eu non fal moit o gal pero GRACIN,¡qué boni que nos recomi un pad! graciñas
@user yo tmbn me tienes abandonadisimo,0,@user yo tambn me tienes abandonado,@user me tienes abandonado,@user tambn tienes abandonado,@user yo tmbn me tienes abandonadomino,@user te tienes abandonado
"@user @user si, desde aqui se te vé La Fosa de las Bermudas, clarito y con vegetacion",1,"@user @user sí, desde aquí se te ve la fosa de las bermudas, claro y con vegetación",si desde aqui se te vé La Fosa de las Bermudas clarito y con vegetacion,"sí, se te ve fosa de las bermudas claro vegetación","@user @user si, desde aqí se te ve la fosa de las bermudas, clarito y con vegetación",si desde aq ver la fosa de las bermudas clar con vegetacion
@user no creas. Pero me gusta tener a la gente engañada  @user,2,@user no creer. Pero me gustar tener a la gente engañar @user,@user cre creer Pero gust tener gente engañada @user,@user creer Pero gustar tener gente engañar @user,@user no cree. pero me gust ya tener a la gente engañ ya  @user,@user cre creer pero gust tener gente engañada @user
"La vara es que ya tengo como 3 quiz, una eición, dos exámenes, un ensayo, y lo peor es que mis vacaciones ya casi acaban",0,"La vara ser ya tener como tres quizas, una eición, dos examen, un ensayo, y lo peor ser que mis vacación ya casi acab",La vara ya tengo quiz edición exámen ensayo lo peor vacaciones acaban,vara ser teniendo edición examen ensayo lo peor ser vacaciones casi acab,"La var es que ya ten con quiz, una eición, dos exámen, un ensay, y lo peor es que mis vacacion ya casi acab.",La var ya ten quiz edic exámen ensay lo peor vacacion acab
"@user @user @user sí, es usual en País Vasco y zonas limítrofes, pero no me cabía lo último en el tuit",1,"@sí, ser usual en País Vasco y zonas limítrofes, pero no me cabía lo último en el twit",sí usual País Vasco zonas limítrofes me cabía lo último tuit,usual en País Vasco y zonas limítrofes pero me cabía lo último en el twit,"@sí, es usual en País Vasco y zonas limítrofes, pero no me cabía lo último en el tuit",sí usu País Vasc zon limít cabr lo últ twit
"@user efectivamente  , un buena píldora viral muy ilustrativa.",2,"@user efectivamente, un buena píldora viral muy ilustrativa.",efectivamente buena píldora viral ilustrativa.,efectivamente buena píldora viral ilustrativa,"@user efectivament, un buenas pildora viral muy ilustrativ.",efectivamente buena pílil viral ilustrativo.
@user yo siempre deseo eso y cuando estoy libre;como hoy> ando desde temprano dando vueltas y sin sueño,0,@user yo siempre desear eso y cuando estar libre;como hoy andar desde temprano dar vueltas y sin sueño,@user siempre dese eso cuando estoy libre; como hoy ando desde temprano dando vueltas sin sueño,@user siempre desear eso cuando estar libre como hoy andar desde temprano dar vueltas sin sueño,@user yo siempr deseo eso y quand est libre;com hoy ando desde temprano dando vuela y sin sueno,@user siempre dese eso cuandoyestoy libré; comoyandoyandoy tempranodando vueltas sin sueño
!Feliz año nuevo! este 2017 sea realmente un año muy lindo y maravilloso ^_^,1,¡feliz año nuevo! este sea realmente un año muy lindo y maravilloso ^_^,Feliz año nuevo real lindo maravilloso,¡feliz año nuevo! sea un año lindo maravilloso ^_^,!feliz año nuevo! este 2017 sea realment un año muy Lind y maravillos,Feliz año nuevo real lindo maravilloso
"De nuevo lo veo imposible con tanta mención @user #FollowSpree. Por favor, mi apoyo lo tienes siempre",2,"De nuevo lo ver veo imposible con tan mucha mencion @user #FollowSpree. Por favor, mi apoyo lo tienes always",De nuevo lo veo imposible mención @user FollowSpree apoyo tienes siempre,De nuevo ver veo imposible mucha mencion @user #FollowSpree. por apoyo tienes always,"De nuev lo v imposibl con tant menci @user #FollowSpree. Por fui, mi apoy lo tienes always",De nuev lo v imposib menci @user FollowSpree apoy tien sempre
he soñado una cosa muy rara con los personajes de PLL y luego como que estaba en la real life y conocia a Shay y a Lucy y y y,0,he soñar una cosa muy rara con los personaje y luego como que estar en la real life y conocer a Shay y a Lucy y y y,soñado cosa rara personajes PLL real life conocia Shay Lucy,soñar cosa rara personaje real life conocer Shay Lucy,he soñado una cosa muy rara con los personaje de PLL y luego como que estaba en la real y conocia a Shay y a Lucy y y y,soñ cosa rara personajes PLL real vida conocía Shay Lucy
"@user @user @user Más bien imposible. A no ser q se convierta al Islam, claro",1,"@user @user @user Más bien imposible. A no ser que se convierta al Islam, claro.",Más bien imposible convierta Islam claro,"Más bien imposible. A no ser que se convierta al Islam, claro.","@user @user @user más bien imposible. a no ser q se convierta al islám, claro",Más bien imposible convi Islam clar
@user que bien yuriko. Felicidades,2,@user qué bien yuriko. felicitaciones.,@user bien y felicidades,qué bien y felicitaciones.,@user que bien yuriko. felicit,@user bien y felicidades
Y también dice caca solo que no me ha dado tiempo a grabarle,0,Y también dice caca solo que no me ha dado tiempo a grabarle,dice caca,dice caca,Y también di caca solo que no me ha dado tiempo a grabarle,dice cac
"@user yo tuve el pelo rojo … ._."" #YaChau …",1,"@user yo tuve el pelo ser rojo...._."" #YaChau...","@user tuve pelo rojo …._."" #YaChau …","@user tuve pelo ser rojo...._."" #YaChau...","@user yo tuve el pe roj o …._."" #YaChau …","@user tuve pel roj …._."" #YaChau …"
@user dos para vos un gran abrazo homosexual 🤗,2,@user dos para un gran abrazo homosexual 🤗,dos gran abrazo homosexual 🤗,dos gran abrazo homosexual,@user dos para vos un gran abrazo homo 🤗,dos gran abrazo homossexual 🤗
@user hola odiosa me hace falta,0,@user hola necesitar hacer,@user hola falta,@user hola hacer,@user hola odi me hace falta,@user hola falto
@user jajaja claro como olvidarlo!ay ya quisiera pero llego a mi casa a las 10 11pm por mis clases y no puedo ni siquiera ver nada,1,@user jaja claro como olvidarlo! ay ya quisiera pero llego a mi casa a las 10 11pm por mis clases y no puedo ni siquiera ser,@user jajaja claro olvidarlo!ay quisiera clases no puedo nada,@user jaja claro ay ya quisiera llego casa pm clases no puedo ser,@user jajaja clara como olvidarlo!ay ya quisiera pero llego a mi casa a las 10 11pm por mis clase y no puedo ni siquiera ver nada,@user jajaja clav olvitar ay quiser cla nada
"VALE YA FUNCIONA ALELUYA he tenido que cambiar el boton de la palanza derecha, por el de la izquierda q estaba roto",2,"vale ya funcionar aleluya he tener que cambiar el botón de la palanca derecha, por el de la izquierda que estar roto","VA YA FUNCIONA ALELUYA he tener que cambiar botón palanza derecha, por de izquierda q estaba roto","funcionar aleluya tener cambiar botón palanca derecha, izquierda roto","VALE YA FUNCIONA ALELUYA he tenido que cambiar el botón de la palanq derecha, por el de la izq q estaba rotó.","VA YA FUNCIONA ALELUYA HE TENER QUE CAMBIAR BOTÓN PALANZA DERECHA, POR DE IZQUIERDA Q ESTABA ROTO"
@user estar un poco poseída nada más,0,@user estar un poco poseer nada más,@user un poco poseída,@user un poco poseer,@user estar un poco poseer nada más,@user poco poseída
@user Sería un puntazo que te dieran los domingos de descanso o que trabajases de mañana y así tener la tarde libre para verlo,1,Sería un puntazo que te den los domingingues de descanso o que trabajes de mañaña y así tener la tarde libre para verlo,Sería puntazo que te dieran domingingos de descanso o que trabajases mañana y así tener tarde libre para verlo,puntazo domingingues descanso trabajes mañaña tarde libre ver,@user sería un puntazo que te dieran los domingo de descanso o que trabajases de mañaña y así tener la tarde libre para verlo,Sería puntazo que te dieran domingo de descanso o que trabajes mañana y así tener tarde libre para verlo
@user Que linda y grande que está Holly,2,@user qué lindo y grande que estar holly,Que linda y grande está Holly,qué lindo grande estar holly,@user que lind y gran est Holly,Que lind y gran est Holly
Porque si estaba bien me tiene que dar calentura de nuevo ??,0,Porque si estuviera bien me tiene que dar calentura de nuevo??.,estaba dar calentura,si estuviera bien tiene dar calentura nuevo,Porque si esteaba ben me tenes que dar calentuva de novo??,estar dar calor
@user @user ta entonces me entendes porque no hablo chino amorrr,1,@user @user ta entonces me entiendes porque no hablo chino amor,entonces me entendes porque hablo chino amorrr,entonces me entiendes porque hablo chino amor,@user @user ta entonces me entendes porque no hablo chinoo amor,entonces me entias porque habl chino amor
"Estoy seguro de que todo va a salir bien, suerte viejita",2,"Esto ser seguro de que todo va a salir bien, suer viejita","todo salir bien, suerte viejita",esto seguro todo va salir bien suer viejita,"Estoy segurur de que todo vaa a salir bien, suurr viejita","todo salir bien, suer viej"
a mi me llegas a poner los cuernos y posiblemente no vivas pa contarlo porque te arranco la puta cabeza,0,a mí me llegar a poné los cuernos y posiblemente no vivir para contarlo porque te arrancó la puta cabeza,llegar poner cuernos vivir contarlo arrancar cabeza,llegar poner cuernos vivir contarlo arrancar cabeza,a mí me llega a poné los cuernos y posiblemente no vivá pa contarlo porque te arranco la puta cabeza,lleg argument cabe
Estoy toda estresada para el examen de mañana como que si lo fuese a perder jaja Pero ya pasé el curso y todo,1,Estoy estar todo todo estresado estar para el examen de mañana como que si lo fuese a perder jaja pero ya pasar el curso y todo,todo estresada examen mañana perder jaja pasado curso todo,todo estresado examen mañana perder jaja pasar curso,Estoy toda estrés para el examen de maña como que si lo fues a perder jaja Pero ya pasé el curso y todo,todo estrés examen mañana perder jaja pasado curso todo
mi espalda esta bien chicos no os preocupeis  P espero que el juicio sea lento y me libre de la carcel http,2,mi espalda estar chico no os preocupar p espero que el juicio ser y me liberar de la carcel,mi espalda esta bien chicos os preocupeis  P espero que juicio sea lento me libre carcel,mi espalda chico os preocupar espero juicio liberar carcel,mi espadal esté bien chico no os preocupéis  p espero que el juijo sea lent y me libré de la carcel,mi espalda esta bien chicos os preocupeis  p espero que juicio sea lento me libre carcel
"@user bueno,  es algo..  Cuando encima no sabes porque te pasan las cosas todo es un poco peor  lo dicho, muchos ánimos",0,"@user bueno, es algo.. cuando encima no sabes por qué te pasan las cosas todo es un poco peor lo dicho, muchos ánimo.",@user algo Cuando encima sabes porque te pasan las cosas todo es un poco peor dicho muchos ánimos,bueno algo cuando encima sabes cosas todo es un poco peor muchos ánimo,"@user bien, es algo.. cuando encima no sabes pq te pasan las cosas todo es un poco peor lo dicho, muchos nimos",@user algo cuando enci sabes pq te pasan las cso todo es un poco peor dihc muchos ánimos
@user lo mejor que tengo es uno de 200 o así,1,lo mejor tener uno de Así,lo mejor que tengo uno 200 así,lo mejor tener uno Así,@user lo mejor que ten es uno de 200 o así,lo mejor que ten uno dos así
"@user Jajajaja en cuanto salga de mi bucle infinito con la casa, me imprimo los mapas a dos y lo estreno!!",2,"@user jaja en cuanto salga de mi bucle infinito con la casa, me imprimo el mapa a dos y lo estreno!!",@user salga casa imprimo mapas estreno,salga casa imprimo mapa dos estreno,"@user jaja en cuanto salga de mi bucle infinito con la casa, me imprimo los mapa a dos y lo estreno!!",sal cim imprim map estren
"@user yo tengo que aguantar 4 niños pequeños, no sé que es peor",0,"yo tener que aguantar 4 niño pequeño, no saber que es peor","tengo aguantar niños pequeños, sé peor","tener aguantar niño pequeño, saber peor.","@user yo ten que aguantar 4 niñ pequeño, no sé que es peor","tengo aguantar niño pequeño, sé peor"
Quiero y tengo que ir a ver animales fantásticos antes que salga de cartelera,1,Querer y tener que ir a ver animal fantástico antes que salir de cartelera,Quiero ir ver animales fantásticos salga cartelera,querer ir ver animal fantástico salir cartelera,Quirir y tenir que ir a ver animil fantástic antes que sali de cartelera,Quir ir ver animal fantástico salga cartelera
"@user Para ser un filler tiene bastante chicha... XDD, si es muy bueno entra al Olimpo con el Duel, los 2 mejores filler",2,"@user para ser un filler tiene bastante chicha... xdd, si es muy bueno entra al olimpo con el duel, los 2 mejores filler",@user un filler tiene bastante chicha XDD si es muy bueno entra al Olimpo Duel 2 mejores filler,ser tiene bastante chicha xdd si es muy bueno entra al olimpo con el duel los 2 mejores filler,"@user para ser un filler tiene bastante chicha... xdd, si es muy bueno entra al olimpo con el duel, los 2 mejores filler",@user un fill tiene bastante chich XDD si es muy bueno entra al olimp duel 2 mejo fill
"@user bufeo a los bombarderos y que arreglen a los putos rammers que salen ilesos, si no no juego",0,"@user bufear a los bombardero y que arreglar a los putos rammer que salir ileso, si no no jugar",@user bufeo bombarderos arreglen rammers salen ileso juego,@user bombardero arreglar rammer salir jugar,"@user bufear a los bombardero y que arreglen a los putos rammer que salen ilesos, si no no juego",@user bufeo bombardero arreglan rammer salen ilesos juego
En cuanto se vaya fabi no pienso salir de mi casa en por lo menos tres días,1,En cuanto se vaya fabi no pienso salir de mi casa en por lo menos tres días,En cuanto vaya Fabi pienso casa menos días,En cuanto se vaya Fabi pienso salir casa por lo menos tres días,En cuan se va fab no pienso salir de mi cas en por lo menos tres dí.,En cuanto vaya Fabi pienso casa menos día
"Hoy estoy muy feliz! Podre subir videos de nuevo, mi grabador ya no me da error Volvere con todo y con un super evento por los 1000",2,"Hoy estar feliz! Podré subir video de nuevo, mi grabar ya no me dar error Volveré con todo y con un super evento por los mil.",Hoy feliz subir videos grabador error volver con super evento 1000,"Hoy feliz! Podré subir video nuevo, mi grabar ya no me dar error Volveré con todo y con super evento mil.","Hoy esté muy felí! Podré subir video de nuev, mi grabador ya no me da erró Volveré con todo y con un super event por los 1000",Hoy feliz subir video grabar error volver con super evento
"@user @user @user  ""Cosa Nostra"" en estado puro... Ni Don Vito llegó tan lejos...",0,@user @user @user cosa nostra en estado puro... ni don vito llegó tan lejos...,"""Cosa Nostra"" estado puro Ni Don Vito llegó tan lejos",cosa nostra estado puro ni don vito llegó tan lejos,"""@usur nostr estat pur... ni don vit lleg tan l胥...'""",Cosa Nostr estado pur Ni Don Vit lleg tan lej
@user @user @user @user @user quiero un polo así,1,quiero un polo así,quiero polo así,quiero polo Así,quiero un pol así,quiero polo asi
@user vas a ser un gran comunicador,2,@user vas a ser un gran comunicar,vas ser gran comunicador,vas ser gran comunicar,@user vas a ser un gran comunicador,serás
"El colmo de tener que madrugar y tardar en quedarte dormido, o perderte en los mundos de la lectura",0,"El colmo de tener que madurar y tardar en quedar dormido, o perderse en los mundos de la lectura.","tener madrugar tardar quedarte dormido, o perderte mundos lectura",colmo madurar tardar quedarse dormido perderse mundos lectura,"El colmo de tener que madrugar y tardar en quedarte dormido, o perderte en los mundos de la lec.","tener madrugar tardar quedarse dormido, o perderte mundo lectura"
@user Son las grandes promesas nuestras,1,Son las grandes prometer nostra,Son grandes promesas nuestras,Son grandes prometer,@user son las grand promesa nostra,Son gran promesa nostra
@user Espero que te guste  Escocia es precioso!,2,@user espero que te guste escocia ser precioso,@user Espero guste Escocia precioso!,espera guste escocia precioso,@user esper gust escocia precioso!,@user esper gust escocia precios!
"@user tú norte, yo sur  - levante, humedad, mosquitos, caló azotado por levante pero al menos tienes playa...aquí no hay de eso",0,"@user tú norte, yo sur - elevar, humedad, mosquito, calor azotado por levante pero al menos tener playa...aquí no haber de eso","@user norte, yo sur  - levante, humedad, mosquitos, caló azotado por levante pero al menos tienes playa...aquí no hay de eso","@user norte, sur - elevar, humedad, mosquito, calor azotado por levante pero al menos tener playa aquí no haber eso","@user tu norte, yo sur - levant, humid, mosquit, calor azotad por levant pero al menos tienes play...aqui no hay de eso","@user norte, yo sur  - levant, humed, mosquit, calor azotado por levant pero al menos tienes play...aquí no hay de eso"
"Doght es amable,Doght es cariñoso,todos quieren un Doght,disponibles,en ninguna parte",1,"Doght es amableable, Doght es cariñoso, todos quieren un Doght, disponibles, en ninguna parte.",Doght amable carcarñoso quieren Doght disponibles ninguna parte,"Doght amableable, Doght cariñoso, todos quieren Doght, disponibles, ninguna parte.","Doght es amabl, Doght es carinss,todos quieren un Doght,disponibl,ningun par.",Daug amabl carcanós quirn daug dispnibl nnguna par
"Al parecer tu casita no es tan ""ita""...iSe ve divina chinita @user! Que felicidad por uds. - seguro Dormy tb está re feliz",2,Al parecer tu casa no es tan... se ve divina chinita @user! que felicidad por uds. - seguro dormy tb está re feliz,parecer casilla divina chinita user felicidad Dormy re feliz,parecer casa divina chinita user felicidad dormy feliz,Al parecer tu cas divin chinita @user! Que felicid por uds. - segur dormy tb est re felic,parecer casill divin chinit user felic Dormy re felic
Ojala yo presentándome para el concurso de shawn pero como vergonzosa se nace y  seguro que no me dejan participar pues aqui estoy,0,ojalá yo presentarme para el concurso de shawn pero como vergonzoso se nacer y seguro que no me dejen participar pues aquí estoy,ojalá presentándome para el concurso de shawn pero como vergonzosa se nace y seguro que me dejan participar pues aquí estoy,ojalá presentarme concurso shawn pero vergonzoso nacer seguro dejen participar aquí estoy,ojalá yo presentándome para el concurso de shawn pero como vergonzoso se nace y seguro que no me dejan participar pues aquí estoy,ojalá presentandome para el concurso de shawn pero como vergonzosamente se nace y segurre que me dejan participar pues aqui estoi
@user me ha pasado algo similar te entiendo cariño,1,@user me pasar algo similar te entender cariño,me pasado algo similar te entiendo cariño,pasar entender cariño,@user me pas algo simi te entendi cariño,me pas passed algo similar te entendi entend cariín
@user es que Nacho está haciendo una cadena graciosa,2,@user ser que Nacho hace una cadena graciosa,@user Nacho haciendo cadena graciosa,@user Nacho hace cadena graciosa,@user es que Nacho está hace una caden gracioso,@user Nacho haciendo caden graciosa
@user la web que tenías para ver los pokemon que veian tus rastreadores ya no funciona? Que llevo dos días entrando y ya no va,0,@user la web que tenías para ver los pokémon que veían tus rastreadores ya no funciona? Que llevo dos días entrando y ya no va,@user web ver pokémon rastreadores funciona lleva dos días entrando ya no,@user web que tenías para ver pokémon que veían rastreadores ya no funciona? llevó dos días entrando ya no va,@user web que tenías para ver pokemón que veían tus rastreador ya no funciona? que lleva dos días entrando y ya no va,@user web ver pok mon rastre funcionar llevar día entrar ya no
alberto que tal por punta?,1,alberto cómo estás en punta?,Alberto punta?,Alberto estás punta,alberto que tal por punta?,Alberto punt
"¡Hoy habrá nuevo campeón!, que pase lo que sea, que @user sea campeón o que @user pierda #CarlsenKarjakin",2,"¡hoy haber nuevo campeón!, que pasar lo sea, que @user ser campeón o que @user perder #carlsenkarjakin","Habrá nuevo campeón, pase lo que sea, @user campeón o @user pierde #CarlsenKarjakin",hoy nuevo campeón pasar sea @user campeón @user perder #carlsenkarjakin,"¡hoy habr nuevo campeon!, que pas lo sea, que @user sea campeon o que @user pierd #carlsekarjakin","Habr nuevo campeón, pas lo sea, @user campeón o @user pierde #CarlsKarjakin"
"@user Es que se lee cada cosa , menos mal que a ese lo deje de seguir cuando terminó la temporada pasada .Mi salud es lo primero",0,"@user es que se lee cada cosa, menos mal que a ese lo dejé cuando terminó la temporada pasada.mi salud es lo primero",se lee cada cosa menos mal que a ese lo dejé de seguir cuando terminó la temporada pasada Mi salud es lo primero,se lee cada cosa menos mal que a ese lo dejé cuando terminó la temporada pasada mi salud es lo primero,"@user es que se lee cada cosa, menos mal que a ese lo dej de seguir cuando termin la temporada pasada.mi salud es lo primero",se leer cada cosa menos mal que a ese lo dejé de seguir cuando terminó la temporada pasada mi salud es lo primero
@user sí. Se desató una lluvia intensa y me empapó las únicas zapatillas que tenía y ahora ya no puedo salir a comprar comida,1,@user sí. se desató una lluvia intensa y me empapó las únicas zapatillas que tenía y ahora ya no puedo salir a comprar comida,sí lluvia intensa me empapó zapatillas comprar comida,sí se desató lluvia intensa me empapó zapatillas comprar comida,@user sí. se desató una lluvia intensa y me empapó las únicas zapatilla que tení y ahora ya no puedo salir a comprar comida,sí lluvia empapar zapatilla comprar comida
#EVDLV @user es el hombre perfecto,2,#EVDLV @user ser hombre perfecto,#EVDLV @user hombre perfecto,#EVDLV @user hombre perfecto,#EVDLV @user es el homen perfeto,#EVDLV @user hombre perfec toe
@user si lugar de incalculables arrochadas,0,@user si lugar de incalculables arrocadas,lugar arrochadas,lugar arrocadas,@user si lugar de incalculables arrojadás,lugar arrojad
"Aveces cuando leo sus tuits y no entiendo algo, me dan ganas de preguntarles para entender mejor. Pero soy tímido y me quedo con la duda",1,"A veces cuando leo sus tuits y no entiendo algo, me dan ganas de preguntarles para entender mejor. Pero soy tímido y me quedo con la duda.",Aveces leo sus tuits entiendo algo dan ganas preguntarles entiendo mejor soy tímido quedo duda,a veces leo tuit entiendo algo dan ganas preguntarles entender mejor soy tímido quedo duda.,"Aveces cuan leyo sus tuits y no entendi algo, me dan gan gan de preguntarles para entenderme mejo. Pero soy timido y me quedo con la duda.",Aveces leo sus tuit entiendo algo dan ganas preguntar entiendo mejor soy tímido quedo duda
@user ya sabia yo que si,2,@user ya saber yo que si,@sabia si,saber,@user ya sabia yo que si,@sabi
oir a @user  y a @user que haran directos del wow pero no se acuerdan que el server lo mas seguro ni que vaya  jaja,0,"oír a @user  y a @user que harán directos del wow pero no se acuerdan que el server
user
, do not add any explanation, details or notes.",@user @user directos wow server ni vaya jaja,van ir cine tarde yo también,oir a @user y a @user que har directo del wow pero no se acuerdan que el server lo mas seguro ni que vaya jaja,@user @user direct wow server ni vaya jaja
"@user jajajaa sii, aunque acabo en un año comunica y convalido mis 3 años de derecho, sumado a los electicos que iré llevando",1,"@user jaja sii, aunque acabo en un año comunica y convalido mis años de derecho, sumado a los electivos que iré llevando.","@user jajajaa sii, acabo año comunica y convalido años derecho, sumado electicos llevando","jaja sii, acabo año comunica convalido años derecho, sumado electivos iré llevando.","@user jaja sii, auno comunica y convalido mis tres años de derecho, sumado a los electivos que iré llevando",@user jaja sii acab año comun y conval años dret sumado elect llevan
@user pero si es preciosa,2,pero si es preciosa,@user preciosa,si preciosa,@user pero si es preciosa,@user precioso
en japonés no se escucha tanto,0,en japones no se oye tantos,en japonés se escucha,japones oye,en japón no se escucha tan ta,en japones se escucha
"Dice tu papá que esto pasará, dice tu mamá que tú me olvidarás... @user van 20 años, y el amor sigue intacto y será hasta la muerte",1,"dice tu padre que esto pasar, dice tu madre que tú olvidar... van 20 año, y el amor seguir intacto y ser hasta la muerte","Dice papá que esto pasará, dice mamá que me olvidarás... van 20 años, amor sigue intacto y será hasta la muerte.",dice padre que esto pasar dice madre que tú olvidar van año y amor seguir intacto y ser hasta muerte,"Dice tu papá que esto pasará, dice tu mamá que tú me olvidarás... @user van 20 año, y el amor sigue intacto y será hasta la muerte.","Dice pапа que esto pasará, dice mама que me olvidarás... va 20 aпон, amor sigue intакto y será hasta la dухть."
"@user Bueno, me piro a la piscina , que hace un día estupendo",2,"@user Bien, me voy a la piscina, que hace un día estupendo.",Bueno piro piscina hace día estupendo,Bien voy a la piscina hace un día estupendo.,"@user bien, me piro a la piscin, que hace un día estupend",Buen pir piscin hacer dia estupend
"Confirmao tengo el pie roto, he notado como el puto hueso se movía",0,"Confirmao tener el pie roto, he notado como el hueso se movía.",Confirmao pie roto notado puto hueso movía,teniendo pie roto notado hueso moviéndose,"Confirma pie roto, he notado como el hueso se movía",Confirman pie roto notar put hueso mover
"@user aw ! recién veo esto, sorrry ! tu pues me dices algo y luego queda en nada vamos hoy a la reu de mi prima? le dije a Mari",1,"@user aw! recién veo esto, sorrry! tú pues me das algo y luego queda en nada vamos hoy a la reu de mi prima? le dije a Marí.",@user aw! tu me dices algo y luego queda en nada vamos hoy a la reu de mi prima? le dije a Mari,@user aw! recien veo esto sorry me das algo luego queda nada vamos hoy reu prima le dije Marí.,"@user aw! recien visto esto, sorry! tu pues me dices algo y luego queda en nada vamos hoy a la reu de mi prima? le dije a Mari",@user aw! tu me decs algo y luego qd en nada vmos hoy a la reu de mi prma? le dij a Mari
"@user @user hoy tocaba ir al del oeste, por cambiar. Sí, el cambio es a mejor",2,"@user @user hoy toca ir al oeste, por cambiar. sí, el cambio es a mejor.",hoy tocaba ir al del oeste cambiar Sí cambio mejor,hoy toca ir oeste cambiar sí cambio mejor,"@user @user hoy toca ir al oeste, por cambiar. sí, el camb io es a mejo r.",hoy toca ir al oeste cambiar sí cambia mejor
"Qué depresión me entra, de seguro gana gente que solo dio RT porque sí, por probar suerte y no verdaderos fans",0,"qué depresión me entra, de seguro gana gente que solo dio RT porque sí, por probar suerte y no verdadero fan.",de entra gana gente dio RT porque probar suerte verdaderos fans,depressión entra gente RT porque probr verdadero fan," Qué depress entra, de segur gan gente que solo dio RT pq sí, por prob suerte y no verdader fans.",de entran gana gente dio rt porque proba suerte verdaderos fans
Yo quiero una rosa eterna,1,Yo querer una rosa eternar,Quiero rosa eterna,querer rosa eternar,Yo quier un ros etern.,Quiero ros stem eternal
"Cada vez que escucho ""Instituciones"" de Sui Generis se me escarapela la piel por lo hermosa que es y también me acuerdo de ti",2,Cada vez que escuchar institución se me escarpear piel por lo hermosa que es y también me acordar de ti,Cada vez que escucho Instituciones de Sui Generis se me escarapela la piel por lo hermosa que es y también me acuerdo de ti,Cada vez escuchar institución me escarpear piel hermosa también acordar ti,Cada vez que escucho institución se me escarpe la piel por lo hermosa que es y también me acuerdo de ti,Cada vez que escucho institución sui generis se me escarpele la piel por lo hermosa que es y también me acuerdo de ti
No puedo apoyar la planta del pie casi y tengo que irme a trabajar todo el dia enterito,0,No puedo apoyar la planta del pie casi y tengo que irme a trabajar todo el día entero.,puedo apoyar planta pie casi tengo irme trabajar todo dia enterito,puedo apoyar planta pie ir trabajo todo entero.,No puec apoyar la plan del pie casi y tengo que irme a trabaj todo el dia enterito,pued apoya plant pie casi tener ir trabajar todo dia enterito
"@user Pero retomas y ya (y bueno, lo que dices, es mi razón para no ir a un gym, por eso prefiero entrenar en casa )",1,"@user pero retomar y ya (y bueno, lo que decir, es mi razón para no ir a un gimnasio, por eso preferir entrenar en casa)",retomas ya bueno razón para ir gym prefiero entrenar casa,@user retomar ya bueno decir razón ir gimnasio preferir entrenar casa,"@user per retom y ya (y bueno, lo que dic, es mi razn para no ir a un gim, por eso prefiero entrenar en cas )",retomar ya bueno razon ir gym preferir entrenar casa
@user Ves quedándote con los sitios bonitos que hay que ver que en unos meses estoy yo por allí para el SSS,2,@user ves quedar bonito hay ver esté allí para el SSS,Ves quedándote con los sitios bonitos que hay que ver estando yo por allí para el SSS,ves quedar bonito hay ver esté allí,@user ves quedándote con los sitio bonito que hay que ver que en unos mes te yo por allí para el SSS, Ves quedándote con los sitios bonito que hay que ver estando yo por allí para el SSS
@user y és una lastima porque tiene muy buenas ideas de diseño y al no pasar por Java rinden guay...pero MicroSoft y sus cosas,0,@user y ser una lastima porque tener muy buena idea de diseño y al no pasar por Java rendir guay pero Microsoft y sus cosa,@user es una lastima porque tiene buenas ideas de diseño y al no pasar por Java rinden guay pero MicroSoft y sus cosas,@userserbunadecanidezdinyalrendiguay,@user y és una lastim porque tiene muy buenas ide de dise y al no pas por Java rinden guay...pero MicroSoft y sus cos,@user es una lastim buenas idea de dise y al no pas por Java rinden guay pero MicroSoft y sus cosa
@user Denada y muy op lo del 6.16,1,Denar op 6.16,Denada op,Denar op 6.16,@user den y muy op lo del 6 16,Denada op
"Las eresiones mas comunes de un país, muestran su cultura, en Costa Rica es ""Pura Vida"" nada que pueda agregar",2,Las ser las culturas en costa Rica es pura vida nada que pueda agregar,"Las eresiones más comunes de un país, muestran su cultura, en Costa Rica ""Pura Vida"" nada que pueda agregar",Las culturas costa Rica pura vida,"Las eros comun de un pais, muestr su cultur, en Cost Rica es pura vid nada que pueda agreg","Las erosión más común de un país, muestr show su cultura, en Costa Rica ""pura vida"" nada que pueda agregar"
Hoy nos tocó de últimos en el Festival Navideño de PZ y lloviendo. Adivinen cómo quedé.,0,Hoy nos toca último en el Festival Navideño de PZ y lloviendo. Adivinen cómo quedé.,tocamos últimos Festival Navideño PZ lloviendo Adivinen quedé,Hoy toca último Festival Navideño PZ lloviendo. Adivinen qué quedé.,Hoy nos toca de últim en el Festiv Naviden de PZ y llovi. Adivinen cómo quedé.,tocamos último Festival Navideño PZ lloviendo Adivinen quedé
No me llamo Laura pero te casarias conmigo?  #ElRaboDe8cho @user,1,No me llamo llamar pero te casarias conmigo?,me llamo Laura te casarias conmigo,me llamo casarias conmigo?,No me llamó Laura pero te casarías conmigo?  #ElRaboDe8co @user,me llamo laura te casarias conmi
PPK hizo una mención especial a todos los jóvenes que marcharon anoche. La lucha no fue en vano. #MensajeALaNación #LaEducaciónSeRespeta,2,PPK mencionar joven marcha anoche. luchar vano. #MensajeALaNación #EducaciónSeRespeta,PPK hizo mención especial jóvenes marcharon anoche lucha no fue vano MensajeALaNación EducaciónSeRespeta,PPK mencionar joven marcha anoche luchar vano #MensajeALaNación #EducaciónSeRespeta,PPK hic mención espec a joven que march anoche. luch no fu en vano. #MensajALNac #LaEducSeRespeta,PPK hizo mención especial joven marcharon anoche lucha no fue vánio mensajealañación educaciónserespeta
Lo que se enojó cuando le dije que me iva a ir a pachanga :v jajajajajaja lindo amiguito resultó ser,0,Lo que enojar cuando decir que ir a pachanga jajajajajaja lindo amiguito resultar ser,se enojó cuando le dije que me iva a ir a pachanga jajajajajaja lindo amiguito resultó ser,enojar decir ir pachanga lindo amiguito result ser,Lo que se enoj cuando le dij que me iva a ir a pachang jajajajajaja lind amig result ser,se enoj cuando le dij que me iv a ir a pachan jajajajajaja lind amig result ser
@user ya no puedo tomar - cero alcohol- ayer estuve internada en la clínica como 6 horas.,1,@user ya no puedo tomar - cero alcohol- ayer estuve internada en la clinica como 6 horas.,ya no alcohol ayer estuve internada clínica horas.,ya no alcohol ayer estuve internada clinica horas,@user ya no pueb tomar - cero alcohó- ayer estuve internad en la clinica como 6 hor.,ya no alcoholes ayer estuve internada clinica horas.
"@user querida, veo tu tuit ahora!!! No nos vimos, pero fluimos en un mismo sentir",2,"@user querida, veo tu tuit ahora!!! no nos vimos, pero fluimos en un mismo sentimiento.","@user querida, veo tu tuit ahora!!! nos vimos, pero fluimos en un mismo sentir",querido tuit veo vimos fluimos sentimiento,"@user querid, ve tu tuit now!!! no nos vimos, pero flu en un mism senti.","@user querid, veo tu tuit now!!! nos vimos, pero fluim en un mism senti."
"Ya es oficia nos quedamos sin Konoplyanka en @user   Eso sí, será una alternativa barata a Reus en la Bundes http",0,Ya ser ofic peace quedar sin Konoplyanka en @user eso sí ser alternativa barata a estar en la federación,Ya ofic nos quedamos Konoplyanka @user eso ser alternativa barata Reus Bundes,ser peace quedar Konoplyanka federación alternativa barata estar federación,"Ya es ofic no qued sin konoplyanka en @user   Es cí, será una alternat barata a reus en la bundes",Ya ofic nos quedamos Konoplianka @user eso ser alternativa barata Reus Bundes
@user @user Muy pero que muy bueno. Lo dejaron solo al pobre chaval en una batalla contra Afganistán,1,@user @user muy bueno lo dejar solo al pobre chaval en una batalla contra afganistán,Muy bueno. Lo dejaron solo al pobre chaval en una batalla contra Afganistán.,bueno dejar solo al pobre chaval batalla contra afganistán,@user @user Mu muy que mu bono. Lo dejaron sol al pobre chaval en una batalla contra Afgan.,Muy buenas. Lo dejaron sol al pobre chaval en una batalla contra Afgan.
Bienvenida a los juegos mentales,2,Bienvenido juego mental,Bienvenida juegos mentales,Bienvenido juego mental,Bienvenida juegos mental,bienvenid juego mental
Siempre las mejores personas son las que más sufren  #GetWellSoonSelenaFromSpain,0,Siempre la mejor persona ser# GetWellSoonSelenaFromSpain,Siempre mejores personas son que más sufren #GetWellSoonSelenaFromSpain,siempre mejor persona GetWellSoonSelenaFromSpain,Siempre las mejo pers perso son las que má sufr #GetWellSoonSelenaFromSpain,Siempre mejor persona son que más sufrir #GetWellSoonSelenaFromSpain
Extraño tener a mis padres juntos,1,Extrañar tener a mis padre juntos,Extraño tener padres juntos.,Extrañar tener padre juntos,Extraño tener a mis padre juntos,Extraño tener padre juntó.
"@user ya  Si algún día soy rica te llevo conmigo a verlo a donde sea, promesita 👉👈",2,@user ya si algún día ser rica te llevo conmigo a verlo a donde sea promesas,@user ya Si rico te llevo conigo a verlo a donde sea promesita 👉👈,@user día rico te llevo conmigo verlo donde,"@user ya si algú día soy ric te llevo conmí a verlo a dende, promeses",@user ya si rico te llevo conigo a verlo a donde sea promes 👉👈
"@user ingrato, solo porque usted sí",0,"@user ingrato, solo porque tú sí.","@user ingrato, solo porque sí.","@user ingrato, porque sí.","@user ingrati, solo porque uste sí","@user ingrati, solo pq sí."
Sólo piensa q diste todo... y duermes tranquila,1,sólo pensas q dist todo... y duerm tranquil,piensa diste todo duermes tranquila,pens q dist todo... duerm tranquil,sólamente pens q dist todo... y duerm tranquila,pens tranquil duerm
Que bueno que le gustara @user @user,2,Qué bueno que le guste @user @user,Que bueno le gustara @user @user, Qué bueno le guste @user @user,Que bueno que le guste @user @user,Que bueno le gustara @user @user
Yo hasta ahora veo el vídeo del pingüino no lo puedo creer. ¿Es normal que esté tan triste? Díganme que ustedes también lloraron.,0,Yo hasta ahora ver el vídeo del pingüino no lo puedo creer. Es normal que estar tan triste? Díganme que ustedes también llorar.,hasta veo vídeo pingüino no creer normal esté triste díganme también lloraron,hasta ahora ver vídeo pingüino no lo puedo creer Es normal estar tan triste Díganme ustedes también llorar,Yo hasta ahora véo el vídeo del pingüin no lo pue creer. ¿Es norm que esté tan triste? Díganm que ustedes tam lloraron.,hasta veo vídeo pingüin no creer normal est triste díganm llorar
"@user mira el hilo, que está explicado  es el primer planeta (b) de la estrella Próxima Centaur Próxima Centauri b",1,"@user mira el hilillo, que está explicado  es el primer planeta (b) de la estrella Próxima Centaur Próxima Centaur b",@mira el hilo está explicado primer planeta (b) estrella Próxima Centaur Próxima Centaurur b,@mira hilillo está explicado primer planeta (b) estrella Próxima Centaur Próxima Centaur b,@user mira el hil expl es el prim plan (b) de la estrella Próxim Centaur Próxim b,@mir el hil explica prim plan (b) estrell Proxim Centaur Proxim (b)
"@user que va tía, muchos son viejos de mi madre, otros del chino. Los que me encantan y me estoy comprando son los del Kiko",2,"@user que ir tía, muchos ser viejo de mi madre, otros del chino. Los que encantar y me estar comprar son los del Kiko.","va tía, viejos madre, del chino. encantados comprándolos Kiko","@user tía, viejo madre, chino. encantar comprar Kiko.","@userque va tia, muchos son viejo de mi madre, otres del chino. Los que me encanta y me estoy comprando son los del Kiko",va tia viej madre chino encant comprandos kiko
"Mi mejor amigo me quiere revender un cupón para un fds en un Hotel en Chincha. Qué, voy sola o qué? te pasaste de pendejo @user",0,"Mi mejor amigo me quiere revender un cupón para un fds en un hotel en chincha. qué, voy sola o qué? te pasaste de pendejo @user",Mi mejor amigo me quiere revender cupón fds Hotel Chincha Voy sola pasaste pendejo,Mi mejor amigo me quiere revender cupón para fds en hotel en Chincha. voy sola qué te pasaste pendejo @user,"Mi meijor amig me quie revend un cupón para un fds en un Hot en Chinch. Qué, voy sola o Qué? te pas de pendej @user",Mi me quier revend cupón fds Hotl Chinch Voy sola pas pendej
"Al principio él no te gusta , pero te acaba gustando y cuando te deja lo extrañas",1,"Al principio él no gustar, pero gustar y cuando dejar extrañar.","Al principio él te gusta, pero te acaba gustando y cuando te deja lo extrañas.",Al principio él gustar pero gustar dejar extrañar.,"Al principi él no te gust, pero te acáis gust y quand te dej lo extrañ.","Al principi él te gust, per te acab gust y quand te deix lo extran."
Una semana siendo vegetariano. Es un pequeño gran logro para mí,2,Una semana serir. Es un pequeño gran logro para mí.,semana vegetariano pequeño gran logro,semanas logro mí,Una semana siendo vegetabil. Es un pequen gran logr para mí.,seman semana veget vegetariano pequen pequen gran gran logro logro
Luego la rara soy yo,0,Luego la ser yo,luego rara soy,Luego soy yo,Luego la rar soy yo,luego raro soy
@user perdida ya no tomo coca.,1,@user perder ya no tomar coca.,@user perdida tomo coca.,@user perder tomar coca.,@user perdid ya no tom coca.,@user perd per coca.
@user Muchas gracias  Muy feliz y dulce finde,2,Mucha gracias muy feliz y dulce finde,Much gracias Muy feliz dulce finde,Gracias feliz finde,@user mucha grazia muy felic dulce finde,much gracias muy felic dulc finde
Tú que he ido a cenar a mar de cristal y me he inflado y me duele la barriga,0,Tú que he ir a cenar a mar de cristal y me he inflar y me duele la barriga,he ido cenar mar cristal inflado duele barriga,he ir cenar mar cristal me inflar duele barriga,Tú que he ido a cenar a marr cristal y me he inflado y me duele la barriga,he ido cenar mar cristal duele barriga
@user hace una semana que se sabe  yo ya espero la edicion completa del juego,1,@user hacer una semana que saber yo ya esperar la edición completar el juego,hace semana se ya espero edición completa juego,hacer semana saber esperar edición completar juego,@user hace un semana que se saber  yo ya espero la edicion completa del juego,hace semana se ya espero edición completo juego
@user Tienes un buen KI. Para luchar contra los malos en Chicago PD.,2,@user tienes un buen ki. para luchar contra los malos en chicago pd.,Tienes buen KI luchar contra malos Chicago PD,tienes buen ki luchar contra malos chicago pd,@user Tiens un buen KI. Para lucha contra los malos en Chicag PD.,Tienes buen KI luchar contra mal Chiapas PD
Estaba el autobús Benidorm-Madrid al lado con las puertas abiertas y me ha tentado subirme y volver.,0,Estar autobús lado con puerta abrir y me ha tentar subir y volver.,autobús Benidorm-Madrid lado puertas abiertas subirme volver,autobús lado puerta abrir tentar subir volver,Estaba el autobús Benidorm-Madrid al lad con las puer abierta y me ha tentado subirme y vuelvolver.,autobús Benidorm-Madrid lado puerta abrir subir volver
hace mucho no e tenido que ver mi nombre en otras cuentas por que sera? a cierto yo le dije que no lo hiciera Gracias por hacer caso,1,hacer mucho no e tener que ver mi nombre en otras cuenta por ser? a cierto yo decir que no hacer Gracias por hacer caso,hace mucho tenido ver nombre otras cuentas cierto le dije que lo hiciera Gracias hacer caso,hacer mucho tener que ver nombre otras cuenta ser cierto decir hacer Gracias hacer caso,hacer mucho no e tenido que ver mi nombre en otras cuenta por que sera? a cierto yo le dije que no lo hiciere gracias por hacer caso,hacer mucho tener ver nombre otra cuenta cierto le decir que lo hacer Gracias hacer caso
"@user Pues sí, es precioso como bien puedes ver en el vídeo",2,"@user Pues sí, ser precioso como bien puedes ver en el video.",Pues precioso bien ver vídeo,@user precioso bien puedes ver video,"@user Pues sí, es preciós como bien pueś puedes ver en el vidé.",Pues precioso bien ver video
"@user Hay que hacer algo contra los Incendios Forestales, ya basta, estamos jodidos.",0,"@user hay hacer algo contra los incendio forestal, ya basta, estar jodido.","Hay hacer algo contra Incendios Forestales, basta, estamos jodidos.","@user hacer algo contra los incendio forestal, basta, estar jodido.","@user hay que hacer algo contra los incendio, ya basta, estamos jodido.","Hay hacer algo contra incendio, basta, estamos jodidos."
necesito hacerme una sesión de fotos de estas en plan bonitas,1,necesito hacer una sesión de fotos de estas en plan bonito,hacerme sesión fotos plan bonitas,hacer sesión fotos plan bonito,necesit hacer sesion foto plan boniT,hacer sesión foto plan boniTas
"@user Jejeje te has explicado muy bien, tranqui, y si prefieres hablar por otro sitio, lo hacemos  Pues Sue la ""reservaron"" +",2,"@user jejeje te has explicado bien, tranqui, y si prefieres hablar por otro sitio, lo hacemos  pues sue la ""reservaron"" +","te explicado bien, tranqui, si prefieres hablar por otro sitio, lo hacemos Pues Sue la ""reservaron"" +","te has explicado bien tranqui si prefieres hablar por otro sitio lo hacemos sue la ""reservaron""","@user jejeje te has explicado muy bien, tranqui, y si prefieres hablar por otro sitio, lo hacemos  pues sue la ""reservaron"" +","te explica bien, tranqui, si prefieres hablar por otro sitio, lo hacemos pues sue la ""reserva"" +"
sabes que tu vida es muy puta cuando empiezas las clases en menos de una semana,0,saber que tu vida ser muy puta cuando empiezas las clases en menos de una semana,sabes vida muy puta cuando empiezas clases semana,saber vida muy puta empiezas clases semana,sabes que tu vida es muy puta cuando empiezas las clase en menos de una semana,sabes vida muy puta cuando empiezas clase semana
Pero solo cojo 5 días porque me cambio de curro y,1,Pero solo coger 5 días porque cambiar curro y,solo cojo días porque me cambio curro,solo coger días cambiar curro,Pero sol coj 5 díag porque me camb io de curr y,solo cojo día porque me cambio curro
"Mi palabra preferida para este 2016, fue gratitud. Todo funciona mejor agradeciendo.",2,"Mi palabra preferida para este año, fue grato. Todo funciona mejor agradeciendo.",palabra preferida este 2016 fue gratitud Todo funciona mejor agradeciendo,palabra preferida año fue mejor funciona agradeciendo,Mi preferir grattid todo funcion mejor agradecend.,palabra preferi este 2016 fu gratitud todo funcion mejor agradeciendo
"@user A mi tampoco me va, bueno, te queda cerrar los ojos sin dormir o joderte y sufrir",0,"@user a mí tampoco me va, bueno, te queda cerrar los ojos sin dormir o joderse y sufrir",@user mi tampoco va bueno te queda cerrar ojos dormir joder sufrir,"@user tampoco va, bueno, te queda cerrar ojos dormir joderse sufrir","@user A mí tampoco me vá, bien, te quede cerrar los ojos sin dormir o joder y sufrir",@user mi también va bien te quede cerrar ojos dormir joder sufrir
@user si algún día quieres echar una ojeada al plan de transportes de Madrid de 1988 ya sabes,1,@user si algún día quieres echar una ojeada al plan de transporte de 1988 ya sabes,@user día quieres echar ojeada plan transportes Madrid 1988 ya sabes,@user día quieres echar ojeada plan transporte 1988 ya sabes,@user si algúm dí velle esch echar un ojé da al plan de transpórtes de Madríd de 1988 ya sás,@user día querer echar ojeada plan transporte Madrid 1988 ya saber
"Hoy hice el gol de mi vida, perdimos 8-1 pero hice el gol de mi vida",2,"Hoy hacer el gol de mi vida, perder 8-1 pero hacer el gol de mi vida",Hice gol vida perdimos pero gol vida,Hacer gol vida perder,"Hoy hice el gol de mi vida, perdimos 8-1 pero hice el gol de mi vida",Hic gol vid perdimos pero gol vid
#LaPoderosaKeiko solo puede tener poder en el 4to país más ignorante del mundo: Perú,0,#LaPoderosa Keiko solo poder tener poder en el 4º país más ignorar del mundo: Perú.,#PoderosaKeiko poder 4º ignorante mundo Perú,#Poderosa Keiko poder tener poder Perú.,#LaPoderosaKeiko solo puede tener pod en el 4to pais mas ignota del mun Perú,#Poder poder 4º ignorar mundo Perú
"@user Monsefuana, tienes que configurar eso. Jajajaja. No se puede vivir en paz con el carrete lleno de memes. Te daré los tips.",1,"@user Monsefuana, tienes que configurar eso. Jajajaja. No se puede vivir en paz con el carrete lleno de memes. Te daré los tips.","@user Monsefuana, configurar eso. Jajajaja. vivir paz carrete lleno memes. daré tips.","@user Monsefuana, configurar eso. Jajajaja. se vivir paz carrete lleno memes. daré tips.","@user Monsefuana, tienes que configuar eso. Jajajaja. No se puede vivir en paz con el carrete lleno de meme. Te daré los tip.","@user Monsefuana, config, jajaja, vivi, carrete, llen, mem, dar tips."
"Uno tiene que abrir burbuja #feliz sábado tuiteros..disfrutar del coctel maravilloso que sigue, la felicidad.",2,uno tener abrir burbuja feliz sábado tuitero disfrutar del coctel seguir la felicidad.,tiene abrir burbuja feliz sábado tuiteros disfrutar coctel maravilloso sigue felicidad,tener abrir burbuja feliz sábado disfrutar coctel seguir felicidad," Uno tienes que abrir burbuja #feliz sábado tuitero..disfrutar del coctel maravilloso que sigue, felicidad.",tiene abrir burbuja feliz sabád tuiter disfrut coctel maraviloso sigue felicidad
"@user gracias, yo también estoy triste porque no te vi",0,"@user gracias, yo también esté triste porque no te viseen",gracias también estoy triste porque no te vi,@user gracias también triste porque no te viseen,"@user graci, yo tambi est triste porque no te vi",gracias tambi triste porque no te vi
cual es su mejor recuerdo juntos? #BntResponde,1,cuál es su mejor recuerdo juntos? #BntResponde,mejor recuerdo juntos,mejor recuerdo juntos,cuál es su mejo recuerd juntos? #BntResponde,mejor recuerd junt
"Se pone interesante la cosa, ganas de evolucionar para tener pokemon fuertes en casi todos los tipos",2,"Se pone interesante la cosa, ganas de evolucionar para tener pokemon fuerte en casi todos los tipos.",pone interesante cosa ganas evolucionar tener pokémon fuertes casi todos tipos,pone interesante cosa ganas evolucionar tener pokemon fuerte casi todos tipos,"Se pone interesante la cosa, gan deseo de evolucionar para tener pokem fuertes en casi todos los tip.",pone interes cosa gan evol tener pok fuerte casi todo tipo
Mae yo soy tan idiota que tome jarabe por que tenía mucha tos y ahora estoy como si estuviera borracha y no puedo estudiar,0,Mae yo ser tan idiota que tomar jarabe por que ten mucha tos y ahora estar como si estar borracha y no poder estudiar,Mae soy idiota tomé jarabe tenía mucha tos ahora estoy como si estuviera borracha no puedo estudiar,Mae tan idiota tomar jarabe porque ten mucha tos ahora como si borracha y no poder estudiar,Mae yo soy tan idiota que tome jarab por que tenia mucha tos y ahora estoy como si estuviera borrach y no puedo estudiar,Soy idiota tomé jarabe tenía mucha tos ahora estoy como si estuviera borracho no puedo studiar
clrealy no es una indirecta,1,claro no es una indirecta,clrealy es indirecta,claro indirecta,clearmente no es una indirecta,clearmente es indirecta
"Me esta encantando la animacion encerio :,) Cuando veo el final me da un poco ganas de llorar :,) Bueno solo me falta background y texto",2,"Me encanta la animación enci io :,) Cuando veo el fin me da un poquito ga na de llor ar :,) Bueno solo me falta ba ckground y texto",esta encantando animacion encencio Cuando veo final da poco ganas llorar Bueno solo falta background texto,Me encanta animación enci io Cuando veo fin da ga na de llor ar Bueno solo falta ba ckground y texto,"Me encanta la animacion encendio :,) Cuando veo el fin me da un poco ganas de llorar :,) Bueno solo me falta backgound y texto",esta encantando animacion encendio cuando veo final da poco ganas llorar bueno solo falta background texto
@user ah mae que duro eso en este día,0,@user ah mae que durar eso en este dia,@user ah mae que duro eso en día,@user ah mae que durar eso en este día,@user ah mae que dur eso en este día,@user ah mae que dur eso en día
"@user @user Brutal... Y al parecer los que hacen de periodistas, también siguen con su grupo de wassap un año después",1,"@user @user brutal... y al parecer los que hacen de periodista, también siguen con su grupo de wassap un año después",Brutal... parecer periodistas grupo wassap año Después,brutal... al parecer periodista también siguen grupo wassap año Después,"@user @user brutal... y al parecer los que hacen de periodista, tambien siguen con su grupo de wassap un ano despues",Brutal parecer periodi argument年后
@user bonito día para hacer un tweet con esta foto,2,@user bonito día hacer tweet con esta foto,día hacer tweet foto,día hacer tweet con esta foto,@user bonit día para haz un twitt con esta fot,día hacer tweet foto
Ptmr hoy se presenta trébol clan y recuerdo que en gotica se presentó y fue la última vez que lo vi y hice mi cagada claro,0,ptmr hoy presenta trébol clan y recuerdo que en gotica presentó y fue la última vez que lo vi y hice mi cagada claro,Ptmr hoy presenta trébol clan gotica presentó última vez vi cagada,hoy presenta trébol clan recuerdo gotica presentó última vez vi cagada,ptmr hoy se presen trbcl cln y recuerdo que en gotc se presen y f l c vez q lo vi y hci m cagada claro,ptmr hoy presen tr clan gotic present ultim vez vi cag
"¿Mañana stream?  ! Espero que mi internet no se vuelva loco como antes, aunque estos dias funciona bien!",1,"¿mañana stream?! espero que mi internet no se vuelva loco como antes, aunque estos días funcione bien!",Mañana stream Espero internet vuelva loco antes estos días funciona bien,mañana stream espero internet vuelva loco antes días funcione bien,"¿mañan stream? ! espero que mi int net no se vuelva loco como ant, aunque estos d funcion bien!",Mañan streame Esper internet vuelv loco antese estos d铆a funcion bien
"@user muchas gracias niñuca, tú tienes una gran sensibilidad por eso valoro mucho tu opinión. Feliz noche",2,"@user mucha gracia niño, tu tienes una gran sensibilidad por eso valoro mucho tu opinion. feliz noche",gracias tienes gran sensibilidad valoro mucho opinión Feliz noche,gracia niño tienes gran sensibilidad valoro mucho opinion feliz noche,@user muchisimas gracas niñu gran sensibilidad por eso valoro mucho tu opinio feliz noche,gracias tener gran sensible valorar mucho opinion felicidad noche
"@user y con ""las conozco"", me refiero a Maria y Krisbell . Mandale mis saluditos, somos ingratas todas",0,"@user y con conocer, me refiero a Maria y Krisbell. mandale mis saluditos, somos ingrata todas.",@user Maria Krisbell Mandale saluditos ingratas todas,@user Maria Krisbell mandale saluditos somos ingrata todas,"@user y con ""las conozco"", me refiero a maria y krisbell. mandale mis saluditos, somos ingrata todas",@user mari krisbell mandal saludos ingrata toda
"Bueno, Yixing tuvo pocas líneas como siempre, pero no voy a andar de pesada. Al menos no esta vez",1,"Bueno, Yixing tener poca línea como siempre, pero no voy a andar de pesada. Al menos no esta vez.",Yixix tuvo pocas líneas como siempre pero voy andar de pesada Al menos esta vez,"Yixix tener poca línea como siempre, pero voy a andar de pesada. Al menos esta vez.","Buen, Yixi tuvo poc líne como siempre, pero no voy a andar de pesad. Al menos no esta vez",Yixi tuvo poc líne como siemper pero voy andar de pesad al menos esta vez
"Este año la quiniela perfecta de los mundiales da como premio las 3 skins definitivas, interesante...",2,"Este año la quiniela dar皮肤 definitive dar como premio las 3 skin definitiva, interesante...",Este año premio 3 skins definitivas interesante...,"Este año quiniela dar como premio 3 definitiva, interesante...","Este anu la quiniela definitiva da como premi las 3 skin definitiva, interesant.",Este anio premi 3 skin definitiva interesant
al final me ha dejado llorando y pues bien  yo que estaba hoy pensando saltos de los feliz que estaba. Al pelo todo,0,al final me ha dejado llorar y pues bien yo que estaba hoy pensando saltos de la feliz que estaba. al pelo todo,me ha dejado llorando bien estaba hoy pensando saltos feliz estaba Al pelo todo,me ha dejado llorar bien estaba hoy pensando saltos feliz,alafinal me ha dejado llorando y pues bien  yo que estaba hoy pensando saltos de los feliz que estaba. al pelo todo,me ha dejad llor bien estuv bien pens sal felic estuv al pelo todo
Vamos a pasar año nuevo a la playa No? Bueno,1,Vamos pasar año nuevo playa No bueno,pasar año nuevo playa,pasar año nuevo playa,Vamos a pas año nuel a la play No? Bueno,pasar año nuevo playa
Mi papá emocionado hasta las lágrimas con los tenores... hay conciertos que se quedan en el alma para siempre.,2,Mi padre emocionar hasta las lágrimas con los tenor... hay conciiente que se quedar en el alma para siempre.,Mi papá emocionado conciertos quedan alma,Mi padre emocionar hasta las lágrimas con los tenor... conciente que se qued en el alma para siempre.,Mi papá emocionad hasta las lágrim con los tenor... hay concert que se quedar en l alma para siempr.,Mi papá emocion concierto qued alma
@user @user te lleguen a entender y a respetar. Muy malos tienen que ser para obligarte a comer algo a la fuerza,0,@user @user te lleguen a entender y a respetar. Muy malo tener que ser para obligarte a comer algo a la fuerza.,llegue entender respetar malos obligarte comer fuerza,te entender a respetar muy malo tener obligarte comer algo fuerza,@user @user te llega a entender y a respetar. muy mal ten tienen que ser para obligarte a comer algo a la fuerza,llegar entender respetar mal obligar comer fuerza
"Voy asi: Silvio Rodríguez, Ismael Serrano, Cristian Castro (homenaje a José José) y el Buki... el asunto es serio",1,"Voy así: Silvio Rodríguez, Ismael Serrano, Cristian Castro (homenaje a José José) y el Buki... el asunto es serio.","Voy: Silvio Rodríguez, Ismael Serrano, Cristian Castro homenaje José José Buki asunto serio",Voy Silvio Rodríguez Ismael Serrano Cristian Castro homenaje José José Buki asunto serio,"Voy así: Silvi, Ismael, Cristi (homenaje a Jos) y el Buk... el asunt esrí.",Voy: Silv Rodríg Ismael Ser Cristi Castro homen Jos Buki asunt serio
@user Agradecidos. Nos miras con buenos ojos  @user,2,@user agradecer. nos mirar con buen ojo  @user,Agradecimos. miramos buenos ojos,aggradecer mirar buen ojo,@user agradece mira bueno,"agradec., mir.,buen.ojo"
me mantengo optimista pero se me hace difícil a veces de verdad,0,me mantener optimista pero se me hace difícil a veces de verdad,mantengo optimista difícil verdad,mantener optimista difícil verdad,me manteng optimist pero se me hace dificil a veces real,mantener optimist dificil verdad
"Regresé de la playa hoy y literal todo el día he dormido, y aún sigo con sueño",1,Regresar todo día dormir y still sueño,"Regresé playa hoy literal día dormido, aún sueño.",Regresar todo día dormir still sueño,"Regres día y literal día dormí, y aún sigo sueñ.",Regres play hoy literal día dormi sueñ
@user have fun Antu! Los mejores deseos,2,@user tener Antu! los mejor deseo,have fun Antu! mejores deseos,tener Antu! mejor deseo,@user funten antu! los mejores deseos,tener fun Antu! mejor deseo
@user Pos sí que eras tú limitada en encontrar formas de no aburrirse en clase,0,@user pos sí que er ser tú limitada en encontrar formas de no aburrirse en clase,@user sí que limitada encontrar formas no aburrirse clase,@user sí que ser tú limitada en encontrar formas de no aburrirse en clase,@user pos sí que er ar tu limitad en encontr forma de no aburrir en clase,@user sí que limit stem forma no aburrirse clase
"Pablo continúa su hilo, imprescindible.  Luego haremos crowfunding entre todos para hacerle un ""Medium""  http",1,"Pablo continuar su hilillo, imprescindible. Luego hacemos crowfunding entre todos para hacerle un ""medio"".",Pablo hilo imprescindible luego crowfunding todos hacer Medium,Pablo continuar hilillo imprescindible luego hacemos crowfunding todos hacerle medio,"Pabl continú su hil, imprescindibl. Luego har crowfundib entre tod para hazl un ""Medi"" http",Pablol hilo imprescindibl luego crowfund todos hac Medium
Sin duda ha sido la semana más larga del mundo a su vez ha sido una de las más bellas,2,Sin duda ha sido la semana más larga del mundo a su vez ha sido una de las más bello.,ha sido semana larga mundo ha sido una de las más bella,ha sido semana larga mundo también sido una de más bello,Sin dud ha sid la semana más larg del mundo a vez ha sid una de las más belle,ha sido semana larga mundo ha sido una de las más bellos
@user la próxima vez que vaya a Madrid no estarás en mis planes. Maldita,0,@user la próxima vez que vaya a ir a Madrid no estarás en mis planes. maldita.,la próxima vez que vaya Madrid maldita,@user próxima vez ir Madrid maldita.,@user la prxim vay a madrd no ests en mis plan. mldt,la prxim vez q vga Mld mldt
¿Conoces la pubalgia relacionado con la lesión de Messi? El doctor Quesada lo explica en el video siguiente  http,1,¿conoces la pubalgia relacionado con la lesión de Messi? el doctor Quesada lo explica en el video siguiente,Conoces pubalgia relacionado lesión Messi doctor Quesada explica video siguiente,conoces pubalgia lesión Messi doctor Quesada explica video,¿Conoces la pubalgia relacional con la lesión de Messi? El doctor Quesada lo explica en el video siguiente http,Conoces pubalgia relacional lesión Messi doctor Quesada explicar video siguiente
"@user hombreee, poco a poco, los 5 primeros minutos que montes en bici te sabrán a gloria  así que ánimo que todo llega",2,"@user hombre, poco a poco, los 5 primer minuto que monte en bici te sabrá a gloria así que ánimo que todo llega","hombre, poco a poco, montes bici sabrás gloria así que ánimo todo llega","hombre, monte bici sabrá gloria así ánimo llega","@user hombre, poco a poco, los 5 primer minuto que monte en bici te sabrá a gloria así que ánimo que todo lleg","hombre, poco a poco, mont sabi gloria así que ánimo todo lleg"
Aún no estoy listo para una nueva mamá,0,Aún no estoy estar para una nueva mamá,Aún nuevo mamá,Aún estoy para una nueva mamá,Aún no esté list para una nueva mamá,Aun nuevo mamá
Para mi mamá toda la ropa que escojo es fea hasta que me la ve puesta,1,Para mi mamá toda la ropa que elijo es feo hasta que me la veo poner,toda ropa que escojo fea hasta que me la ve puesta,toda ropa elijo feo veo poner,Para mi mamá toda la ropa que escojo es feo hasta que me la ve puesta,toda ropa que escoj fea hasta que me la ve puesta
"Voy con demasiados sueños locos. Y demasiados, siempre son pocos  #Yolo #mondaymotivation",2,"Voy con demasiado sueño loco. Y demasiado, siempre son pocos #Yolo #mondaymotivation",Voy sueños locos. siempre pocos #Yolo #mondaymotivation,Voy sueño loco demasiado siempre pocos,"Voy con too much sueño loc. Y too much, always son few  #Yolo #motivación",Voy sueño. siempre pocos #Yolo #motivación
La operación de Carmen me tiene muy triste,0,La operar triste,operación Carmen triste,operar triste,La oper triste,operación triste
@user @user @user se conserva la misma cuenta. Pero el programa será distinto,1,@user @user @user conservar misma cuenta. Pero programa ser distinto.,se conserva la misma cuenta. Pero programa será distinto,conservar misma cuenta Pero programa ser distinto,@user @user @user se conserva la misma cuenta. Pero el prog sera distinto.,se conserva la misma cuenta. pero prog será distinto.
@user  Buenos dias y feliz domingo  abrazo♡,2,@duser  buen día y feliz domingo  abrazo♡,Buenos dias feliz domingo abrazo♡,buen día feliz domingo abrazo♡,@d user  buenas dia y felic domingo  abrazo♡,buen día felic domingo abrazo
@user @user Conmigo no los tiene abiertos porque me bloqueó,0,@user @user conmigo no los tiene abierto porque me bloquear,Conmigo los tiene cerrados因为 me bloqueó,conmigo los tiene abierto me bloquear,@user @user Conmigo no los tiene abiertos porque me bloqueó,Conmigo los tiene cerrad因为 me bloqüí
"Entre lo positivo, está el hecho de que no tendré esas responsabilidades extra que adquiría sí yo quedaba electo. Pero mae yo quería",1,"Entre lo positivo, está el hecho de que no tendré esa responsabilidad que adquiría sí yo quedaba electo. Pero mae yo quería.", Entre positivo está hecho que no tendré esas responsabilidades extra que adquiría sí quedaba electo Pero mae quería, Entre positivo hecho no tendré responsabilidad adquiría quedaba electo Pero quería,"Entre lo positivo, está el hech positiv, que no tendré esas responsabilid extra que adquiría sí yo quedaba electo. Pero mae yo quería.",Entre positiv est hech que no tendr esas responsabl extra que adquiri s qued elect Pero mae queri
"@user oye, 7/8 no está nada mal",2,"@user oye, estar estar","oye, está nada mal",@user oye estar,"@user oye, s/t n/d nada mal","oye, est nada mal"
"@user estaba en momento ""odio eterno"" necesitaba compartirlo  además yo hace poco que tengo canal y no me siento NADA identificada",0,@user estuvo en momento odio necesitaba compartirlo además yo hago poco que tengo canal y no me siento NADA identificada,estaba momento odio eterno necesitar compartir hace poco canal sentir identificada,@user estuvo momento odio necesitaba compartirlo además hago poco tengo canal no siento NADA identificada,@user estab estar moment odio etern necesit comparti adem hac poco que ten canal y no me sient nidedicat,estar momen odio etern neces compartir hace poco canal sentir identific
"Como te elicas algo que no viste venir, ¿Cómo?",1,"Como te eliges algo que no viste venir, ¿cómo?","te elicas algo que viste venir, ¿Cómo?",te eliges algo visto venir cómo,"Como te elicas algo que no viste venir, cómo?.","te eliges algo que viste venir, ¿cómo?"
"@user un placer guapa!! @user es un sol!! bueno, los dos los sois",2,"@user un placer guapa!! @user es un sol!! bueno, los dos sois",@user placer guapa!! @user un sol!! bueno dos sois,@user placer guapa!! @user sol!! bueno dos sois,"@user un placé guap!! @user es un só!! bueno, los dos sois",@user plac guapa!! @user un sol!! bueno dos sois
Qué triste ver que el odio por una mujer esté por encima de la razón,0,Qué triste ver que el odio por una mujer esté por encima de la razón.,triste ver odio mujer encima razón,triste ver odio mujer encima razón., Qué trist ver que l odio por un mujer esté por enci de la razn.,triste ver odio mujer enci araz
"@user @user @user yo solo quiero saber si tienen mi libreta y los llaveros de llamas que les di son 2, blanca y negra",1,"@user @user @user yo solo querer saber si tener mi libreta y los llavero de llama son 2, blanca y negra",solo quiero saber tienen libreta llaveros llamas di son,querer saber teniendo libreta llavero llama blanco negro,"@user @user @user yo sola quierer saber si tener mi libret y los llaver de llamas que les di son 2, blanqu y negr",solo quer saber tener libret llav llamar di ser
"@user Yo, he probado con pisco, y buenazo tmb, ah.",2,"Yo, haber probado con pisco, y buenazo tambien, ah.",he probado con pisco buenazo tmb ah,haber probado pisco buenazo ah,"@user yo, he proba con pisco, y buenaz tmb, ah.",he probad con pisc buen tmb tbm ah
"Que tristes son los velorios y entierros, mi Papá está llorando peor que un bebito recien nacido",0,"Qué triste ser y entierro, mi papá llorar peor que un bebito recién nacido.","Que tristes son los velorios y entierros, mi Papá está llorando peor que un bebito recién nacido.",triste entierro papá llorar pebirto recién nacido,"Que triste son el velorio y entierro, mi papá está llorando peor que un bebito recien nacido.","Que triste son el velorio y entierro, mi papá está llorando peor que un bebito recién nacido."
Nominada por @user   Aquí van nuestras pelis y nuestros taggeados.  http,1,Nominado por @user Aquí van nuestras película y nuestro taggear. http,Nominada por Aquí van pelis y taggeados.,Nominado Aquí van película taggear.,Nominad por @user Aqui van nostras pelis y nostros taggeados.,Nomin por Aqui van pel y tagg.
"Cosas q debemos usar para simplificar nuestra vida: el cerebro, sentido común, una sonrisa y eliminar a quién no nos interesa. Simple",2,"Cosas que debemos usar para simplificar nuestra vida: el cerebro, sentido común, una sonrisa y eliminar a quien no nos interesa. Simple",Cosas debemos usar simplificar nuestra vida cerebro sentido común sonrisa eliminar interesante Simple,Cosas debemos usar simplificar nuestra vida cerebro sentido común sonrisa eliminando quien nos interesa Simple,"Cosas q debemos usar para simplificar nuestra vida: cereb, sens com, una sonr, elimin a qui no nos intere y simple.",cosas deb us simplic nuestra v vie cereb sen comu soni elimin interes
@user @user me parece que sueles reclamar demasiados sobrentendidos,0,@user @user me parece que suelen reclamar sobrentendido,sueles reclamar sobrentendidos,suelen reclamar sobrentendido,@user @user me pare ce que sue l too m sobr enti di,suel argument sobrendi
"@user jajajaja fácil,o derrepente ya nos lo cambiaron por uno nuevo",1,"@user jaja fácil, o de repente ya nos lo cambiaron por uno nuevo",@user fácil derrepente nos lo cambiaron uno nuevo,"@user fácil, de repente ya nos lo cambiaron por uno nuevo","@user jajajaja faciil, o derrepente ya nos lo cambiamos por uno nuevoo",@user fácil derrepente nos lo cambiamos nuevo
@user tu ventilador me mira con cara seductora.,2,@user tu ventilador me mira con cara seductora.,@user ventilador cara seductora.,@user ventilador cara seductora.,@user tu ventilar me mire con cara seductora.,@user ventilar cara seductor.
@user @user porque al final siempre llegan a lo mismo: es que ella debió asumir más su lado femenino,0,@user @user porque al final siempre llegar a lo mismo: ser que ella deber asumir más su lado femenino,@user @user porque al final siempre llegan a lo mismo: debió asumir más su lado femenino,@user @user porque al final siempre llegar a lo mismo ser deber asumir más su lado femenino,@user @user pq al fin siempre lga a lo msm: es q ella dbe asum m s su ldo femnrico,@user @user porque al fin siempre llega a lo mismo: debió asumir más su lado femenino
@user recién me conectooooo Juan está enfermo mañana te prometo que te recojo,1,@user recién me conecto Juan está enfermo mañana te prometo que te recojo,recién conectooooo Juan enfermo mañana prometo recojo,Juan enfermo mañana te prometo que te recojo,@user recien me conecto Juan est enfermo mañana te prometo que te recojo,recien conecto Juan enfermo mañana prometo recojo
El sol echa el cierre a un día estupendo en  #VillardeOlalla #Cuenca Preparados para otra noche de fiesta  http,2,El sol echar cierre a un día estupendo en #VillardeOlalla #Cuenca preparar para otra noche de fiesta http,sol cierra día estupendo VillardeOlalla Cuenca preparados otra noche fiesta,sol cierra día estupendo VillardeOlalla Cuenca preparar otra noche fiesta,El sol ech cierre a un d estupendo en  #VillardeOlalla #Cuenca Preparad para otra n de fiesta  http,sol cierr día estupend villardeolall cuenc preparad otra noche fiest
hoy me han traído a mi perra después de seis días sin verla y está to nerviosa y más delgada,0,hoy yo traer perra después de día sin ver y estar nervioso y más delgada,hoy traído perra después seis días verla está nerviosa y más delgada,hoy traer perra después día ver nervioso más delgada,hoy me han traido a mi perro después de seis día sin verla y está to nerviosa y más delgada,hoy trae perro después día ver está nervio y más delgad
"Ma, mira... - Qué? La Paca? Sí, cómo supiste? - Porque es lo único que haces.",1,"Ma, mira... - Qué? La Paca? Sí, cómo supiste? - Porque es lo único que haces.",Mira Qué Paca cómo supiste Por es lo único que haces,Mira Qué Paca cómo supiste Por es lo único que haces,"Ma, mira... - Qué? La pac? Sí, cómo supiste? - Porque es lo únic que haces.",Mira Qué Paca cómo supiste Por es lo único que hacer
Creo k es la primera vez k estoy deseando k llegue septiembre de una vez,2,Creer ser primer desear venir septiembre,Creo deseando septiembre,Creer primer desear venir septiembre,Creo k es la prim k est desand k lleg sep de una vez,Creo deseando septiembre
@user a mi me gustaba antes. Ahora todo es super cuadrado y feo,0,@user a mí me gustar antes. Ahora todo es super cuadrado y feo.,@user me gustaba antes. Ahora todo super cuadrado feo,gustar antes todo super cuadrado feo,@user a mi me gustab antes. Ahora todo es super cuadrado y feo,@user me gustab antes. Ahor todo super cuadra feo.
@user las tuyas y las nuestras  ajajajaj,1,@user tu ya y nuestra ajajajaj,@user tus tuyas nuestras ajajajaj,@user ya nuestra,@user tus tuas,@user tu nues tua ajajajaj
"@user gracias niñuca es preciosa, te prometo que me has alegrado la tarde con este detalle tan Bello y enternecedor. Mil besos",2,"@user gracias niño es preciosa, te prometo que me has alegrado la tarde con este detalle tan bello y enternecedor. mil besos",gracias es preciosa prometo has alegrado tarde detalle Bel enternecedor mil besos,gracias niño preciosa prometo has alegrado tarde detalle bello enternecedor mil besos,"@user graci niñu es preciosi, te promet que te has alegrad la tard con este detall tan bell y entrencedor. Mil besos",gracias es preciosa prometo has alegrado tarde detalle bel enternecedor mil besos
Que duro iniciar el día con noticias tristes,0,Qué duro iniciar el día con noticia triste.,Que duro iniciar el día noticias tristes, Qué duro iniciar el día noticia triste.,Que dur dar iniciar dia con noticia triste,Que duro inciar el dia notic triste
@user yo estaba todo feliz,1,yo estar feliz,estaba feliz,estar feliz,@user yo estab todo felic,estar feliz
"@user sep, mi familia es MUY lectora y mi círculo de amistades también",2,"@user sep, mi familia es MUY lector y mi círculo de amistad también.","@user sep, familia lectora círculo amistades","@user sep, familia lector círculo amistad","@user sep, familia es MUY lector y círculo de amist también","@user sep, familia lectora círculo amistad"
@user yo nunca la he podido ver entera porque literalmente me duermo,0,yo nunca la he podido ver entera porque literalmente me duermo,"nunca he podido ver entera因为这句话中""me""和""literalmente""在情感分析中可能具有特定意义，所以保留了它们。",nunca podido ver entera porque literalmente duermo,@user yo nunca la he podi ver enteramente porque literalment me duermo,nunca he podi ver enter literalmente
@user La carta compuesta es un factor más. También está la #sinastría que ayuda a suavizar una compuesta difícil,1,@user carta compuesto ser factor más También estar sinastria ayudar suavizar compuesto difícil,carta factor sinastría ayuda suavizar compuesta difícil,@user carta compuesto ser factor más También estar ayudar suavizar compuesto difícil,@user carta compus compuesto factore sinastria ajud suavizar compus dificil,carta fact sinastría ayuda suaviz comp difícil
"@user No sé si saldrá algo relacionado con Escocia, pero los paisajes son increíbles",2,"@user no saber si salir algo relacionar con Escocia, pero el paisaje ser increíble","sé saldrá relacionado Escocia, paisajes increíbles","@saber salir relacionar Escocia, pero paisaje increíble","@user no sé si saldrá algo relacion con escocia, pero los paisa son increíbles","salirá relacional escocia, paisaje increíble"
Creo que soy muy rencorosa,0,Creer ser ser,Creo rencorosa,Creer ser,Creo que soy muy enojarosa,Creo rencoresa
"@user Una vez mi prima me besó sin previo aviso. Ese fue mi primer beso, y nunca he vuelto a tener uno",1,"@user Una vez mi prima me besó sin previo aviso. Ese fue mi primer beso, y nunca he vuelto a tener uno.","@user primo me besó aviso. fue primer beso, he vuelto tener uno","@user primo me besó aviso. ese fue primer beso, he vuelto tener uno.","@user una vez mi prima me bes sin previo avis. ese fue mi primer beso, y nunca he vuelto a tener uno","@user primo bes aviso. fue primer beso, he vuelto tener uno"
@user ojalá sigan juntos mucho tiempo,2,@user ojalá sigan estar mucho tiempo,ojalá sigan juntos,ojalá sigan mucho tiempo,@user ojalá sigan juntos mucho tiemp,ojalá sigan junt
Quiero entrar en tantas clases pero soy pobre.,0,Querer entrar en tantar clase pero ser pobre.,Quiero entrar en clases soy pobre.,Querer entrar en tantar clase ser pobre.,Quiero entrar en clase pero soy pobre.,Quiero entrar en clase ser pobre.
@user ay no mms ARELIIIII.A los añooooos sdfjksf te extraño we,1,@user ay no mms ser año te extraño yo,@user ARELIIIII.A añooooos te extraño,@user ser año te extraño,@user an no mms arelei a los annos te extrano,@user AREEIIIII.A ANOOS TE EXTRAEO
Ha vuelto @user con energías renovadas. Los lunes por la noche el Doctor Amor y su consulta te esperan en su #periscope,2,Ha volver con energía renovada. Los lunes por la noche el Doctor Amor y su consulta te esperan en su #periscope.,vuelto user energías renovadas. lunes por noche Doctor Amor consulta esperan su periscope,volver energía renovada lunes noche Doctor Amor consulta esperan #periscope,Ha vuelto @user con energi renovan. Los lun por la noch el Doc Amor y su consut te esperen en su #periscope,vuelto user energi renovad lunes por noche doctor amor consult esperan su periscop
"@user Prohibirlo, no. Se pueden hacer campañas, pedagogía... y no aplaudir como están haciendo muchas pseudo-feministas  @user",0,"@user prohibir, no. se hacer campaña, pedagogía... y no aplaudir como están hacer muchas pseudo-feminista  @user","Prohibirlo. Se pueden hacer campañas, pedagogía... y no aplaudir como están haciendo muchas pseudo-feministas",@user prohibir se hacer campaña pedagogía y aplaudir como están hacer muchas pseudo-feminista  @user,"@user prohibir, se pueden hacer campaña, pedagogiía... y no aplaudir como están haciendo muchas pseudofeminista @user","Prohibir. Se pode hazer campaña, pedagogi... e non aplaudir como estan fazendo moos pseudofeminist."
"Mi último trabajo por obra y gracia de @user @user @user, un spot para el @user #megapanic  http",1,"Mi último trabajo por obra y gracia de user user user, un spot para el user #megapanic  http",último trabajo obra gracia spot para,último trabajo obra gracia spot megapanic,"Mi últim trabaj por obr y graci de @user @user @user, un spott par el @user #megapanic  http",últim trabajo obra gracia spot para
"Nunca es tarde para hacer un sueño..con una mente soñadora, un puñado de ganas, fe y un corazón de amor, todo es posible.",2,"Nunca es tarde para hacer un sueño..con una mente soñadora, un puñado de ganas, fe y un corazón de amor, todo es posible.","hacer sueño mente soñadora, puñado ganha, fe corazón amor, posible.",hacer sueño mente soñadora puñado ganha fe corazón amor posible,"Nunca es tde para hcer un sdmn..con una mente sdmn, un pnd de gn, fe y un corazn de amor, todo es possb.","hacer sueño mente soñ, puñado ganha, fe corazón amor, posibl."
No debí cogerme la cara con las manos suciaaaaas!!,0,No debí coger la cara con las manos sucias!!,debí cogerme la cara con las manos suciaaaaas!!,debí coger cara manos sucias!!,No debí cogermé la cara con las manos sucias!!,debí cogém mán sucí!!
"+ a VOSOTROS, y siempre intento daros bola y responder a vuestras cosas.  Pero bueno, se ve que no es suficiente",1,"+a vosotros, y siempre intento dar bola y responder a vuestras cosas. Pero bueno, se ve que no es suficiente.","a VOSOTROS, intento daros bola responder vuestras cosas. bueno, se ve que no es suficiente",vosotrosintentodarrespondervuestrascosasséesuficiente,"+a VOSOTROS, y siempre inten yo dar bola y respon a vuestr cosa.  Pero bueno, se ve que no es suficie.","a VOSOTROS, intento daros bola respon vuestra cosa. bueno, se ve que no es suficiente"
Creo que lo mas jodido del 2016 ya me ha pasado y ya estoy lista para lo que venga! jodidamente bien,2,Creer que lo mas joder del 2016 ya me ha pasado y ya estar lista para lo que venir! joder bien.,Creo mas jodido 2016 me ha pasado ya estoy lista viene jodidamente bien,lo mas joder del 2016 ya me ha pasado y ya lista para lo que venir joder bien,Creo que lo mas jodi del 2016 ya me ha pasado y ya estoy lista para lo que venga! jodiendidamente bien.,Creo mas jodi 2016 me ha pas j ya est l visa jodi bien
"@user "" En algún momento empecé a mirar más al suelo que al cielo "" "" Estoy harto de llorar, así que intento sonreír """,0,"@user "" en algún momento empezar mirar más al suelo que al cielo "" "" estar harto de llorar, así que intentar sonreír "".","@user ""momento empecé mirar más suelo cielo"" ""estoy harto llorar intento sonreír""","@user ""momento empezar mirar suelo cielo"" ""harto llorar así intentar sonreír"".","@user "" en algú momento empiecé a mirar más al suelo que al cielo "" "" estoy hart de llorar, así q intento sonrír "".","@user ""moment empec mir suel ciel"" ""estoy hart llor intent sonri'"""
lo mejor es que son conversaciones normales y corrientes sin ningún ánimo de ligar pero  simplemente porque no se ligar,1,lo mejor es que ser conversacion normal y corriente sin ningun animo de ligar pero simplemente porque no ligar,mejor son conversaciones normales corrientes ningún ánimo ligar simplemente porque no se ligar,ser conversacion normal y corriente sin ningun animo de ligar pero simplemente porque no ligar,lo mejo es que son conversacion normales y corrientes sin ningun animo de ligar pero  simplemente porque no se ligar,mejor son conversacion normal corrienti ningun animo ligar simplemente porque no se ligar
@user por supuesto amigo mí que pases buen domingo,2,@user por supuesto amigo que pases buen domingo,@user supuesto amigo que pases buen domingo,amigo pases buen domingo,@user por supuesto ami que pases buen doming,@user suposable amig que pases buen doming
Que horrible sensación cuando se te atasca una pastilla en la garganta #Meduele.,0,Qué horripilante sensación cuando se te atascga una pastilla en la garganta #Meduele.,horrible sensación se te atascada pastilla garganta Meduele,horripilante sensación atascga pastilla garganta Meduele,Que horribl sensaci cuando se te atasc una pastill en la gargant #Meduel.,horrible sens se te atasc pasta garg Meduel
"@user Mi ciudad bonitaa llena de nieve fijo  , gracias, es que pensaba que solo estaba en netflix",1,"@user mi ciudad bonita llena de nieve fijo, gracias, es que pensaba que solo estaba en netflix",Mi ciudad bonitaa llena de nieve fijo gracias pensaba solo estaba netflix,ciudad bonita llena de nieve fijo gracias pensaba solo estaba netflix,"@user mi ciudad bonita llena de nieve fijo, gracias, es que pensaba que solo estaa en netflix",Mi ciudad boni llena de niev fij graci pensa solo estab enetflix
Esas costillitas se ven demasiado buenas... Ya quiero cenar!,2,Estas costilla ver too bien... Ya querer cenar!,costillitas ven buenas quiero cenar,costilla ver bien querer cenar,Esas costill costill costill costill costill se ver ver too much buenas... Ya quiero cenn cenn!,costillita ven buen querer cenar
Creo que mi amor platónico de tw es gay y me acabo de poner tan triste,0,Creer que mi amor platónico de tw ser gay y me he puesto tan triste,Creo amor platónico tw gay me acabo poner triste,amor platónico tw gay puesto triste,Creo que mi amor plático de tw es gay y me acabo de poner tan triste,Creo amor platon triste
"@user @user @user @user @user a mí como a veces me piden ""la firma escaneada en el doc""...",1,@user @user @user @user @user a mí como a veces me piden la firma escanear en el doc...,mí veces piden firma escaneada doc,mí veces piden firma escanear doc,"@user @user @user @user @user a mí como a veces me piden ""firma escaneada en el doc""....",mis veces pid firm escan doc
"@user ya yo voy de vuelta, pero le dejé la pampa lindísima",2,"@user ya yo ir de vuelta, pero le dejar la pampa lindísima","voyvuelta, dejépampalindísima",ir pampa lindísima,"@user ya yo voy de vuelta, pero le dejé la pamp lindísima","vov, dejpamindísima"
"Si es que llegáis aquí desde mi Favstar del cretácico y claro, luego no me duráis ni un suspiro. Que mis neuronas no son como antes, jopé",0,"Si ser llegáis aquí desde mi favstar del cretárico y claro, luego no me duráis ni un suspiro. Que mis neurona no son como antes, jopé.",llegáis Favstar cretácico duráis suspiro neuronas antes,si llegáis aquí desde mi favstar del cretárico luego no me duráis ni un suspiro que mis neurona no son como antes jopé,"Si es que llegáis aquí desde mi favstar del cretácico y claro, luego no me duráis ni un suspiro. Que mis neura no son como antes, jopé.",llegais favstar cretatico duris suspir neuronan ante
"@user justo vi en Ig que lo tenías y te quería preguntar. Cuando lo hagas, espero el review! Y sí, yo tb tengo varios pendientes",1,"@user justo ver en Ig que lo tienes y te quería preguntar. Cuando lo hagas, espero el review! Y sí, yo tb tener varios pendiente.",vi lo tenías quería preguntar espero review sí tb tengo pendientes,@user tienes quería preguntar Cuando espero review tienes pendiente,"@user just vi en ig que lo tenías y te quería preguntar. Cuando lo hagas, espero el review! Y sí, yo tb tengo varios pendientes",vi lo tenías quería preguntar espero reiviw sí tb tengo pendientes
"@user @user no importa con esa linea como sino juegas nada, seguirás siendo buenisimo ( con cariño jeje  )",2,"@user @user no importa con esa linea como sino juegas nada, seguirás being buenisimo ( con cariño jeje  )",importa linea como sino juegas nada seguirás siendo buenisimo cararño jeje,@user @user importa con esa linea como sino juegas nada seguirás being buenisimo cariño jeje,"@user @user no importa con esa linia como sino jueg nada, seguirs sien buenisimo ( con carin jeje  )",importa linea como sino jug nada seguirs sien buenisimo cara jeje
@user LOL miguez tu eres guapo no le hagas ni caso no ves que es VASCA y alli NO SE FOLLA pero no es culpa tuya,0,@user lol miguel tu eres guapo no le hagas ni caso no ves que es vasco y allí NO SE FOLLAN pero no es culpa tuya,@user LOL miguez tu guapo ves VASCA alli,@user lol miguel tu guapo le hagas caso ves que es vasco allí SE FOLLAN,@user LOL migues tu eres guap no le hag ni cas no ves que es vasca y alli NO SE FOLL pero no es cul tuya,@user LOL miguez tu guapo ves vasca alli
Buenos días!!!! mi pensamiento esta mañana al despertar es que si o si tengo que ir a dar un paseo al parque y disfrutar de la naturaleza,1,Buen día!!!! mi pensamiento esta mañana al despertar es que tener ir a dar un paseo al parque y disfrutar de la naturaleza,Buenos pensamiento mañana despertar tener que ir dar paseo parque disfrutar naturaleza,Buen día!!!! pensamiento mañana despertar tener dar paseo parque disfrutar naturaleza,Buenos dia pensamien parque disfrut naturaleza,Buen pensam mañana despertar tener que ir dar paseo parque disfrutar naturaleza
"@user bueno no es tan mala, tiene muuuchos elementos de las primeras dos películas (eso es lo mejor) y le agregan otros nuevos",2,"@user bueno no es tan mala, tiene muuchos elementos de las primeras dos película (eso es lo mejor) y le agregan otros nuevos",bueno mala elementos primeras películ mejor agregan nuevos,bueno mala películas mejor agregan nuevos,"@user bien no es tan malo, tiene muuchos elementos de las primeras dos pelícuласa (eso es lo mejor) y le agregan otros nuevos",buen mal elem primer peli mej agg nuevo
"@user @user @user @user Pero son los periodistas de La Nación, ud dijo que eran los dueños de la verdad y vea.11 ideal",0,"@user @user @user @user Pero ser los periodista de La Nación, ud dij que eran los dueño de la verdad y vea.11 ideal","Pero son periodistas La Nación, ud dijo dueños verdad vea ideal","Pero ser periodista de La Nación, dij que eran dueño de la verdad y ideal.","@user @user @user @user Pero son los periodista de La Nacion, ud dijo que eran los dueno de la verdad y vea.11 ideal","Pero son periódico La Nación, ud dij dueño verdad vea ideología"
"Vale: MAE HOY CONOCI UN MAE SUPER GUAPO, SUAVE YA TE ENSEÑO UNA FOTO *5 min despues me lo enseña* Yo: Valeria ese es mi ex Jajajaj siaa.",1,"vale: mae hoy conocí un mae super guapo, suave ya te enseñé una foto *5 min después me lo enseñó* yo: valeria ese es mi ex jajajaja siaa.",MAE HOY CONOCI MAE SUPER GUAPO SUAVE YA TE ENSEÑO FOTO MIN DESPUES ME LO ENSEÑA Valeria ese ex Jajajaj siaa,conocí super guapo ya enseñó foto ex jajajaja siaa,"vale: mae hoy conoci un mae super guapo, suave ya te enseñ o una foto *5 min despues me lo ense ñ o* yo: valeria ese es mi ex jajajaj siaa.",MAH HOJ CONO MAH SUPER GUIPA SUIVA YA TE ENSEÑ FOTO MIN DESPUES ME LO ENSEÑA Valeria ese ex sigh siaa
@user es que son super perfectas para la otra DIOS NECESITO QUE ALGUN DIA SE CONFIRME,2,@user es que son super perfecto para la otra DIOS necesito que algún día se confirme,@user super perfect as other GOD NEED SOME DAY CONFIRM,@user son super perfecto para la DIOS necesito que algún día se confirme,@user es que son super perfec para la otra DIOS NECESITO QUE ALGUN DIA SE CONFIRME,@user super perfec as otro GOD NEED SOME DAY CONFIR
"@user pero me jode no encontrar un pantalon pitillo que me quede PITILLO , y es horrible porque mi vida son los vaqueros",0,"@user pero me jode no encontrar un pantalón que me quede PITILLO, y es horrible porque mi vida son los vaqueros",me jode encontrar pantalon pitillo quede horrible vida vaqueros,me jode encontrar pantalón quede horrible vida vaqueros,"@user pero me jode no encontrar un pantalón pitillo que me quede PITILLO, y es horrible porque mi vida son los vaqueros",me jod find pantalón pitillo qued horrible vida vaqueros
Dibujé a Chikorita (mi pokemon fav) y lo malogré con 'mi técnica de pintar con acuarelas'...tmr!,1,dibujé a chikorita (mi pokémon fav) y lo malogré con mi técnica de pintar con acuarelas... tmr!,Dibujé pokemon fav malogré técnica pintar acuarelas tmr!,dibujé pokémon fav malogré técnica pintar acuarelas tmr,Dibuj a Chikorita (mi pokmon fav) y lo malogr con mi tcnic de pintar con acelas...tmr!,Dibuj aré pok mon fav malogr tcnica pint arc lbres tmr!
"Haces que se vaya mi melancolía, me devuelves de nuevo a la vida",2,"Hacer que se ir mi melancolía, me devolver a la vida","Haces que se vaya melancolía, me devuelves vida.","Hacer ir melancolía, devolver vida","Haz que se va mi melancol, me devuelv a la vida","Haz que se va melancolía, me devuelve vida."
@user los ábacos si están permitidos. Sobre todo porque la mayoría no saben usarlo,0,@user los abaco si estan permitido. sobre todo porque la mayoria no saben usarlo,@user ábacos están permitidos. Sobre todo porque mayoría no saben usarlo,@user abaco si están permitido sobre todo porque la mayoría no saben usarlo,@user abac si estan permitid. sobe todo pq la mayora no saben usalo,@user abaco estar permitir. Sobrar todo porque mayor saber usar.
@user Xinia de mi vida tenía toda la intención pero se me hizo imposible al final del día,1,@user Xinia de mi vida tenía toda la intención pero se me hizo imposible al final del día,Xinia intención se me hizo imposible al final día,@user Xinia de vida tenía toda la intención pero se hizo imposible al final día,@user xinia de mi vida teni toda la intenciim pero se me hace imposibil al final del dìa,Xinia intención se me hizo imposible al fin día
@user En lo relativo a la secesión mi estimado @user es un amante de las marcianadas. Pero debatir con él es entretenido,2,@user en lo relativo a la secesión mi estimado @user es un amante de las marcianada. Pero debatir con él es entretenido.,@user En relativo secesión mi estimado @user amante marcianadas. Pero debatir con él entretenido.,@user en relativo secesión estimado @user amante marcianada. Pero debatir él entretenido.,@user en lo relativo a la secesión mi estimado @user es un amante de las marcianada. Pero debatir con él es entretenido,@user rel secesión estimado @user amant marcianada. Pero debatir con él entretenido.
"Si, yo soy un cabron y no tengo orgullo",0,"S, yo ser un cabrón y no tener orgullo",Si soy un cabrón y tengo orgullo,ser un cabrón tener orgullo,"Si, yo soy un cabrón y no tengo orgullo",Si soy un cabrón y tengo orgullo
"@user Un poquito. Pero es normal porque es oscuro.   Anyways, sigue viéndosete un poquito pelirrojo. ^^ Reflejos o algo así.",1,"@user un poquito. pero es normal porque es oscuro. cualquier manera, sigue viéndote un poquito pelirrojo. ^^ reflejo o algo así.",Un poquito. Pero normal porque oscuro. Sigue viéndosete poquito pelirrojo. ^^ Reflejos o algo así.,"un poquito. pero normal porque oscuro. cualquier manera, sigue viéndote poquito pelirrojo. ^^ reflejo algo Así.","@user un poco. pero es normal porque es oscuro.   anyways, sigue viéndote un poco pelirrojo. ^^ reflejo o algo así.",Un poco. Pero norma porque oscu. Sigue viéndote te poquito pelirroj. ^^ Reflej o algo así.
"@user pues todo muy bien   Eso sí, muchos cambios desde la ultima vez que hablamos 😁",2,@user pues todo bien eso sí muchos cambio desde la última vez que hablamos 😁,todo bien muchos cambios ultima vez hablamos 😁,todo bien cambio última vez hablamos 😁,"@user pues todo muy ben   eso sí, much camb desde la ultim vez que hablamos 😁",todo bien much camb ultim vez hablamos 😁
@user voy a ir con un árbol de Navidad en la camisa a taller solo para arruinar su día,0,@user ir con un árbol Navidad en la camisa a taller solo para arruinar día,voy ir árbol Navidad camisa taller arruinar día,ir árbol Navidad camisa taller arruinar día,@user voy a ir con un arbol de navidad en la camisa a taller solo para arruinar su dia,voy ir arbol navidad camisa taller arruinar dia
Gracias a todos por regalarme sus comentarios a mi columna de hoy. Invaluable obsequio para mí.,1,Gracias a todos por regalarme sus comentarios a mi columna de hoy. Invaluable obsequio para mí.,Gracias regalarme comentarios columna invaluable obsequio,Gracias regalarme comentarios columna invaluable obsequio,Gracias a todos por regalame sus comentarios a mi column de hoy. Invaluable obsequio para mi.,Gracias regalar comentario columna invaluable obsequio
Estoy emocionado por primera vez realice una llamada internacional a Chile.,2,Estoy emocionado por primera vez realicé una llamada internacional a Chile.,emojono vez realicene llamada internacional a Chile,emocionado primer vez realizó llamada internacional Chile,Estoy emocionado por primera vez realicé una llamada internacional a Chile.,emojone vez realizene llamada international a Chile
"Con este día, cuatro y el tambor en la playa. Qué mala es la vuelta a la rutina para algunos...",0,"Con este día, cuatro y el tambor en la playa. Qué mala es la vuelta a la rutina para algunos...",Con día cuatro tambor playa qué mala vuelta rutina algunos,Con día cuatro tambor playa Qué mala vuelta rutina algunos,"Con dí, cuat y el tamb en la play. Qué mal es la vuel a la rutina para alg...",Con día cuatro tambor playa qué mala vuelta rutina algo
@user buenas tardes! Se puede pasar?,1,@user buenas tarde! se puede pasar?,buenas tardes pas puede,buenas pasa?,@user buenas tardes! se pode pas?,buenas tardes pas pode
"Bueno, pues vamos a recuperar el tiempo perdido. Empezare por descargarme el Manchester City - West Ham, a ver que tal",2,"Buen, pues vamos a recuperar el tiempo perdido. Empecé por descargarme el Manchester City - West Ham, a ver qué tal.",vamos recuperar tiempo perdido descargarme Manchester City West Ham ver tal,vamos recuperar tiempo perdido Empecé descargarme Manchester City - West Ham ver tal,"Buen, pues vamos a recuperar el tiemp perdido. Empa starte por descargame el Manchester City - West Ham, a ver que tal.",vamos recup tempo perdido descargam manc city west ham ver tal
@user lástima que la foto de la derecha eclipse un texto certero!,0,@user lástima que la foto de la derecha eclips un texto certero!,lástima foto derecha eclipse texto certero!,lástima foto derecha eclips texto certero!,@user lástim que la fot de la derech eclips un text certer!,lástima fot tex certero!
@user jajajaja tiene pinta más bien de que lo hicieron colombiano por el acento,1,@user jajaja tiene pinta más bien de que lo hicieron colombiano por el acento,@user jajajaja pinta más bien que lo hicieron colombiano por acento,@user jajaja pinta colombiano acento,@user jajajaja ten pinta más bien de que lo hicieron colombiano por el acento,@user jajaja pint Más Bien Que Lo Hic Colombo Por Acento
@user muchas gracias mariaa! Tenlo claro que te avisaré!  un beso!!,2,@user mucha gracias maria! tenlo claro que te aviso! un beso!!,@user gracias mariaa! Tenlo claro que te avisaré! beso!!,gracias maria tenlo claro aviso beso,@user muchisimas gracas mariaa! tenlo claro que te aviseré!  un beso!!,@user grazie maria tenlo claro que te avisa beso
Shits happens! En el concilio de Nicea se debe haber fumado de todo o no me lo explico  http http,0,¡shite suceder! en el concilio de nicea se debe haber fumar de todo o no me lo explico,Shits happens! concilio Nicea fumado explico,¡shite suceder! concilio nicea fumar todo me explico,shite suceder! en el concil de niacea se debe haber fumado de todo o no me lo explico,sucede concilio nicea fumo explico
"@user @user estamos iniciando combate, en cuanto estés disponible avisa y te apuntamos para la siguiente ronda",1,"@user @user estamos iniciar combate, en cuanto estés disponible avisa y te apuntamos para la siguiente ronda.",estamos iniciando combate avisa apuntamos siguiente ronda,estamos iniciar combate avisa apuntamos siguiente ronda,"@user @user estemos iniciando combate, en cuanto estés disponible avisas y te apuntamos para la siguiente ronda",estamos inici combate avisa apuntamos ronda
@user @user asi tiene que ser .. yo m alegro solo si el barca pierde en algo qe influya a madrid cmo la liga ayer tuani,2,@user @user así tiene que ser yo alegro solo si el barco pierde en algo que influya a Madrid como la Liga ayer Tuani,asi tiene ser alegro barca perder algo influya madrid como liga ayer tuani,tiene alegro si barco pierde algo influya Madrid Liga ayer Tuani,@user @user as tenga q ser yo alegr solo si el barc pierde en algo q influya a madr como la lig ay tuan,as así tener ser alegr barco perder algo influir madri como lig ayer tuan
"@user @user IA no llegó a ser social. Fue un espacio social de dinamización, muy útil, pero con fecha de caducidad. Y abrumador.",0,"@user @user IA no llegó a ser social. Fue un espacio social de dinamización, muy útil, pero con fecha de caducidad. Y abrumador.","IA llegó social. Fue espacio dinamización, útil, pero fecha caducidad. Y abrumador.","IA llegó social. Fue espacio dinamización, útil, pero fecha caducidad. Y abrumador.","@user @user IA no llega a ser social. Fue un espacio social de dinamizaci, m útil, pero con fecha de caducidad. Y abrumador.",IA lleg social espac dinamiz util pero fecha caduca y abrumad.
Y es jvsto en ese preciso instante en el cval le dices a tv papá Qve qvieres ser Dj y al final tome la decicion de mandarte a la mrd,1,Y es justo en ese preciso instante en el cual le dices a ti papá que quieres ser dj y al final tomé la decisión de mandarte a la mierda.,es justo instante le dices papá que quieres ser DJ finalmente tome decisión mandarte mierda,es justo preciso instante le dices papá quieres ser dj final tomé decisión mandarte mierda.,Y es jvsto en ese preciso instante en el cval le dices a tv papa Qve qvieres ser dj y al final tome la decicion de mandarte a la mrd,es justo instante le dices papa que quieres ser dj finalmente tome decision mandarte mierda
¡¡Entramos en el mes de septiembre con las pilas cargadas!! Bienvenidos de nuevo a vuestra clínica dental de confianza,2,Entrar mes cargar Bienvenido confiar,¡Entramos mes septiembre pilas cargadas! Bienvenidos nuevamente clínica dental confianza.,Entrar cargar Bienvenido confiar,¡¡entren en el ses de septabr con las pil cargad!! bienvenid de nuev a vuestr clinic dent de confianz.,¡entram mes sept abil cargad! bienvenid nuev clínica dent confian.
Lamentable informan que murió Gabriel Badilla. #RIPGladiador,0,Lamentable informar morir Gabriel Badilla. #RIPGladiador,informan murió Gabriel Badilla. #RIPGladiador,Lamentable informar morir Gabriel Badilla. #RIPGladiador,Lamentabl inform Gladiador. #RIPGladiador,informan murí Gabril Badill. #RIPGladiador
"@user Y Noel significa Navideño, pedo también lo asumimos. Pero alguien lo tuvo que poner por primera vez",1,"@user Y navideño significar, pedir también lo asumimos. Pero alguien lo tuvo que poner por primera vez.",Noel Navideño pedo asumimos Pero alguien poner primera vez,@user navideño significar pedir asumimos alguien poner primera vez.,"@user y navideño significa noel, pedo tambien lo asumimos. pero alguién lo tuvo que poner por primera vez",Noel Navideño ped asumir Pero alguien poner primera vez
Dios guarda para mi lo mejor por que mi fe en el siempre perdurara por la eternidad. Quien busca encuentra y no se conforma con poco.,2,Dios guardar para mí lo mejor porque mi fe en él nunca desaparecerá por la eternidad. Quien busca encontrar y no se conforma con poco.,Dios guarda para mi lo mejor fe siempre perdurar por eternidad busca encuentra no se conforma poco,Dios guardar para mí lo mejor fe nunca desaparecerá eternidad Quien busca encontrar no se conforma poco.,Dios guard perdurar fe en perdurar eternidad quien buscan encontrar conformarse,Dios guard perdur etern busc encot poco
"Broder, que pinxe tráfico hay en Salaverry, por UPC. No jodas, voy a llegar tarde de nuevo",0,"Brodar, que pintar tráfico hay en Salaverry, por UPC. No joder, voy a llegar tarde de nuevo.",Broder tráfico Salaverry UPC llegar tarde nuevo,Brodar pintar tráfico Salaverry UPC llegar tarde nuevo.,"Brodar, que pinx tráfico hay en Salaverr, por UP. No joda, voy a lleg tard de nuev.",trafico llega nuevo
Imposible no subir de peso aquí ( Chiclayo y sus comidas ),1,Imposible no subir de peso aquí ( estar comer ).,imposible subir de peso Chiclayo comidas,imposible subir peso aquí comer.,Imposibl subir de peso aquí ( Chiclayo y sus comid ),imposible subir peso chiclayo comida
@user  pues mañana sales por la noche es solucionao',2,@user  pues mañana sales por la noche es solución,pues mañana sales por la noche soluciónao,pues mañana sales por la noche solución,@user  pues mañan sales por la noch soluciona,pues mañan sal por la nochesolució
"@user Que casualidad que la primera llamada que le hacen al ""arruinado"" la coge,pero las otras no.No será que es el mismo. Un abrazo",0,@user qué casualidad que la primera llamada que le hacen al arruinar la coge pero las otras no. no será que es el mismo. un abrazo,@user primera llamada arruinado coge pero otras será abrazo,@user primera llamada coge otras será,@user que casualid que la prim llamada que le hacen al arruinado la coge pero las otres no no ser que es el mismo. un abrazo,@user prim llamar arruinar coger pero otra ser aborazo
"@user Ayyy, no debí haber tuiteado esto. Olvidé que estabas por acá, no me odies ( Hablo en serio, no es sarcasmo )",1,"@user ayyy, no debí haber tweetiado esto. olvidé que estabas por acá, no me odies ( hablo en estar serio, no es sarcasmo )","Ayyy, debí haber tuiteado esto. Olvidé que estabas por acá, me odies ( Hablo en serio, no es sarcasmo )","@user ayyy, debí haber esto. olvidé que estabas por acá, me odies ( hablo estar serio, no es sarcasmo )","@user Ayy, no debí haber tuiteo esto. Olvidé que estabas por acá, no me odies ( Hablo en serio, no es sarcasmo )","Ayyy, debí haber tuiteado esto. olvidé que estabas por acá, me odies ( hablo en serio, no es sarcasmo )"
@user no existen palabras para agradecerte tantísimo que me das...así que sólo puedo decirte...GRACIAS!!,2,@user no existir palabra para agradecer tanto que me das...así que sólo puedo decirte...GRACIAS!!,existen agradecertetantísimodasdecirteGRACIAS,existir palabra para agradecer tanto que me das decir GRACIAS,@user no existen palabras para agradecerte tantísimo que me das...así que sólo puedo decirte...GRACIAS!!,existentetgracias
"Obviamente las preguntas tienen que ir en el e-mail, no ENCIMA del vídeo ni nada parecido, sino no podré usarlo",0,"obviamente la pregunta tener que ir en el e-mail, no encima del vídeo ni nada parecido, sino no podré usarlo",Obviamente preguntas tienen que ir e-mail ENCIMA vídeo nada,pregunta tener ir e-mail encima vídeo nada parecido podré usarlo,"obviosamente pregunt tenga que ir en el e-mail, no encima de vídeo ni nada parecido, sino no podré usarlo",obviamente preguntar tener ir e-mail encima vídeo nada
"Yo pensaba que el descanso también iba a ser para el fandom, PERO NO! nosotras nunca descansamos Re100 robado #VideoMTV2016 Niall Horan",1,"Yo pensar descanso ir para el fandom, Pero NO! nosotros nunca descansar robar #VideoMTV2016 Niall Horan",pensaba descanso también iba fandom pero nosotras nunca descansamos Re100 robado VideoMTV2016 Niall Horan,pensar ir fandom Pero NO! descansar robar VideoMTV2016 Niall Horan,Yo pens thought descans fandom BUT NO! nos descansamos Re100 robado #VideoMTV2016 Niall Horan,pens pens descanso tambi iba fandom pero nosotras nunca descansamos Re100 robado VideoMTV2016 Niall Horan
"@user ahi voy , cambiando hábitos y haciendo un nuevo estilo de vida",2,"@user ahí ir, cambiar hábito y hacer un nuevo estilo de vida",cambiando hábitos haciendo nuevo estilo vida,ir cambiar estilo vida,"@user ahi voy, cambiand hábito y hacend un novede estilo de vida",cambiando hábito haciendo nuevo estilo vida
"@user @user No le enseñes, que lo aprenda como lo hicimos los demás! Yo también queria tu coaching...",0,"@user @user no le enseñes, que lo aprenda como lo hicimos los demás! yo también quería tu coaching....",le enseñes aprenda como lo hicimos demás queria coaching,le enseñes aprenda como lo hicimos demás quería coaching,"@user @user no le enseñ, que lo aprenda como lo hicimos los demás! yo también queri tu coachin....",le enseñes aprende como lo hicimos demás quiera coaching
"@user abcesos de pus en la espalda, pero coge el alta el día 8.",1,"@user acceso de pus en la espalda, pero coge el alta el día 8.",@user accesos pus espalda coge alta día 8,acceso pus espalda coge alta día 8,"@user acces pus en la espad, pero coge el alta el día 8.",@user acceso espalda coger alta día
En paseo hay un raptor 700R special edition a $ 12 000 y es una BELLEZA . Lástima que no tengo $ 12 000,2,En paseo hay un raptor 700R special edition a $ 12 000 y es una BELLEZA. Lástima que no tengo $ 12 000.,paseo raptor 700R special edition $ 12 000 BELLEZA Lástima tengo,paseo raptor 700R special edition $ 12 000 BELLEZA Lástima tengo,En pas p rapt 700R speci edic a $ 12 000 y es una BELLEZ. Lstima que no tengo $ 12 000,pase  Raptors 700R  special  edic  $ 12 000  bellez  lastim  ten
Me he sentado en un hormiguero,0,Me haber sentado en un hormiguero,he sentado hormiguero,haber sentado hormiguero,Me he sentad en un hormiguer,sentado hormiga
Alguien me explica por qué dicen 'Casimiro' a @user siempre? Es así la pronunciación en portugués o qué pasa? Que alguien me aclare,1,Alguien me explique por qué dicen casimiro a @user siempre? es así la pronunciación en portugués o qué pasa? que alguien me aclare.,Alguien explica dicen Casimiro @user siempre? así pronunciación en portugués pasa,Alguien explique dicen casimiro user siempre pronunciación portugués pasa,Alguien me explica por qué dicen casimiro a @user siempre? es así la pronunciación en portugués o qué pasa? que alguien me aclare,Alguien explic dicen Casimiro @user si así pronunciación en portugués pasa
@user estarás super mona  cuando pueda lo miraré yo también. Me molaría grupal de 'chicas Spidey',2,@user estar ser mona  cuando pueda lo miraré yo también. Me molaría grupa de 'chicas Spidey'.,serás mona miraré también molaría grupal Spidey,@user mona cuando pueda miraré también. Me molaría grupa de 'chicas Spidey'.,@user estar mona  cuando pueda lo mirar yo tambi molar grupal de 'chicas Spidey'.,serás mono miraré también molaría grupal Spidey
"@user tio me estoy rallando, necesitamos comunicado oficial de lo que ha pasado",0,"@user tío me estoy rallando, necesitamos comunicado oficial de lo que ha pasado",me estoy rallando necesitamos comunicado oficial de lo que ha pasado,@user me rallando necesitamos comunicado oficial de lo que ha pasado,"@user tío me estoy rajando, necesitamos comunicado oficial de lo que ha pasado",me rallando necesitamos comunica oficial de lo que ha pasado
@user mi camara es lo unico que permite que no la cambie,1,@user mi cámara ser lo único que permitir que no la cambie,camara permite que la cambie,@cámara única permitir cambio,@user mi camer permiti que no la cambie,cámara permita que la cambie
"@user ok, vea el lado positivo, tiene un motivo para hacerle drama el resto de si vida.",2,"@user ok, ve el lado positivo, tiene un motivo para hacer drama el resto de su vida.",ok vea lado positivo tiene motivo hacerle drama resto vida,ok ve lado positivo tiene motivo hacer drama resto vida,"@user ok, vea el lad positi, tiene un motif para hacerle dram el resto de si vid.",ok vea lado positiv tiene motiv hacerle dram resto vida
Qué pobre soy no puedo ver los VMA,0,qué pobre ser no poder ver los VMA,pobre soy no puedo ver VMA,qué pobre ser poder ver los VMA,Qué pobre soy no puedo ver los VM,pobre soy no puedo ver vma
"@user Ya bueno, es lo que hay",1,"@user ya bueno, ser hay","Ya bueno, lo hay",ya hay,@user ya bueno es lo que hay,"Ya bueno, lo hay"
@user Esta bastante guay porque es muy flexible en cuanto a horarios y tecnica que quieras explorar,2,@user esta bastante guay porque ser muy flexible en cuanto a horario y tecnica que quiera explorar,Esta bastante guay porque muy flexible en cuanto a horarios y tecnica que quieras explorar,@user bastante guay porque muy flexible horario tecnica quiera explorar,@user est bastante guay pq es muy flexil en cües a horari y tec que quier explora,Esta bastante guay porque muy flexi en cuanto a horario y tecli que quierex explor.
En la vet pq Aslitan está enfermito ...Hay una Sra. que está llorando pq a su perrito lo están operando,0,En la vet pq asilitar está enfermo...hay una sra. que está llorando pq a su perro lo están operando.,En vet pq Aslitan está enfermo... Hay Sra. que está llorando pq a perrito lo están operando.,En vet pq asilitar enfermo... hay sra. llorando pq perro operando.,En la vet pq Aslitán está enfermo...Hay una Sra. que está llorando pq a su perro lo están operando.,En vet pq Aslitán está enfrío... Hay Sra. que está llorando pq a perrito lo están opereando.
@user me agarran de buen humor por fin de año.,1,@user me agarrar de buen humor por fin de año.,me agarran buen humor fin año.,agarrar humor fin año.,@user me agarran de buen humor por fin de año.,me agarran buen humor fin año.
Un AI The 100 sería lo mejor.,2,Un AI el ser sería lo mejor.,AI The sería lo mejor.,AI ser sería lo mejor.,Un AI The 100 seria lo mejo.,AI serría lo mejo.
No se me enciende el ruter,0,No se me enciende el router.,se enciende ruter,se enciende router,No se me enciende el rute,se enciende rutuer
Hoy es el último taller de año,1,Hoy es el último taller del año, Hoy último taller año,Hoy último taller año, Hoy es el úlim tál de ãño,Hoy últim taller aýn
"que bueno , dan más mg a más jajaja pero wee",2,"que bueno, dar más mg a más jajaja pero wee",bueno mg jajaja wee,"bueno, dar mg jajaja wee","que bueno, dan más mg a más jajaja pero wee",buen mg jajaja wee
Veo que sí la depresión tropical se convierte en huracán se llamará Otto. Que comience el MemeFest!,0,Ve si depresión tropical conviene huracán llamar Otto. Comience MemeFest!,Veo depresión tropical convierte huracán llamará Otto. comience MemeFest!,depresión tropical huracán llamar Otto MemeFest,Ve si depres depa se conviert hur Otto. Que comen Memefest!,Ve depresión convirti huracán llam Ot. comenz MemFest!
Tan Rico escuchar música con audífonos de tapones pero tan malo para mí,1,Tan Rico escuchar música con tapón pero tan malo para mí.,Rico escuchar música con audífonos de tapones malo mí,Rico escuchar música tapón malo mí.,Tan Rico escuchar música con tapón pero tan malo para mí,Rico escuchar música con audifonos de tapon malo mi
@user solo recuerda que Iman es tranquila,2,@user solo recuerda que iman ser tranquila,@user recuerda Iman tranquila,@user recuerda ser tranquila,@user solo recuerda que man es tranqui,@user recuerdaIman tranquiliza
Este cuarto se siente muy vacío sin mis amiguitos y su bulla,0,Este cuarto sentirse muy vacío sin mis amiguito y su bullicio,Este cuarto siente vacío amiguitos bulla,Este cuarto sentirse vacío sin mis amiguito bullicio,Este cuarto se sentí muy vacío sin mis amiguit y su bulla,Este cuarto siente vacío amigo bullir
"A pesar de nuestras limitaciones humanas, el Señor quiere obrar de maneras asombrosas a través de nuestras oraciones..",1,"A pesar de nuestra limitión, el Señor quiere obrar de manera asombrosa a través de nuestra oración.","A pesar limitaciones humanas, Señor quiere obrar maneras asombrosas través nuestras oraciones..","A pesar limitín, Señor quiere obrar de manera asombrosa a través oración.","A pesar de nues tra limitacion humana, el Señor quie obrar de manera asombrosa a traves de nues oracion.","A pesar limit limi, Señor quiere obrar manor asombrosa través nuesta oración.."
"@user parece, parece razonablemente jajajajaja  Bon dia. Egun on!",2,"parecer, parecer razonable jaja Bon dia. Egun on!",parece razonablemente jajajajaja Bon dia Egun on,parecer razonable jaja Bon dia Egun on,@user parecer parecer razoable jajaja bon dia egun on,parecer razonable jaja Bon dia Egun on
"Y los tres reyes magos llegaron con oro,incienso y mirra Melchoro Alan, Toledo vastadehuasquear y Ollanta nadinevagastar, de odebrechlen",0,"Y los rey llegar con oro, incienso y mirra Melchoro Alan, Toledo vastadar y Ollanta nadievar, de odebrechle.",los tres reyes magos llegaron oro incienso mirra Melchoro Alan Toledo vastadehuau gastar Ollanta nadineva gastar odebrechlen,rey oro incienso mirra Melchoro Alan Toledo vastadar Ollanta nadievar odebrechle.,"Y los tres rey magos llegu con oro, incienso y mirr Melchor Alan, Toledo vastadau y Ollant nadinav, de odreb.",los tres rey mago llegar oro incienso mirra melchor gastar ollanta nadine gastar odebrechlen
Hace poquito me dieron las 12 uvas para las 12pm y ya sólo me quedan 5,1,"Hacer poco, dar, uva, hora, quedar",Hace poquito me dieron uvas pm ya sólo quedan,Hacer dar uva hora quedar,Hace poco me diieron las uva para las pm y ya sólo me queden 5,Hacer poco me dar uva ya sólo quedar
Gracioso q se puedan acercar hasta los videos jaja,2,Gracioso q se puedan acercar hasta los video jaja,Gracioso q se puedan acercar hasta los videos jaja,Gracioso q se puedan acercar hasta los video jaja,Gracioso q se puedan acercar hasta los vide jaja,Gracioso q se puedan acercar hasta los vide jaja
Se me a escapao un dragonite y arcanie sin nivel con bayas frambu y superball,0,Se me ha escapado un dragonite y arcanie sin nivel con baya frambu y superball,Se escapao dragonite arcanie sin nivel bayfa frambu superball,Se escapado dragonite arcanie nivel baya frambu superball,Se me a escapaao un dragoon y arcania sin nivel con bay frambu y superbal,Se escaapo dragón arcanie sin nivé bayfa frambu superbol
tenía un mensaje directo y estaba,1,tenere un mensaje y estar,tenía mensaje directo estaba,tener mensaje estar,tenía un messaj directo y estab,ten msg dir estab
Que bonitos que son los zorros,2,Qué bonito ser los zorro,bonitos zorros,Qué bonito los zorro,Que bonito que son el zorro,bonito zorro
@user De las impotencias más grandes. Entiende uno qué significa la resignación,0,De la impotencia mayor. Entiende uno qué significa la resignación.,De impotencias grandes. Entiende uno qué significa resignación.,De impotencia mayor. Entendone significan resignación.,@user de impot impot resi resi,De impotenz. Entend qué significa resign.
"- Hola insomnio, cómo estás? - echale la culpa a la comida - ok",1,"- hola insomnio, cómo estás? - echa la culpa a la comida - ok","-Hola, insomnio, estás? -echale la culpa comida -ok",- insomnio cómo estás - echa culpa comida - ok,"- hola insomnio, cómo estás? - echale la culpa a la comid - ok","-Hola, insomnio, estás? -echale la culpa comid -ok"
Me siento más ignorada que de costumbre lo bueno es que soy estudiante universitaria y en vez de lamentarme puedo aprovechar el tiempo,2,Me sentir más ignorada que de costumbre lo bueno es que soy estudiante y en vez de lamentarme puedo aprovechar el tiempo,siento ignorada costumbre bueno soy estudiante universitaria en vez lamentarme puedo aprovechar tiempo,sentir ignorada costumbre bueno soy estudiante vez aprovechar tiempo,Me siento más ignoro que de costumbre lo bueno es que soy estudian universitaria y en vez de lamentarme puedo aprovechar el tiempo,senti ignora costumbre bueno soy estudiant universitaria en vez lamentar puedo aprovechar tiempo
@user sigo siendo feo pero es que cuando me conociste no tenía el pelo rojo,0,@user sigo ser estar pero es que cuando me conociste no tenía el pelo rojo,sigo siendo feo pero cuando me conociste no tenía el pelo rojo,@suser sigo estar pero es que cuando me conociste no tenía el pelo rojo,@user sigo being feo pero es que cuando me conociste no tenia el pelo rojo,sigo being feo pero quando me conociste no tenia el pelo rojo
@user La felicidad también es algo seguro solo debemos buscarla en las pequeñas cosas de la vida.,1,@user la felicidad tambien es algo seguro solo debemos buscarla en las pequena cosa de la vida.,La felicidad seguro debemos buscarla en las pequeñas cosas de la vida.,felicidad algo seguro debemos buscarla pequeñas cosa vida,@user felicidad tambi segur solo debemos buscalo en las pequen cosas de la vida.,La felicidad segur debemos buscarrla en las pequenas cosass de la vidass.
Que buena vibra me transmite @user,2,Qué buena vibrar me transmite,buena vibra me transmite @user,buena vibrar transmite,Que buen vibra me transmit meas @user,buen vib transmитe @user
"Alicante 36,5°C a la sombra. Que bien voy a estar los primeros días de clase.",0,"Alicante 36,5°C a la sombra. Que bien voy a estar los primeros días de clase.","Alicante 36,5°C a la sombra. voy estar primeros días clase.","Alicante 36,5°C a la sombra. voy estar primeros días clase.","Alicant 36,5°C a la sombra. Que bien voy a estar los primeros d de clss.","Alicant 36,5°C a la sombra. voy est primeros días clase."
Esta semana ha sido tan chachiosa que ya puedo decir que el verano se ha acabado de una manera decente  y lloro,1,Esta semana ha ser chachi que ya puedo decir que el verano se ha acabado de una manera decente y lloro,Esta semana sido chachiosa que ya puedo decir que verano acabado de manera decente  y lloro,Esta semana ha chachi verano acabado manera decente lloro,Esta semana ha sido tan chachi que ya puedo decir que el veran se ha acabado de una maner decente  y llor,Esta semana sido chachi que ya puedo decir que veran acabado de manera decente  y lloro
"Buenos días, esta noche es noche buena, Feliz navidad para todos",2,"Buen día, esta noche es noche buena, Feliz navidad para todos",Buenos días noche buena Feliz navidad todos,Buen día noche buena Feliz navidad todos,"Buen día, noche, Feliz navidad para todo.",buen dia noche buena feliz navid todo
Sin comenzar y ya el 2017 con malas noticias... No vamos a tener GoT este año,0,Sin comenzar y ya el 2017 con mala noticia... No vamos a tener GoT este año.,2017 malas noticias No vamos tener GoT este año,2017 mala noticia vamos tener GoT año,Sin començar i ja el 2017 amb malles notícies... No vam haver de GoT aquest any.,2017 mal noti No van tenn GoT esten anio
"@user @user @user @user Ah! No se, yo uso sickrage que no entiende de divisiones",1,"@user @user @user @user ah! no saber, yo uso usar que no entender division",Ah! se uso sickrage que entiende de divisiones,ah! saber usar entender division,"@user @user @user @user ah! no se, yo uso sickr que no entiende de división'es",Ah! se usó sickra que entiende de divisiones.
"Viendo Looking, Queers as Folk y así, me doy cuenta que nunca he tenido un grupo de mejores amigos gays. ¿alguien me adopta?",2,"Viendo, Queer, y así, me doy cuenta que nunca he tenido un grupo de mejor amigo gay. ¿alguien me adopta?",Viendo Looking Queers Folk doy cuenta grupo mejores amigos gays alguien adopta,Viendo Queue así me doy cuenta que nunca he tenido un grupo de mejor amigo gay alguien me adopta,"Viendo look, queers folk y así, me doy cuenta que nunca he tenido un grupo de mejores amigos gay. ¿alguien me adopta?",Viendo Looking Queer Grupo Mejor Amigo Gays Alguien Adopt
"@user chiqui, chill con el colacao que me estás poniendo nerviosa con tanto grito de mayúscula",0,"@user chiqui, chill con el colacao que me estás poniendo nerviosa con tantos gritos de mayúscula.",chill colacao me poniendo nerviosa gritos mayúscula,chill colacao me poniendo nerviosa gritos mayúscula,"@user chiqui, chill con el colacao que me estás poniendo nerviosa con tant grito de mayúscula",chill colacao me poniendo nerviosa gritos mayúscula
"40 min. tarde al brete, pero ya entrené y la gocé en el gym. Pobre la familia del mae que falleció en el accidente, les deseo mucha paz",1,"40 minuto tardar, pero ya entrenar y la gozar en el gimnasio. Pobre la familia del madre que morir en el accidente, les desear mucha paz.",40 min tarde brete entrené gocé gym familia mae falleció accidente deseo paz,tardar entrenar gozar gimnasio familia madre morir accidente desear paz,"40 min. tardé al brete, pero ya entrené y la goce en el gimn., pobre la familia del mae que falleció en el accidente, les deseo mucha paz",40 min tarde bre trem entrena goce gym familia mae falleci accidente deseo paz
@user Tengo la curiosa fortuna de que en estas semanas solo puede ver las etapas del finde,2,@user tener la curiosa fortuna de que en estas semana solo poder ver las etapa del finde,Tengo curiosa fortuna semanas solo puede ver etapas finde,tener curiosa fortuna semana solo poder ver etapa finde,@user tengo la curiosa fortuna de que en estas semanas solo puede ver las etapas del fin,Tengo curiosa fortuna semana solo poder ver etapa finde
"@user te juro que no me acuerdo solo sé que alba hizo el vídeo inmitándole, no recuerdo absolutamente nada del original",0,"@user te jurar que no me acordar solo sé que alba hacer el vídeo imitarle, no recordar absolutamente nada del original",@user juro que me acuerdo Alba hizo vídeo imitándole recuerdo absolutamente nada original,"te jurar que me acordar solo sé que alba hacer el vídeo imitarle, recordar absolutamente nada del original","@user te juro que no me acuerpo solo sé que alba hizo el vido imándole, no recuerdo absolutamente nada del original",@user juro que me acuerdo alba hizo vídeo imitándole recuerdo absolutamente nada original
"@user de hecho lo confirmo, los caminos y las casitas son las mismas",1,"@user de hecho lo confirmo, los camino y las casita son las misma",lo confirmo caminos casitas mismas,lo confirmo caminos casita misma,"@user de hech lo confirmo, camin y casit son las mism same",los confirm caminos casit mism same
Buenas noches @user ya tenemos ganas de verte el miércoles 😻 te queremos!! sí te tengo abandonada jo  te echo de menos 💜,2,Bueno noche @user ya tenemos ganas de verte el miércoles 😻 te queremos!! sí te tengo abandonada jo  te echo de menos 💜,Buenas ya tenemos ganas verte miércoles 😻 queremos!! sí tengo abandonada jo echo menos 💜,Bueno noche tenemos ganas verte miércoles te queremos sí te tengo abandonada te echo de menos,Buenas noches @user ya ten gan verr miércoles 😻 quer!! sí te ten abandona jo  ech ver 💜,Buen ya ten gan ver miércoles 😻 quer!! sí ten abandon jo ech menos 💜
"@user esa palabra es de Yaco , asi le decia a Patricio y yo creo que el no es el mejor personalmente",0,"esa palabra ser de yaco, asi le decia a patricio y yo creo que el no es el mejor personalmente",@user palabra Yaco decia Patricio creo mejor personalmente,esa palabra de yaco asi le decia a patricio creo que el es el mejor personalmente,"@user esa palab ra es de Yac o, asi le dec ia a Patr ic io y yo cre o que el no es el mej or perso nalmen te",@user palabra yac crei mejor personalment
Mi madre me deja ponerme rubia pero no el pelo morado,1,Mi madre me deja ponerme rubia pero no el pelo morir,Madre deja ponerme rubia pero pelo morado,Mi madre me deja ponerme rubia pero el pelo morir.,Mi madr put rubi put no el pel morad,Madre dejar poner rubio pero pelo morado
"@user Enhorabuena por los geniales resultados económicos de récord del trimestre pasado, hacéis un gran trabajo",2,"@user Enhorabuena por los resultados económicos de récord del trimestre pasado, haceis un trabajo grande.",Enhorabuena resultados económicos récord trimestre pasado hacéis gran trabajo,Enhorabuena resultados económicos récord trimestre pasado hacéis trabajo grande.,"@user enhorabuena por los genial resultado economi record del trimestre pasad, haced un gran trabaj",Enhorabuena resultado económic record trimestre pasado hac gran trabajo
"Iba a decir otra cosa peero si digo lo que siento, me detienen",0,"Iba a decir otra cosa pero si digo lo que siento, siento",Iba decir otra cosa si digo lo que siento me detienen,Iba decir otra cosa pero si digo lo siento.,"Iba a decir otra cosa peero si digo lo que siento, me detienen",Iba decir otra cosa si dice lo que siento me detienen
No he visto el nuevo episodio de #TWD,1,No haber ver el nuevo episodio de #TWD,he visto nuevo episodio #TWD,haber ver nuevo episodio TWD,No he vist el nuv episod de #TWD,he visto nuev episodio #TWD
Es que me lo como de lo bonito que es,2,Es que me lo como de lo bonito que es,me lo como bonito,me lo como bonito,Es que me lo como de lo bonito que es,me lo com bonito
@user es triste que sea así. Y lo es,0,@user ser triste que ser así. Y lo es.,@user triste así. Y es,triste ser así. Y lo es.,@user es trist que sea as. Y lo es,@user trist es. Y es
"Es increíble y tal pero no , no voy a ir al TH",1,"Es increíble y tal pero no, no voy a ir al TTH.", Increíble tal pero no voy ir al TH, Increíble tal pero no voy ir TTH.,"Es increíb y tal pero no, no voy a ir al TH",Increíbl tal pero no voy ir al TH
"No puedo creer que en unas horas sere egresada!!! 21 años,2 carreras,estudios en europa,excelente trabajo Gracias Dios!",2,"No puedo creer que en unas horas seré egresada!!! 21 años, 2 carreras, estudios en Europa, excelente trabajo Gracias Dios!","puedo creer horas seregresada!!! años,carreras,estudios europa,excelente trabajo Gracias Dios!","puedo creer horas seré egresada!!! años, carreras, estudios Europa, excelente trabajo Gracias Dios!","No pue creer que en unas hor ser egresad!!! 21 an,2 carre,estud en eu,excell trabaj Gracias D!","pued creer hora sregresada!!! an, carrer,estud europ,excell trabaj Gracias Dios!"
"@user dr que tratamiento,medicina natural..para las alergias como al aire acondionado, o agentes de este tipo..es una pesadilla",0,@user qué tratamiento medicina natural…para las alergias como al aire acondicionado o agentes de este tipo…es una pesadilla,@user tratamiento medicina natural para alergias aire acondionado agentes tipo pesadilla,tratamiento medicina natural para alergias aire acondicionado agentes tipo pesadilla,@user trt medic ntrln..p ls alrgs cm al ar cndtnd..s n psdl,@user tratamiento medicin natur para alergia aire acondicionado agente tipo pesadilla
"—¿A dónde vas tan maquillada? —A una fiesta, mamá. —¿Eres el payaso? —¡MAMÁAAA! —JAJAJÁ, cállate y hazme reír o no vas. —Ok.",1,"—¿a dónde vas tan maquillada? —a una fiesta, mamá. —eres el payaso? —¡mamá! —jajaja, cállate y hazme reír o no vas. —ok.","¿vas fiesta? —A una fiesta, mamá. —Eres payaso? —¡MAMÁAAA! —JAJAJÁ, cállate y hazme reír o vas. —Ok.","a fiesta, mamá. eres payaso? ¡mamá! jajaja, cállate y hazme reír o vas. ok.","—¿A DÓNDE vas TAN maquilladA? —A UNA fiestA, mamÁ. —¿Eres EL payAso? —¡MAMÁAAA! —JAJAJÁ, cállate Y hazme reír O no vas. —Ok.","¿vas fiest? —a una fiest, mamá. —eres pay? —¡mamáaa! —jajajá, cállate y hazme reír o vas. —ok."
@user Amo los Lunes libres,2,@user amo lunes libre,Amo Lunes libres,amo lunes libre,@user amo lunes libre,Amo Lun librer
"Llego a la casa a las 9:20 caminando, no hay comida, todos están dormidos, mañana tengo clases a las 8am, todo esta bien",0,"llegar, casa, llegar, no haber, todos estar, dormir, mañana tener, clase, todo estar","Llego casa las caminando, hay comida, todos están dormidos, mañana tengo clases las, todo está bien.",llegar casa no haber todos estar dormir mañana tener clase todo estar,"Lleg cas a las 9:20 camin, no hay comid, todos estn dorm, ma ten clases a las 8am, todo ests ben",lleg cas camin hay comid todo estan dormir ma trem ten clase todo est bien
Mis demonios internos me dicen tatuajillos pero mi corona me dice no,1,Mis demonio interno me dice tatuaje pero mi corona me dice no,demonios internos dicen tatuajillos corona dice no,demonio interno tatuaje corona,Mis demonio interno me dicen tatuill pero mi coron me dice no,demonio inter dic tatuaji coro dic no
"@user Oh, nice nice, yo estoy viéndome por cuarta vez Kill Bill",2,"@user oh, nice nice, yo estoy viendo por cuarta vez kill bill",@user Oh nice nice estoy viéndome por cuarta vez Kill Bill,oh nice nice estoy viendo kill bill,"@user oh nice nice, yo esté viéndome por cuarta vez kill bill",@user oh nice nice esté viéndome por cuarta vez kill bill
"@user muy triste  La prensa es lo que es. Un medio oportunista, en muchas ocaciones, que por vender, lo que sea",0,"@user muy triste  prensa ser medio oportunista, en muchas ocasion, que vender, lo sea",@user triste medio oportunista muchas ocaciones vender,@user triste ser medio oportunista muchas ocasion vender sea,"@user muy triste  prensa es lo que es. medio oportunista, muchas ocasion, que por vender, lo sea",@user triste medio ocas vend
Por cierto @user podria hablar contigo por md? Gracias,1,Por cierto @user podría hablar contigo por md? Gracias.,@user hablar contigo md Gracias,@user podrías hablar contigo por md?,Por cierc @user podri habl con ti por md? gracias,@user habl cont md gracas
@user #seestrenasietevidas Sería un gato tipo Garfield porqué soy un poco vago y porqué me encanta la lasaña!!,2,@user #veintienves Volvería ser gato tipo Garfield porque soy un poco vago y porque me gusta la lasaña!!,@user #seestrenasietevidida Sería un gato tipo Garfield porque soy un poco vago porque me encanta la lasaña!!,@user #veintendes Volvería ser gato tipo Garfield porque soy un poco vago porque me gusta la lasaña!!,@user #seestrennasetevida sera un gat tipo garfild porque soy un poco vago y porque me encanta la lasaña!!,@user #seestrennuevevidid Seri un gat tipi Garfield pq soy un poco vag pq me encanta la lasan!!
Mg y pongo un adjetivo super repelente a vuestro nombre,0,Migo y pongo un adjetivo super repelir a vuestro nombre,Mg pongo adjetivo super repelente nombre,Migo adjetivo super repelir nombre,Mg y pongo un adjetivo super repelente a vuestro nombre,M adjetivo super repelente nombre
@user Aunque te extraño mucho y quisiera abrazarte y besarte con todo mi amor y cariño,1,@user Aunque te extraño y quisiera abrazar y besar con todo mi amor y cariño.,te extraño mucho quisiera abrazarte besarte todo amor cariño,@user te extraño quisiera abrazar besar todo amor cariño,@user Aunque te extraño mucho y quisiera abrazar y besar con todo mi amor y cari.,te extrañ much quisiera abraz bes todo amor car
"@user se muestran solitos, no está difícil la cosa felizmente",2,se mostrar mostrar no estar dificil la cosa felicemente,"se muestran solitos, difícil cosa felizmente",mostrar estar dificil cosa felicemente,"@user muestra solit, no est dificil la cosa felicemente","se mostr solito, difícil cosa felizzamente"
"@user @user @user lo bueno y lo malo, ojo. Que a nosotros fijo que nos quitan alguno.",0,"@user @user @user lo bueno y lo malo, ojo. que a nosotros fijo que nos quitan alguno.",lo bueno lo malo ojo Que a nosotros fijo que nos quitan alguno,bueno malo ojo quitan fijo,"@user @user @user lo buen y lo malo, ojo. Que a noso fijo que nos quit algun fijo.",lo bueno lo malo ojo que a nos fijo que nos quitan algun
"Estoy a punto de comprarme EL VESTIDO para Año Nuevo, lo malo es que si lo compro los días que faltan me mataré haciendo cardio y abs",1,"Estoy a punto de comprarme EL vestido para Año Nuevo, lo malo es que si lo compro los días que falten me mataré haciendo cardio y abs.",VENDRÉ COMPRAR VESTIDO AÑO NUEVO MALO SI COMPRO DÍAS FALTANTES HACER CARDIO ABS,comprarme vestido Año Nuevo malo que si compro días falta mataré cardio abs,"Estoy a pунto de comprmame EL VESTIDO para Año Nuevo, lo malo es que si lo compro los dіasѕ que faltaѕ me mataré hагiendo cгdнo y abs.",VENDRÉ COMPR vestido AÑO NUEVO MALO SI COMPRO DÍA FALTAR HACER CARDI ABS
Hoy queremos felicitar por su cumple a una de las mejores personas que hemos conocido gracia al #páde #RafaGuerrero  @user,2,Hoy querer felicitar por el cumple a una de las mejor persona que hemos conocer gracias al #padre #RafaGuerrero @user,Hoy queremos felicitar cumple mejores personas hemos conocido gracias #páde #RafaGuerrero,Hoy felicitar cumple persona conocer gracias #padre #RafaGuerrero @user,Hoy quere felicit por su cumple a una de las mejo persona que hemos cono gracia al #pad #RafGuerr @user,Hoy queremos felicitar cumple mejor persona hemos conocido gracias #pad #RafGuerr
@user Yo además vengo de una mañana de natación y una comida que me ha dejado en una modorra importante. Y tengo que repasar,0,Yo además venir de una mañana de nadar y una comida que me ha dejar en una modorra importante. Y tener que repasar.,vengo mañana natación comida dejado modorra tener repasar,ad venir de una mañana de nadar y una comida que me ha dejar en una modorra importante. Tener que repasar.,@user yo adem natac y comi que me ha dej en mod import y tengo que repas,vengo maña nadar comer dejar modor tener repasar
@user Ps porque tú lo eres conmigo,1,@user ps porqué tú lo eres conmigo,@user Ps porque lo eres conmigo,@user ps lo eres conmigo,@user pq és con mí,@user pq es pr conmigo
"Que ladilla, yo soy chevere",2,"Qué, yo soy.",Que ladilla soy chevere, Qué soy.,"Que ladill, yo soy chev.",Qué ladill cheve
@user @user Todos somos asesinos por nuestra codición de humanos ya que total depende de nuestras acciones,0,@user @user todos ser codición humano ya que total depende acción,somos asesinos codición humanos depende acciones,@user @user codición humano ya depende acción,@user @user todo somos asesin condicion humano ya que total depende de nostras accion,somos asesin codición humano depende accion
"Solo porque UNA persona diga que me conoce y opine sobre cómo soy, y convenza a otra de ello no significa que sea así",1,"Solo porque UNA persona diga que me conozca y opine sobre cómo soy, y convenza a otra de ello no significa que sea así.",porque persona diga que me conoce y opine sobre cómo soy y convenza a otra de ello no significa que sea así,persona diga que me conozca opine cómo soy convenza otra,"Solo por UN argumento diga que me conoce y opine sobre cómo soy, y convenza a otra de ello no significa que sea así.",porque persona diga que me conoce y opine sobre cómo soy y convenc a otra de ello no significa que sea así
@user Congratulations Dr. Alejandro eres orgullo peruano. Dios no te eligió para gobernar porque el congreso esta manchado,2,@user congratulaciones dr. alejandro eres orgullo peruano. dios no te eligió para gobernar porque el congreso está manchado.,@user Congratulations Dr Alejandro orgullo peruano Dios te eligió gobernar porque congress manchado,congratulaciones dr alejandro dios te eligió gobernar porque congreso manchado,@user congrats dr. alejandro es orgullo peruano. dios no te eligi para gobernar porque el congre manchado,@user congrats dr alejandro orgullo peruano dios te elij gobernar porque congress manchado
@user el final volviendo a la aldea es quizá demasiado tierno,0,@user el fin volver a la aldea ser quizás demasiado tierno,final volviendo a la aldea quizá demasiado tierno,volver aldea ser quizás demasiado tierno,@user el fin volvien ala aldea es quizi demasiado tie,fin volv torna al aldea quizás demasi tié
"@user @user no ! Según UMMéxico, ese no será el nuevo single",1,"@user @user no! según serméxico, ese no será el nuevo single",@user @user Según UMMéxico ese será nuevo single,@user @user según serméxico ese nuevo single,@user @user no! segun ummmexico ese no sera el nuevo single,@user @user Segun ummmexico ese sera nuevo single
@user @user @user @user @user @user @user gracias  me lo paso genial haciéndolo!,2,@user @user @user @user @user @user @usergracias  me lo paso genial haciendo!,gracias lo paso genial haciéndolo!,@user @user @user @user @user @usergraciasmolodecierdopasogenialhaciendo!,@user @user @user @user @user @user @user graci pasar genial hazandolo!,gracias lo paso genial hazndo!
@user pensba q iba a hacer @user una reflexion profunda de las q me hace a mi pero,0,@user pensar q ir a hacer @user una reflexión profunda de las q me hace a mí pero,@user pensba q iba a hacer @user una reflexion de las q me hace a mi pero,@user pensar q ir hacer @user una reflexión profunda de las q me hace a mí pero,@user pens q iba a hacer @user una reflexion profunda de las q me hace a mi pero,@user pens q iba a hacer @user una reflexion de las q me hace a mi pero
@user tío peguemos al Lau  Sigues teniendo mi primer grinder?,1,@user tío peguemos al Lau sigues teniendo mi primer grinder?,peguemos Lau Sigues teniendo primer grinder,@user tío peguemos Lau primer grinder?,@user tío pegue al Lau  sigues teniendo mi primer grinder?,pegue sigues ten primer grinder
@user hola teneis algun proximo evento por madrid? Mi amiga es muy fan vuestra y nos gustaria saberlo  gracias,2,@user hola tener proximo evento por madrid? mi amiga es muy fan vosotros y nos gustaria saberlo gracias,@user hola proximo evento madrid Mi amiga fan vuestra gustaria saberlo gracias,@user hola proximo evento madrid mi amiga fan vosotros gustaria saberlo gracias,@user hola tenis algun proximo evento por madrid? mi amiga es muy fan vuestro y nos gustaria saberlo  gracias,@user hola proxim evento madri amiga fan gustari saber grazie
"Esta ceniza me tiene mala ya. Ando con alegría y me arden los ojos, no puedo usar lentes de contacto.",0,"Esta ceniza me tiene mal ya. Ando con alegría y me arden los ojos, no puedo usar lente.",Esta ceniza me tiene mala ya. Ando con alegría me arden los ojos no puedo usar lentes de contacto.,"Esta ceniza me tiene mal ya. Ando con alegría y me arden los ojos, no puedo usar lente.","Esta ceniz me ten mal ya. ando con alegr y me ard los ojo, no pue usar lent de contac.",Esta ceniz mala ya. ando con alegr arden los ojo no puedo usar lent.
@user ya lo sé  te tengo que contar mi vida que ahora hay muchas cosas nuevas y y y y,1,@user ya lo saber te tener contar mi vida que ahora haber muchas cosa nueva y y y y,@user lo sé  tengo que contar mi vida que ahora hay muchas cosas nuevas,@user lo saber tener contar mi vida que ahora haber muchas cosa nueva,@user ya lo se  te tengo que contar mi vida que ahora hay muchas cosas nuevas y y y y,@user lo sé  tener que contar mi vida que ahora hay mucha cosa nueva
"Vale mi cuenta de Twitter a llegado a lo mejor, me sigue una psicóloga cristiana",2, Vale mi cuenta de Twitter ha llegado a lo mejor me sigue una psicóloga cristiana,cuenta llegado lo mejor me sigue psicóloga cristiana,cuenta llegado mejor me sigue psicóloga cristiana, Vale cuenta Twitter llegar lo mejor seguir psicólogo cristiano,cuent lleg lo mejor me sig psicol cristian
"OMG esta no he acertado, premio para Calvin que tampoco está  1 de 2 aciertos #VMAs",0,"omg este no he acertado, premio para calvin que tampoco está 1 de 2 aciertos #VMAs",OMG esta premio Calvin 1 de aciertos #VMAs,este premio para calvin tampoco 1 2 aciertos #VMAs,"OMG ESTA NO HE ACERTAD, PREMIO PARA CALVIN QUE TAMPON ESTÁ 1 DE 2 ACERT #VMAS",OMG esta premio Calvi 1 de aci #VMAs
@user Son un escándalo los 4 juntos? hay fotos?,1,@son un escándalo los 4 juntos? hay fotos?,Son escándalo fotos,@son escándalo juntos? fotos?,@user son un escandalo los 4 juntos? hay fotos?,Son escandalo foto
@user tiene que dar un gustazo dibujarte tus propios posters.. te envio Amanda,2,@user tiene que dar un gustazo dibujar tus propios poster te enviar Amanda,tiene dar gustazo dibujarte propios posters te envio Amanda,tiene dar gustazo dibujar propios poster enviar Amanda,@user tiene que dar un gustaz dibujarte tus propios poster.. te envio Amanda,tiene dar gusto dibujarte propio poster te envio Amanda
Lo peor de mi cumple es que ese día empiezo mis clases de nuevo!!,0,Lo peor de mi cumple es que ese día empiezo mis clase nuevo!!,peor cumple empiezo clases nuevo,peor cumple día empiezo clase nuevo,Lo peor de mi cumple es que ese día empiezo mis clase nuev!!,peor cumpl empiezo clase nuevo
"@user Hola Julio, para que las pizzas lleguen en las mejores condiciones, marcamos la pizza, no la cortamos",1,"@user hola julio, para que las pizza lleguen en las mejores condiciones, marcamos la pizza, no la cortamos","@user Hola Julio, marcamos la pizza, no la cortamos",@user julio marcamos pizza,"@user hola julio, para que las pizz lleguen en las mejo con, marcamos la pizz, no la cortamos","@user Hola Jul, marcamos la pizz, no la cortamos"
@user @user me dejo congelado. Por algo es el amo de los ratings!!!,2,@user @user me dejo congelar. Por algo es el amo de los rating!!.,me dejo congelado. es el amo de los ratings!!!,dejo congelar amo rating,@user @user me dej congelado. por algo es el amo de los ratings!!!,me dej congel. es am de los ratin!!!
@user justo esta mañana no ha podido insultarlos porque estaba en comisaria AMPLIANDO LA DENUNCIA POR ACOSO,0,@user justo esta mañana no ha podido insultarlos porque estaba en comisaría ampliando la denuncia por acoso,@user esta mañana ha insultarlos porque estaba en comisaria ampliando denuncia por acoso,@user esta mañana ha insultarlos porque estaba comisaría ampliando denuncia acoso,@user justi esta mañan no ha podi insultalos porque estai en comissaria ampliand la denuncia por acos,@user esta maña ha insult los porque est en comis ampli denuncia por acoso
"Agradece todo, cada momento, cada situación, sea positiva o negativa, ya que la positiva nos hace felices y la negativa nos hace sabios",1,"Agradecer todo, cada momento, cada situación, ser positiva o negativa, ya que la positiva nos hace feliz y la negativa nos hace sabio.","Agradece todo, cada situación, positiva negativa, ya que positiva nos hace felices negativa nos hace sabios","Agradecer todo, cada momento, cada situación, positiva negativa, ya que positiva nos hace feliz y negativa nos hace sabio.","Agradec todo, cada momento, cada situaci, sea positiv o negativ, ya que la positiv nos hace felic y la negativ nos hace sabi.","Agradec todo, cada situaci, positiv negativ, ya que positiv nos hace feliz negativ nos hace sabio."
Acabo de descubrir a Filip van der Cruyssen y sus increibles #fotografia de #retratos ...yo quiero   http,2,Acabo de descubrir a Filip van der Cruyssen y sus increibles fotografía de retrato...yo quiero  http,Acabo descubierto Filip van der Cruyssen sus increibles fotografía retratos quiero http,Acabo de descubrir a Filip van der Cruyssen y sus increibles fotografía de retrato,Acabo de descubr a Filip van der Cruyssen y sus incribles #fotogr de #retrot...yo quier  http,Acab descubrir Filip van der Cruyssen sus increible fotograf retrato quier http
@user pero del practico ya? No me dijiste que hacías prácticas.,0,@user pero de practicar ya? No me dijiste que hacías práctica.,@user practico dijiste hacías prácticas.,@user practicar hacías práctica.,@user pero del practic ya? no me dijiste que hacías practic.,@user practic argument hastas practicas.
Totoro casi listo #Imelda #torta #totoro #cake #designcake #pastelería #lima #diseño…,1,totoro estar listo #imelda #torta #totoro #cake #designcake #pastelería #lima #diseño,Totoro listo #Imelda #torta #cake #designcake #pastelería #lima #diseño,totoro listo #imelda #torta #cake #designcake #pastelería #lima #diseño,torro lismo #imel #tor #ca #disnca #pastl #lim #disn,Totoro list #Imeld #tort #cake #desigcake #pastel #lim #diseño
@user me encantan los VAPES gracias por estar ahí todos los días y alegrarnos,2,@user me encantar verbo estar vap es gracias por estar estar alegrarnos,me encantan VAPES gracias estar ahí días alegrarnos,me encantar verbo vap gracias alegrarnnos,@user me encant los vap gracias por est ar ah y alegr nos,me encant vapor gracias estar ahí día alegrar
"Ahora sí conejito, llámala y mándala a la mierda de mi parte",0,"Ahora ser conejito, llama y manda a la mierda de mi parte.","Ahora sí conejito, llámalamanda a la mierda de mi parte",ser conejito llamar mandar mierda,"Ahora sí conejito, llámala y mandala a mierda de mi parte","Ahora sí conejito, llámala mierda de mi parte"
@user báñate con agua fría para que la temperatura de tu cuerpo sea menor que la del ambiente,1,@user bañarte con agua fría para que la temperatura de tu cuerpo sea menor que la del ambiente, Báñate con agua fría que temperatura cuerpo sea menor que del ambiente,bañarte agua fría temperatura cuerpo menor ambiente,@user báñate con agu frí para que la temp de tu cuerpo sea men que la del ambien, Báñate con agu frí que temperat corp sea menor que del ambien
Lo bueno de la vida es que te hace coincidir con personas realmente increíbles,2,Lo bueno de la vida es que te hace coincidir con persona realmente increíble.,bueno vida hace coincidir personas increíbles,bueno vida hace coincidir persona increíble,Lo boni de la vid es que te hac coincid con persn realment increbl.,buen vida hacer coincidir persona increíble
"@user na, que son las fiestas de mi pueblo y me hallo a 1000km, en mi puta casa, con catarro y sin planes",0,"@user na, que ser fiesta de mi pueblo y me hallo a 1000km, en mi casa, con catarro y sin planes",@user que son las fiestas de mi pueblo y me hallo a 1000km en mi casa con catarro y sin planes,"@user que fiesta de mi pueblo me hallo a 1000km, casa, catarro sin planes","@user na, que son las fiestas de mi puebl, me hal a a 1000km, en mi put casa, con catarro y sin plan",@user que son las fiesta de mi puebl y me hallo a 1000km en mi cas con catarr y sin plan
@user de parte de mi hermana ella dice que por que no te vuelves a pintar de rubio que asi de rubio te queda mejor piensalo,1,@user de parte de mi hermana ella dice que por que no te vuelves a pintar de rubio que asi de rubio te queda mejor piensalo,@user de parte de hermana dice que por te vuelves a pintar de rubio que asi de rubio te queda mejor piensalo,@user de parte de hermana dice que no te vuelves a pintar de rubio que así de rubio te queda mejor piensalo,@user de parde de mi hermanea ellae dice que por que no te volves a pintar de rubio que asi de rubiote queda mejor piensala,@user de par-te de herman-a dice que por te vuelves a pintar de rubió que así de rubió te queda mejo piensaalo
"@user Gracias a ti hoy soy muy feliz Descansa, que sueñes bonito. Te quiero un montón",2,"@user gracias a ti hoy soy muy feliz descansa, que sueñes bonito. te quiero un montón",@user Gracias hoy soy feliz Descansa sueñes bonito Te quiero montón,gracias hoy soy feliz descansa sueñes bonito te quiero montón,"@user gracias a ti hoy soy muy felizz descanss, que sueñes bonitt. te quierr un montón",@user graci mont fel Descans sueñ bon Te quer montón
@user no creo que hayan diseñado una tipo propia,0,@user no creo que haya diseñado un tipo propio.,creo diseñado tipo propia,creo diseñado tipo propio.,@user no creo que haya diseño un tipo propia,creo diseño tipo propia
"@user Que tampoco ahora mayoría absoluta, eh?",1,"@user qué tampoco ahora mayoría estar, eh?",@user tampoco ahora mayoría absoluta eh,@user qué tampoco ahora mayoría eh?,"@user que tanoco ahora mayoria absoluta, eh?",@user tampor mayorit eh
@user estamos condicionados por nuestras lecturas  Vienen tiempos gloriosos,2,somos condicionados por nuestras lectura vienen tiempo,estamos condicionados lecturas tiempos gloriosos,condicionados lectura vienen tiempo,estamos condicionad por nues lectur glori tempor,estamos condicionados lectura tiempo glorioso
Me volvieron a dejar sola,0,Me dejar sola,volvieron dejar sola,dejar sola,Me volvieron a dejar sola,volvieron dejar sola
Hazme un favor y has lo posible por no cruzarte conmigo este año,1,Hazme un favor y hace lo posible por no cruzarte conmigo este año,Haz favor has posible cruzarte conmigo año,Hazme favor hazlo posible cruzarte conmigo este año,Hazm fav y has lo posibl por no cruc ym este an,Haz favor has posible cruce conmi ano
@user @user Abrazote enorme!! Sos un éxito!,2,@user @user abrazo enorme!! sos un exito!,Abrazote éxito!,"abrazo enorm!!, sos un exito!",@user @user abrazote enorm!! sos un éxit!,Abrazo éxito!
Hoy una mosca no me dejó dormir y me cago en su puta vida,0, Hoy un mosca no me dejó dormir y me cago en su vida,Hoy mosca me cago puta vida,Hoy mosca me dejó dormir cago vida,Hoy una mosca no me dej dormir y me cago en su puta vida,Hoy mierda vida
@user Que ya ha empezado tio,1,@user que ya ha empezado tío,Que empezado,@user ya empezado tío,@user que ya ha empezado tio,Que empez
Fue un buen momento en familia,2,Fue un buen momento en familia.,Fue buen momento familia,Fue buen momento familia.,Fue un buen momento en fami.,Fue buen momento familias
"@user Ni que fueran cámaras de cobalto. Tengo mucho tiempo de no broncearme por unas manchas en mi cara, son solo ganas de verme mejor",0,"@user ni que fueran cámaras cobalto. tengo mucho tiempo de no broncearme por unas manchas en mi cara, son solo ganas de verme mejor.",@user Ni fueran cámaras de cobalto. Tiempo broncearme manchas cara son solo gan ganas verme mejor,@user fueran cámaras cobalto tengo tiempo broncearme manchas cara gan ganas verme,"@user ni que fueran cobalto. tengo mucho tiempo de no broncearme por unas manch en mi cara, son solo gan de verme mejor",@user ni fueran camara de cobalto. tiempo broncéame mancha cara son solo gan gan verme mejor
@user @user q pasa con VY1884 y VY1885? Mi madre sta en berlin y no sabe si el avion sale hoy  any info?????,1,@user @user qué pasa con VY1884 y VY1885? mi madre está en berlín y no sabe si el avión sale hoy cualquier información?????,@user @user q pasa con VY1884 y VY1885? madre en berlin avion sale hoy any info?????,qué pasa con VY1884 y VY1885? madre está en berlín avión sale hoy información,@user @user q pasa con vy1884 y vy1885? mi madre sta en berlin y no sabe si el avion sale hoy  any info?????,@user @user q pas pasa madre en berlin avion sale hoy any inf info?????
⚠ me pareces un niño muy gracioso jajaja y me encanta hablar contigo a ver si hablamos mas,2,me parecer un niño muy gracioso jajaja y encantarme hablar contigo a ver si hablamos más,pareces niño gracioso jajaja encanta hablar contigo a ver si hablamos mas,parecer niño gracioso jajaja encantarme hablar contigo ver si hablamos más,⚠ me parec parez un niñ muy gracioso jajaja y me encant habl conti a ver si hablamos mas,parecer niño gracioso jaja encant hablar con ti a ver si hablamos mas
"lo único que quiero es que mi gato aparezca, no quiero vivir sin él, necesito escucharlo y verlo",0,"lo único que querer es que mi gato aparecer, no querer vivir sin él, necesito escucharlo y verlo",quiero que mi gato aparezca no quiero vivir sin él necesito escucharlo verlo,querer aparecer vivir necesito escucharlo verlo,"lo úl uniqui querer es que mi gat aparecer, no queri vivir sin él, necesit escucharlo y verlo",quier gato aparec no quier vivir sin él neces escucharlo verlo
"Y bueno, fue un año nuevo diferente. Pero se acabó y ahora toca volver a la realidad",1,"Y bueno, ser un año nuevo diferente. Pero acabarse y ahora tocar volver a la realidad.",fue año nuevo diferente Pero acabó toca volver realidad,un año nuevo diferente Pero acabarse ahora tocar volver realidad,"Y bueno, fu un ao nuvo difrente. Pero se acab y ahora toca volver a la realida.",fue año nuevo difrente pero acab tocar volver realidd
Venir a Murcia y no pasarte por el MUSU a por un buen bocadillo de lomo es delito. #Musucomotequierojoderperoatusbocadillosmás.,2,venir pasar por estar es ser.,Venir Murcia MUSU pasar bocadillo lomo delito Musucomotequierojoderperoatusbocadillosmás.,venir pasar,venir venir murcia musu musu bocadillo lomo delito argumentar argumentado argumento argumentando argumentador argument,venir murc pasar bocadillo lom mus com quier joder pero atus bocadill mas
"@user @user el problema que ya no hay 2x1 en grandes ni tampoco los puntos Hut, son dos pésimas noticias",0,"@user @user el problema que ya no hay 2x1 en grande ni tampoco los puntos hut, son dos pésima noticias",problema grandes puntos Hut pésimas noticias,problema hay noticias,@user @user el probl pésim notic,problema gran punto pésima noticias
"Pasan los años pero las resacas siguen siendo un misterio. Ayer tomé ron puro y me he levantado tan pancho, tan fresco. Aquí no pasó nada",1,Pasar año resaca seguir ser misterio tomar ron puro levantarse pancho fresco aquí pasar nada,"pas años resacas siguen misterio
Ayer tomé ron puro he levantado pancho fresco
aquí pasó nada",Pasar año resaca seguir ser misterio tomar puro levantarse fresco aquí pasar,"Pasann anos pero las rescas siguen siendo un misterrio. Ayer tom ron pur y me he levant tan panc, tan fresc. Aqui no pasó nada.","aqu pas nada
pas an雷斯纳 years resac misteri
ayer tom ron pur levant pancho fres"
@user felicidades pareja!!! Peazo abuelo va a tener tu hijo....estará pletorico,2,@user felicidades pareja!!! peazo abuelo va a tener tu hijo....estará pletoroico,felicidades pareja peazo abuelo hijo estará pletorico,felicidades pareja peazo va a tener hijo estará,@user felicidada pareja!!! peazo abuelo va a tener tu hijo....estar pletorico,felicidad pareja peazo abuelo hijo estar pletorico
"@user me duele la pierna del puñetazo que me diste aye, en dos sitios, agresivo",0,@user me duele la pierna del puñetazo que me diste ay en dos sitios estar,"duele pierna puñetazo diste sitios, agresivo",@user duele pierna puñetazo diste sitios estar,"@user me duele la pierna del puñetazo que me diste aye, en dos sitios, agresivo","dul piern puñet dist agres sit, agresiv"
"@user No se me ocurre más que que estás guapísima, por eso no valgo para la seducción",1,"@user no se me ocurre más que que estás ser guapísima, por eso no valgo para la seducción","@user estás guapísima, valgo seducción",se ocurre más estás ser guapísima valgo seducción,"@user no se me ocurre más que que estás guapísima, por eso no valgo para la seduccion","@user estás guapís, val seducir"
Que rico es dormir con el sonido de la lluvia,2,Qué rico es dormir con el sonido de la lluvia.,rico dormir sonido lluvia,"ricooirsommoddluveda,lluvia.",Que rico es dormir con el sonido de la lluvia,rico dorm sonido lluvia
Desearía que aurin no estuviera sucia y mojada para que duerma cnmigo,0,Desearía que aurin no estuviera sujar y mojada para que duerma cnmigo,aurin sucia mojada duerma cnmigo,aurin duermacnmi,Desear would duerm-CNMO-CNMO-CNMO-CNMO-CNMO-CNMO-CNMO-CNMO-CNMO-CNMO-CNMO-CNMO-CNMO-CNMO-CNMO-CNMO-CNMO-CNMO-CNMO-CNMO-CNMO-CNMO-CNMO-CNMO-CNMO-CNMO-CNMO-CNMO-CNMO-CNMO-CNMO-CNMO-CNMO-CNMO-CNMO-CNMO-CNMO-CNMO-CNMO-CNMO-CNMO-CNMO-CNMO-CNMO-CNMO-CNMO-CNMO-CNMO-CNMO-CNMO-CNMO-CNMO-CNMO-CNMO-CNMO-CNMO-CNMO-CNMO-CNMO-CNMO-CNMO-CNMO-CNMO-CNMO-CNMO-CNMO-CNMO-CNMO-CNMO-CNMO-CNMO-CNMO-CNMO-CNMO-CNMO-CNMO-CNMO-CNMO-CNMO-CNMO-CNMO-CNMO-CNMO-CNMO-CNMO-CNMO-CNMO-CNMO-CNMO-CNMO-CNMO-CNMO-CNMO-CNMO-CNMO-CNMO-CNMO-CNMO-CNMO-CNMO-CNMO-CNMO-CNMO-CNMO-CNMO-CNMO-CNMO-CNMO-CNMO-CNMO-CNMO-CNMO-CNMO-CNMO-CNMO-CNMO-CNMO-CNMO-CNMO-CNMO-CNMO-CNMO-CNMO-CNMO-CNMO-CNMO-CNMO-CNMO-CNMO-CNMO-CNMO-CNMO-CNMO-CNMO-CNMO-CNMO-CNMO-CNMO-CNMO-CNMO-CNMO-CNMO-CNMO-CNMO-CNMO-CNMO-CNMO-CNMO-CNMO-CNMO-CNMO-CNMO-CNMO-CNMO-CNMO-CNMO-CNMO-CNMO-CNMO-CNMO-CNMO-CNMO-CNMO-CNMO-CNMO-CNMO-CNMO-CNMO-CNMO-CNMO-CNMO-CNMO-CNMO-CNMO-CNMO-CNMO-CNMO-CNMO-CNMO-CNMO-CNMO-CNMO-CNMO-CNMO-CNMO-CNMO-CNMO-CNMO-CNMO-CNMO-CNMO-CNMO-CNMO-CNMO-CNMO-CNMO-CNMO-CNMO-CNMO-CNMO-CNMO-CNMO-CNMO-CNMO-CNMO-CNMO-CNMO-CNMO-CNMO-CNMO-CNMO-CNMO-CNMO-CNMO-CNMO-CNMO-CNMO-CNMO-CNMO-CNMO-CNMO-CNMO-CNMO-CNMO-CNMO-CNMO-CNMO-CNMO-CNMO-CNMO-CNMO-CNMO-CNMO-CNMO-CNMO-CNMO-CNMO-CNMO-CNMO-CNMO-CNMO-CNMO-CNMO-CNMO-CNMO-CNMO-CNMO-CNMO-CNMO-CNMO-CNMO-CNMO-CNMO-CNMO-CNMO-CNMO-CNMO-CNMO-CNMO-CNMO-CNMO-CNMO-CNMO-CNMO-CNMO-CNMO-CNMO-CNMO-CNMO-CNMO-CNMO-CNMO-CNMO-CNMO-CNMO-CNMO-CNMO-CNMO-CNMO-CNMO-CNMO-CNMO-CNMO-CNMO-CNMO-CNMO-CNMO-CNMO-CNMO-CNMO-CNMO-CNMO-CNMO-CNMO-CNMO-CNMO-CNMO-CNMO-CNMO-CNMO-CNMO-CNMO-CNMO-CNMO-CNMO-CNMO-CNMO-CNMO-CNMO-CNMO-CNMO-CNMO-CNMO-CNMO-CNMO-CNMO-CNMO-CNMO-CNMO-CNMO-CNMO-CNMO-CNMO-CNMO-CNMO-CNMO-CNMO-CNMO-CNMO-CNMO-CNMO-CNMO-CNMO-CNMO-CNMO-CNMO-CNMO-CNMO-CNMO-CNMO-CNMO-CNMO-CNMO-CNMO-CNMO-CNMO-CNMO-CNMO-CNMO-CNMO-CNMO-CNMO-CNMO-CNMO-CNMO-CNMO-CNMO-CNMO-CNMO-CNMO-CNMO-CNMO-CNMO-CNMO-CNMO-CNMO-CNMO-CNMO-CNMO-CNMO-CNMO-CNMO-CNMO-CNMO-CNMO-CNMO-CNMO-CNMO-CNMO-CNMO-CNMO-CNMO-CNMO-CNMO-CNMO-CNMO-CNMO-CNMO-CNMO-CNMO-CNMO-CNMO-CNMO-CNMO-CNMO-CNMO-CNMO-CN,aurin suc moj duerm cnmig
@user Me sabía la versión femenina  Mujer refranera...mujer puñetera...,1,@sabérse la versión femenina  mujer refranera...mujer puñetera...,Me sabía versión femenina Mujer refranera mujer puñetera,versión femenina refranera,@user sabi versión femenina mujer refranera...mujer puñetera...,Me sabía versión femenina mujer refranera mujer puñetera
"@user por la lucha y el aprendizaje obtenido, ¿te suena? ;), todavía no sé notas pero son lo de menos",2,"@user por la lucha y el aprendizaje obtenido, ¿te suena? ;), todavía no sé nota pero son lo de menos'.",@user lucha aprendizaje obtenido te suena todavía sé notas son menos,@user lucha aprendizaje obtenido te suena todavía sé nota pero son menos,"@user por la luch y el aprendi obtenido, ¿te suena? ;), todav no sé nots pero son lo de mens.",@user luch aprendiob obtenid te suen todav sé not son men men
Comenzando mal la semana enfermandome,0,Comenzar enfermarse,Comenzando semana enfermandome,Comenzar enfermarse,Comenzar mal la semana enfermarme,Comenz semana enfermarme
"@user Pues va a estar difícil, porque jugamos fuera, pero hay buen equipo este año. A ver...",1,"@user Pues va a estar difícil, porque juega fuera, pero hay buen equipo este año. A ver....",va difícil jugamos fuera buen equipo este año A ver,va difícil juega fuera buen equipo este año A ver,"@user pues va a estar difícil, porque jueg fuera, pero hay buen equip este año. a ver....",va dificil jugamos fuera buen equipo este año a ver
@user yo acabo de aportar mi pequeña contribución. Te sientes tan bien!,2,@user yo acabar mi pequeña contribuir. te sentir tan bueno!.,acabo de aportar pequeña contribución. Te sientes bien!,acabar pequeña contribuir. sentir bueno!.,@user yo acabar de aportar mi pequeña contribución. te sentir tan bien!,acabo de apoyar pequeña contribución. te sientes bien!
Echo tantísimo de menos mi vida en Irlanda,0,Echo tan mucho de menos mi vida en Irlanda.,Echo tantísimo menos vida Irlanda,Echo tanto de menos mi vida en Irlanda.,Echo tanissor de menos mi vida en Irlanda,Echo tanísimo men vida Irlanda
"La felicidad no es un estado en el que podemos permanecer siempre, pero si una actitud que podemos elegir al valorar pequeños momentos",1,"La felicidad no ser un estado en el que podemos permanecer siempre, pero si una actitud que podemos elegir al valorar pequeños momentos.","felicidad estado podemos permanecer siempre, si una actitud que podemos elegir al valorar pequeños momentos.","felicidad estado podemos permanecer siempre, si una actitud que podemos elegir al valorar pequeños momentos.","La felicid no es un estad en el que podemos permaner siempre, pero si una actitud que podemos elegir al valorar pequetos moment.",felicid estado podermos permanecemos si una actitud que podemos eligir al valuar pequen momentos.
@user ¡De nada! Me gustó mucho ese paseo alternativo por otro Gante,2,@user ¡de nada! me gustar mucho ese paseo alternativo por otro gante,¡De nada! gustó mucho ese paseo alternativo por otro Gante,"¡gustar, mucho, ese, paseo, alternativo, por, otro, gante'.",@user ¡de nada! me gustó mucho ese paseo alternativo por otro gant,"¡de,nada! gust mucho ese paseo altern por otro gante"
"Si está claro, la culpa es mía",0,"Si estar claro, la culpa ser mía.",Si claro culpa mía,"Si claro, culpa mía.","Si clara, la culpa es mía.",S claro culpar mi
"@user Eso sería lo más maravilloso! Después de mi 2º viaje, pensé que iría una vez más y la guerra...",1,"@user eso ser lo mas maravilloso! después de mi 2º viaje, pensé que iría una vez más y la guerra...",Eso sería lo más maravilloso! Después viajaría guerra...,eso mas maravilloso después de mi 2º viaje pensé iría una vez más guerra,"@user eso ser lo mas maravilloso! despué viaje, pens que iría una vez más y guerra...",Eso sería lo más maravilloso! Despues viajaría guerr...
"@user buenas tardes, si fuese posible actualizar el presupuesto con las indicaciones que he dejado en la consulta #296798  Gracias",2,"@user buenas tarde, si fuere posible actualizar el presupuesto con las indicaciones que he dejado en la consulta #296798 gracias",actualizar presupuesto indicaciones consulta Gracias,buenas actualizar presupuesto indicaciones consulta gracias,"@user buenas tardes, si fuese posibl actualiz el presupuesto con las indicacin que he dejad en la consul #296798  graci",actualizar presupuesto indicacion consulta gracias
El señor @user no quiere jugar duoq conmigo,0,El señor @user no querer jugar duoq conmigo,señor @user quiere jugar duoq conmigo,señor @user querer jugar duoq conmigo,El seño @user no quie jueg duoq conmigo,señor @user quier jugar duoq conmigo
@user además de verdad verdadera  Catalina! @user,1,@user además de verdad verdad Catalina! @user,@user además Catalina! @user,@user además Catalina!,@user además de verdad verdadera  Catalina! @user,@user ademés catalina! @user
No se porque pongo ahora la carita triste pero me parece mas cuqui todo con ella,2,No sé por qué pongo ahora la cara triste pero me parece más cuqui todo con ella.,pongo carita triste me parece cuqui todo ella,sé cara triste pero me parece cuqui todo ella.,No sé porqué pongo ahora la carita triste pero me parece más cuqui todo con ella,poner carita triste me parec cuqui todo ella
recuerdo cuando me dijiste que odiabas lo superficial y ahora solo mencionas cuanto dinero ganas y todo lo que te compras,0,recuerdo cuando me dijiste que odias lo superficial y ahora solo mencionas cuanto dinero ganas y todo lo que te compras,recuerdo dijiste odiabas superficial mencionas dinero ganas compra,recuerdo dijiste odias superficial ahora mencionas dinero ganas compras,recuerdo cuando me dijiste que odia superficial y ahora solo mencion solo cuanto diner gan y todo lo que te compr,recuerdo dijiste odias superficial mencion dinero gan compr
Vale el huracán no me a afectado y supongo que a mis seres amados tampoco así que estoy mushio mejo' sabiendo que no paso nada,1,vale el huracan no me afecta y supongo que a mis ser amados tampoco asi que estoy mucho mejo' sabiendo que no paso nada',vale huracán afectado supongo seres amados así que estoy mushio mejo pasó nada,hurancan afecta amados estoy mucho mejo pasó,vale huracan no me afecta y supongo que a mis ser amado tampoco asi que estoy mushio mejo sabiendo que no paso nada,vale huracán afect suponer ser amar así estar mushiio pas nada
@user yo solo quiero que tu cuerpo este tan fuerte como tu mente,2,yo solo querer que tu cuerpo estar tan fuerte como tu mente,quiere cuerpo fuerte mente,querer cuerpo fuerte mente,@user yo sola quier que tu corp esté tan fuerte como tu ment,quiere cuerpo fuerte mente
Este año ha sido el que mejor me he llevado con mi hermano sin duda y se va en nada y voy a llorar y no quiero ser hija única y,0,Este año ha ser el que mejor me he llevado con mi hermano sin duda y se va en nada y voy a llorar y no quiero ser hija única y,Este año sido el que mejor me llevado con mi hermano sin duda y se va en nada y voy a llorar y no quiero ser hija única y,Este año ha el mejor me llevado hermano sin duda y se va nada voy llorar no quiero hija única y,Este aÃ±o ha sido el que me he llevado con mi hermano sin duda y se va en nada y voy a llorar y no quiero ser hijÃºnica y,Este aÃ±o sido el que mejor me lleva con mi hermano sin duda y se va en nada y voy a llorar y no quiero ser hija unique y
"@user jajajaja... yo no insulto a nadie, ni bloqueo... yo me comporto en el Twitter como en mi vida normal...",1,"@user jaja... yo no insulto a nadie, ni bloqueo... yo me comporto en el Twitter como en mi vida normal....",@user jajajaja... insulto bloqueo comporto Twitter vida normal,@user jaja yo insulto nadie bloqueo comporto Twitter vida normal,"@user jajajajaa... yo no insulto a nadie, ni bloqueo... yo me comporto en el Twitte como en mi vida normal...",@user jajajaja... insult bloqueo comport Twitter vida normal
"@user No te cambiaria , ni por la mujer más bella del mundo , Porqué Solo tengo ojos para ti",2,"@user no te cambiaría, ni por la mujer más bella del mundo, porque solo tengo ojos para ti",te cambiaria mujer bella mundo Porque ojos ti,"te cambiaría, ni por mujer más bella del mundo, porque solo tengo ojos para ti","@user no te cambiaria, ni por la mujer mas bella del mundo, porque solo tengo ojos para ti",te cambia mujer bello mundo porque ojo ti
@user @user la costra me da cosas. Pero qué lindo por la enfermerita.,0,@user @user la costra dar cosa. Pero qué lindo por la enfermera.,la costra me da cosas Pero lindo enfermerita,la costra dar cosa Pero qué lindo la enfermera,@user @user la costr cosa da cosi. pero qu lind por la enferm tin.,la cos tra me da cos as pero lind enferm eri ta
"puxa, @user como te pasea @user? alli si no eres inquisidor!",1,"puxa, @user como te pasas @user? allí si no eres inquisidor!",@user como te pasea @user? alli si no es inquisidor!,@user como te pasas @user? allí si no eres inquisidor!,"puxa, @user como te pas ea @user? alli si no eres inquisidor!",@user como te pas ea @user? alli si no es inquis idor!
Es que es muy guapa,2,Es que ser muy guapo,es muy guapa,ser muy guapo,Es que es muy guapo,es muy guapo
"Decepcionado , este dolor ya lo tengo acostumbrado",0,"Decepcionado, este dolor ya lo tengo acostumbrado.","Decepcionado, dolor acostumbrado.",Decepcionado dolor acostumbrado.,"Decepicio, este dolor ya lo tengo acostumbrado","Decepčado, dolor acustumbrado."
"Amis @user, el Sáb. estaré en Chimbote x chamba y quiero saber si el chinito bello cantará en evento o privado, para ir",1,"Amigo @user, el Sáb. estaré en Chimbote x trabajo y quiero saber si el chico hermoso cantará en evento o privado, para ir.",Sáb. chimbote x chamba chinito bello cantará evento privado ir,Amigo @user Sáb trabajo quiero saber chico hermoso cantará evento privado ir.,"Ami @user, sab. esté en chimbote x chamba y quier saber si chinito bello cantará en evento o privado, para ir.",sab chimbote x chamb chinito bello cantar evento privad ir
Qué foto más hermosa  @user @user @user @user @user @user @user @user,2,qué foto hermosa, Qué foto hermosa,foto hermosa, Qué fot más hermosa  @user @user @user @user @user @user @user @user, Qué fot hermosa
"@user Si juegan bien, pero no saben chutar, estamos apañados.  Ninguno sabe chutar a gol en el Valencia?",0,"@user si jugar bien, pero no saber chutar, estar apañado. ninguno saber chutar a gol en el Valencia?","juegan, saben, chutar, estamos, apañados, Valencia, gol","jugar, saber, chutar, estar, apañado, saber, chutar, gol, Valencia","@user si jug bien, per no sab chut, estam apañad. ninun sab chut a gol en el valenc?","jugar, saber, chut, estar, apañ, Valencia, gol"
Es el único trago que tomó puro,1,Es el único trago que tomar puro.,el único trago tomó puro,el único trago tomar puro.,Es el únic trагgo que tom pуr.,el un tragar tomar puro
@user Que bueno Caeli. Pronto te vas a sentir mucho mejor.,2,@user qué bueno estar. pronto te vas a sentir mucho mejor.,@user bueno Caelel. Pronto vas sentir mucho mejor.,qué bueno estar pronto sentir mejor,@user Que bueno Caeli. Pronto te vas a senti mucho mejo.,@user bien cael el pronto vas senti mucho mejo)r.
Lo malita que estoy y lo poco que me quejo,0,Lo malo que estoy y lo poco que me quejo.,malita que estoy y poco que me quejo,estoy poco que me quejo,Lo mal que estoy y lo poco que me quejo,mala que esté y poco que me quej
Y ya estoy en ese momento en el que estoy suscrito a los boletines de 12 embajadas y sus correspondientes Agencias de Investigación,1,Y ya estoy en ese momento en el que estoy suscrito a los boletín de 12 embajada y sus correspondientes Agencia de Investigación.,estoy momento suscrito boletines embajadas correspondientes Agencias Investigación,Ya estoy momento suscrito boletín 12 embajada correspondientes Agencia Investigación.,Y ya esté en ese momentó en el que esté suscríbí boletín de 12 embajad y sus correspondient agencí de investigaj.,estoy momento suscrito boletin embajada correspondiente Agencia investigacion
"@user para el frio la solucion es hacer lo que dice esta frase ""sabado sabadete camisa nueva y ....""",2,"@user para el frio la solucion es hacer lo que dice esta frase ""sabado saber camisa nueva y""",para frio solucion hacer dice frase sabado sabadete camisa nueva y,para frio solucion hacer dice frase sabado saber camisa nueva,@user para fri soluc io hacer lo que dice esta frase sabad camis nueva y,para fri solucion hacer dice frase sab dom camisa nueva y
@user @user ¿Socialistas honrados? Esto es un oxímoron.,0,@user @user ¿socialista honrar? esto es un oxímoron.,¿Socialistas honrados? Esto es un oxímoron.,¿socialista honrar? esto es un oxímoron.,@user @user ¿social honrar? esto es un oxymoron.,¿social honrar? esto es un oxímoron.
"Esta semana estoy de vacaciones, mañana o pasado os publico un vídeo y el domingo directo como siempre",1,"Esta semana estar vacaciones, mañana o pasado publicar vídeo y domingo directo como siempre",Esta semana vacaciones mañana pasado público vídeo domingo directo siempre,"Esta semana vacaciones, mañana pasado vídeo domingo directo siempre","Esta semana esté de vaciión, mañá o pasad ó publico un videó y domin ó directo como always.",esta semana vacián mañan pasado público vide domingo direct siempre
Que lindo es levantarse sin resaca,2,Qué lindo ser levantarse sin resaca,lindo levantarse resaca,lindo levantarse,Que lind es levantar sin resac.,lindo levantar resaca
@user Gracias por la información. Parece que el olor ha cesado. Ayer pasó lo mismo sobre la misma hora,0,@user gracias por la información. parecer cese. ayer pasar lo mismo sobre la misma hora.,@user Gracias información Parece olor cesado Ayer pasado misma hora,gracias información parecer cese ayer pasar mismo hora,@user gracias por la informacion. parec parec que el olo ha cesado. ayer pas lo mismo sobre la mism hora,@user gracias info parec olor cesado ayer pasado misma hora
"Tan rápido Domingo? Yo ni sentí el Viernes. No siento los temblores, los días pasar. Ah, pero ojalá dejara de sentir hambre.",1,"Tan rápidamente Domingo? Yo ni sentí el Viernes. No siento los temblores, los días pasan. Ah, pero ojalá dejara de sentir hambre.",Rápido Domingo. sentí Viernes. siento temblores días pasar. ojalá dejara sentía hambre.,"Tan Domingo? ni sentí Viernes. No siento temblores, días pasan. Ah pero ojalá dejara de sentir hambre.","Tan rápid Domingo? Yo ni sentí el Viernes. No siento los temblor, los díspas. Ah, pero ojalá dejara de senti hambre.",rápido sentí viernes. siento temblor días pasar. ojalá dejara sentía hambre.
"Al parecer si me darán mi canasta navideña, aparte de mi panetón y un vino Gracias proveedores Nos engríen más que los jefes",2,"Al parecer si me darán mi canasta navideña, aparte de mi panetón y un vino Gracias a los proveedores Nos engrían más que los jefes","Al parecer me darán mi canasta navideña, aparte de mi panetón y un vino Gracias proveedores Nos engríen más que los jefes",Al parecer me darán mi canasta navideña panetón vino Gracias proveedores engrían jefes,"Al parecer si me darán mi canast navideña, aparte de mi panón y un vino Gracias provi Nos engríen más que los jef","Al parecer me darán mi canast navideña, aparte de mi panón y un vino Gracias proveed Nos engríen más que los jefes"
"@user @user si va comer gallina mejor quedese calladito, tomese sus pastillitas y siga echandole el cuento a youtubers",0,"@user @user va comer gallina mejor quedese calladito, tome sus pastillitas y siga echándole el cuento a youtubers",va comer gallina mejor quedese calladito tomese sus pastillitas siga echandole el cuento a youtubers,va comer gallina mejor quedese calladito tome pastillitas siga echándole cuento youtubers,"@user @user si va comi gallin mejor quedese calladito, tomese sus pastillit y siga echandle el cuento a youtubers",va comi gallin mejor quedese callad tomese sus pastillita siga echandle el cuent a youtuber
@user @user jajaja ya somos un pollito! La próxima semana? a ver que dice @user,1,@user @user jaja ya seremos un pollito! la próxima semana? a ver qué dice @user,@user @user jajaja somos un pollito próxima semana ver dice @user,seremos pollito próxima semana ver qué dice,@user @user jajaja ya somos un polli! la prxim semana? a ver que dice @user,@user @user jajaja somos un polli próxima semana ver dice @user
"@user ayyy pero  que genial, quiero que vengas ya",2,"@user ayyy pero que genial, quiero que vengas ya",ayyy genial quiero que vengas,ayyy genial quiero que vengas,"@user ayy pero que geni, quiero que vendas ya",ayy geniial quie re que ven gan
"Y yo, pero de soniditos, somos de mundos musicales distintos bb  @user",0,"Y yo, pero de sonido, somos de mundo musical distinto bb @user",yo pero soniditos mundos musicales distintos,yo pero sonido somos mundo musical distinto,"Y yo, pero de sonido, somos de mundo musical distinto bb @user",yo per sonido mundo musica distinto
"@user no tengo en la casa apenas entre, te mando uno así jaja",1,"@user no tener en la casa apenas entrar, te mandar uno así jaja",teno casa apenas entre te mando uno as jaja,teniendo casa apenas entrar te mandar uno así,@user no ten en la cas apesta entre te mand uno asi jaja,tengo casa apenas entre te mando uno as jaja
@user @user @user ohhhhh eso tiene que ser muy divertido  me imagino que los hombres están vetados no?😀😀😀,2,@user @user @user ohhh eso tiene que ser muy divertido me imagino que los hombre estar vetado no?😀😀😀,eso tiene que ser muy divertido imagino que los hombres están vetados,eso ser divertido me imagino que los hombre estar vetado,@user @user @user ohhh eso tiene que ser muy divertido  me imagino que los varones están vetados no?😀😀😀,eso tener que ser muy divertido imaginar que hombre estar vetado
"Buenos días. Va, vamos a catear inglés.",0,"Buen día. ir, ir a aprender inglés.",Buenos días. vamos catear inglés.,Buen día. aprender inglés.,"Buenos dia. Va, vamos a catar ingles.",Buenos dias. vamos catear ingles.
@user no ayudas ya voy.. y tomo foto para mostrar,1,@user no ayudar ya voy.. y tomar foto para mostrar,@user ayudas voy tomo foto mostrar,@user ayudar voy tomar foto mostrar,@user no ayudas ya voy.. y tomo fot para mostr,@user ayuda ir tomar foto mostrar
"@user lo mismo puedo decir de tu fanart  y por cierto, tu cómic, muy divertido!",2,"@user lo mismo puedo decir de tu fanart y por cierto, tu cómic, muy divertido!",puedo decir fanart cómic muy divertido,lo mismo decir fanart divertido!,"@user lo mism pode decir de tu fanart  y por ciert, tu cómic, muy divirti!",puedo decir fanart cómic muy divertido
"@user por eso  vente a la nuestra, hemos tenido bronca y yo paso de gente así  hicimos una propia con barcos y putas",0,"@user por eso venirse a la nuesta, hemos tenido bronca y yo paso de gente así hicimos una propia con barco y putar",@user vente nuestra hemos bronca yo paso gente hicimos propia barcos putas,venirse nuesta hemos tenido bronca paso gente así hicimos propia barco putar,"@user por eso  venite a la nuesta, hemos tenid bronca y yo pas de gente as  hiciemos una propia con barcos y put",@user ven nuer bron pas gent hic prop barc put
"@user ta weno, es que me pongo celosa",1,"@user ta bien, es que me pongo celosa.","@user weno, me pongo celosa","ta bien, me pongo celosa.","@user ta beno, es que me pongo celosa","@user weno, me pongo celoso."
@user pues te propongo un cambi yo te regalo un poco de mi calor y tú un poquito también de ese frío  un poquito de tu Argentina,2,@user pues te propos un camb io te regal un poco de mi calor y tú un poquito tambi n de ese fr n un poquito de tu Argentin,te propongo un cambi te regalo poco calor tú poco poquito frío poquito Argentina,te propos un camb io regal poco calor tú poco poquito fr n poco Argentin,@user pues te propon un camb io te regal un poco de mi calor y t u un poquit tambi de ese fr nio un poquit de tu Argentín,te propo un cambia regal poco calor tú poco poquito frio poquito Argentino
"@user @user Claro, es que es muy común que en los pueblos no los tengan en pisos, los llevan a la huerta y los tienen solos",0,"@user @user Claro, ser que ser muy común que en los pueblo no los tener en piso, los llevar a la huerta y los tener solo.",Claro común común pueblos no tienen pisos llevan huerta tienen solos,Claro común pueblo no tener piso llevar huerta tener solo,"@user @user Claro, es que es muy común que en los pueblo no los ten en pis, los llevan a la huer y los ten sol.",Claro común pueblos no tienen solo llevan huerta tener sol
#FinDeSemanaPara perderse hasta las últimas con los amigos,1,#FinDeSemanaPara perder estar hasta la última con amigo,#FinDeSemanaPara perderse hasta las últimas con amigos,#FinDeSemanaPara perder hasta última amigo,#FinDeSemanaPara perdirse hasta las últimas con los amigues,#FinDeSemanaPara perderse hasta las ultimose con amigos
Quiero un puzzle grandote y bonito para viciarme tras los exámenes...,2,"Querer, puzzle, grande, bonito, viciarme, examen",quiero puzzle grandote bonito viciarme exámenes,querer puzzle grande bonito viciarme examen,Quiero un puzzlet y bonito para viciarme tras los exámen...,quiero puzzle gran boni vici exámin
"@user nooo, quiero que me vaya pordede",0,"@user no, querer que ir",@user quiero que me vaya pordede,querer ir,"@user noo, quie que me va pordee",@user quie que me va porde
Después de 5 días! CREO que mi cronograma de viajes por trabajo ya está listo,1,Después de 5 día! CREO que mi cronograma de viaje ya está listo., Después día! CREO cronograma viajes trabajo ya está listo, Después 5 día! CREO cronograma viaje ya está listo.,Despues de 5 dia! creo que mi cronograma de viaje por trabajo ya esta listo,Después día! creo cronograma viaje trabajo ya está listo
"Dentro de 9 horas y 20 minutos empiezan mis vacaciones, buenos días",2,"dentro de 9 hora y 20 minuto empieza mis vacacion, buenos dias",empiezan vacaciones buenos días,dentro hora minuto empieza vacacion buenos dias,"Dentro de 9 hora y 20 minuto empieza mi vaca, buenas dia.",empez día buenas
Es tan feo y sin sabor.,0,Es tan feo y sin sabor.,tan feo sabor,tan feo sabor,Es tan fe y sin sabor.,tan feo sabor
"@user Shi, pero como el año pasado no jajaja ah creo que no fuiste",1,"@user ser, pero como el año pasado no jajaja ah creo que no fuiste","@user Shi, pero como el año pasado jajaja ah creo que fuiste",@user pero como el año pasado jajaja ah creo que fuiste,"@user shi, per pero el año pas no jajaja ah cre creo que no fu fui","@user shi, pero como el año pas jajaja ah creo que fuiste"
"@user @user @user @user @user Querido Arturo, viniendo de ti, se agradece el cumplido.",2,"@user @user @user @user @user Querido Arturo, viniendo de ti, se agradece el cumplido.","Querido Arturo, viniendo cumplido.","Querido Arturo, viniendo cumpleido","@user @user @user @user @user Querid Artur, vinid de ti, se agradel el cumplid.","Querid Artur, vinid cumplid."
No se como titular el vídeo,0,No sé cómo titular el vídeo.,se como titular el vídeo,sé cómo titular vídeo.,No se como titular el video,sé como titulare el vídeo
@user en todos nuestros centros comerciales,1,@user en todo nuestro centro comercial,@user todos centros comerciales,todo nuestro centro comercial,@user en todo nuestro centro comercial,@user todo centro comercial
@user ostia... jugaba a uno de los primeros en la SNES en japonés!! Y lo jodido es que lo acabé  Me encantaban estos juegos!,2,@user ostia... jugaba a uno de los primeros en la snes en japonés!! y lo jodido es que lo acabe me encantaban estos juegos!,jugaba primeros SNES japonés Y jodido acabé Me encantaban juegos!,jugaba primeros snes japonés jodido acabe juegos,@user osti jugab un prim SNES japón!! y lo jod endo lo acabad Me encant est jog!,jugad primer SNES japón y acab Y encant gam
Quería salir a grabar una cosa al amanecer pero mis amigos me han dejado to tirado y no quieren,0,Querer salir a grabar una cosa al amanecer pero mis amigo dejar to tirar y no querer,salir grabar cosa amanecer amigos dejado tirado quieren,salir grabar cosa amanecer amigo tirar querer,Quirar salir a grabar una cos al amanecer pero mis amig me han dej to tirar y no quer,sal grabar cosa amanecer amigo dej tirar quer
Dateame: albañil bueno bonito y barato please. Pintor de fachada y carpintero. Se agradece!,1,datea: albañil bueno bonito y barato please. pintor de fachada y carpintero. se agradece!,albañil bueno barato pintor fachada carpintero agradece,albañil bueno barato please pintor fachada carpintero se agradece,datea: albañil bueno boni y barato please. pintor de fachada y carpintero. se agradece!,albañil bueno barato pintor fachada carpintero agradece
"@user mi otro queso favorito #UberEmpanadas (?) jaja, provecho guapa",2,"@user yo otro queso favorito #UberEmpanadas (?) jaja, provecho guapa",mi otro favorito UberEmpanadas jaja provecho guapa,"@user otro queso favorito #UberEmpanadas jaja, provecho guapa","@user mi otr queso favotito #UberEmpanadas (?) jaja, provéch guáp",mi otro favotiro uberanada jaja provcho guapa
@user @user @user @user @user n escarmentams a ver si van a ser mismas encueshshtasshs eh @user,0,@user @user @user @user @user n escarmentar a ver si van a ser mismo encuesta eh @user,escarmentams ver van ser mism encueshshtasshs eh,@user @user @user @user @user escarmentar ver van misma encuesta eh @user,@user @user @user @user @user n escarmntm a ver si van a ser mism same encshtshs eh @user,escarmment escarnm van ser mism encuschstah eh
@user @user @user @user mañana 2° recordatorio subliminal #OigoFanatica,1,@user @user @user @user mañan recordatorio subliminal #OigoFanatica,mañana 2° recordatorio subliminal #OigoFanatica,mañan recordatorio subliminal #OigoFanatica,@user @user @user @user mañan 2° recordator subliminal #OigoFanatica,mañan 2° recordatorio subliminal #OigoFanatica
@user Igual vos. Lindo día y un fuerte abrazo,2,@user igual tú. lindo día y un fuerte abrazo,Igual vos.día.fuerte abrazo,igual fuerte abrazo,@user igual vos. lindo dia y un fuerte abrazo,igual vos día fuerte abrazo
@user seguro las productoras estaban centradas en traer los de siempre,0,@user seguro estar productora centrarse traevenir siempre,@user seguro estaban centradas traer de siempre,seguro productora centrarse traevenir siempre,@user segur produs centrada en traer los de siempre,@user segur centrai trae de siempre
Mañana es año nuevo y yo sin planes,1,Mañana ser año nuevo y yo sin plan,Mañana año nuevo planes,Mañana año nuevo yo plan,Mañana es año nuevo y yo sin plan,mañana año nuevo plan
"@user gracias, compa. Es algo que no he olvidado jamás. Es calidad humana.  Besos y mucho ánimo!",2,"@user gracias, compa. es algo que no he olvidado jamás. es calidad humana. besos y mucho ánimo!",gracias compa algo olvidado jamás calidad humana Besos ánimo,gracias compa algo olvidado jamás calidad humana besos mucho ánimo,"@user graci, compa. es algo q no he olvi jamás. es calid humana. besos y mu ánimo!",gracias compa algo olvidad jamn calidad humnan besos anim
@user Weee estoy hasta el perno en la U solo me queda salvar lo que pueda también te extraño pishe palo,0,@user weee estar hasta el perno en la u solo me queda salvar lo que pueda también te extraño pishe palo,@user Weee estoy hasta salvar lo que pueda también te extraño pishe palo,@user weee hasta perno u solo me queda salvar lo que pueda también te extraño pishe palo,@user weee esté hasta el perno en la u solo me queda salvar lo que pue también te extrañ pi piñe,@user weee esté hasta salva lo que puebla también te extráno pishe palo
"@user yeah! yo lo intente but se veia todo oscuro, luego me dasanimé je...pero estaría bien que todo el fandom lo haga",1,"@user yeah! yo lo intenté pero se veía todo oscuro, luego me desanimé je...pero estaría bien que todo el fandom lo haga",@user yeah! lo intenté luego me dañimé je...pero estaría bien que todo el fandom lo haga,@user yeah! lo intenté se veía todo oscuro luego me desanimé estaría bien que todo el fandom lo haga,"@user yeah! yo lo intente but se veia todo oscuro, luego me daanimine je...pero estaria bien que todo el fandom lo haga",@user yeah! lo inten­té lue­go dañí­me je...pero estu­ría bien que todo el fan­dom lo haga
"Buen amigo eres @user, gracias por compartir tu pregunta en ese Ask 2.0",2,"Buen amigo ser @user, gracia por compartir tu pregunta en ese ask 2.0","Buen amigo, gracias por compartir tu pregunta en ese Ask 2.0","Buen amigo user, gracia por compartir tu pregunta en ese ask 2. 0","Buen amig es @user, graci por comparte tu preg n ese ask.","Buen amig, graci por comparti tu pregunt en ese Ask 2.0"
@user cierto es que el Maruchi está al lado de una peña del Barça y no íbamos a quedar bien,0,@user cierto es que el maruchi está al lado de una peña del barça y no íbamos a quedar bien,@user cierto Maruchi está peña Barça quedar bien,@user cierto maruchi está al lado peña barça íbamos quedar bien,@user ciert es que el maruchí estÁ al lado de una pén del barc y no íbamos a quedar bien,@user ciert maruch quedar bien
"@user Argi es mucha Argi  pasa como digo siempre, demasiado buena para ganar.",1,"@user Argi es mucho Argi pasa como digo siempre, demasiado buena para ganar.",Argi mucha Argi pasa como digo siempre demasiado buena ganar.,Argi mucho Argi pasa como digo siempre demasi buena ganar.,"@user argi es mucha argi pasa como digo siempre, demasiada buena para ganar.",Arg mucho Arg pasar como decir siempre demasi ganar.
@user @user me super encanta el estudio esta perfecto!!!,2,@user @user me encanta el estudiar esto está perfecto!!!,me super encanta estudio perfecto,me encanta estudiar esto perfecto!!!,@user @user me super encanto el estudio esta perfecto!!!,me super encant studi perfec
Yo a las 5 a No puedo dormir *se pone a ver Peppa Pig*esto es peor,0,Yo a las 5 a no puedo dormir se pone a ver Peppa Pig esto es peor,a 5 a No puedo dormir *se pone a ver Peppa Pig*esto es peor,a 5 no puedo dormir se pone a ver Peppa Pig esto es peor,Yo a las 5 no puedo dormir *se pone a ver peppa pig*esto es peor,a 5 a no puedo dormir *se pone a ver peppa pig*esto es peor
@user pero es verdah pe!,1,pero ser ver!,@user verdah pe!,ser ver!,@user pero es verdat pe!,@user verdat pe!
Queremos mas temporadas de Scream!! @user Sabeis si va a haber una tercera o la abandonan ya,2,Querer mas temporada de Scream!! @user Saber si va a haber una tercera o la abandonar ya.,Queremos temporadas Scream!! Sabeis tercera abandonan,Querer temporada Scream!! Saber va haber tercera abandonar ya.,Queremos mas tempora de Scream!! @user Sabeis si va a haber un terc o la abandonan ya,Queremos tempor Scream!! Sabes ter abandon.
"Como cuando te sientes fea, gorda y sin plata",0,"Como cuando te sientes feo, gordita y sin plata","sientes fea, gorda sin plata",sientes feo gordita sin plata,"Como cuando te sientes fe, gord y sin pl.","sientes fe, gord sin plat"
"Dios aprieta pero no ahorca, creo que es muy cierto",1,"Dios apretar, creer, ser muy cierto",aprieta cierto,"apretar, creer, cierto","Dios apriet but no ahorc, creo que es m ciert.",aprieta
@user Espero que la hayas pasado lindo,2,@user espero que la hayas pasado lindo,@user Espero que la pasado lindo,espero que la pasado lindo,@user espero que la hayas pasado lindo,@user espero que la pasado lindo
@user pfff esque he llegado al 7 y se me ha hecho pesadisimo xd no me gusta,0,@user pfff que he llegado al 7 y se me ha hecho pesado xd no me gusta,@user pfff he llegado al 7 se me ha hecho pesedisimo xd me gusta,@user pfff he llegado al 7 se me ha hecho pesado xd me gusta,@user pff esq he llegad al 7 y se me ha hecho pesidisim xd no me gust,@user pff he llegad al 7 se me ha hecho pesedisim xd me gust
@user aquel señor amigo suyo hizo un numerito hoy de esos que le encanta hacer. Otro día en que la ginebra empezó a fluir temprano!,1,aquel señor amigo suyo hacer un numerito hoy de esos que le encantar hacer otro día en que la ginebra empezar fluir temprano,señor amigo encanta numerito hoy le hace día ginebra empezó fluir temprano,señor amigo hacer numerito hoy esos encantar hacer día ginebra empezar fluir temprano,@user aquel seyr amiyo hiz un numirit hoy de eses que le encanta hazer. Otr dia en que la giniebra empeci a fluir temprano!,señor ami encant nume hoy le hace día ginieb empez flui tempran
@user Está hermosa esa niña. ¿Quién no se anima a planchar así? Saludos,2,@user estar hermosa esa niña. quién no se animar planchar así? saludo,Está hermosa esa niña. Quién se anima a planchar así? Saludos,@user hermosa esa niña. quién se animar planchar así? saludo,@user Está hermose niña. ¿Quién no se anima a planchar así? Saludos,Está hermosa esa nинa. Quién se anima a planchar asй? Saludos
@user la mitología de por sí es maravillosa 😍 pero es tan cara la colección  y son 60 tomos 😫,0,@user la mitologia de por si es maravillosa 😍 pero es tan cara la coleccion  y son 60 tomo 😫,@user mitología maravillosa 😍 colección tomos 😫,@user mitología maravillosa 😍 colección  tomo 😫,@user la mitol log ia de por s i es marav il losa pero es tan car a la colecc ion y son 60 tomos,@user mitol logia marav ilosa 😍 colleccion tomos 😫
"Al final el vídeo lo subo mañana, que acabo de llegar a casa.",1,"Al final el video lo subo mañana, que acabo de llegar a casa.",final vídeo subo mañana acabo llegar casa,final video mañana acabo llegar casa,"Al fin el vide subo maña, que acabo de lleg a casa.",final vídeo subo mañana acabo llegar casa
"A la gente buena, le pasan cosas buenas ... al resto a veces también nos pasan cosas buenas",2,A la gente buena le pasan cosas buenas... al resto a veces también nos pasan cosas buenas,"gente, cosas, buenas, resto, veces, también, pasan",le pasan cosas buenas... resto a veces también nos pasan cosas buenas,"A la gent buen, le pas cos buen... al rest a veces tambi tien cos buen.","gente, cosa, bueno, resto, vez, tambien, pasar"
El jarabe para la tos hace que mi jugo de naranja sepa feo. ️ Ese jugo es lo mejor de mi vida.,0,El jarab hacer que mi naranja saber mal. Ese naranja ser el mejor de mi vida.,jarabe tos hace que jugo naranja sepa feo ese jugo mejor vida,jarab hacer naranja saber mal. ese naranja ser mejor vida.,El jarab hacer que mi jug naranja saber feo. ️ Ese jug es lo mejor de mi vida.,jарabe тос hace que jugо naranjа sepa фeo ese jugо mejor vidа
@user y según tu ojo crítico  debe abrir toda la ciudad o solo zona puerto-anaga-plaza España?,1,@user y según tu ojo criticar debe abrir toda la ciudad o solo zona puerto-anaga-plaza españa?,debe abrir ciudad zona puerto-anaga-plaza España,@user Según tu ojo criticar debe abrir toda ciudad o solo zona puerto-anaga-plaza España?,@user y segun tu ojo critico debe abr toda la ciudad o solo zona puerto-anaga-plaza españa?,deber abrir ciudad zona puerto anaga plaza España
@user Léete el cómic. Está bien y acaba rápido,2, lee leído está ser acaba acabar,Léete cómic Está bien acaba rápido,lee leído está ser acaba acabar,@user léet cómic. Est bien y acáp rápid.,lee cómics está bien acaba rápido
"Casi el 80% de los pobladores estamos mal ubicados, en un terremoto estiman 50 mil muertos en Lima",0,"Casi el 80% de los poblador estar mal ubicar, en un terremoto estimar 50 mil muerto en Lima.",Casi 80% pobladores mal ubicados terremoto estiman muertos Lima,"80% poblador mal ubicar, terremoto estimar 50 mil muerto Lima.","Casi el 80% de los poblador estamos mal ubicados, en un terremoto estiman 50 mil muerto en Lima.",Casi 80% poblador mal ubicar terremoto estimar muerto Lima
Viendo con mi gordiflaqui LOCA POR LAS COMPRAS y el diciendo se parece un poco a ti o tu a ella jjajajajaja yo no compro tanto,1,Viendo con mi gordiflaqui loca por las compras y el decirse parece un poco a ti o tu a ella jjajajajaja yo no compro tanto,Viendo gordiflaqui LOCA POR LAS COMPRAS diciendo se parece un poco a ti ella jjajajajaja no compro tanto,viendo gordiflaqui compras diciendose parece ti ella compro,Viend gordifl loc compr y dic dunc parec a t o t a ell jjajajajaj yo no compr tant,Viendo gordifl LOCA POR LAS COMPRAS diciend se pare un poco a ti ella jjajajajaja no compr tanto
Tengo ganas ya de días de lluvia para poder tirarme una tarde de domingo entera con mi gordi en el sofá,2,Tener ganancia ya de día de llover para poder tirarse una tarde de domingo entera con mi gordito en el sofá.,Tengo ganas días lluvia poder tirarme tarde domingo entera con gordir sofá,Tener ganancia día lluvia poder tirarse tarde domingo sofá,Tengo gan ya dia de lluvia para poder tir un tarde de doming en el sof con mi gord para poder tir un tarde de dom dom en el sof con mi gord,Tengo ganas día lluvia poder tirarme tarde domingo entera con gordir sofá
La vida no es bella,0,La vida no ser bella.,vida bella,vida bella.,La vida no es bello,vid bella
"Un País tan afectado como Haití, necesita del mundo entero.",1,Un País tan afectar necesitar del mundo entero.,País afectado Haití necesita mundo entero.,Un País afectar necesitar mundo entero.,Un Paí necesit world.,País afectd haiti necesit mundo entero.
"@user es lo que tiene Amazon  a uno que conozco le llega el Lunes, siéntete afortunada",2,"@user ser lo que tiene Amazon a uno que conoce le llega el Lunes, sentete afortunada.",@user lo que tiene Amazon a uno que conozco le llega el Lunes siéntete afortunada,"lo tiene Amazon uno que conoce le llega el Lunes, sentete afortunada.","@user es lo que tiene amazón  a uno que conozc lo llega el lunes, siéntet afortunad.",@user lo que teni Amazon a uno que conozc le llega el Lunes siétte afortunad
No hay mayores problemas dice vocero Lewin Mejía sobre amago de incendio... es un centro comercial no una bodega @user @user,0,No hay mayor problema dice vocero Lewin Mejía sobre amago incendio... es centro comercial no una bodega,hay mayores problemas dice vocero Lewin Mejía sobre amago incendio centro comercial bodega,hay mayor problema dice vocero Lewin Mejía sobre amago incendio... centro comercial una bodega,No hay may probl vocero Lewin Mejía sobre amag de incendio... es un cent comercial no una bog @user @user,hay mayor probl probl dice vocer lewin meji sobre amag incendio cent comer bodeg
"@user esta tarde a las 20:30, no obstante, tenemos programa especial retransmitiendo el #LaPS4Meeting @user y yo",1,"@user estar tarde, no obstante, tener programa retransmitir el LaPS4Meeting @user y yo",esta tarde 20:30 tenemos programa especial retransmitiendo LaPS4Meeting y,"@user tarde, obstante, tener programa retransmitir el LaPS4Meeting @user y yo","@user esta tardes a las 20:30, no obstantes, tenemos programm especial retransmitiendo el #LaPS4Meeting @user y io",esta tard 20:30 ten program especial retransmitiendo LaPS4Meeting y
"Acabo de jugar en manual a PES 2017 y dios, como cambia el juego, jugando en leyenda, en 0 de velocidad, IMPRESIONANTE #PES2017",2,"Acabo de jugar en manual a PES 2017 y dios, como cambia el juego, jugando en leyenda, en 0 de velocidad, IMPRESIONANTE #PES2017",Acabo jugar PES 2017 cambia juego leyenda velocidad IMPRESIONANTE #PES2017,Acabo jugar PES 2017 dios como cambia juego leyenda 0 velocidad IMPRESIONANTE #PES2017,"Acabo de jugar en manu a PES 2017 y dios, como cambia el juego, jugando en legen, en 0 de veloci, IMPRESIONANTE #PES2017",Acabo jugar PES 2017 cambia juego leyenda velocidad IMPRESIONANT #PES
"@user Melanie era la mejor, encima la echaron el dia de su cumple  SINVERGUENZAS",0,"@user Melanie era la mejor, encima la echaron el dia de su cumple SINVERGUENZAS",Melanie era la mejor encima echaron dia cumple SINVERGUENZAS,@user Melanie era la mejor encima la echaron el dia de su cumple SINVERGUENZAS,@user melani era la mejo encima la echon el dia de su cumple SINVERGUENZAS,Melanie era la mejo enciima echaron dia cumple SINVERGUENZA
@user no sabía que la remasterizada se parecía a la primera temporada de Falcon Crest,1,@user no saber que la remasterizar se parecer a la primera temporada de Falcon Crest,sabía remasterizada parecía primera temporada Falcon Crest,saber remasterizar parecer primera temporada Falcon Crest,@user no sabi remast疹izada se parecía a la prim.scrollViewera de Falcon Crest,saber remasterizar parecer primera temporada falcon crest
Todo es mejor de lo que parece cuando recordamos que Dios está de nuestro lado.,2,Todo ser mejor de lo que parecer cuando recordamos que Dios estar de nuestro lado.,Todo mejor parece recordamos Dios está lado.,Todo mejor de lo que parecer cuando recordamos que Dios de nuestro lado.,Todo es mejo de lo que parece quando recuemos que Di está de nostru lido.,Todo mejor parecer recordar Dios estar lado.
@user Bajón + Ed Sheeran llorera asegurada. Me pasa,0,@user bajón + ed sheeran llorar asegurar pasado,Bajón Ed Sheeran llorera asegurada Me pasa,bajón ed sheeran llorar asegurar pasado,@user baj + ed sheeran llor + asegur + me pasa,Bajón Ed Sheeran llorar asegurar Me pasar
"@user @user @user @user Está de camino, friéndose bajo el sol sevillano",1,"Está de caminar, friéndose bajo el sol sevillano",Está camino friéndose sol sevillano,"caminar, friéndose bajo sol sevillano","@user @user @user @user Est está caminar, friíndese baxo sol sevanío", Está caminar friendo sol sevillano
"@user me quedo tranquilo entonces, pero iré mirando la opción del coche",2,"@user me quedar tranquilo entonces, pero ir mirar la opción del coche",me quedo tranquilo entonces iré mirando opción coche,quedar tranquilo entonces ir mirar opción coche,"@user me quedar tranquil entonces, pero ir mirar opción coche",me quedar tranquil entonces ir mirar opción coche
"No estoy aburrida  -Estás aburrida No  -Si,  reconocelo Vale estoy aburrida de verte ver la tele  -.. Por que haces esto?  Por que me abu+",0,"No estoy aburrir - Estás aburrir No - Si, reconócelo Vale estoy aburrir de verte ver la tele - Por qué haces esto? Por qué me aburrir+",estoy aburrida Estás aburrida Si reconocelo estoy aburrida verte ver la tele Por qué haces esto Por qué me abu,"ver la tele
de verte
estás aburrir
me aburrir
reconócelo
si
haces esto
estoy aburrir","No est no aburr -ests aburr no -si, recolve estm aburr d verte ver la tel -.. por qu hcs esto? por qu me abu",estoy aburrida estás aburrida si reconocelo estoy aburrida verte ver la tele por qué haces esto por qué me aburrir
@user khaaaa? Ese concierto ha sido más publicitado que la campaña de Keiko... pero... pobreza,1,@user khay? ese concierto ha sido más publicitar que la campaña de keiko... pero... pobreza,@user concen más publicitado que campaña Keiko pero pobreza,@user concierto sido publicitar campaña keiko pero pobreza,@user khaa? ese conci ha sido mas publicitado que la campa de kei... pero... pobrez,@user concent publícit pobrez
"@user triana , Me gustaria saber deti ,  Contacta conmigo cuando puedas!",2,"@user triana, me gustaría saber detalle, contacta conmigo cuando puedas!","@user triana, gustaria saber deti, Contacta conmigo cuando puedas!",@user triana gusto detalle contacta puedo,"@user triana, me gustaria saber deti,  contacta conmi cuando puedas!","@user trian, gustaría saber det, contacta conmigo cuando puedas!"
Me siento tan estúpido de haber abierto una herida ya cicatrizada a alguien que aún me sigue importando.... lo siento,0,Me sentir tan estúpido de haber abrir una herida ya cicatrizar a alguien que aún me seguir importar.... lo siento.,siento estúpido haber abierto herida ya cicatrizada alguien aún sigue importando lo siento,sentir tan estúpido haber abrir herida ya cicatrizar alguien aún seguir importar siento,Me siento tan estúpido de haber abierto una herida ya cicatrizada a alguien que aún me sigue importando.... lo siento.,sient estúpil abr herid ya cicatrizad algui aún sig import lo sient
@user esta la página petada desde hace días,1,@user está la página llena desde hace días,página petada días,página llenas días,@user está la página petada desde hace días,página petad día
"Bueno por dicha ya estoy en Zarcero, no estoy en la calle. haha",2,"Buen por decir ya estar en Zarcero, no estar en la calle. haha","Bueno ya estoy Zarcero, no estoy calle. haha","Buen decir ya estar Zarcero, estar calle. haha","Buen por dicha ya esté en Zarcer, no esté en la cal. haha",Buen ya est ya calle. haha
@user @user Mmmm yo tampoco te puedo decir nada  Supongo que lo lógico sería que lo tuvieran pero a saber,0,@user @user mmm yo tampoco te puedo decir algo supongo que lo lógico sería que lo tuvieran pero a saber,@user @user Supuesto que lo lógico sería que lo tuvieran pero a saber,mmm tampoco decir suponer lógico tener saber,@user @user mmm yo tampoco te pue decir nada supongo que lo lógico sería que lo tuviera pero a saber,@user @user Supos supuesto logica tuvie tuvien sabi sabe
"@user Tejida en técnica de crochet (Sólo tejida con las manos - ""Mi dedo es un Crochet"") Tiempo Récord de ejecución: 3 horas..!!!",1,"@user tejido en técnica de crochete (sólo tejido con las manos - ""mi dedo es un crochete"") tiempo récord de ejecución: 3 horas..!!!",@user Tejida técnica crochet sólo manos Mi dedo es un Crochet Tiempo Récord ejecución 3 horas..!!!,@user tejido técnica crochete manos dedo tiempo récord ejecución horas,@user tejid crochet mano tiempo récord ejecut hor,@user tejida técnica crochett mano mi dedo es un crochett tiempo récord ejecución 3 hora..!!!
"Bienvenido #Septiembre mes que marca como un nuevo comienzo de año, muchos objetivos por cumplir, con una gran sonrisa  #FelizJueves",2,"Bienvenido septiembre mes marcar nuevo comienzo año, objetivo cumplir, sonrisa FelizJueves",Septiembre marca nuevo comienzo año muchos objetivos cumplir gran sonrisa FelizJueves,Bienvenido septiembre marcar nuevo comienzo año objetivo cumplir sonrisa FelizJueves,"Bienvenid septembr mes que marc como un nuen comienz de a, much objetiv por cumpr, con una gran sonrisa  Felizjuev",septiembre marc nuevo comienz año much objec cumplir gran sonr felijuev
"Despues de todo sigues pendiente de mi y lo sabes, pero autoengañarse is moreee easyy",0,"después todo sigues pendiente de mí y lo sabes, pero autoengañarse es más fácil",Despues sigues pendiente mi sabes pero autoengañarse is moreee easyy,sigues pendiente mí sabes autoengañarse fácil,"Despues todo sigues pendiente de mi y lo sabes, pero autoengan easy",Despues sigues pendiente mi sabes pero autoenganarse is moree easy
@user pues al igual q vosotros el follar,1,@user pues al igual que vosotros el follarse,al igual q vosotros el follar,al igual que vosotros follarse,@user pues al igual q vosots el foll,al igual q vosotros el foll
"@user Yo, con lo bueno que soy...",2,"Yo, con lo bueno que ser...",Yo con lo bueno soy,con bueno ser,"@user yo, con lo buenas que soy...",Yo con lo bueno soy
@user No terminamos el año vivos,0,@user no terminar vivir,terminamos año vivos,terminar vivir,@user no terminamos año vivo,terminamos año vivo
@user por lo menos hoy he mirado dos albergues   mañana pago,1,@user por lo menos hoy he mirar mañana pagar,hoy he mirado dos albergues mañana pago,hoy he mirar mañana pagar,@user por lo menos hoy he mirado dos albergue   mañana pago,hoy he mirado dos albergue mañana pago
@user y lo bueno que no engordo,2,@user y lo bueno que no engordar,lo bueno que engordo,lo bueno que no engordar,@user y lo bueno que no engordo,lo bueno que engord
@user Perdóneme pero estuve hace un mes y lo encontré todo poco excitante. Cocina rutinaria para el oficinismo de medio día.,0,@user perdónar estar hacer un mes encontrar excitante cocina estar medio día.,@user Perdóneme encontré todo excitante Cocina rutinaria medio día.,@user perdónar hacer encontrar excitante cocina medio día.,@user perdón todo poco excitante cocina rutinaria oficinismo medio día,@user perdón excitante cocina rutinaria medíodía
Es obvio que me has pillado,1,Es obvio que me has pillado,me has pillado,me has pillado,Es obv io que me has pill ado,me pillado
@user @user @user @user @user poh como yo  lo divertida que podría ser esa retransmisión!,2,@user @user @user @user @user poh cómo yo lo divertido que podría ser esa retransmisión!,como lo divertida que podría ser esa retransmisión!,poh cómo lo divertido que podría ser esa retransmisión!,@user @user @user @user @user po como yo  diverti que podria ser esa retransm!,como lo diverti que pourrait ser esa retransm!
Hola estoy que reviento por haberme comido un box de kebab ayudadme a morir gracias,0,Hola estar revientar comer pedazo morir gracias,Hola comido box kebab ayudadme gracias,Hola revientar comer morir gracias,Hola esté que revient por haberme comi un boc de kebab ayudm a morir grácias,Hola comid box kebab ayudadme grazias
@user jajajajajajaj la desesperación pues loca,1,@user jaja la desesperar pues loca,jajajajajajaj desesperón pues loca,jaja desesperar loca,@user jaja la desepera pues loca,jaj术ajaj术 deseperón pues loca
"Lo bueno de mi plan es que tienen Internet ilimitado en 3G y 4G, es ilimitado desde que lo contrate hace 5 años",2,"Lo bueno de mi plan es que tienen Internet ilimitado en 3G y 4G, es ilimitado desde que lo contrate hace 5 años.",bueno plan Internet 3G 4G ilimitado desde contrato,bueno plan Internet ilimitado 3G 4G desde contrato,"Lo boni de mi pln es q tenn intrnt ilimitad en 3g y 4g, es ilimitd desde q lo contre hace 5 aos.",buen plan internet 3g 4g ilimitado desde contrato
Me aso  santander estaba mejor,0,Me asomar santander estar mejor,Me aso santander,Me asomar Santander estar mejor,Me aso  santand estar mejor,Me aso sant andre
@user el viaje de ida fue largo y el bus incomodón. La vuelta en la Peri estuvo muy bien. Y con internet gratis por 20 minutos!,1,@user el viaje ser ir fue largo y el bus ser ir incomodón. La vuelta ser estar estuvo muy bien. Y con internet ser estar gratis por 20 minutos!,viaje fue largo bus incomodón vuelta Peri estuvo bien internet gratis minutos,@user viaje fue largo y bus incomodón. vuelta estuvo muy bien. internet gratis 20 minutos!,@user viaje via fue largo y el bus incomodon. La vuelta en la peri estuvo muy bien. Y con internet gratis por 20 minuto!,viaj larg bus incomod vuel per estb bien internet gratis minuto
Ser productora radiofónica es lo mejor de la vida,2,Ser producir radiofónica es lo mejor de la vida.,Ser productora radiofónica mejor vida,producir radiofónica mejor vida,Ser produtora radiónica es lo mejo de la vida.,Ser produtora radiofíca melhor vida
No salí el fin de semana porque hoy tenía examen y salgo del examen y nadie quiere ir por una torta chilena,0,No salir el fin de semana porque hoy tener examen y salir del examen y nadie querer ir por una torta chilena,salí fin de semana hoy tenía examen salgo examen nadie quiere ir torta chilena,salir fin semana tener examen salir examen nadie querer ir torta chilena,No sal el fin de semana porque hoy ten examen y sal del examen y nadie quier ir por una torta chilena,sal fin semana hoy ten exam salir examen nadie quieren ir torta chilena
Me he puesto a llorar en plena oficina porque no podía abrir mi bolsa de m&m's y no quería pedir ayuda para no tener que invitar,1,Me poner llorar en plena oficina porque no podía abrir mi bolsa de m&m y no quería pedir ayuda para no tener que invitar,he puesto llorar plena oficina porque could abrir bolsa m&m' quería pedir ayuda tener invitar,poner llorar plena oficina porque no podía abrir bolsa m&m y quería pedir ayuda tener invitar,Me he puesto a llorar en plena oficina porque no podía abrir mi bolsa de m&m y no quería pedir ayuda para no tener que invitar,he puesto llor plena oficina porque could abrir bols m&m quería pedir ayuda tener invitar
".@user en los #FF a ... por ser la persona más amable y cariñosa. Quiero achucharte  #TuitUtil... ponéis ""amable"" 2 veces",2,.@user en los #FF a ... por ser la persona más amplable y cariñosa. Quiero achuchar  #TuitUtil... ponéis amable 2 veces,".@user ser persona más cariñosa. Quiero achucharte  #TuitUtil ponéis ""amable"" 2 veces",.@user en #FF a ... ser persona amplable cariíosa Quiero achuchar #TuitUtil ponéis amar 2 veces,".@user en los #FF a... por ser la persona más amab y cariños. Quiero achucharte  #TuitUtil... ponéis ""amab"" 2 veces",.@user ser persona más cariñosa. Quiero achuchar-te  #TuitUtil ponéis amabl- 2 veces
"Entró una venezolana a trabajar en la empresa donde laboro. Me apena la crisis en su país, está bien jodido todo allá.",0,"Entrar una venezolana a trabajar en la empresa donde laborar. Me apenar la crisis en su país, estar bien jodido todo allá.","Entró venezolana trabajar empresa laboro. Me apena crisis país, bien jodido allá.","Entrar venezolana trabajar empresa laborar. Me apenar crisis país, bien jodido allá.","Entró una venezolana a trabaja en la empres where laboro. Me apea la crisi en su pais, está bien jodid todo allá.","Entrar venezolano trabaja empresa labor. Me apenar crisis país, bien jodido allí."
"@user tolerancia pilu, tolerancia siempre nadie es mejor o peor por la musica que escucha shaky shaky shaky shaky shaky",1,"@user tolerancia pilu, tolerancia siempre nadie es mejor o peor por la musica que escucha shaky shaky shaky shaky shaky",@user tolerancia pilu tolerancia musica escucha,@user tolerancia pilu tolerancia musica escucha,"@user tolerancia pilu, tolerancia siempre nadie es mejor o peor por la musica que escucha shaky shaky shaky shaky shaky",@user tolerancia pilu tolerancia musica escuch
@user la líder de las Gerudo? Podría ser aunque en bonito,2,@user la lider de las Gerudo? podria ser aunque en bonito,@user líder Gerudo Podría ser bonito,@user lider Gerudo podria ser bonito,@user lad gerudo podria ser a bonito,@user líder gerud podría ser bonit
@user lcp te da solo una galleta rellenita de 30 céntimos y un vasito de cifrut,0,@user lcp dar solamente una galleta rellena de 30 céntimo y un vaso de cifrur,te da sola galleta rellena 30 céntimos vasito cifrut,dar solamente una galleta rellena de 30 céntimo vaso cifrur,@user lcp da solamente una galleta rellena de 30 céntimo y un vaso de cifrút,te dar sola galleta rell 30 centim vasito cifrút
Algún alma caritativa me tiene que prestar el Pokemon,1,Alguna alma caritativa me tiene que prestar el Pokémon.,alma me tiene que prestar Pokemon,alma me tiene tiene Pokémon,Alguna alma caritativa me tenga que prestarel pokemón,alma me tiene que prestar pokemón
Sigamos siendo felices felices felices,2,Sigamos ser felices,Sigamos siendo felices,Sigamos felices,Sigamos siendo felic felic felic,Sigamos being feliz
@user @user Cuidado con lo que deseas  ¿No te acuerdas de lo pesados que fuimos cuando sacamos la primera parte?,0,@cuidar @desear cuidado acordar pesado ser,Cuidado deseas pesados sacamos primera parte,@cuidar @desiar acordar pesado,@cuidar desear pesar acordar,Cuidado dese pes primera parte
Echo de menos las barras libres del Tángara.. aunque después tuviera las resacas del siglo,1,Echo de men ir barras libre tener resaca siglo,Echo menos barras libres Tángara aunque después resacas siglo,ir libre tener resaca,Echo de men bar libr del tangar.. aunqu despu tuviera las rescad del sigl.,Echo men libres barras tángara aunque después resaca siglo
Pocas maneras mejores se me ocurren para empezar una semana...  http,2, pocas manera mejor se me ocurren para empezar una semana..., pocas maneras mejores se me ocurren para empezar una semana...,pocasmanerameocurrenpromaneraempezarsemana, pocas maner mejor se me ocurren para empec una semana...  http,poc maner mejor se me ocurren para empec una semana...
@user se que no me vas a leer pero si pudieras decirme a que hora coges el ave a mañana me harias muy feliz. No he podido verte hoy,0,@user saber que no me vas a leer pero si pudieras decirme a que hora coges el ave mañana me harias muy feliz. No he podido verte hoy.,@c user que vas a leer si pudieras decirme a que hora coges el ave mañana me harias feliz he podido verte hoy,saber que me vas leer decirme hora coges ave mañana me harias feliz. he visto hoy.,@user sé que no me vas a leer pero si pudierais decirme a qué hora coges el av a mañaña me harías muy feliz. No he podido verte hoy,@c user que vas a leer si pudieras decirme a que hora coges el av mañana me harias feliz he podi verte hoy
@user jajaja ya sabes que las canciones hablan mucho de cosas ficticias,1,@user jaja ya saber que la cancion hablar mucho de cosa ficticia,@canciones hablan cosas ficticias,@user jaja saber cancion hablar cosa ficticia,@user jajaja ya sabes que las cancion hablan mucho de cosas ficticia,@cancion habl cosas ficticio
#postrecito para endulzarme un poquito,2,#postre endulzarme un poquito,postrecito endulzarme poquito,endulzarme poquito,#postrecito para endulzarme un poco,postre endulzar poquito
"@user Pues yo no me crei esa expulsion, me parecio otro tongo como la de Ares, los dos mayores robados de aquella temporada",0,"@user pues yo no me creí esa expulsión, me parecí otro tongo como la de Ares, los dos mayores robados de aquella temporada.",@user expulsion parecio tongo Ares robados temporada,pues expulsión parecí tongo Ares robados temporada,"@user pues yo no me crei esa expulsion, me parecio otro tongo como la de ares, los dos mayores robados de aquella temporada",@user expuls parec tongo ares rob tempora
"@user ya ahí si no sabría decirte generalmente siempre hace sol temprano, se llega a poner nublado es como luego de las 3pm.",1,"@user ya ahí si no sabría decirte generalmente siempre hace sol temprano, se llega a poner nublado es como luego de las 3pm.",ya ahí si sabría decirte generalmente siempre hace sol temprano se llega poner nublado es luego 3pm.,ya ahí si sabría decirte generalmente siempre hace sol temprano se llega poner nublado es luego 3pm.,"@user ya alli si no sabria decirte generalmente siempre hace sol temprano, se llega a poner nublado es como luego de las 3pm.",ya ahí si sabrías dicí generalmente siempr hace sol tempran se llega pon nublado es ló 3pm.
"@user sin animo de ofender a las focas, que son lo mas mejor de este mundo",2,"@user sin animo de ofender a las foca, que son lo mas mejor de este mundo.",@user focas que mas mejor este mundo,@user foca lo mas mejor mundo,"@user sin animo de ofender a las foca, que son lo mas mejor de este mundo",@user foca que mas mejor este mundo
Me siento estafada con la hamburguesa pensé que era de pollo pero de pollo con pavo 🦃 #nomegusta,0,"Me sentir estar, estafa estar, hamburguesa estar, pensar ser, pollo estar, pollo estar",siento estafada hamburguesa pensé que era de pollo pero de pollo pavo 🦃 #nomegusta,"sentir, estafa, hamburguesa, pensar, pollo, pollo",Me siento estafad pollo pero pollo pavo 🦃 #nomegusta,senti estafad hamburguesa pens que era de poll pero de poll pav 🦃 #nom gust
"@user @user Alguien sabrá, alguien en ese extraño lugar que es el futuro. Esto es una empresa para la humanidad",1,"@user @user Alguien saber, alguien en ese extraño lugar que ser el futuro. Esto es una empresa para la humanidad.",Alguien sabrá alguien futuro Esto empresa humanidad,Alguien saber ser el futuro Esto empresa humanidad,"@user @user Alguin saber, alguien en ese extrañ lugar que es el futur. Esto es una empresa para la humanidad",alguien saber futuro esto empresa humanidad
En comentarios: - Que linda. - Graciaaas. ¡¡Te extraño!! Tenemos que vernos de todas. Por FBC - ¡Hola! - *Visto a las...*,2,En comentario: - Que linda. - Gracias. Te extraño. Tenemos que vernos de todas. Por FBC - ¡Hola! - *Visto a las...*.,Que linda. Graciaaas. Te extraño. Tenemos que vernos de todas. ¡Hola! Visto a las...,Comentario: Lindo Gracias Extraño Vemos FBC Hola Visto,En comenzo: - Que lind. - Grac. ¡¡Te extrai!! Tenemos que ver de tod. Por FBC - ¡Hola! - *Visto a las...*,Que Lind. Grac. Te Extrañ. Tenemos Que Ver De Tod. ¡Hol! Vist A Las....
@user LO vi !! lamentable realidad,0,LO ver!! lamentable realidad,vi lamentable realidad,ver lamentable realidad,@user lo vi!! lamentabl realidad,v lamentabl realid
"@user ya pss quiero ver juego , aguita pa ti!!!",1,"@user ya pas want see juego, aguita pa ti!!!",quer ver juego aguita pa ti,@user pas want see juego aguita pa ti,"@user ya pas quiero ver juego, aguita pa ti!!!",quer ver juego aguita pa ti
"@user gracias, guapa!! menuda promoción me haces!! eres un sol",2,"@user gracias, guapo!! hacer promoción!! ser sol","gracias, guapa!! promoción haces!! sol",gracias guapo!! hacer promoción!!,"@user gracas, guapa!! menud promocin me haces!! es un sol","gracias, guapa!! promocion haces!! sol"
"@user y me dices cual es  Maldita gentuza envidiosa, que dejen de denunciar sin sentido ¬¬",0,"@user y te digo cual es maldita gentuza envidiosa, que dejen de denunciar sin sentido",@user dices cual es Maldita gentuza envidiosa dejen denunciar sentido,@user digo cual es maldita envidiosa dejen de denunciar sentido,"@user y me dices cual es  maldita gentuza envidiosa, que dejen de denunciar sin sentido ¬¬",@user dice cual es maldita gentuza envida denunciar sentido
@user Pero a veces también pongo cara de simpático,1,@user pero a veces también poner cara de simpatético,@a veces también cara simpático,@user a veces también poner cara de simpatético,@user per a vez tam bi car de simp,@veces también car simpátic
"@user @user ¡gracias por el saludo! Jonasito está calentando la voz para entonar el ""feliz cumpleaños"" a lo Wagner",2,@user @user gracias por el saludo! jonasito estar calentar la voz para entonar el feliz cumpleaños a lo wagner,¡gracias por saludo! Jonasito está calentando voz para entonar felices cumpleaños Wagner,gracias saludo jonasito calentar voz entonar feliz cumpleaños wagner,@user @user ¡gracias por el saludo! jonas calentando voz para entonar felic cumpleaños a lo wagner,¡gracias por salud! jonas está calent voz para enton felic cumple wagner
Que este año se verá el desánimo del  soberanismo ha dicho Arrimadas. Casi 400.000 inscritos + cientos de miles x libre.  Desánimo.,0,Qué este año se verá el desánimo del soberanismo ha dicho Arrimadas. Casi 400.000 inscrito + cientos de miles x libre. Desánimo.,este año verá desánimo soberanismo Arrimadas 400.000 inscritos cientos miles libre,este año verá desánimo soberanismo ha dicho Arrimadas Casi 400.000 inscrito cientos miles libre desánimo,Que este año se verá el desánimo del soberanismo ha dicho Arrimadas. Casi 400.000 inscrito + cientos de miles x libre. Desánimo.,este año ver desánimo soberanismo arrimada ciento libre
"@user @user Los de estos últimos 2 años son muy bonitos y no tyengo ninguno   Diego, podrías traerme algunos, ¿no?",1,"@user @user los de estos último año ser muy bonito y no tengo ninguno Diego, podras traerme algunos, no?",@user @user años bonitos tyengo Diego traerme,@user @user año bonito tengo Diego podras traerme algunos no,"@user @user los de estos último 2 año son muy bonito y no tengo ninguno diego, podri traerme algunos, ¿no?",@user @user año bonito tyengo Diego traerme
"@user En Castalla (Alicante) muy oportunamente, a primeros de mes celebran sus fiestas de Moros i Cristians i todos están de fiesta!",2,"@user En Castalla (Alicante) muy oportunamente, a principios de se celebran sus fiestas de Moro y Cristiano y todos están de fiesta!",En Castalla Alicante celebran fiestas Moros i Cristians todos están fiesta,En Castalla Alicante opportunamente principios celebran fiestas Moro Cristiano todos están fiesta!,"@user En Castalla (Alicante) muy oportunamente, a primeros de mes celebran sus fiestas de Moros i Cristians i todos estn de fiesta!",En Castalla Alicante celebran fiestas moro y cristian fiesta
"@user yo puedo cambiar de opinión, de cara es más difícil, porque vale una pasta.",0,"yo poder cambiar opinión, cara ser difícil, porque valer pasta.",puedo cambiar opinión cara difícil vale pasta,poder cambiar opinión cara ser difícil porque valer pasta,"@user yo puec cambia de opin, de cara es mas díficil, porque vale una pasta.",pued cambio opinio cara dificil val pasta
@user hola   ¿me podrían seguir para hacer una consulta por Mensaje Directo? Muchas gracias,1,@user hola   me podrían seguir para hacer una consulta por mensaje directo? muchas gracias,@user hola me podrían seguir para hacer una consulta por Mensaje Directo Mucha gracias,@user hola seguir consulta mensaje directo muchas gracias,@user hola   ¿te podrian seguir para hacer una consulta por Mensaje Directo? muchas gracias,@user hola me podrian seguir para hacer una consulta por mensaje directo mucha gracias
Pero bueno es Año Nuevo y tengo que transmitir buena vibra ¡Feliz año!,2,Pero bueno ser Año Nuevo y tener que transmitir buena vibrar ¡Feliz año!,Pero bueno Año Nuevo tengo transmitir buena vibra ¡Feliz año!,Pero bueno Año Nuevo transmitir buena vibrar Feliz año!,Pero bueno es Año Nuevo y tengo que transmitir buena vibra ¡Feliz a!,Pero bueno año nuevo tengo transmitir buena vibra ¡feliz año!
@user pues si. Pero por lo menos podrían ser actores  puestos a hacer el paripe. Que sean profesionales,0,@user pues si. Pero por lo menos podrían ser actor puestos a hacer el paripe. Que sean profesional.,@user si Pero menos podrían actores puestos hacer paripe Que sean profesionales,@user si Pero menos podrían actor puestos hacer paripe Que sean profesional,@user pues si. pero por lo menos podrían ser actor puestos a hacer parip. que sean profesional,@user si pero menos podrían actor puestos hacer paripe que sean profesional
"!! Yo solía amarla,Yo sabía que la echaría de menos !! #GNR   Empezando El Dia Griss",1,"Yo seguir amarla,Yo saber que echar de menos! Empezar el día Griss",Yo solía amarla sabía que echaría menos #GNR   Empezando El Dia Griss,"seguir amarla,saber echar menos! empezar día Griss","Yo solí amarla,Yo sabí que la echí de menso!! #GNR   Empenando El Día Gris",Yo solía amarla sabía que echaría menos #GNR   Empenando El Día Gris
"@user ¿eliminada? Nooo, no la han eliminado. Pasó a la semifinal el otro día",2,"@user ¿eliminar? Nooo, no la han eliminar. Pasar a la semifinal el otro día.",@user ¿eliminada? No la han eliminado. Pasó semifinal otro día,@user eliminar No la han eliminar Pasar semifinal otro día,"@user ¿eliminad? Nooo, no la han eliminad. Pasó a la semifinal el otro dí.",@user ¿eliminad? No la han eliminad. Pas semifinal otro dí.
@user era más cantoso en returns la carga religiosa,0,@user fue más cantor en return la carga religiosa,@más cantoso en returns la carga religiosa,fue más cantor en return carga religiosa,@user era mas cantos en return la religio,@mas cantos en return la carga religiosa
Pasa la noche conmigo bonita y quédate mañana todo el día,1,"pasar noche, estar conmigo, ser bonita, y estar mañana, todo el día",Pasa noche conmigo bonita quédate mañana todo día,"pasar noche, estar conmigo, ser bonita, mañana, todo día",Pas boniiquiim y quédat mañ toda díi.,pas noche conmigo bonita quédat mañana todo día
@user los trabajos de ese curso son bonitos. ¿Qué tiene q hacer?,2,@user los trabajo de ese curso ser bonito. ¿Qué tiene q hacer?,trabajos curso bonitos ¿Qué tiene hacer?,@user trabajo curso bonito ¿Qué hacer?,@user trabajo curso bonito. qué tiene hacer.,trabajar curso boni ¿qué tener hacer?
@user Yo he citado varias veces a Heidegger en tuíter y me meto contigo,0,Yo citar Heidegger tuiter meto contigo,@user he citado veces Heidegger tuíter me meto contigo,citar Heidegger tuiter meto contigo,@user Yo he citado varia vez a Heidegger en tuiter y me meto con ti,@user ci citado veces Heidegger tuiter me meto contigo
@user  sumo a los que tuviera yo a eso ^-^,1,@user  sumar a los tener yo a eso ^-^,sumo a los tuviera a eso,sumar tener eso ^-^,@user  sumo a los que tuviera yo a eso ^-^,sumo a los tuviera a eso
Vamos @user !  Un esfuerzo esta segunda parte  y a ver si con la victoria @user os deja un rato en la feria de Albacete,2,Vamos!  un esfuerzo esta segunda parte  y a ver si con la victoria os deja un rato en la feria de Albacete,Vamos @user! Un esfuerzo esta segunda parte y a ver si con la victoria @user os deja un rato en la feria Albacete.,Vamos! esfuerzo segunda parte ver victoria deja rato feria Albacete,Vamos @user!  esfuerzo esta segunda parte  y a ver si con la victoria @user os deja un rato en la feria de Albacete,Vamos @user! Un esfuerz esta segund par y a ver si con la victor @user os dej un rato en la fer Albacete.
@user no fui al último concierto pq nadie me quería acompañar,0,@user no fui al último conciiente pq nadie me quería acompañar,@user último concierto pq nadie me quería acompañar,@user último conciiente,@user no fuí al último conciirno pq nadie me quería accompaimar,@user último concierto pq nadie me quiera acompañar
Esta tarde me compro el primer libro de Biblioteca Mitológica que sólo cuesta 2€. Ya los demás no que son casi 10€,1,Esta tarde me compro el primer libro de biblioteca mitológica que sólo cuesta 2€. Ya los demás no que son casi 10€.,compro primer libro Biblioteca Mitológica cuesta € otros son casi €,compro primer libro biblioteca mitológica cuesta euros demás casi euros,Esta tard compro el primer lib de Bibl Mitol que són 2€. Ya los dsmes no són casi 10€.,compr primer libr bibliot mitol cuest € otros son casi €
"@user ahh, por lo menos. Es que si me decia Alicia o Emilia la mandaba a dar por perdido porel curso. ¡RELAJESE! NO SE VA QUEDAR.",2,"@user ahh, por lo menos. Es que si me decía Alicia o Emilia la mandaba a dar por perdido por el curso. ¡RELAJÉSE! NO SE VA QUEDAR.","@user ahh, por lo menos. si me decía Alicia o Emilia la mandaba a dar por perdido curso. RELAJSE! SE VA QUEDAR.","ahh, RELAJÉSE! SE VA QUEDAR.","@user ahh, por lo menos. es que si me decia Alicia o Emilia la mandaba a dar por perdido porel curso. RELAJSE NO SE VA QUEDAR.","@user ahh, por lo menos. si me decía aliciem emilicem la mandaba a dar por perdido curso. relajse! se va quedarc."
"Madrid está lleno de comida y crushes, no me llevéis de aquí",0,"Madrid estar lleno de comida y crush, no me llevéis de aquí",Madrid lleno comida crushes me llevéis aquí,Madrid lleno comida crush me llevéis aquí,"Madrid está lleno de comid y crush, no me llev dé aquí",Madrid lleno comida crushes me llevés aquí
"Hoy ha sido un día duro, y me he pillado un dedo con una puerta y me duele mucho  pero se me pasa sabiendo que mañana veo a @user 💚💚",1,"Hoy haber sido un día duro, y me he pillado un dedo con una puerta y me duele mucho pero se me pasa sabiendo que mañana veo a @user 💚💚","Hoy sido día duro, pillado dedo puerta, duele mucho sabiendo que mañana veo user ❤️❤️","Hoy sido día duro, me he pillado dedo con puerta, duele mucho, sabiendo que mañana veo user 💚💚","Hoy ha sido un dí duro, y me he pillado un dí con una púrta y me dui mucho pero se me pas sabiendo que ma visto a @user 💚💚","Hoy sido día duro, pillad dedo puert, duel mucho sabi que mañ veo user ❤️❤️"
"#Guerrero es, de leeejos, la mejor película comercial que ha lanzado @user hasta hoy. Lo cual no será decir mucho, pero es lo que es",2,"#Guerrero ser, de lejos, la mejor película comercial que ha lanzado user hasta hoy. Lo cual no será decir mucho, pero es lo que es.","#Guerrero la mejor película comercial que ha lanzado @user hasta hoy. Lo cual no será decir mucho, pero es lo que es.",#Guerrero mejor película comercial lanzado hasta hoy Lo cual no será decir mucho es lo que es,"#Guerre es, de leeejos, la mejo peli cu commercial que ha lanza hasta hoy. Lo cual no sera decir mucho, pero es lo que es.","#Guerrero la mejo pelicula comercial que ha lanza @user hasta hoy. Lo cual no sera decir mucho, pero es lo que es."
@user sigo sin acostumbrarme a su nueva boca/dientes,0,@user seguir sin acostumbrarme a su nuevo boca/diente,sigo nuevo boca dientes,seguir nuevo boca/diente,@user sigo sin acostumbrarme a su nueva boca/diente,sigue nuevo boca diente
@user el nuevo Dr Vet @user ayudeme mi perrita no acepta a un cachorro que le hemos dado temporal que hago?,1,@user el nuevo Dr Vet @user ayudame mi perrita no acepta a un cachorro que le hemos dado temporal que hago?,@user nuevo Dr Vet @user ayudeme perrita acepta cachorro hemos dado temporal que hago?,@user nuevo Dr Vet @user ayudame perrita acepta cachorro le hemos dado temporal que hago?,@user nuev dr vet @user ayuda mi perrita no acepta a un cachorro que le hemos dado tempor que hago?,@user nuevo dr vet @user ayudame perrita acepta cachorro hemos dado temporal que hago?
"@user y también #ciudadochicos  muchísimas gracias jajajaj pero aún queda  muchísimo, solo he adelgazado y aumentado músculo ;",2,@user y también ciudado chicos muchísimo gracias jaja pero aún queda mucho solo he adelgazado y aumentado músculo ;,"@user también ciudadochicos gracias jajajaj aún queda mucho, solo he adelgazado y aumentado músculo ;",@user también cuidado chicos gracias jaja aún queda mucho he adelgazado aumentado músculo,"@user y también #ciudadochicos  muchísima graxias jajajaj pero aún qeda  muchís, solo he adelgazado y aumentado músculó ;","@user también cuidado chicos gracias jaja aún queda mucho, solo he adelgazado y aumentado músculo ;"
"Mario Bros cruzó 200 mundos, mató a 4000 enemigos sólo para ver a su princesa y tú no eres capaz de mandarle un jodido mensaje.-.- idiota",0,"Mario cruzar 200 mundo, matar 4000 enemigo sólo para ver princesa y tú no ser capaz de mandar mensaje.-.- idiota","Mario Bros cruzó mundos, mató enemigos para ver princesa y tú no eres capaz de mandar mensaje.-.- idiota","Mario cruzar mundo, matar enemigo para ver princesa y tú no ser capaz de mandar mensaje.-.- idiota","Mario Bros cruz 200 mundo, mat 4000 enemigo sólo para ver a su princesa y tú no eres cap de mandarle un jodido mensaje.-.- idiota","Mario bros cruc mundos, mat enemigos para ver prins y tú no es cap mand mess.-.- idiota"
@user @user no sabia que eran pareja.,1,@user @user no sabía que fueran pareja.,@sabiapareja,@sabíapareja,@user @user no sabi que eran par.,@sabiapareja
Es grandioso conocer a personas maravillosas como ustedes @user @user se quedan en el corazón de las que las conocen.,2,Es granioso conocer a persona maravilloso como ustedes estar quedar en el corazón de la quien las conocer.,conocer personas maravillosas @user @user quedan corazón conocen,granioso conocer persona maravilloso ustedes estar quedar corazón quien conocer.,Es grandios conhecer perso maravilhas como vós @user @user se queden no corazón de quiñas as conhecen.,conoc perso maravill quedar corazon conocer
"@user ¡los médicos siempre te dicen cosas horribles, citizen!",0,"@user ¡medic decir cosa horrible, ciudadano!",@user médicos te cosas horribles citizen,¡medic decir cosa horrible ciudadano!,"@user ¡medic always te dicen cosas horribles, citi!",@user medic horribles citizen
"Y Dalia, si ve esto cómase un moco ahno mentira pero es que es muy linda y... me entiende??",1,"Y Dalia, si ve esto coma moco ahno mentira pero es que es muy linda y... me entiende??","Dalia, si ve esto cómese moco mentira pero es que muy linda me entiende?","Dalia, si ve esto como moco ahno mentira pero es que muy linda y me entiende?",Y dalia si ve esto comese un moco an mentira pero es que es muy lind y me entienda,"Dalia, si ve esto comese mucoso mentira pero es que muy linda me entienda?"
@user y yo hemos perdido el bus por segunda vez la vida nos sonríe,2,@user y yo hemos perder la vida nos sonreír,hemos perdido bus segunda vida sonríe,hemos perder vida sonreír,@user y yo hemos perdir la bus por segunda vez la vida nos sonríe,hemos perdido bus segund sonriere
@user Yo a veces hecho de menos mi pelo largo por eso mismo entre otras cosas,0,Yo a veces he hecho de menos mi pelo largo por eso mismo entre otras cosas,@user veces hecho menos pelo largo,he hecho menos pelo largo eso mismo otras cosas,@user yo a veces hecha de menos mi pelo largo por eso mismo entre otras cosas,@user vez hecho menos pelo largo
@user ¿en serio? :0 aprendo gracias a un sitio que una amiga me recomendó y ahora estoy viendo unos videos,1,@user ¿en ser? :0 aprendo gracias a un sitio que una amiga me recomendó y ahora estoy viendo unos videos.,¿en serio? aprendo gracias sitio que amiga me recomendó y ahora viendo unos videos,¿en ser? :0 aprendo gracias sitio que amiga me recomendó ahora viendo unos videos.,@user ¿serio? :0 aprendo gracias a un sitio que una amiga me recomendó y ahora estoy viendo unos videos,¿en serio? apredo gracas sitio que amig me recomendó y ahor viendo uns videos
#Volverdevacaciones es menos duro cuando la oficina es como una vuelta a casa  @user,2,#volver a vacaciones ser menos duro cuando la oficina ser como una vuelta a casa @user,#Volverdevacaciones duro oficina vuelta casa,#volvervacacionessermenosdurocuandalaoficinasercomounavueltatacashtauser,#Volverdevacaciones es men duror cuan la oficin es coma una vuelta a cas @user,#Volverdevacaciones dur vuelta casa
La figura de magearna se esta retrasando un poco  Es raro en ese vendedor  aunque normalmente le pido un pack grande,0,La figura de magenera se está retrasando un poco Es raro en ese vendedor a pesar de que normalmente le pido un pack grande,magearna retrasando poco raro vendedor normalmente pack grande,figura magenera retrasando raro vendedor normalmente pack grande,La figu mageerna se esta retrasand un poco  Es raro en ese vendior  aunque normalmente le pido un pack gran,magearn retardando poco rar vended normalmente pack gran
Feliz Cumpleaños @user ! Te deseo los mayores éxitos muchacho! . @user un par de chelas heladas parfavar!,1,Feliz Cumpleaños @user! Te deseo el mayor éxito muchacho!. @user un par de chela helada para favor!,Feliz Cumpleaños Te deseo los mayores éxitos muchacho! un par de chelas heladas parfavar!,Feliz Cumpleaños! Te deseo el mayor éxito muchacho! un par de chela helada para favor!,Feliz Cumpleaños @user! Te dese los may exit muchacho!. @user un par de chel helad parfav!,Feliz Cumpleaños Te dese los maye exito muchach! un par de chel helad parfav!
@user @user @user Sí! Yo creo que vamos a acabar muuuuuuuuy contentas,2,@sí yo creI que vaMOS a acabar muy content aR,S! creamos content as,@ sí creI que vaMOS acabar content aR,@user @user @user Sí! Yo creo que vamos a acabar muuuuuuuuy content aسد,! creamos contens as
"@user Entonces eres persona y sufres este calor   Intenta dormir más fresquita o más horas, si puedes",0,"@user entonces ser persona y sufres este calor intenta dormir más fresquita o más horas, si puedes",@user entonces persona sufres calor intenta dormir fresquita horas puedes,entonces ser persona sufres calor intenta dormir fresquita horas,"@user entonces ser persona y sufri este calor   intet dormir mas fresquita o mas horas, si pue",@user entonces persona sufrs calor intenta dormir fresqu horas pudes
"@user y me responde, a no gracias estoy a dieta jjajajajaja",1,"@user y yo respondo, a no gracias estar a dieta jjajajajaja",@user responde agra dieta jjajajajaja,@user respondo gracias dieta jjajajajaja,"@user y me responde, a no graci estar estu dieta jjajajajaja",@user responde agra dieta jajaja
"No estaba muerte, andaba de parranda! Jejeje",2,"No estar muerto, andar de parranda! Jejeje.","estaba muerte, andaba parranda!",andar de parranda!,"No estab muert, and de parrand! Jejeje","estaba muer, and parranda!"
"@user Lo del podio para darle el premio es más cómico que la diferencia de altura, que la tenemos todos",0,@user lo del podio para dar el premio es mas comun que la diferencia de altura que la tenemos todos,Lo del podio premio más cómico diferencia altura tenemos todos,lo podio dar premio es mas comun diferencia altura tenemos,@user lo del podio para darle el premio es mas comi que la diferencia de altura que la tenemos todos,Lo podio premio cómico diferencia altura tener todos
Peeeeeero que necesidad hay para que tanto problema. JAJAJA,1, Pero qué necesidad hay para tantos problemas. jajaja.,que necesidad hay para tanto problema,qué necesidad tantos problemas jajaja, Pero que necesid hay para que tan problem. JAJAJA,que necesit necesidad hay para tan problem problema
"@user si si, prendieron fuego !! La única que me sabía la cantaron cuando estaba haciendo fila en el baño 1 gusto conocerte!!",2,"@user si si, prender fuego!! La única que me sabía la cantaron cuando estaba haciendo fila en el bañar 1 gusto conocerte!!",prendieron fuego cantaron haciendo fila baño gusto conocerte,@user prendi fuego gustar conocerte,"@user si si, prendi fueg!! la únic que me sab la cantaron cuando estab haciendo fil en el ba 1 gust conoci!!.",prendi fueg cantaron hech fila bañ gust conocid
@user Si no te explicas algo mejor...  @user @user @user,0,Si no te explicas algo mejor...,Si te explicas algo mejor...,Si te explicas algo mejor...,@user si no te explica algo mejor...  @user @user @user,Si te explicas algo mejor...
"@user mas o menos me pasa igual, salgo de Liberia a las 4:30 y llego tipo 10 a descansar",1,"@user más o menos me pasa igual, salgo de Liberia a las 4:30 y llego tipo 10 a descansar","me pasa igual, salgo Liberia 4:30 llego tipo 10 descansar",más igual salgo Liberia 4:30 llego tipo 10 descansar,"@user mas o menos me pas igual, sal de Libr a las 4:30 y lleg tipo 10 a descans","me pas igual, sal Liber 4:30 lleg tipo 10 descans"
Si todo va bien mañana habrá nuevo vídeo en mi canal  http,2,Si todo va bien mañana habrá nuevo video en mi canal,todo va nuevo vídeo canal,todo va nuevo video canal,Si todo va bien mañan habr nuevo vidio en mi canal,todo va nuevo vídeo canal
"@user  solo una pregunta, ¿vuestro parlamento son monos sentados en ramas de árboles?",0,"@user solo una pregunta, vuestro parlamento ser monos sentar arbol ramra.",@solo pregunta vuestro parlamento son monos sentados en ramas de árboles,@solo pregunta parlamento monos sentar arbol ramra.,@user solo una quest una vuestro parl parl son mono sentado en ram ram de arbol arbol,@solo pregunt parlament son mono sentad en rama de arbol
Es bueno aclarar las cosas,1,Es buen aclarar las cosas.,bueno aclarar cosas,buen aclarar cosas,Es buENO aclaraR,buen aclarar cosa
"@user Muchísimas gracias por compartir mi post, me alegra que te haya gustado",2,"@user muchísimo gracia compartir post, alegría gustar",gracias compartiendo post alegra gustado,"gracia compartir post, alegría gustar","@user muchisima gracia por comparti mi post, me alegra que te haya gustat",gracias comparti post alegr gust
no sabía que ya habían dado Pétalos en el viento en la tele  ahora voy a tener que ver la tercera del tirón tf,0,no saber que dar petalo en el viento en la tele ahora ir ver la tercera del tirón tener,sabía dado Pétalos viento tele voy tener ver tercera tirón,saber dar petalo viento tele ahora ver tercera tirón tener,no sabi petalo tele ahora voy a tener que ver la terc del tirn,saber dar pétalo viento tele tener ver tercero tirar
"@user Mandale un saludito a Jonathan Duarte que esta en el hospital pasandola mal con una operacion, y solo ver tu videos",1,"@user mande un saludito a jonathan duarte que esta en el hospital pasando mal con una operacion, y solo ver tus videos",Mandale saludito Jonathan Duarte hospital pasandola mal operacion solo ver videos,@user jonathan duarte hospital operacion videos,@user mandal saludo jonathan duarte que est en el hospital pasand mal con una oper y solo ver tu video,Mandar salud Jonathan Duart hospital pasand mal oper solo ver video
¡Gracias a ti @user! Que tengas una buena tarde  #FelizLunes,2,¡gracias a ti @user! que teng ten una buena tarde  #felizlunes,¡Gracias @user! que teng una buena tarde #FelizLunes,gracias teng buena tarde felizlunes,¡gracias a ti @user! que ten has una buena tard #felizlun,"¡grac, @user! que teng una buen tard #feliclión"
¿lo más gracioso? que si no defiendes/apoyas/eres activista del feminismo pues ya eres un machista opresor,0,¿lo más gracioso? que si no defendes/apoyas/eres activista del feminismo pues ya eres un machista opresor,lo más gracioso que si defiendes apoyas eres activista del feminismo ya eres machista opresor,lo más gracioso que si defiendes/apoyas/eres activista del feminismo ya no eres machista opresor,¿lo más gracios? que si no defiendes/apoyas/eres activis feminismo pues ya eres un machis opresor,lo más gracios que si defend apoy eres activ femini ya eres mach opresor
y no es así es así  ay perdona  y AAAAA NO ME HAS INSULTADO POR CORREGIRTE DAME UN ABRAZO PORFA,1,y no es ser es ser  ay perdona  y AAAAA no me has insultado por corregirte da un abrazo porfa,es así  ay perdona  AAAAA ME HAS INSULTADO POR CORREGIRTE DAME UN ABRAZO PORFA,es ha insultado corregirte da abrazo,y no es así es así  ay perdona  y AAAA NO ME HAS INSULTADO POR CORREGIRTE DAME UN ABRAZO PORFA,es así  ay perdona  ME INSULTADO POR CORRIGIERTE DA UN ABRAZO PORFA
@user es muy bueno! jajaja han caido risas y está genialmente explicado,2,@user ser muy bueno! jajaja han caído risa y está genialmente explicado,bueno risas explicado,¡han caído risa y está genialmente explicado!,@user es muy buenas! jajaja han caido risa y está genialmente explicado,buen ris explica
"Ya se porque me va mal en el amor, todo fue por no darle pelota a mi compañera que estuvo enamorada de mi desde primer grado hasta octavo",0,"Ya sé porque me va mal en el amor, todo fue por no darle pelota a mi compañera que estuvo enamorada de mi desde primer grado hasta octavo.",se porque me va mal en el amor todo fue por darle pelota a mi compañera que estuvo enamorada de mi desde primer grado hasta octavo,"sé porque me va mal en el amor, todo fue por no darle pelota a mi compañera que estuvo enamorada de mi desde primer grado hasta octavo.","Ya sea por pell, todo fue por no darle pel a mi com pa r que esti enamor da de mi desde primer grado hasta octavo",se pq me va mal en el amor todo fue por darle pelota a mi compa que estuvo enamorada de mi desde primer grado hasta octavo
"a mí me dicen ven a mi casa a las 2 y lo multiplico por 4, nos vemos a las 8, papu",1,"a mí me dicen venir a mi casa a las 2 y lo multiplico por 4, nos vemos a las 8, papu",me dicen ven casa las y lo multiplico por nos vemos las papu,me dicen venir casa las multiplico por nos vemos las papu,"a mí me dicen ven a mi cas a las 2 y lo multiplico por 4, nos vemos a las 8, papu",me digo ven cas las y lo multiplic por nos vemos las papu
Me hacen feliz estos momentos,2,Me hacer feliz este momento,Me hacen feliz estos momentos.,hacer feliz momento,Me hac felic este moment,Me haz felic este moment.
"Momento #emprendedores en el Congreso de los Diputados ahora mismo. Siempre se cita a las startups, no a los innovadores sociales",0,"Momento #emprender en el congreso de los diputados ahora mismo. Siempre se cita a las startup, no a los innovador social.",#emprendedores Congreso Diputados startups innovadores sociales,#emprender congreso diputados startup innovador social,"Momento #emprendedor en el Congreso de los Diputados ahora mismo. Siempre se cita a las startupa, no a los innovador social.",#emprendedor Congreso Diputados startup innovador social
"@user. ""Precaución amigo conductor que la senda es peligrosa...."". Lo importante es llegar.",1,"@user. ""cuidado amigo conducir que la senda es peligroso...."". lo importante es llegar.","@user. ""amigo conductor senda peligrosa"". importante llegar.",cuidado amigo conducir peligroso llegar,"@user. ""precauci amigo condutor que la senda es peligrosa...."". lo importa es llega.","@user. ""amigo conduci peligrosa"". importan llegi."
@user gracias! Era necesario jaja,2,@user gracias! era necesario jaja,gracias Era necesario jaja,gracias necesario jaja,@user gracas! era necesari jaja,gracias era necesari jaja
"@user No me marca a cuantos sig ni me deja seguir a nadie, espero que sea algo temporal y se arregle pronto",0,@user no marcar siguió ni dejar seguir espero ser algo temporal y arreglarse pronto,@user me marca cuantos sig deja seguir espero que sea algo temporal se arregle pronto,marcar siguió dejar seguir espero algo temporal arreglarse pronto,"@user no me marca a cuan sig ni me deje seguir a nadie, espero que sea algo temp y se arregle pront",@user me marcan cuantos sig dej seg espero que sea algo temp se arregle pront
Tengo ganas de decir una frase políticamente incorrecta: Hoy es... viernes niiiguiii!!!! #blackfriday,1,Tener ganas decir frase política incorrecta: Hoy ser: viernes nigui!!!!! #blackfriday,Tengo ganas decir frase política incorrecta Hoy viernes niiiguiii!!!! #blackfriday,Tener ganas decir frase política incorrecta Hoy viernes nigui,Tengo gan can de decir una frase políticamente incorrecta: Ho es... viern niiguiii!!!!! #blacfrid,Tengo gan can decir frase politic incorrect hoy viern niiiguiii!!!! #blackfriday
¡Buenos días! Vuelta al trabajo con una de mis asignaturas preferidas. ¿Empezamos?  #Oposalud… http,2,¡buen día! vuelta al trabajo con una de mis asignatura preferida. ¿empecemos? #opsalud,Buenos días asignaturas preferidas Empezamos Oposalud,buen día vuelta trabajo asignatura preferida empecemos #opsalud,¡buen! vuelta al trabajo con una de mis asign preferida. ¿empec?!  #opsalud… http,Buen día asign prefer Empec Osop
Qué jodido es ser del @user hoy,0,qué ser del @user hoy, Qué jodido ser del,qué del @user hoy,Qué jodid es ser del @user hoy,Qué jodid ser del
@user @user @user @user Yo creo que el consumo cerebral es inversamente proporcional a su uso,1,Yo creer el consumo cerebro ser inversamente proporcional a su usar,creo consumo cerebral inversamente proporcional uso,creer consumo cerebro inversamente proporcional usar,@user @user @user @user yo crei que el consum cerebr es invers proporcional a su us,creo consumi inversamente proporcional us
"@user Pero es una alegría ver toda la gente que ha salido en defensa de los clásicos y la cultura, estoy gratamente sorprendida",2,"Pero ser una alegría ver toda la gente que ha salido en defensa de el clásico y la cultura, estar gratamente sorprendida.","Pero alegría ver gente ha salido en defensa clásicos cultura, estoy gratamente sorprendida",ser alegría ver gente ha salido en defensa clásico y cultura gratamente sorprendida,"@user per alegría ver toda la gente que ha salido en defens clás y cultur, est grat sorprendi","Pero alegría ver gente ha salido en defensa clásico cultura, estoy grattamente sorprendi."
🤖 m caes mu bn y soy borde xq lo unico q m dices son cosas d q soy mu baja,0,🤖 me caes muy bien y soy borde porque lo único que me dices son cosas de que soy muy baja.,caes bn soy borde q dices cosas d soy baja,me caes bien soy borde porque lo único que me dices son cosas que soy muy baja.,🤖 m caes mu bn y soy borde xq lo unico q m dices son cos d d q soy mu baja,caer bn soy borde q dices cosas d soy baja
@user dio que dice po que me hable si yo soy un libro abierto me puede habla pa conocerme quien quiera,1,@user dar decir po que hablar ser abrir conocer querer,dio dice me hable soy libro abierto puede habla conocerme quiera,dar decir hablar abrir conocer querer,@user di que decir po que me hable si yo soy un libro abierto me puede habla pa conocerme quien quiera,dio dice me habl sobr lib abr puede habl conoc quier
@user es una sesion de clasicos! para eso tienes esta sesion   http  y yo soy be lo que quiero  un abrazo!,2,@user es una sesion de clasico! para eso tienes esta sesion http y yo soy bello lo que quiero un abrazo!,sesion clasicos tienes esta sesion y soy lo quiero abrazo,sesiónionclasicoestehayquieroenazrazo,@user es una sesion de clasico! para eso tienes esta sesion   http  y yo soy be lo que quiero  un abrazo!,sesion clasico tienes esta sesion y soy lo quiero abrazo
"Es fácil imaginar que, si se ha reducido dinero en arreglar carreteras y prevenir accidentes, con los trenes esté pasando lo mismo.",0,"Es fácil imaginar que, si se ha reducido dinero en arreglar carreteras y prevenir accidentes, con los trenes esté pasando lo mismo.","fácil imaginar que, ha reducido dinero arreglar carreteras y prevenir accidentes, trenes pasando mismo.","fácil imaginar que, ha reducido dinero arreglar carreteras y prevenir accidentes, trenes pasando mismo.","Es fácil imaginar que, si se ha reducído dínero en arregl rraeder y prevenir acidentes, con los tren esté pasando lo mism.",fácil imaginar que ha reducir dinero arreglar carreter y prevenir accidente trenes pasando mismo
"@user no lo aprendes ni en el cole, ni en la universidad ni haciendo 100 posgrados. O naces o no. Es congénito",1,"@user no lo aprendes ni en el colegio, ni en la universidad ni haciendo cien posgrados. O naces o no. Es congénito.",lo aprendes cole universidad haciendo posgrados naces congénito,lo aprendes colegio universidad haciendo posgrados naces congénito,"@user no lo aprendes ni en el col, ni en la univers ni hacei 100 posgrad. O nac o no. Es congénit.",lo aprendes co universidad hace posgrado nac congenito
Encantado @user  estás siempre bienvenido. Espero visitaros en Málaga antes,2,Encantado estar user estar bienvenido. Espero visitar os estar malaga antes.,Encantado @user siempre bienvenido. Espero visitaros Málaga antes.,Encantado estar bienvenido. Espero visitar estar Málaga antes.,Encantad@ usu@ sempre bienvend@. Espero visit@s en Málag@ antes.,Encantad@user siempre bienvendid@. Espero visit@os málag@ antes.
"Ah vale, me suelta la puta subnormal, te estoy llamando.  Le digo que no me sale y dice ""ah, es que tengo el wifi apagado""",0,"Ah vale, me suelto la puta subnormal, te llamo. Digo que no sale y dice ""ah, es que tengo el wifi apago"".",vale suelta puta subnormal estoy llamando digo sale dice tengo wifi apagado,vale suelo puta subnormal llamo sale dice wifi apago,"Ah val, me sulet la puta subnorm, te estn llamand.  Le digo q no me sal y dice ah, es q tengo el wif apagado",vale suelt puta subnorm est llamo dig sal dic ten wi fi apagado
"@user @user @user @user @user @user @user hola miguel no,ahora estoy en ella",1,@user @user @user @user @user @user @user hola yo no ahora estar ella,hola miguel ahora estoy ella,@user @user @user @user @user @user @user hola ahora estar ella,@user @user @user @user @user @user @user hola miguel no ahora est ya ella,hola miguel ahora esté ellápase
Lo del CuriousCat parece interesante. Creo que me voy a hacer uno a ver que tal,2,Lo del CuriousCat parece interesante. Creo que me voy a hacer uno a ver que tal.,Del CuriousCat parece interesante. Creo que me voy hacer uno ver tal.,Lo CuriousCat parece interesante. Creo que voy hacer uno ver tal.,Lo del curioscat parece interesar. Creo que me voy a hacer uno a ver que tal.,Del curiosocat parecen interesant. Creo que me voy hacer un ver tal.
están todos muy sad hoy no,0,están todos muy sad hoy no,están todos sad hoy no,todos muy sad hoy no,están todo muy sad hoy no,están tod sad hoy no
"@user @user Yo no puedo ingerir bebidas alcoholicas, ni marihuana, ni tabaco. Pero yo los acompaño.",1,"@user @user Yo no puedo ingerir bebida alcohólica, ni marihuana, ni tabaco. Pero yo los accompaño.",Yo no bebidas alcoholicas ni marihuana ni tabaco Pero yo los acompaño,Yo no ingiri bebida alcohólica ni marihuana ni tabaco Pero yo los accompaño,"@user @user Yo no pue inbe alcoh, ni mariahuana, ni tabaco. Pero yo los accompauñ.",Yo no bebid ni marihuan ni tabac Pero yo los accompán
"Antes de dormir quiero decir que fue una Navidad muy pero muy linda, estoy feliz. Buenas noches",2,"Antes dormir quiero decir que fué una Navidad muy pero muy linda, estoy feliz. Buena noche.","Antes dormir decir fue Navidad linda, estoy feliz. Buenas noche.","Antes dormir fué Navidad linda, feliz. Buena noche.","Antes dormir quier decir que fu una Navidad muy pero muy lind, est felic. Buena noches","Antes dorm decir fu Navidad lind, est felic. Buena noche."
Tener una panza de embarazada cuando terminas de comer no es normal.,0,Tener una panza de embarazada cuando terminar de comer no es normal.,Tener panza embarazada cuando termines comer es normal.,Tener panza embarazada cuando terminar comer normal.,Tener una panza de embarazad cuando termins de comer no es normal.,Tener panz embarazado cuando termin comier es normal.
"y @user hacia gestos para yo no voltear y oh sorpresa con quien me encuentro , me encontre a tu nuevo amigui @user",1,"y @user hace gesto para yo no voltear y oh sorpresa con quién me encuentro, me encontro a tu nuevo amigo @user",hacia gestos para voltear oh sorpresa con encuentro encontré nuevo amigui,hace gesto para voltear oh sorpresa me encuentro a nuevo amigo,"y @user hacia gesto para yo no voltear y oh sorpresa con quien me encuentro, me encontre a tu nuevo amig @user",hacia gesto para voltear oh sorpresa con encuentro encontré nuevo amigui
Apoyen a la Network @user !! Esta network tiene futuro !! P hare videos y directos ahi cuando habran,2,Apoyar network @user!! Esta network tener futuro!! Hare video y directo ahí cuando haber,Apoyen network user Esta network tiene futuro hare videos directos habran,Apoyar network user!! Esta network tener futuro!! Hare video y directo ahí cuando haber,Apoy Network @user!! Esta networ tiene futur!! P har video y directo ahi cuando habr,Apoy network usus Esta network teni futur har vide directo habr
@user @user Pero es absurdo! Y más si argumentamos que muchos españoles se ven obligados a salir de España...,0,@user @user pero ser absurdo y mas si argumentamos que muchos español ver obligar a salir de España,@user @user absurdo argumentamos muchos españoles visto obligados salir España,@user @user pero absurdo y mas si argumentamos que muchos español ver obligar a salir de España,@user @user Pero es absurdo! Y más si argum entamos que muchos espagnol se ven obligados a salir de España...,@user @user absurdo argumentam muchos espanyol visto obligad salir espana
"@user el Sabueso es muy malo, el leñador mola   Quiero minero y mago de hielo",1,"@user el sabueso ser ser muy malo, el leñador moler quiero minero y mago de hielo",@user Sabueso malo leñador mola Quiero minero mago hielo,@sabueso muy malo leñador moler quiero minero y mago hielo,@user sabueso malo leñador mola quiero minero mago hielo,@user sabueso malo leñador mola quier min mago hielo
"@user relaja sonyer, que ves juegos de verdad y te nos pones nervioso   @user",2,"@user relajarse sonyer, que ves juego y te nos pones nervioso @user",@user relaja sonyy ves juegos verdad te nos pones nervioso  @user,"relajarse, ves juego y te nos pones nervioso",@user relaj nervioso @user,@user relaj ves jug verdad te nos pones nervios @user
@user que triste es la realidad,0,@user qué triste ser la realidad,@user triste realidad,qué triste la realidad,@user qué triste es la realidad,@user trist real
@user @user pero no están en el cantón central de SJO,1,@user @user pero no están en el cantón central de SJO,@user @user pero están cantón central SJO,@user @user pero están cantón central SJO,@user @user pero no estn en el cantn cns de SJO,@user @user pero estn ctn central sjo
"@user seguro no entendiste bien la trama, véala de nuevo, es toda linda.",2,"@user seguro no entender bien la trama, vea de nuevo, es toda linda.",@user trama véala nuevo es toda linda.,"@user entender trama vea nuevamente, toda linda.","@user segur no entendid bien la trama, véela de nuevo, es toda linda.",@user trama véala nuevo es toda lind.
así que paso ojalá me salga mañana bien griego,0,asique pasar ojalá salir mañana bien griego,paso ojalá salga mañana bien griego,pasar ojalá salir mañana bien griego,así que pas ojal salir mañana bien griego,pas ojal salga mañ bien griego
@user  -Cinefilo -Comunista -A ver cuando vienes tú a Coruña a verme  -Tu gatito 😍😍,1,@user  -cinefilo -comunista -a ver cuando vienes tú a coruña a verte  -tu gatito 😍😍,-Cinefilo -Comunista -A ver cuando vienes a verme  -Tu gatito 😍😍,@user  -cinefilo -comunista -a ver cuando vienes a coruña a verte  -tu gatito,@user  -cinefilo -comunista -a ver cuándo vienes tú a coruña a vernme  -tu gatito 😍😍,-Cinefi -Comun -A ver cuand vin -Tu gat 😍😍
@user @user @user Búscame un Zapdos de esos legales que tanto te gustan wapo,2,@user @user @user búscame un zapato de esos legales que tanto te gustan wapo,Búscame Zapdos legales gustan wapo, búscame zapato legales gustan wapo,@user @user @user Búscame un zapdo de eses legales que tanto te gustan wapo,Busca Zapdo legal gust wapo
"Hace 1 año recibí la peor noticia de mi vida, que mi sobrina mi hija ya no iba a estar mas en este mundo y que pasaría a ser mi Angelita",0,"Hacer 1 año recibir la peor noticia de mi vida, que mi sobrina mi hija ya no iba a estar más en este mundo y que pasaría a ser mi Ángelita.","Hace año recibí noticia vida, mi sobrina hija iba estar más mundo y pasaría ser Angelita","Hacer año recibir peor noticia vida, sobrina hija estar más mundo y pasar Ángelita.","Hace 1 año recibi la peor noticia de mi vida, que mi sobrina mi hija ya no iba a estar mas en este mundo y que pasaría a ser mi Angelita.","Hace an recibí notici vida, mi sobrina hija iba estar más mund y pasar ser angel."
@user Uno de mis mejores profes decía que es obligación de los abogados hablar sencillo.,1,@user uno de mi mejor deciir decir que es obligación de los abogado hablar sencillo.,@user uno mejor profes decía que obligación abogados hablar sencillo.,@user mejor decir que es obligación de los abogados hablar sencillo.,@user uno de mi mejor profe decia que es obligacion de los abogado hablar sencillo.,@user un mejor prof decía que oblig abogad hablar sencill.
@user eres muy pero que muy inteligente,2,@user eres muy pero que muy ser,eres inteligente,eres muy ser,@user eres muy pero que muy intelligent,eres intelligent
Que buenos somos todos cuando nos conviene,0,Qué bueno ser nosotros todos cuando nos conviene,buenos somos todos cuando nos conviene,bueno ser nosotros todos cuando nos conviene,Que buenis somos todos quand nos convien,buen somos todo cuando nos convenir
Las 7 y cuarto y yo aquí,1,Las 7 y cuarto y yo aquí,7 cuarto aquí,7 cuarto aquí,Las 7 y cuarto y yo aquí,7 cuart aquí
De aquí a una semana hará cuatro años que vivo en Barcelona. Creo que por el momento no se me ha dado nada mal,2,De aquí a una semana hará cuatro año que vivir en Barcelona. Creo que por el momento no darse nada mal.,hará cuatro años vivo Barcelona Creo que moment se me ha dado mal,De semana hará cuatro año vivir Barcelona. Creo que momento darse mal.,De a una semana hará cuatro año que viv en Barcelon. Creo que por el momento no se me ha dado nada mal.,hacer cuatro año viv Barcelona crei que moment se me ha dar mal
"PONTE BONITA 5 DE ENERO .. No es Twitter, algo está mal con el ht o se hizo spam, ya fue",0,"PONERSE BONITA 5 DE ENERO.. NO ES TWITTER, ALGO ESTÁ MAL CON EL HT O SE HIZO SPAM, YA FUE",PONTE BONITA 5 DE ENERO.. algo está mal ht spam ya,PONERSE BONITA 5 DE ENERO NO ESTÁ MAL HT SPAM YA FUE,PONER BONIT 5 DE ENE.. NO ES TWITT ALGO ESTA MAL CON EL HT O SE HIZ SPAM YA FUE,PONER BonitA ENERIalgo ESTA mal HT SPAM YA
"@user En el contrato institucional que tengo, 2GB son 9€/mes y 5GB 10€/mes. No había color   Por cierto, acabo de agotarlos O_o",1,"@user en el contrato institucional que tengo, 2gb son 9€/mes y 5gb 10€/mes. no había color   por cierto, acabo de agotarlos o_o",@user contrato institucional tengo GB €/mes había color acabo agotar O_o,@user contrato institucional tengo gb €/mes agotar o_o,"@user en contrato institucional que ten, 2gb son 9€/mes y 5gb 10€/mes. no habi colo   por cierto, acabo de agotar O_o",@user contrato tener gb €/mes haber color acabar agotar O_o
@user @user nos hemos conocido hace unos cuantos años y claro surgió el amor,2,@user @user nos hemos conocer hace unos cuantos año y claro surgir el amor,hemos conocido años surgió amor,hemos conocer año claro surgir amor,@user @user nos hem conocid hace uns cuantos aÃ±os y clara surgÃ³ el amor,hemos conocid año surgí amor
"@user @user @user Noooo estamos todos en Lucena, q miedo ya no se puede estar tampoco tranquilos en la playa",0,"@user @user @user Noooo estamos todos en Lucena, q miedo ya no se puede estar tampoco tranquilo en la playa",estamos Lucena miedo playa,estamos Lucena miedo playa,"@user @user @user Noooo estammos todos en Lucena, q mied no se puede estar tampoco tranquil en la play",estamos miedo playa
No entiendo la actitud agresiva gratén de tuiter. Si te jode lo que digo no masoquees y no me sigas. Es lo sano,1,No entiendo la actitud agresivar de tuiter. Si te jodes lo que digo no masoquieses y no me sigas. Es lo sano.,entendido actitud agresiva gratén tuiter. Si jode digo masoquees me sigas. Es sano,entendir actitud agresivar tuiter jodes digo masoquieses sigues sano,No entiend la actitud agress de tuiter. Si te jod lo que dig no masoqu y no me sig. Es lo s.,entend actitud agres gratn tuiter. si jod digo masqes me sig. es san
"@user @user @user @user yo ya la seguía, sigo y seguiré... Muy buena compa!  Besets!",2,"@user @user @user @user yo ya lo seguía, sigo y seguiré... muy buena compañera! besos!",ya seguía sigo seguiré Muy buena compa! Besets!,ya lo seguía sigo seguiré muy buena compañera besos,"@user @user @user @user yo ya la seguí, sigo y seguiré... Muy buena compa!  Beset!",ya seguir seguir Buen compa! bes追随者!
Ahora con la bufanda me recuerda a boku dake ga inai machi todavía lloro y todo,0,ahora con la bufanda me recuerda a boku dake ga inai machi todavía lloro y todo,Ahora recuerda boku dake ga inai machach todavía lloro todo,con recuerda boku dake ga inai machach lloro todo,Ahora con la buf recuerda a boku dake ga inai machi todav lloro y todo,Ahora recuerda boku todavía llor
"Cuando se tiene alguna enfermedad no se aprende a ser más fuerte, nunca, se sufre igual, solo se aprende a vivir con eso.",1,"Cuando tener enfermedad no aprender ser más fuerte, nunca, sufrir igual, solo aprender vivir con eso.",tenen enfermedad aprende ser más fuerte nunca sufre igual solo aprende vivir,teniendo enfermedad aprender más fuerte nunca sufrir igual solo aprender vivir eso,"Cuando se tener alguna enefermedad no se aprende a ser más fuerte, nunca, se sufrir igual, solo se aprende a vivir con eso.",tenen enfermado aprendeser más fuerte nunca sufre igual solo aprende vivir
Con ganas ya de que llegue septiembre  Y comenzamos mañana nueva temporada en @user.  #adiosagosto,2,Con ganar ya de que llegar septiembre Y comenzar mañana nueva temporada en @user. #adios,Con ganas ya de que llegue septiembre comenzamos mañana nueva temporada en @user.,ganar septiembre comenzar mañana nueva temporada @user adiios,Con gan gana ya de que lleg llegue septiembre Y comenz comenzamos mañana nueva temporada en @user. #adiosadios,Con gan ya de que lleg septiembre comenzamos ma nueva temp en @user.
extraño cantar todas las de @user con esta estupida @user,0,extrañar cantar todas la user con esta estupidez user,extraño cantar todas las estupida,extrañar cantar todas esta estupidez,extrañar cantar toda de user con esta estupid user,extrañar cantar toda estupid
mis amiguitos drogos no me hablan,1,mis amigo drogar no me hablar,amiguitos drogos me hablan,amigo drogar me hablar,mis amig dro no me hablan,amiguit drog me hablan
"@user por suerte, curar el odio a través de la educación sí es posible",2,"@user por suerte, curar el odio a través de la educación sí es posible",curar odio a través educación posible,curar odio a través educación posible,"@user por suerte, curar el odio a través de la educaci sí es posibl",curar odio a través educación posible
tio que dolor de piernas,0,típico dolor de piernas,dolor piernas,dolor piernas,tí que dolor de piern,dolor piern
Hay que respetar las posturas de todo el mundo frente a las situaciones que se le presentan. Por algo no somos todos iguales,1,Hay que respetar la postura de todo el mundo frente a la situación que se le presenta. Por algo no seremos todos iguales.,respetar posturas todo mundo situaciones le presentan algo somos iguales,respetar postura todo mundo frente situación se le presenta algo seraremos igual,Hay respetar postura todo mundo frente situacion le presentan. Por algo no ser todos igual.,respet postura todo mundo situacion le presentar algo ser igualem
"El médico dice que voy estoy yendo por el buen camino, me alegro por ello  Ahora #RoadToPixel",2,"El médico decir que ir estar andar por el buen camino, alegrarse por ello Ahora #RoadToPixel",dice voy estoy buen camino me alegro RoadToPixel,decir estar andar buen camino alegrarse,"El médic dice que voy estoy yendo por el buen camin, me alegr por ello  Ahor #RoodTopixel",dice voy est voy buen camin me alegr RoadToPixel
Que coraje me dan lxs prepotentxs,0,Qué coraje me dan los pretenciosos,coraje prepotentxs,Qué coraje me dan los pretenciosos,Que corri xen me dan lx prepotentx,coraj
"@user @user totally agree. La frase es de Nicolás Buquet, otro representante de las nuevas generaciones",1,"@user @user totally acuerdo. La frase es de Nicolás Buquet, otro representante de las nuevas generaciones.",@user @user totally agree. frase Nicolás Buquet otro represente nuevas generaciones,acuerdo frase Nicolás Buquet representante nuevas generaciones,"@user @user totally agree. frase es de Nicolás Buquet, otro representante de las nuevas generaciones",@user @user totally agree. frase nicolás buquet otro represent nuevas generaciones
A estas horas la Av Javier prado libre #salgantodos,2,A esta hora la av Javier prado libre salir #salgantodos,A horas Av Javier prado libre #salgantodos,A esta hora Javier Prado libre salir,A estas hors la av javier prado libre #salgantodos,A hors av javer prado libre salgan.todos
@user ahhh pero ahí estaban las rubias -.- jajaja ( que mal que no se te quite),0,@user ahh pero ahí estaban las rubia -.- jajaja (que mal que no se te quite),ahhh ahí rubias jajaja mal quitte,ah ahí rubia jajaja mal quitase te,@user ahh pero ahí estaban las rubia -.- jajaja ( que mal que no se te quitte),ah ah rub jajaja mal quitt
@user @user esperamos los nuevos capítulos,1,(esperar) (capítulo),esperamos nuevos capítulos,(esperar) (capítulo),@user @user esperamos los nuevos capítol,esperar nuevo capítul
Han tenido buena iniciativa @user y encima son amigos,2, han tener buena iniciativa y encima ser amigo,Han tenido buena iniciativa @user,tener buena iniciativa encima ser amigo,Han tenido buena iniciativa @user y encima son ami.,Han tenido buena iniciativa @user
Soy el ser más distraído del mundo,0,soy el ser distraído del mundo,soy ser más distraído del mundo,ser distraído,soy el ser mas distraido del mundo,soy ser más distraer del mundo
"@user @user O regalar bombitas y escopetas para que cada ""american"" se defienda. Lindo",1,@user @user O regalar bombita y escopeta para que cada american se defender. lindo,regalar bombitas escopetas para que cada american se defensa Lindo,regalar bombita escopeta para que cada american defender lindo,@user @user o regalar bombita y escopeta para que cada american se defienda. lindo,regalar bombita escopeta para que cada amercan se defensa lindo
@user yo lo hice Con mi ex,2,yo hacer con mi ex,lo hice mi ex,hacer con mi ex,@user yo lo hi ci mi ex,lo hic mi ex
@user @user  Las políticas del PP puede ser discutibles.  Pero estos políticos. Son de lo que no hay.   Quw gente.,0,@user @user  las política del pp puede ser discutible.  pero estos político. son de lo que no hay.   quw gente.,Las políticas PP discutibles. Pero políticos. Son de lo que no hay. Quw gente.,@user @user política pp puede discutible. pero estos político son de lo que no hay. quw gente.,@user @user  politica pode ser discutibl.  Pero estes politico. Son de lo que no hay.   qu gente.,Las políci discutib. Pero políti. Son de lo que no hay. Gue gente.
@user @user vaya tela tu... relajate un par de dias y piensa con calma en vez de en caliente y gl tio,1,@user @user vaya tela tu... relaja te un par de dia y piensa con calma en vez de en caliente y gl tio,vaya tela tu relajate par de dias piensa con calma vez de caliente gl tio,vaya tela tu relaja te par dia piensa con calma vez caliente gl tio,@user @user vay tela tu relajat un par de dia y pienc con calm en vez de en calor y gl tio,vay tela tu relajate par dia pienc con calma vez de calient gl tio
Muy bien @user ya es líder de la @user! Solo quedan 36 finales,2,Muy bien @user ya es líder de la @user! Solo quedan 36 final.,bien user ya líder final,bien user es líder final,Muy bién @user ya es lÍder de la @user! Sólo quedarán 36 fínal.,bien user ya lider final
"Cuando tengo la luz prendida me da sueño , cuando la apago se me va el sueño",0,"Cuando tener la luz prender dar sueño, cuando la apagar ir el sueño",Cuando tengo da sueño apago se sueño,"Cuando luz prender dar sueño, cuando apagar ir sueño","Cuando ten luz prende da sueñ, cuando la apago se me va sueñ.",Cuando ten soñ apag soñ
"Hasta lo peor de mi, quiere lo mejor para ti",1,"Hasta lo peor de mí, quiere lo mejor para ti.",lo peor mi quiere lo mejor ti,lo peor mí quiere lo mejor ti,Hasta lo pesir lo besir para ti,lo peor quiero lo me ti
@user hay que ser optimistas,2,@user hay que ser optimista,@user ser optimistas,ser optimista,@user hay que ser optimist,@user ser optimist
@user siento haberle faltado el respeto a tu ego al no haberte mencionado,0,@siente haber faltar el respeto a tu ego al no haber mencionar,@suser haberle faltado respeto tu ego no haberte mencionado,haber faltar respeto ego haber mencionar,@user siento haberle falta el respeto a tu ego al no haberte mencionado,@suser haberle faltado respeto tu ego no haberte mencionado
@user asi es la vida del adulto hermanito buenas vibras,1,@user así ser la vida del adulto hermanito buenas vibrar,@user vida adulto hermanito buenas vibraciones,as la vida del adulto hermanito buenas vibrar,@user as es la vida del adulto hermanito buena vibr,vida adulto hermanito buenas vibracion
@user ha aceptado reembolsarme la cobertura marítima de la que no me advirtió en su momento. Estoy contenta. Me parece justo.,2,@user ha aceptar reembolsar la cobertura marítima de la que no me advirtió en su momento. Estar contenta. Parecer justo.,@user ha aceptado reembolsarme cobertura marítima advirtió momento. Estoy contenta. Me parece justo.,@user ha aceptar reembolsar cobertura marítima advirtió momento contenta parecer justo,@user ha acepta reembolserme la cobertura marítima de la que no me advirtió en su momento. Estoy contenta. Me parece justo.,@user ha aceptré reembolsm té advirtió moment. Estoy contenta. Me parecé justo.
"La típica que nunca ha dicho la palabra ""picha"", siempre se la ha ""comido"".",0,"La típica que nunca ha dicho la palabra ""picha"", siempre se la ha ""comido"".","La típica que nunca ha dicho la palabra ""picha"" siempre se la ha comido.","La típica que nunca ha dicho la palabra ""picha"" siempre se la ha comido.","La tipica que nunca ha dicho la palabra ""picha"", siempre se la ha ""comido"".'","La típica que nunca ha dicho la palabra ""picha"" siempre se la ha comido."
@user @user no tengo  La lejía seria un buen sustituto?,1,@user @user no tener  la lejía serir un buen sustituir?.,tengo lejía buen sustituto?,tener lejía serir buen sustituir?,@user @user no ten  lejia seria un buen sustituto?,tengo leji buen sustituto?
Mami va a bajar la velocidad del internet pero mejor eso a que lo quite,2,Mamá ir bajar la velocidad del internet pero mejor eso a que lo quitar,va a bajar velocidad internet mejor eso a que loquite,ir velocidad internet mejor,Mam va a baj la velocid del internet pero mejo eso a que lo quit,va a bajar velocidad intet mejor eso a que loquite
"@user a. que puto mal escribo  b. me sigo surrando help   3. ha quedado raro el ""cómetelo"" ahí JAJAJAJA",0,"@user a. que puto mal escribo  b. me sigo surrando help   3. ha quedado raro el ""comételo"" ahí JAJAJAJA",@user que mal escribo me sigo surrando help quedado raro cómetelo JAJAJAJA,@user que mal escribo me sigo surrando help ha quedado raro el comételo ahí JAJAJAJA,@user a. que ptu mal escribo  b. me sigo surrando help   3. ha qued raro el cómetelo ahí jajajaja,@user que mal escribo me sigo surrando help quedado raro comeelo jajaja
"@user @user @user si los Ramirez dicen q son honrados,becerril q es buen padre,Chacón q sí tiene educ.X q no me crees ?",1,"@user @user @user si los Ramirez dicen que son honrado, Becerril que es buen padre, Chacón que sí tiene educacion. X que no me crees?",si Ramirez dicen honrados becerril buen padre Chacón sí tiene educ X me crees,si Ramirez dicen honrado Becerril buen padre Chacón sí tiene educación X no crees,"@user @user @user si los Ramírez dicen q son honrado,becerril q es buen padre,chacón q sí tiene educ.X q no me creas?",si Ramirez decir honrar becerro bueno padre Chacon sí tener educ X me crees
"Nunca esperes nada bueno de Nadie , es mas bonito vivir así.",2,"Nunca esperes nada bueno de nadie, es más bonito vivir así.",esperes bueno Nadie mas bonito vivir así,esperes bueno bueno vivo,"Nunca esperes nada bueno de Nadie, es mas bonito vivir así.",esper esper bueno nadie mas bon vivir asi
"@user jaja! Esto es tweet baiting ?  Hace tiempo que un follow no vale na... Venga, hecho",0,"@user jaja! esto es bait? hace tiempo que un follow no vale na... venga, hecho.",jaja tweet bait Hace tiempo follow vale na venga hecho,jaja bait follow vale hecho,"@user jaj! esto es tweet baite? hace tiempo que un follow no vale na... venga, hech.",jaja twitte vali ven hecha
Creo que mi papá se ha enojado porque le dije que pasaría Año Nuevo con mi mamá y no con él,1,Creer que mi padre haber enojar porque decir que pasar Año Nuevo con mi madre y no con él,Creo mi papá se ha enojado le dije pasaría Año Nuevo con mi mamá no con él,Creer padre enojar decir pasar Año Nuevo madre,Creo que mi papá se ha enojado porque le dije que pas would with mi mamá y no con él.,Creer papá enojar decir pasarse Año Nuevo mamá no él
@user Hola Feliz Cumplee pasala genial al lado de tu familia y amigos!! espero me respondas pronto...,2,@user hola feliz cumple pasal genial al lado de tu familia y amigos espero me respondas pronto,@user Feliz Cumpleaños pasala genial al lado de tu familia y amigos espero te respondas pronto...,@user hola cumple pasal genial familia amigos espero respondas pronto,@user hola felic cumplier pasal genial al lad de tu famil y amig espero me respondas pront,@user feliz cumpleaños pasal genial al ladode tu familía y amig espero te respuestas pronto...
pero si suenan a desmadre total me pongo muy nervioso porque no sé qué puede llegar a pasar,0,pero si sonar a desmadre total me pongo muy nervioso porque no sé qué puede llegar a pasar,suenan desmadre total pongo nervioso sé pasa,sonar desmadre total nervioso sé pasar,pero si suenan a desmadr total me pongo muy nervioso porque no sé qué puede llegar a pasar,suen desmadre tot pongo nervios sé pas
y pues bueno seguiremos mirando pelis de terror,1,y pues bueno seguiremos mirando peli ver,seguiremos mirando pelis de terror,seguiremos mirando películas,y pues bueno seguiremos mirando pelis de terr,seguimos mirando pelis de terror
"Gracias por cierto, al que ha donado 10 euros ya al proyecto. Gracias por todo chavales, solo necesitamos 40 al mes para un server",2,"Gracias por cierto, al que ha donado 10 euro al proyecto. Gracias por todo chavaos, solo necesitamos 40 al mes para un vez.",Gracias donado proyecto Gracias todo chavales necesitamos servidor,"por donado, euro, proyecto, gracias, todo, necesitamos, al, vez","Gracias por ciert,al que ha donad 10 eur ya al proyec. Gracias por todo chav, solo necesit 40 al mes para un servidor.",Gracias donado proj proj chav necesit servidor
Lo más triste es que debo llegar a terninar un ensayo para mañana #prayforsergi,0,Lo más triste es que debo llegar a terminar un ensayo para mañana #prayforsergi,Lo triste es que debo terminar un ensayo para mañana #prayforsergi,Lo más triste es que debo terminar ensayo mañana #prayforsergi,Lo mas triste es que debo llegar a terninar un ensayo para maña #prayforsergi,Lo tristes es que deb trmin trs para ma #prayforsergi
"@user Me habría encantado participar o q alguien hubiera contactado conmigo, pero seguro q para próximas galas  Un abrazo",1,"@user me habría encantado participar o que alguien hubiera contactado conmigo, pero seguro que para próximas gala  un abrazo",Me habría encantado participar o q alguien hubiera contactado conmigo pero seguro q para próximas gala  abrazo,habría encantado participar alguien contactado galáctica,"@user me habr encantado participar o q algn hubiera contactado conmigo, pero seguro q prximas gala  un abrazo",Me habrí encantad participar o q algun hubier contact conmig segur q para próxim gal abraz
Bendito año el que me espera,2,Bendito año el que me esperar,Año espera,Año esperar,Bendito aña el que me espere,año esper
"Nos falta tanto a los peruanos, se nota que nunca tuvimos una gran emergencia, que ni evacuar sabemos eso tarde o temprano pasa factura",0,"Nos faltar tanto a los peruano, se nota que nunca tuvimos una gran emergencia, que ni evacuar sabemos eso tarde o temprano pasa factura.","falta, gran, emergencia, evacuar, tarde, pasa, factura",faltar peruano nota nunca tuvimos gran emergencia ni evacuar sabemos tarde tarde factura,"Nos falt tanto a los peruano, se nota que nunca tuvimos una gran emergencia, que ni evacuar sabemos eso tarde o temprano pasa factura.","falta, gran, emergen, evacuar, tarde, pasa, factur"
@user es que solo conozco a una paula y va a mi clase  igual si me pasas foto tuya te recuerdo mira a ver,1,@user ser que solo conocer a una paula y va a mi clase igual si me pasas foto tuya te recuerdo mira a ver,@user solo conozco a paula va a mi clase igual si me pasas foto tuya te recuerdo mira a ver,@user conocer paula clase pasas foto recuerdo mira,@user es que solo conozco a una paula y va a mi clase igual si me pasas foto tuya te recuerdo mira a ver,@user solo conozc a paula va a mi cl assig si me pas foto tuya te recuerdo mira a ver
@user Jaja que buena! Lo probare entonces,2,@user jaja qué bueno! lo probaro entonces,Jaja buena Lo probare entonces,jaja bueno probaro entonces,@user jaj que buena! lo probare entonces,Jaj buen lo prob then
@user La quiero aniquilar. Desgraciada.,0,@user la querer desgraciada.,Quiero aniquilar. Desgraciada.,querer desgraciada,@user quier aniquil desgraciat,Quiero aniquil argument desgraci
"@user Jajaja nooo, lo digo porque me parece raro ... Sigo sin ánimos de beber",1,"@user jaja noo, lo digo porque me parece raro... sigo sin ánimo de beber.",@user Jajaja lo digo porque me parece raro... Sigo sin ánimos de beber,@user jaja lo digo porque me parece raro... sigo sin ánimo beber.,"@user jajaja nooo, lo digo porque me parece raro... sigo sin animo de beber",@user jajaja lo dij porque me parece ra raro... sigo sin ánim de beber
Hermoso sábado del primer mes del 2017 espero disfrutar como espero que tu también..,2, Hermoso sábado del primer mes del 2017 espero disfrutar como espero que tú también..,sábado primer mes 2017 espero disfrutar espero también..,sábado primer año 2017 espero disfrutar espero también, Hermos sábado prim mes 2017 esper disfrut como esper que tú tam.stem,sábado primer mes 2017 esper disfrut esper también..
"@user Pero, baby. Todos merecemos una oportunimándaloalamierda.",0,"@user pero, baby. todos merecemos una oportunidad.",@user Todos merecemos una oportunidad.,@user baby todos merecemos oportunidad.,@user pero baby todos merecemos una oportunidadalamierda,@user todo merec oppor
@user también que no parezca pulsera de reo eran deberes pendientes  Pero qué menos que 7-10 días,1,@user también que no parezca pulsera de reo eran deber pendiente pero qué menos que día,@user también parezca pulsera reo deberes pendientes Pero qué menos días,@user también parezca deber pendiente qué menos día,@user tambi también que no parezca pulsera de reo eran deberes pendient pero qué menos que 7-10 díad,@user tambi parec pulsera reo deber pendiente Pero qu menos diews
Espero que mi jefe me de mañana libre,2,Esperar que mi jefe dar libre, Espero mi jefe me mañana libre, Esperar jefe dar libre,Espero que mi jef me de maña libre,Espero mi jef libre mañana
Mi hermana se ha adueñado del portátil y no puedo terminar la serie ni hacer nada,0,Mi hermana se ha adueñado de la computadora y no puedo terminar la serie ni hacer nada.,Mi hermana del telátil y no poder terminar la serie nada,Mi hermana adueñado computadora no puedo terminar serie nada.,Mi herman hernd aduen del port y no pue terminar la srie ni hcer nting.,Mi herman telatil y no poder termin serie nada
#superluna eectativa vs realidad. Gracias • • • • • • • #crc #puravida #costarica…,1,#superluna efectivo vs realidad. gracias • • • • • • • #crc #puravida #costarica…,#superluna efectiva vs realidad Gracias #crc #puravida #costarica,#superluna efectivo realidad gracias #crc #puravida #costarica,#supluna efectiva vs real. grazias • • • • • • • #crc #puravida #costarica…,#supluna efec vt real Gracias #crc #puravida #costrica
@user es una de las cosas más lindas que te enseña la vida,2,@user ser una de las cosa más Lindo que te enseñar la vida,te enseñas cosas lindas vida,@user cosa Lindo enseñar vida,@user es una de las cos más lind que te ense na la vid.,te enseñás cosas lindas vid
@user @user Gracias!! ^-^ Que pena   Pero a la próxima será 👍,0,@user @user gracias pena pero a la próxima será,Gracias!! ^-^ pena próxima será 👍,gracias pena pero próxima será,@user @user gracias pen	perror	la	vez	ser	👍,Gracias pena próxim ser
#puraresponde feliz navidad pura pasalo super,1,#puraresponde felic peace navidad pura pasar super,feliz navidad pasado,#puraresponde felic navidad pasar,#puraresponde feliz navidad pura pasalo super,feliz navidad pasad
@user tanto libro chiva que hay Y buen punto... Comida entonces,2, tantos libo chiv que hay y buen punto... comer entonces,libro chiva bueno punto comida entonces,libo chiv buen punto comer entonces,@user tan lib lib chiv que hay y buen punt Comid entonces,libro chiv bueno punto comid entonces
"Si veis a dos personas tiradas en el suelo de camino al polideportivo de aluche, somos @user y yo sufrien2 por el calor",0,"Si vedes a du persona tira en el suelo de camino al polideportivo de aluche, somos @user y yo sufrien por el calor",veis personas tiradas suelo camino polideportivo aluche sufrien calor,vedes persona tira suelo camino polideportivo Aluche sufrien calor,"Si vís a dós persóna tiraḍa en el suelo de camín al polideprtivo de Aluche, somos @user y yo sufrién por el calor",ve persona tirar suel camino polideport sufri calor
"@user no te disculpes por ser tú misma, eso está genial, en serio",1,"@user no te disculpes por ser tú, eso está genial, en serio","te disculpes, está, genial, en, real",te disculpes ser está genial en serio,"@user no te disculpes por ser tú misma, eso está geniial, en serio","te disculp, est, geni, real"
@user @user fijo está demasiado hermoso,2,@user @user fijo estar hermoso,está demasiado hermoso,estar hermoso,@user @user fij está demasiado hermoso,esta too much bel
"Ando pillada de tiempo y esto no me deja mandar MP, a ver cuándo podemos comentar  un besazo!",0,"Andar pillar tiempo y esto no me dej mandar MP, a ver cuándo podemos comenta un besazo!",Ando pillada tiempo esto me deja mandar MP comentar besazo!,pillar tiempo mandar MP comenta besazo,"Ando pillad de tiemp y esto no me dej mandar MP, a ver cnd podemos coment un besaz!",Ando pill time esto me deje mand MP coment besa!
Es inevitable que salga mi lado niño cuando se trata de fútbol y/o carros,1,Es inevitable que salga mi lado niño cuando se trata de fútbol y/o carros,salga lado niño trata fútbol carros,salga lado niño trata fútbol carros,Es inevitabl sali mi lad niñ cuando se tratab de futbol y/o carro.,sal lado niñ tratar fútbol carro
Trabajar con un buen ambiente y gente que mola es otro nivel,2,Trabajar con un buen ambiente y gente que moler es otro nivel,Trabajar ambiente gente nivel,Trabajar buen ambiente gente moler nivel,Trabajar con un buen ambiento y gente que mola es ot lvl,Trabajar ambiente gente nivel
"Que se hace cuando mi mamá tiene facebook, y no me da pelota por estar metida en el celular.",0,"Qué hacer cuando mi mamá tiene Facebook, y no me da importancia por estar metida en el celular.",se hace mamá tiene facebook no me da pelota por estar metida celular,"hacer mamá Facebook, no me da importancia estar metida celular.","Que se hace cuando mi mam que facebook, y no me da pelota por estar meti en el celu.",se hac mam t fb no me da pel por estar met cel
Mi niña que es tan inteligente me dijo esta mañana por teléfono: mamá que te vaya bien con el huracán. Dos días sin verla,1,Mi niña que ser tan inteligente me dijे esta maуana por telйfono: mاmа que te vaya bien con el huracнn. Dos dιs sin verla.,Mi niña inteligente dijo esta mañana teléfono mamá te vaya bien huracán dos días sin verla,Mi niña tan inteligente dije esta mañana por teléfono: mamá que te vaya bien con el huracán. dos días sin verla.,Mi nин que es tan intilегente me diл esta maпana pоr telέfono: mаmá que te vаga bien сn el hurаn. Дos dаs sin verlа.,Mi nina intelligente di esta maana telefón mamá te va bien huracn dos d铆a sin verla
@user @user los dos amigos menos quejicas que tengo,2,@user @user los amigo menos quejica que tener,dos amigos menos quejicas,@user @user amigo menos quejica tener,@user @user los amig menos quejica que ten,dos amig menos quejic
Tengo una adicción muy seria al burguer King necesito ayuda profesional,0,Tener una adicción muy seria al Burger King necesitar ayuda profesional,Tengo adicción seriamente Burguer King necesito ayuda profesional,tener adicción seri Burger King necesitar ayuda profesional,Tengo un adiccion muy seria al burguer king necesit ayuda profesional,Tengo adicción seriamente burguer necesito ayuda profesional
Amaia Montero en el estudio de grabación en Londres preparando una sorpresa muy especial. ¿Qué será?,1,Amaia Montero en el estudio de grabación en Londres preparar una sorpresa muy especial. ¿Qué ser?,Amaia Montero estudio grabación Londres preparando sorpresa especial,Amaia Montero estudio grabación Londres preparar sorpresa especial Qué ser,Amaia Montero en estudi de grabacion en Londres preparando una sorpresa muy especial. ¿Qué será?,Amaia Montero estud gráb Londres prepar sorpresa especiales
He vuelto a escuchar Orishas 5 años después y es maravilloso,2,He volver a escuchar Orishas 5 año después y es maravilloso,vuelto escuchar Orishas años Después maravilloso,volver escuchar Orishas año Después maravilloso,He vuelto a escuchar Orishas 5 año después y es maravilloso,vuel escuch Orisha ańo despu maravillose
Nos están matando las rusas a la contra,0,Nos están matando las rusas a la contra.,Nos matando rus contra,Nos matando rus contra.,Nos están matando las rus a la contr,Nos mat russcontra
quién se viene conmigo mañana a beber a embarca ??,1,quién se venir conmigo mañana a beber a embarcar??,quien viene conmigo mañana bebemos embarc,se venir conmigo mañana beber embarcar,quién se vin conmigo maña a beber a embarca??,quien veni conmigo mañabe embarr bebemos embarc
@user siempre es bueno la opinión de un playo,2,@user siempre ser bueno la opinión de un playo,siempre opinión playo,siempre bueno opinión playo,@user siempr es buen opini de un playo,siempre opinión play
Quiero mimos. Y un zumo de naranja. Estoy enfermita,0, QUIERO MIMOS. Y UN ZUMO DE NARANJA. ESTAR ENFERMA.,Quiero mimos. Y zumo naranja. Enfermita.,MIMOS ZUMO NARANJA ENFERMA,Quiero mim. Y un zumo de naran. Estoy enfrim.,Quiero mim. Y zum naranj. Enfermita.
"Yo sé que a Yixing no se le da mucho el ser gracioso, pero se esfuerza. Cada que lo intenta nos sale con nuevos memes, pero se esfuerza",1,"Yo saber que a Yixing no se le da mucho el ser gracioso, pero se esforzar. Cada que lo intenta nos sale con nuevos memes, pero se esforzar.","sé que Yixing se le da mucho el ser gracioso, pero se esfuerza. cada que lo intenta nos sale con nuevos memes, pero se esfuerza.","saber Yixing se da mucho ser gracioso, pero esforzar. cada intenta sale nuevos memes, pero esforzar.","Yo sé que a Yixing no se le da mucho el ser gracios, pero se esforz. Cada que lo intenta nos sale con nuevos mem, pero se esforz."," sé que Yixing se le da mucho el ser gracios, pero se esforz. cada que lo intenta nos sale con nuevos mem, pero se esforz."
"@user Hola, me dijo que estaba bien, fuertes aguaceros y mucho viento pero todo bajo control. Gracias por preguntar",2,"@user hola, me dijo que estuviera bien, fuertes aguacero y mucho viento pero todo bajo control. Gracias por preguntar.",@user Hola dijo estaba bien fuertes aguaceros mucho viento todo bajo control Gracias preguntar,@user hola me dijo que fuera bien fuertes aguacero mucho viento gracias por preguntar,"@user hola, me dij_ est_ bien, fuert aguacer y mucho viento pero todo bajo cont_. gracias por pregunt",@user hola dijo estab bien fuert aguacer mucho viento todo bajo control gracias pregunt
A esta ciudad la siento más propia cuando está la gente que quiero. Ni tenemos 25 y ya nos agarro la ola migratoria de amig,0,A esta ciudad la siento más propia cuando está la gente que quiero. Ni tenemos 25 y ya nos agarra la ola migratoria de amig.,esta ciudad siento propia cuando gente quiero ni tenemos 25 ya nos agarro ola migratoria amig,esta ciudad siento propia cuando está gente quiero ni tenemos ya nos agarra ola migratoria amig,A esta ciudad la sienti más propia quand está la gent que quier. Ni tenen 25 y ya nos agarrant la ola migratori de amig.,esta ciudad senti propi quand gente queri ni tenim 25 ya nos agarr ola migratori amig
@user Lo normal es aburrido.,1,@user lo serar es aburrir.,Lo normal es aburrido.,lo es arrir.,@user lo norma es aburrido.,Lo norma es aburrir.
Pero fue bueno improvisadamente bueno.,2,Pero ser bueno improvisadamente bueno.,fue bueno improvisadamente,Pero bueno improvisadamente bueno.,Pero fué bueno improvisadamente bueno.,fue bueno improvisa
Nunca voy a entender porque se fueron a eeg... El verdadero combate peru se fue ahi no se porque! TE VEO Y ME PICA VICICONTE,0,Nunca ir entender por qué irse a eeg... el verdader combate peru irse ahí no irse por qué! TE VEY y me picar vicinante.,voy entender se fueron eeg verdadero combate peru fue se porque se porque TE VEO ME PICA VICICONTE,Nun ir enteder por qué irse eeg... el verdader combate peru irse ahí irse por qué! TE VEY y me picar vicinante.,NUNCA VOY A ENTENDER PORQUE SE FUERON A EEG... EL VERDADERO COMBATE PERU SE FUÉ AHÍ NO SE PORQUÉ! TE VEY Y ME PICA VICICONTE,voy entend se fuere eg verd combate peru fu se porque se porque te ve me pic viconte
Jajajja recién. Me acuerdoo que ayer me metieron un galletaso jajaja,1,jaja recién. me acuerdo que ayer me metieron un galleta jaja,recien acuerdoo ayer metieron galletaso,recien me acuerdo ayer me metieron galleta,Jaja recien. Me acuerdoo que ayer me metieron un galletaso jaja,recien acuerd ay metieron gallet
@user es un amor viste el nuevo ep ¿¿¿ solo he visto el preview del ep de mañana y matan a la amiga de haesoo a pesar,2,@user ser un amor ves el nuevo ep solo he visto el preview del ep de mañana y matan a la amiga de haesoo a pesar,un amor viste nuevo ep solo he visto preview ep de mañana matan amiga haesoo,@user un amor ves el nuevo ep solo he visto el preview del ep de mañana matan a la amiga de haesoo a peso,@user es un amor vist el nuev ep sol he vist el previe del ep de maña y mat a la amig de haesoo a pes,un amor vist nuevo ep solo he visto preview ep de mañ matan amiga haz eso
"@user @user @user vale, pero de Rodrigo yo espero poco y Nani es una puta incógnita como va a rendir. Falta un 9",0,"@user @user @user vale, pero de Rodrigo yo espero poco y Nani es una puta incógnita como va a rendir. Falta un 9.",vale pero espero poco Nani es una puta incógnita falta un 9,vale pero espero poco Nani es una puta incógnita falta un 9,@user @user @user vale pero de Rodrigo yo espero poco y Nani es una puta incógnita como va a rendir falta un 9,vale per esper poca Nani es una puta incógnita falta un 9
"@user y repito: lo siento por no haberte hecho nada hay un gran evento en mi país (La Romería) y no he tenido tiempo, apenas pueda",1,"@user y repito: lo siento por no haber hecho nada hay un gran evento en mi país (La Romería) y no he tenido tiempo, apenas pueda",lo siento haberte hecho nada gran evento país La Romería puedo,lo siento grande evento país La Romería tiempo apenas pueda,"@user y repito: lo senti por no haberteha algo hay un gran event en mi pa y no he tenid tiempo, apenas pued",lo sent gran eve país la romería puedo
@user ningún inconveniente. Excelente servicio! 4G al máximo... Felices fiestas navideñas,2,ningún inconveniente. excelente servicio! 4g al máximo... felices fiestas navidenas,@user inconveniente. Excelente servicio! 4G máximo... Felices fiestas navideñas,inconveniente. servicio! 4g... fiestas navidenenas,@user ningun inconveniente. excelent servicio! 4g al maximo... felices fiest navidenas,@user inconveniente. excelso servicio! 4g máxim... felices fiestas navidenñas
tengo súper ganas de comerme un peaso de ciego que flipasss pero la cosa es con quién pq nadie quiere beber,0,tengo ganas de comer un pez que flipar pero la cosa es con quién pq nadie quiere beber,ganas comer peaso ciego flipar cosa quién nadie quiere beber,ganas comer pez flipar cosa con pq nadie quiere beber,tengo súp gan gana de comer un peaso que flipa pero la cosa es con qui p q nadie quiera beber,ganas com peaso cieg flip cosa qui nadie quie beber
"Me gustaría pensar que me están haciendo un bluffing, de esos que yo haría. Pero algo me dice que no es así",1,"Me gustaría pensar que me están haciendo un bluff, de ese que yo haría. Pero algo me dice que no es así.","gustaría pensar que estoy haciendo un bluff, de que yo haría. algo me dice que no es así",gustaría pensar haciendo bluff haría Así,"Me gustaría pens que me están haciendo un bluff, de esos que yo haría. Pero algo me dice que no es as.",gustar pens bluff har algo decir
"@user @user Pues perfecto, una buena cerveza entra siempre bien",2,"@user @user Pues bien, una buena cervecera entra siempre bien.","Pues perfecto, buena cerveza entra siempre bien",buenas cervecera entra siempre bien,"@user @user Pues perfec, una buenas cervez entra always bien","Pues perfec, buen cervez entra always bien"
@user pero esa no es bonita,0,@user pero esa no es bonito,esa bonita,esa bonito,@user pero esa no es boni,esa boni
"@user Por cierto, para tu trabajo, el alcoholismo no es una opción.",1,"@user Por cierto, para tu trabajo, el alcoholismo no es una opción.",@user trabajo alcoholismo opción,@user trabajo alcoholismo opción,"@user por ciert, par tu trabajo, alcohool no es una opcion.",@user trabajo alcoholemia opciön
@user feliz navidad tu cuenta es maravillosa,2,@user felic peace navidad tu cuenta es maravilloso,feliz navidad cuenta maravillosa,felic peace navidad cuenta maravilloso,@user feliz navidad tu cuent maravill,feliz navidad contar maravillo
"@user vieras dolor jure nunca más volver a ese lugar, queda en PZ para los interesados",0,"@user ver dolor jurar nunca mas volver a ese lugar, quedar en PZ para los interesados",vier dolor jure nunca más volver lugar queda PZ interesados,@user ver dolor jurar nunca mas volver lugar quedar PZ interesados,"@user vier dol jure nunca m s volver a ese luga, queda en PZ para los interes.",dolor juri nunca mas volver lugar quedar interes
"Me quedan 2 capítulos de la sexta temporada de PLL, y no quiero acabarla porque sino hasta que doblen la 7 no podré ver nada más",1,"Me quedar 2 capítulo de la sexta temporada de PLL, y no quiero acabarla porque sino hasta que doblaren la 7 no podré ver nada más.",quedan capítulos temporada PLL quiero acabarla doblen,Quedar capítulo sexta temporada PLL no quiero acabarla hasta doblaren sétima no podré ver nada más.,"Me quedar 2 capítol de la sext temporad, y no quier acabarlo porque sino hasta que doblar 7 no podr ver nada má.",quedan capítol temporad quier acab templo dobl quieren
@user @user Ha sido un placer volver a veros juntos en #PreguntasWigetta,2,@user @user ha sido un placer volver a veros juntos en #PreguntasWigetta,volver a veros juntos #PreguntasWigetta,volver a veros juntos #PreguntasWigetta,@user @user ha sido un placer volver a veros juntos en #preguntaswigetta,volver a ver junt #Pregunt Wigett
Se acabo lo bueno no tardes en volver   hasta el año que viene,0,Se acabar lo bueno no tardar en volver hasta el año que venir,Se acabó lo bueno no vuelvas hasta el año que viene,se acabar bueno tarde volver año venir,Se acabó lo bueno no tarde en vuelva hasta el año que vienen,Se acab lo bueno no vuelv hasta el año que vin
"@user Como embajador de @user, @user necesitaría una foto así  @user @user @user @user",1,@user como ser embajador de @user necesitaría una foto así @user @user @user @user,Como embajador de necesitaría una foto así,@user como necesitaría foto @user @user @user,"@user com embajad de @user, @user necesitarí una fot así  @user @user @user",Como embajador de necesitaría una foto así
Como me hace feliz caminar,2,Como hacer feliz caminar,Caminar,hacer feliz caminar,Como me hace feliz caminar,Camin
@user Te extraño un monton amor,0,Te extraño un montón amor,Te extraño montón amor,extraño montón amor,@user te extrañ un monton amor,Te extrañ monton amor
@user Quien es más fuerte Sophia Bush o Superman?,1,@user quién ser más fuerte sophia bush o superman?,Quien más fuerte Sophia Bush Superman,@user Sophia bush superman,@user quién es más fuerte sophia bush o superman?,Quien fuerte Sophia Bush Superman
"@user Pues tan sencillo porque en su día me puse a hacerlo y es de lo que mas encargos me hacen, aparte tengo mas estilos crack",2,"@user Pues tan sencillo porque en su día me puse a hacerlo y es de lo que más encargo me hacen, aparte tengo más estilo crack",@user Pues sencillo porque día me puse hacerlo es lo que más encargos me hacen aparte tengo más estilos crack,@user Pues tan sencillo porque en su día me puse a hacerlo y de lo que más encargo me hacen aparte tengo más estilo crack,@user pues tan sencillo porque en su día me puse a hacerlo y es de lo que mas encargos me hacen aparte tengo mas estilos crack,@user pues sencillo porque dia me puse hacerlo es lo que mas encargo me hacen aparte tengo mas estilo crack
Último día Isla Bonita y mis amigas están tristes por eso las extrañaré,0,Último día Isla Bonita y mis amiga estar triste por eso las extrañar,día Isla Bonita amigas están tristes extrañaré,Último día Isla Bonita amigo triste eso extrañar,Últim día Isl Bonit y mis amig está trist por eso las extrañar,día Isla Bonita amiga estan triste extrañar
@user cuenten conmigo Todo por Zabdi,1,@cuent con todo por zabdi,cuenten conmigo Todo por Zabdi,@cuent todo zabdi,@cuent con Todo por Zabdi,cuent con todo por zabd
Caminar un rato siempre es bueno #gamers #paseo #disfrutalavida @ Miraflores,2,Caminar un rato siempre es bueno #gamers #paseo #disfrutar vida @ Miraflores,Caminar rato bueno #gamers #paseo #disfrutalavida Miraflores,Caminar rato bueno #gamers #paseo #disfrutar vida @ Miraflores,Camin rato sempre es bueno #gamers #pase #disfrtalvvida @ Miraflores,Camin rato bueno #gamers #paseo #disfrtalvvida Miraflores
"@user Lo sé, a pesar de saber que no debería simplemente enamorarme de una cara bonita como la tuya... Soy muy superficial",0,"@user lo sé, a pesar de saber que no debería simplemente amarte por tu cara bonita... soy muy superficial'.","S sé, a pesar de saber que debería simplemente enamorarme de una cara bonita como la tuya... soy muy superficial'.","sé, a pesar de saber que no deberías simplemente amarme por tu cara bonita... soy muy superficial'","@user lo se, a pesar de saber que no deberia simplemente enamorarme de una cara bonita como la tuya... soy muy superficial","}sé, a pesar de saber que shouldí simplemente enamorarme de una cara bonita como la tuya... soy muy superficial'."
@user a tu PI? Pues asumo que si. Será tipo conferencia y te daremos certificado. Pasame tu nombre completo,1,@user a tu PI? Pues asumo que sí. Será tipo conferencia y te daremos certificado. Pasame tu nombre completo.,tu PI Pues asumo que ser será tipo conferencia te daremos certificado Pasame nombre completo,@user tu PI Pues asumo que sí Será tipo conferencia te daremos certificado Pasame nombre completo,@user a tu pi? pues asumo que si. sera tipo conferencia y te daremos certificado. pasame tu nombre completo,tu PI Pues asum certificar conferencia dar certificado pas nombre completo
Como me mola ver lo que escuece en la cool dark left las manifestaciones multitudinarias que no les gustan. Suele ser buena señal,2,Como me molan ver lo que escuece en la cool dark left las manifestaciones multitudinarias que no les gustan. Suele ser buena señal.,ve lo escuece cool dark left manifestaciones multitudinarias no les gustan suele buena señal,Como molan ver lo escuece cool dark left manifestaciones multitudinarias no les gustan Suele buena señal,Como me mol multitudinarias que no les gust. Suele ser buena señ.,ve lo escuca cool dark left manifiest multitudinarios no les gust buena señal
@user igual ese proyecto de ley no va a progresar así que anda ve a llorar al río pobre moralista y triste animal jajaja!,0,@user igual ese ley no va a progresar así que anda ve a llorar al río pobre moralista y triste animal jajaja!,proyecto ley va progresar anda ve llorar río pobre moralista triste animal jajaja,igual ley va progresar así anda ve llorar río pobre moralista triste animal jajaja,@user igual ese proyect ley no va a progresar así que anda ve a llor al río pobre moralist y triste anim jajaja!,proyect ley va progres and ve llor río pobre moral triste anim jajaja
@user justo hoy tengo la cena de fin de año del trabajo y vine en vestido,1,@user justo hoy tener cena de fin de año del trabajo y venir vestido,tengo cena fin año trabajo vine vestido,tener cena de fin año trabajo venir vestido,@user just hoy ten cien de ano del trabajo y vien vestido,tengo cen fin año trabajo vin vestirse
#FF a los magníficos de @user !!,2,#FF a los bueno de @user!!,a magníficos user!!,#FF buenos @user!!,#FF a los magníficos de @user!!,a magnífico user!!
No puedo poner el insta histories ese raro  alguna ayuda?,0,No poder poner el historia ese raro alguna ayuda?,puedo poner insta histories ese raro alguna ayuda?,poder poner historia raro ayuda,No pue pone inst histori ese raro alguna ayu?,pued inst histori raro alguna auxilio?
Apagado o fuera de cobertura,1,Apagar fuera,Apagado fuera cobertura,Apagar fuera,Apagado o fuera de cobertura,Apagado fuera cobertur
"@user Bellísima. La imagen con el hell-hound me ha conqusitado *_* Justo hoy hacía una reseña de la primera película de ""Predator"".",2,@user bellísima. la imagen con el hell-hound me ha conquistado *_* justo hoy hacía una reseña de la primera película de predator.,Bellísima imagen hell-hound conquistado Predator,@user bellísima imagen hell-hound conquistado *_* hoy reseña primera película predator,"@user bellísma. l imagen con el hell-hund me ha conquistado *_* justo hoy hacía una reseña de la primera pelícuла de ""predador"".",bella imagen hell-hound conquistar predator
